scope,observed_tier,patch,role,champion_id,champion_name,games,wins,losses,win_rate,pick_count,pick_rate,pick_rate_denominator,avg_kda,avg_cs_per_min,avg_gold_per_min,avg_damage_share,avg_vision_score,first_blood_rate,first_tower_rate,ban_count,ban_match_count,ban_rate,min_games_applied
overall,MIXED,16.17,ALL,777,Yone,178,81,97,0.4550561797752809,178,0.03531746031746032,5040,2.474078402870538,6.725441644365977,400.53483375795224,0.2554725426791709,21.589887640449437,0.12921348314606743,0.19101123595505617,161,147,0.2916666666666667,15
overall,MIXED,16.15,ALL,777,Yone,133,57,76,0.42857142857142855,133,0.03220338983050847,4130,2.5244946782540767,6.459470204306886,398.702194573102,0.2672890115544302,24.030075187969924,0.18796992481203006,0.15037593984962405,76,74,0.1791767554479419,15
overall,MIXED,16.17,ALL,145,Kaisa,121,62,59,0.512396694214876,121,0.02400793650793651,5040,4.220307768448263,7.031016115143803,466.5359483926972,0.2243523304572995,16.28099173553719,0.18181818181818182,0.09917355371900827,66,65,0.12896825396825398,15
overall,MIXED,16.17,ALL,21,MissFortune,119,61,58,0.5126050420168067,119,0.02361111111111111,5040,4.756906095771643,6.54540697811716,460.48692000527353,0.2362347546425999,17.11764705882353,0.16806722689075632,0.12605042016806722,45,45,0.08928571428571429,15
overall,MIXED,16.17,BOTTOM,145,Kaisa,119,60,59,0.5042016806722689,119,0.11805555555555555,1008,4.2415810846483115,7.07850710370378,468.21132517188306,0.22572151142610622,15.789915966386555,0.17647058823529413,0.10084033613445378,66,65,0.12896825396825398,15
overall,MIXED,16.17,BOTTOM,21,MissFortune,118,60,58,0.5084745762711864,118,0.11706349206349206,1008,4.768405299973097,6.596076768767172,461.8955762195076,0.23691836101311373,16.8135593220339,0.1694915254237288,0.1271186440677966,45,45,0.08928571428571429,15
overall,MIXED,16.17,ALL,82,Mordekaiser,114,58,56,0.5087719298245614,114,0.02261904761904762,5040,3.22833893689157,5.997801959814967,383.0873552658412,0.25276671637240367,20.42105263157895,0.07894736842105263,0.19298245614035087,68,65,0.12896825396825398,15
overall,MIXED,16.14,ALL,777,Yone,107,56,51,0.5233644859813084,107,0.03074712643678161,3480,2.7811540225091624,6.27180583401127,393.8612732132013,0.2457665053156812,19.8411214953271,0.1308411214953271,0.17757009345794392,58,56,0.16091954022988506,15
overall,MIXED,16.17,ALL,147,Seraphine,107,55,52,0.514018691588785,107,0.02123015873015873,5040,4.133136152528675,1.4698703336707868,297.1762717294959,0.13903348912829774,63.76635514018692,0.07476635514018691,0.028037383177570093,138,127,0.251984126984127,15
overall,MIXED,16.17,ALL,111,Nautilus,106,51,55,0.4811320754716981,106,0.021031746031746033,5040,3.5516012782383477,0.9845985993520027,285.97384376169674,0.098719089600664,63.4811320754717,0.04716981132075472,0.009433962264150943,127,120,0.23809523809523808,15
overall,MIXED,16.17,UTILITY,111,Nautilus,104,50,54,0.4807692307692308,104,0.10317460317460317,1008,3.583271266189818,0.881814933064594,284.76750391044555,0.09932770832694096,64.375,0.04807692307692308,0.009615384615384616,127,120,0.23809523809523808,15
overall,MIXED,16.17,MIDDLE,777,Yone,104,46,58,0.4423076923076923,104,0.10317460317460317,1008,2.660809222828452,6.856539681498365,403.5932264825465,0.2560670150860144,20.009615384615383,0.1346153846153846,0.17307692307692307,161,147,0.2916666666666667,15
overall,MIXED,16.15,ALL,21,MissFortune,102,49,53,0.4803921568627451,102,0.024697336561743343,4130,3.4758499126146187,6.419548956633691,429.71207153319966,0.2242013425347792,15.46078431372549,0.09803921568627451,0.0784313725490196,44,41,0.09927360774818401,15
overall,MIXED,16.13,ALL,147,Seraphine,101,55,46,0.5445544554455446,101,0.030699088145896655,3290,4.307427528467134,2.185004935133721,308.5606062862822,0.1452219774933405,50.960396039603964,0.0594059405940594,0.0297029702970297,104,96,0.2917933130699088,15
overall,MIXED,16.15,BOTTOM,21,MissFortune,101,48,53,0.4752475247524752,101,0.12227602905569007,826,3.492112453003542,6.448719137830681,430.71179744839606,0.22554499095841865,15.366336633663366,0.09900990099009901,0.07920792079207921,44,41,0.09927360774818401,15
overall,MIXED,16.14,ALL,21,MissFortune,99,53,46,0.5353535353535354,99,0.028448275862068967,3480,3.8306881950821343,6.331268286452811,452.332687990217,0.22624374510635226,17.585858585858585,0.10101010101010101,0.04040404040404041,42,38,0.10919540229885058,15
overall,MIXED,16.17,TOP,82,Mordekaiser,99,51,48,0.5151515151515151,99,0.09821428571428571,1008,3.029951137526897,5.883797280058595,377.43005076892655,0.2570301158036139,19.86868686868687,0.09090909090909091,0.2222222222222222,68,65,0.12896825396825398,15
overall,MIXED,16.17,UTILITY,147,Seraphine,99,51,48,0.5151515151515151,99,0.09821428571428571,1008,4.143670162609555,1.152780278355285,289.96226521138146,0.13181383988513162,67.63636363636364,0.08080808080808081,0.030303030303030304,138,127,0.251984126984127,15
overall,MIXED,16.14,BOTTOM,21,MissFortune,97,52,45,0.5360824742268041,97,0.13936781609195403,696,3.8607023846714568,6.415024251164836,455.0930520027466,0.22637543597701834,15.989690721649485,0.10309278350515463,0.041237113402061855,42,38,0.10919540229885058,15
overall,MIXED,16.17,ALL,89,Leona,94,54,40,0.574468085106383,94,0.01865079365079365,5040,4.4576093233008125,0.9240546110334912,290.13558826563985,0.1005849884790825,71.61702127659575,0.07446808510638298,0.010638297872340425,119,115,0.22817460317460317,15
overall,MIXED,16.17,UTILITY,89,Leona,94,54,40,0.574468085106383,94,0.09325396825396826,1008,4.4576093233008125,0.9240546110334912,290.13558826563985,0.1005849884790825,71.61702127659575,0.07446808510638298,0.010638297872340425,119,115,0.22817460317460317,15
overall,MIXED,16.13,ALL,27,Singed,93,47,46,0.5053763440860215,93,0.028267477203647418,3290,2.202104874940188,8.074751657776762,411.42218160147735,0.25640432311609246,14.688172043010752,0.10752688172043011,0.13978494623655913,5,4,0.0121580547112462,15
overall,MIXED,16.13,TOP,27,Singed,89,46,43,0.5168539325842697,89,0.135258358662614,658,2.2018249442258893,8.279121133856409,415.65468989664464,0.25947654230329953,14.337078651685394,0.11235955056179775,0.14606741573033707,5,4,0.0121580547112462,15
overall,MIXED,16.17,ALL,51,Caitlyn,87,44,43,0.5057471264367817,87,0.017261904761904763,5040,3.447139418691143,6.85885837951186,433.22434413265074,0.22442536355469764,17.96551724137931,0.16091954022988506,0.22988505747126436,77,77,0.1527777777777778,15
overall,MIXED,16.16,ALL,777,Yone,87,39,48,0.4482758620689655,87,0.026126126126126126,3330,2.4846046673632887,6.6711645959762675,397.61109716981673,0.25684733882376787,22.06896551724138,0.13793103448275862,0.10344827586206896,75,72,0.21621621621621623,15
overall,MIXED,16.17,ALL,99,Lux,86,39,47,0.45348837209302323,86,0.017063492063492062,5040,4.335233451948569,2.742674834163552,324.7405071252569,0.20738082493141205,63.77906976744186,0.046511627906976744,0.03488372093023256,54,54,0.10714285714285714,15
overall,MIXED,16.14,ALL,147,Seraphine,86,34,52,0.3953488372093023,86,0.02471264367816092,3480,3.62097947272366,2.0611433242700326,298.2715444157643,0.14413708525863325,57.372093023255815,0.05813953488372093,0.011627906976744186,160,141,0.4051724137931034,15
overall,MIXED,16.17,BOTTOM,51,Caitlyn,85,42,43,0.49411764705882355,85,0.08432539682539683,1008,3.4744670688788335,6.853601308962691,433.92618527906956,0.224001009058798,17.741176470588236,0.16470588235294117,0.23529411764705882,77,77,0.1527777777777778,15
overall,MIXED,16.15,ALL,147,Seraphine,85,39,46,0.4588235294117647,85,0.020581113801452784,4130,3.714078176725235,2.5674880996274454,313.38114182645495,0.1498368411797476,51.90588235294118,0.09411764705882353,0.03529411764705882,176,161,0.3898305084745763,15
overall,MIXED,16.17,ALL,222,Jinx,81,44,37,0.5432098765432098,81,0.01607142857142857,5040,3.819608340904637,6.939006939443317,434.2034233676967,0.21394762783603755,16.28395061728395,0.06172839506172839,0.07407407407407407,79,77,0.1527777777777778,15
overall,MIXED,16.17,BOTTOM,222,Jinx,81,44,37,0.5432098765432098,81,0.08035714285714286,1008,3.819608340904637,6.939006939443317,434.2034233676967,0.21394762783603755,16.28395061728395,0.06172839506172839,0.07407407407407407,79,77,0.1527777777777778,15
overall,MIXED,16.14,ALL,122,Darius,80,46,34,0.575,80,0.022988505747126436,3480,3.6393522796647795,6.777141892918154,416.3801947711164,0.23159011709973973,20.7375,0.175,0.2,16,16,0.04597701149425287,15
overall,MIXED,16.17,ALL,45,Veigar,80,46,34,0.575,80,0.015873015873015872,5040,3.7901935564435547,6.218358060496014,402.8245194585676,0.2226926529938271,23.9625,0.0375,0.025,63,61,0.12103174603174603,15
overall,MIXED,16.16,ALL,147,Seraphine,80,43,37,0.5375,80,0.024024024024024024,3330,3.884131909756909,1.8537576970077307,300.1204447695921,0.14334665326943768,67.3125,0.1,0.0125,102,91,0.2732732732732733,15
overall,MIXED,16.14,ALL,82,Mordekaiser,80,39,41,0.4875,80,0.022988505747126436,3480,2.5531437241271804,5.547077166891139,376.7613157550121,0.20546141398356962,21.775,0.0625,0.1,174,157,0.4511494252873563,15
overall,MIXED,16.16,ALL,145,Kaisa,80,33,47,0.4125,80,0.024024024024024024,3330,3.316601835664335,7.108820610923719,443.79230979894857,0.2058224503018593,16.7375,0.2,0.1125,40,40,0.12012012012012012,15
overall,MIXED,16.17,ALL,804,Yunara,78,41,37,0.5256410256410257,78,0.015476190476190477,5040,3.431524031524032,7.053588998630717,444.4928302270065,0.22457418891722256,17.358974358974358,0.15384615384615385,0.08974358974358974,10,10,0.01984126984126984,15
overall,MIXED,16.17,BOTTOM,804,Yunara,78,41,37,0.5256410256410257,78,0.07738095238095238,1008,3.431524031524032,7.053588998630717,444.4928302270065,0.22457418891722256,17.358974358974358,0.15384615384615385,0.08974358974358974,10,10,0.01984126984126984,15
overall,MIXED,16.13,UTILITY,147,Seraphine,77,44,33,0.5714285714285714,77,0.1171993911719939,657,4.14313777852739,1.0972718391735174,289.26974638092514,0.12950175036174824,62.532467532467535,0.03896103896103896,0.025974025974025976,104,96,0.2917933130699088,15
overall,MIXED,16.13,ALL,122,Darius,77,42,35,0.5454545454545454,77,0.023404255319148935,3290,2.6737641146732054,6.472539476984072,397.65994302722174,0.2289115324530734,18.428571428571427,0.2597402597402597,0.2857142857142857,29,29,0.08814589665653495,15
overall,MIXED,16.16,ALL,111,Nautilus,77,35,42,0.45454545454545453,77,0.02312312312312312,3330,3.8814157343378115,0.9288663535825425,277.8965425868846,0.10217608314788006,71.18181818181819,0.07792207792207792,0.025974025974025976,62,60,0.18018018018018017,15
overall,MIXED,16.16,UTILITY,111,Nautilus,77,35,42,0.45454545454545453,77,0.11561561561561562,666,3.8814157343378115,0.9288663535825425,277.8965425868846,0.10217608314788006,71.18181818181819,0.07792207792207792,0.025974025974025976,62,60,0.18018018018018017,15
overall,MIXED,16.16,BOTTOM,145,Kaisa,76,31,45,0.40789473684210525,76,0.11411411411411411,666,3.3453264936817564,7.072542007240464,442.639409057178,0.20387475743639483,16.592105263157894,0.19736842105263158,0.11842105263157894,40,40,0.12012012012012012,15
overall,MIXED,16.15,ALL,82,Mordekaiser,75,43,32,0.5733333333333334,75,0.018159806295399514,4130,4.109297258297258,5.843304564552983,391.39420308194,0.2394635892737934,19.0,0.09333333333333334,0.2,120,106,0.2566585956416465,15
overall,MIXED,16.17,ALL,103,Ahri,75,40,35,0.5333333333333333,75,0.01488095238095238,5040,3.4009172679172672,6.128698124902686,362.19349528817713,0.21572129115163516,22.28,0.05333333333333334,0.08,29,29,0.057539682539682536,15
overall,MIXED,16.17,MIDDLE,103,Ahri,75,40,35,0.5333333333333333,75,0.0744047619047619,1008,3.4009172679172672,6.128698124902686,362.19349528817713,0.21572129115163516,22.28,0.05333333333333334,0.08,29,29,0.057539682539682536,15
overall,MIXED,16.15,MIDDLE,777,Yone,75,37,38,0.49333333333333335,75,0.09079903147699758,826,2.6994574314574313,6.516140256133925,399.41433359367795,0.2535331836101028,22.04,0.13333333333333333,0.12,76,74,0.1791767554479419,15
overall,MIXED,16.15,ALL,111,Nautilus,75,27,48,0.36,75,0.018159806295399514,4130,3.5269047619047624,0.9609916442820442,282.2268289601875,0.10828909668228555,56.973333333333336,0.06666666666666667,0.0,67,65,0.15738498789346247,15
overall,MIXED,16.13,TOP,122,Darius,74,40,34,0.5405405405405406,74,0.11246200607902736,658,2.7094443844443843,6.464807166379604,398.04094821345734,0.23215623514337835,18.04054054054054,0.2702702702702703,0.2972972972972973,29,29,0.08814589665653495,15
overall,MIXED,16.15,UTILITY,111,Nautilus,74,26,48,0.35135135135135137,74,0.08958837772397095,826,3.4968629343629347,0.8495730158364807,278.5643032523078,0.10719886484466898,57.554054054054056,0.06756756756756757,0.0,67,65,0.15738498789346247,15
overall,MIXED,16.14,ALL,27,Singed,72,43,29,0.5972222222222222,72,0.020689655172413793,3480,3.23547752401919,7.8146560784798,421.73302497310635,0.22886523698633698,20.15277777777778,0.08333333333333333,0.125,10,10,0.028735632183908046,15
overall,MIXED,16.14,MIDDLE,777,Yone,72,41,31,0.5694444444444444,72,0.10344827586206896,696,2.7856476471059803,6.09156663123793,391.1377569403159,0.2351365639319368,17.805555555555557,0.05555555555555555,0.125,58,56,0.16091954022988506,15
overall,MIXED,16.16,ALL,51,Caitlyn,71,42,29,0.5915492957746479,71,0.02132132132132132,3330,3.6582202812836613,7.171803241710806,442.1241102934426,0.22302474036825518,18.366197183098592,0.16901408450704225,0.3380281690140845,49,48,0.14414414414414414,15
overall,MIXED,16.17,ALL,22,Ashe,71,36,35,0.5070422535211268,71,0.014087301587301588,5040,3.7560860891846812,6.017157944524728,403.02454109260117,0.20556335233393727,17.87323943661972,0.09859154929577464,0.11267605633802817,78,74,0.14682539682539683,15
overall,MIXED,16.15,ALL,112,Viktor,71,36,35,0.5070422535211268,71,0.01719128329297821,4130,3.4264117889842822,6.348278448802806,375.3242524506284,0.2505940530714863,20.450704225352112,0.1267605633802817,0.07042253521126761,96,89,0.21549636803874092,15
overall,MIXED,16.15,ALL,875,Sett,71,35,36,0.49295774647887325,71,0.01719128329297821,4130,1.8490399662934878,6.219007007523727,380.2044642210079,0.257252791326078,20.64788732394366,0.22535211267605634,0.19718309859154928,14,14,0.03389830508474576,15
overall,MIXED,16.14,UTILITY,147,Seraphine,71,27,44,0.38028169014084506,71,0.10201149425287356,696,3.7185295533887084,1.316988359300604,289.0620896837061,0.13498675451038825,66.05633802816901,0.056338028169014086,0.0,160,141,0.4051724137931034,15
overall,MIXED,16.14,TOP,122,Darius,70,41,29,0.5857142857142857,70,0.10057471264367816,696,3.725132764061335,6.822192458356746,415.0028740886302,0.24244506365120105,20.571428571428573,0.18571428571428572,0.22857142857142856,16,16,0.04597701149425287,15
overall,MIXED,16.16,UTILITY,147,Seraphine,70,36,34,0.5142857142857142,70,0.10510510510510511,666,4.09902490366776,1.23944959649151,289.74456581920185,0.13348697116262648,74.54285714285714,0.1,0.0,102,91,0.2732732732732733,15
overall,MIXED,16.16,ALL,82,Mordekaiser,70,31,39,0.44285714285714284,70,0.021021021021021023,3330,2.897674468388754,5.982485405992091,381.17472002699424,0.25563470094076773,20.8,0.08571428571428572,0.12857142857142856,73,67,0.2012012012012012,15
overall,MIXED,16.15,ALL,45,Veigar,69,43,26,0.6231884057971014,69,0.016707021791767553,4130,3.9308149177714378,6.114606393217771,409.7695028949365,0.22642906400400298,25.579710144927535,0.014492753623188406,0.057971014492753624,52,50,0.12106537530266344,15
overall,MIXED,16.16,BOTTOM,51,Caitlyn,69,42,27,0.6086956521739131,69,0.1036036036036036,666,3.7422145889537184,7.17081794513296,444.5052979593603,0.22474083432728645,17.840579710144926,0.17391304347826086,0.3333333333333333,49,48,0.14414414414414414,15
overall,MIXED,16.14,ALL,99,Lux,69,36,33,0.5217391304347826,69,0.019827586206896553,3480,3.772512069251198,2.2843779751689843,331.0879954904351,0.2145151252445085,52.768115942028984,0.07246376811594203,0.028985507246376812,19,19,0.05459770114942529,15
overall,MIXED,16.15,TOP,875,Sett,69,33,36,0.4782608695652174,69,0.08353510895883777,826,1.808915520872043,6.2884263737644,379.7385319815484,0.2601247310484239,19.782608695652176,0.21739130434782608,0.2028985507246377,14,14,0.03389830508474576,15
overall,MIXED,16.16,ALL,21,MissFortune,69,31,38,0.4492753623188406,69,0.02072072072072072,3330,4.199357888488324,6.664751654021879,450.40495661912047,0.21710053279749522,19.246376811594203,0.11594202898550725,0.08695652173913043,27,27,0.08108108108108109,15
overall,MIXED,16.16,ALL,22,Ashe,68,38,30,0.5588235294117647,68,0.02042042042042042,3330,3.9240467457379227,6.518900921772432,415.52724253127343,0.2018046131236748,20.485294117647058,0.16176470588235295,0.08823529411764706,42,39,0.11711711711711711,15
overall,MIXED,16.14,ALL,22,Ashe,68,32,36,0.47058823529411764,68,0.01954022988505747,3480,3.3870107489689536,5.836236155673222,397.43084298322003,0.2045125740633403,21.676470588235293,0.17647058823529413,0.058823529411764705,45,42,0.1206896551724138,15
overall,MIXED,16.16,BOTTOM,21,MissFortune,68,30,38,0.4411764705882353,68,0.1021021021021021,666,4.222877857436681,6.655796169084977,450.71704912917704,0.21701716401024074,19.220588235294116,0.11764705882352941,0.08823529411764706,27,27,0.08108108108108109,15
overall,MIXED,16.15,TOP,82,Mordekaiser,67,39,28,0.582089552238806,67,0.0811138014527845,826,3.9781579117400026,5.879327798998739,391.24921678232033,0.25048867837368055,19.17910447761194,0.1044776119402985,0.22388059701492538,120,106,0.2566585956416465,15
overall,MIXED,16.13,ALL,777,Yone,67,32,35,0.47761194029850745,67,0.020364741641337385,3290,2.739341711356636,6.612058751678366,390.2473802723144,0.2544463096675331,19.925373134328357,0.14925373134328357,0.208955223880597,59,57,0.17325227963525835,15
overall,MIXED,16.17,ALL,75,Nasus,66,29,37,0.4393939393939394,66,0.013095238095238096,5040,2.436319909047182,5.977872417993352,378.47771445060664,0.19737093543716044,20.606060606060606,0.015151515151515152,0.07575757575757576,290,241,0.4781746031746032,15
overall,MIXED,16.13,ALL,517,Sylas,66,29,37,0.4393939393939394,66,0.02006079027355623,3290,4.413251916928387,5.63026278255589,393.93630762664634,0.2200520976385103,26.40909090909091,0.19696969696969696,0.045454545454545456,80,75,0.22796352583586627,15
overall,MIXED,16.13,ALL,111,Nautilus,66,28,38,0.42424242424242425,66,0.02006079027355623,3290,3.553471948926495,0.8377504722497311,278.8201202117536,0.0990456041199468,60.06060606060606,0.09090909090909091,0.015151515151515152,63,63,0.19148936170212766,15
overall,MIXED,16.13,UTILITY,111,Nautilus,66,28,38,0.42424242424242425,66,0.1004566210045662,657,3.553471948926495,0.8377504722497311,278.8201202117536,0.0990456041199468,60.06060606060606,0.09090909090909091,0.015151515151515152,63,63,0.19148936170212766,15
overall,MIXED,16.13,ALL,21,MissFortune,65,39,26,0.6,65,0.019756838905775075,3290,4.385414670799287,6.394227111416886,445.62454697938614,0.20658621234645355,18.984615384615385,0.1076923076923077,0.1076923076923077,39,39,0.11854103343465046,15
overall,MIXED,16.13,BOTTOM,21,MissFortune,65,39,26,0.6,65,0.09878419452887538,658,4.385414670799287,6.394227111416886,445.62454697938614,0.20658621234645355,18.984615384615385,0.1076923076923077,0.1076923076923077,39,39,0.11854103343465046,15
overall,MIXED,16.16,BOTTOM,22,Ashe,65,38,27,0.5846153846153846,65,0.09759759759759759,666,4.094900185284801,6.694408745408232,423.4784477482869,0.20407912513094995,19.646153846153847,0.16923076923076924,0.09230769230769231,42,39,0.11711711711711711,15
overall,MIXED,16.17,BOTTOM,22,Ashe,65,35,30,0.5384615384615384,65,0.06448412698412699,1008,3.980732131116747,6.330058058660841,413.6011109458792,0.202095447548355,15.6,0.1076923076923077,0.12307692307692308,78,74,0.14682539682539683,15
overall,MIXED,16.17,TOP,777,Yone,65,31,34,0.47692307692307695,65,0.06448412698412699,1008,2.0856515706515704,6.7109370016610965,394.3298397940081,0.26603283628550595,23.753846153846155,0.13846153846153847,0.23076923076923078,161,147,0.2916666666666667,15
overall,MIXED,16.15,ALL,99,Lux,64,30,34,0.46875,64,0.01549636803874092,4130,3.2175289987789992,2.704447024958724,328.4021973969179,0.20257965026156238,45.484375,0.078125,0.0625,33,33,0.07990314769975787,15
overall,MIXED,16.17,UTILITY,99,Lux,64,30,34,0.46875,64,0.06349206349206349,1008,4.263137361770176,1.534153182317737,314.1952615364707,0.1921216537979415,78.640625,0.03125,0.015625,54,54,0.10714285714285714,15
overall,MIXED,16.17,ALL,799,Ambessa,64,29,35,0.453125,64,0.012698412698412698,5040,2.4589883207070704,5.779475047172359,343.82220155731306,0.206823681869307,23.5,0.0625,0.0625,5,5,0.00992063492063492,15
overall,MIXED,16.17,ALL,31,Chogath,64,28,36,0.4375,64,0.012698412698412698,5040,3.1948938648157394,5.8543955350071055,371.84560800348044,0.18713100646916273,26.078125,0.125,0.046875,18,18,0.03571428571428571,15
overall,MIXED,16.17,ALL,517,Sylas,64,28,36,0.4375,64,0.012698412698412698,5040,3.328673453282829,5.131508779484568,365.4980021732005,0.18783990865175154,23.125,0.21875,0.03125,87,84,0.16666666666666666,15
overall,MIXED,16.17,ALL,90,Malzahar,63,33,30,0.5238095238095238,63,0.0125,5040,2.679879864403674,7.827099706642879,402.6655913535437,0.22745342045639505,22.603174603174605,0.015873015873015872,0.09523809523809523,66,65,0.12896825396825398,15
overall,MIXED,16.16,ALL,75,Nasus,63,33,30,0.5238095238095238,63,0.01891891891891892,3330,3.603772990677752,6.168897211116383,379.3228654679737,0.21157065555342192,18.984126984126984,0.047619047619047616,0.1746031746031746,224,185,0.5555555555555556,15
overall,MIXED,16.13,ALL,22,Ashe,63,30,33,0.47619047619047616,63,0.019148936170212766,3290,3.2383030990173842,6.052655697052085,389.6363577826595,0.20305620534203378,20.0,0.14285714285714285,0.09523809523809523,88,79,0.24012158054711247,15
overall,MIXED,16.14,BOTTOM,22,Ashe,63,29,34,0.4603174603174603,63,0.09051724137931035,696,3.2621703322204576,6.175009541915809,407.10452954941775,0.2074757529092736,18.793650793650794,0.19047619047619047,0.06349206349206349,45,42,0.1206896551724138,15
overall,MIXED,16.17,TOP,799,Ambessa,63,28,35,0.4444444444444444,63,0.0625,1008,2.2757976591309923,5.740193858331697,340.55530203428026,0.2069525026823453,23.396825396825395,0.06349206349206349,0.06349206349206349,5,5,0.00992063492063492,15
overall,MIXED,16.13,ALL,805,Locke,63,24,39,0.38095238095238093,63,0.019148936170212766,3290,3.1313884087693613,5.849838480986261,393.12906058784256,0.2096347007324515,23.714285714285715,0.15873015873015872,0.1111111111111111,144,129,0.39209726443769,15
overall,MIXED,16.13,ALL,51,Caitlyn,62,30,32,0.4838709677419355,62,0.01884498480243161,3290,2.9494177417564513,6.812037820361628,404.7211804288198,0.19720985866789892,17.032258064516128,0.08064516129032258,0.0967741935483871,81,76,0.23100303951367782,15
overall,MIXED,16.13,BOTTOM,51,Caitlyn,62,30,32,0.4838709677419355,62,0.09422492401215805,658,2.9494177417564513,6.812037820361628,404.7211804288198,0.19720985866789892,17.032258064516128,0.08064516129032258,0.0967741935483871,81,76,0.23100303951367782,15
overall,MIXED,16.15,ALL,51,Caitlyn,62,29,33,0.46774193548387094,62,0.015012106537530266,4130,3.1850038402457748,6.853235681440769,421.019164396961,0.22514558139843904,17.516129032258064,0.08064516129032258,0.16129032258064516,58,57,0.13801452784503632,15
overall,MIXED,16.15,ALL,145,Kaisa,62,24,38,0.3870967741935484,62,0.015012106537530266,4130,3.813184351490803,6.885619909452733,444.95137620343064,0.2025620238076504,16.467741935483872,0.20967741935483872,0.11290322580645161,20,20,0.048426150121065374,15
overall,MIXED,16.15,UTILITY,147,Seraphine,61,26,35,0.4262295081967213,61,0.07384987893462469,826,3.466533603009014,1.1973468476259694,286.86574700394874,0.12817776356387497,66.19672131147541,0.08196721311475409,0.01639344262295082,176,161,0.3898305084745763,15
overall,MIXED,16.15,ALL,800,Mel,61,25,36,0.4098360655737705,61,0.01476997578692494,4130,3.3646942538335987,5.780501666690081,397.5630262260931,0.22942673213734524,28.0,0.13114754098360656,0.06557377049180328,177,157,0.3801452784503632,15
overall,MIXED,16.15,ALL,89,Leona,60,35,25,0.5833333333333334,60,0.014527845036319613,4130,3.8957813945313946,0.9622266326600166,289.94631291181054,0.0980256821743172,65.5,0.0,0.03333333333333333,80,76,0.18401937046004843,15
overall,MIXED,16.15,UTILITY,89,Leona,60,35,25,0.5833333333333334,60,0.07263922518159806,826,3.8957813945313946,0.9622266326600166,289.94631291181054,0.0980256821743172,65.5,0.0,0.03333333333333333,80,76,0.18401937046004843,15
overall,MIXED,16.14,ALL,111,Nautilus,60,30,30,0.5,60,0.017241379310344827,3480,3.512811679061679,0.8472520280163665,286.60749732309785,0.10204480350135643,60.78333333333333,0.08333333333333333,0.016666666666666666,57,52,0.14942528735632185,15
overall,MIXED,16.14,UTILITY,111,Nautilus,60,30,30,0.5,60,0.08620689655172414,696,3.512811679061679,0.8472520280163665,286.60749732309785,0.10204480350135643,60.78333333333333,0.08333333333333333,0.016666666666666666,57,52,0.14942528735632185,15
overall,MIXED,16.13,BOTTOM,22,Ashe,60,28,32,0.4666666666666667,60,0.0911854103343465,658,3.2413293650793653,6.243290477295143,392.2345741241059,0.20466630014544132,18.683333333333334,0.15,0.1,88,79,0.24012158054711247,15
overall,MIXED,16.17,ALL,54,Malphite,60,27,33,0.45,60,0.011904761904761904,5040,3.5488690476190485,5.398208014512417,348.90040407418854,0.1905636909833897,26.383333333333333,0.06666666666666667,0.05,61,58,0.11507936507936507,15
overall,MIXED,16.13,ALL,99,Lux,60,26,34,0.43333333333333335,60,0.0182370820668693,3290,3.5963660413660414,2.360136942674674,316.7076948042092,0.21228242183539592,50.85,0.06666666666666667,0.05,20,18,0.0547112462006079,15
overall,MIXED,16.15,BOTTOM,145,Kaisa,60,23,37,0.38333333333333336,60,0.07263922518159806,826,3.8986238298738294,6.997973187716387,450.3741359352467,0.20282841060158646,16.183333333333334,0.21666666666666667,0.11666666666666667,20,20,0.048426150121065374,15
overall,MIXED,16.17,ALL,875,Sett,59,34,25,0.576271186440678,59,0.011706349206349206,5040,2.6887947269303205,6.102362482686326,390.4336989677323,0.23761966331058923,25.11864406779661,0.15254237288135594,0.22033898305084745,6,6,0.011904761904761904,15
overall,MIXED,16.15,BOTTOM,51,Caitlyn,59,28,31,0.4745762711864407,59,0.07142857142857142,826,3.2932808716707016,6.85667451380925,421.2141044910838,0.22321841775219367,17.949152542372882,0.0847457627118644,0.15254237288135594,58,57,0.13801452784503632,15
overall,MIXED,16.16,ALL,101,Xerath,58,31,27,0.5344827586206896,58,0.017417417417417418,3330,3.242718919012022,3.224319572956061,330.4745278413313,0.23017933315802513,48.241379310344826,0.1206896551724138,0.05172413793103448,83,76,0.22822822822822822,15
overall,MIXED,16.17,ALL,62,MonkeyKing,58,30,28,0.5172413793103449,58,0.011507936507936509,5040,3.645381773399015,5.905444816206461,389.6010564714053,0.15076079185052707,27.93103448275862,0.06896551724137931,0.017241379310344827,43,43,0.08531746031746032,15
overall,MIXED,16.14,TOP,82,Mordekaiser,58,29,29,0.5,58,0.08333333333333333,696,2.0355811714204215,5.284818508181571,360.4563637441497,0.19790040624891267,20.551724137931036,0.05172413793103448,0.13793103448275862,174,157,0.4511494252873563,15
overall,MIXED,16.14,TOP,27,Singed,57,36,21,0.631578947368421,57,0.08189655172413793,696,3.4042169818485606,8.379831712824446,421.96958438343677,0.23849265915951764,19.350877192982455,0.10526315789473684,0.14035087719298245,10,10,0.028735632183908046,15
overall,MIXED,16.14,ALL,89,Leona,57,32,25,0.5614035087719298,57,0.016379310344827588,3480,3.9326858813700922,0.8378878393550746,289.7296526778344,0.08981387108959878,66.6842105263158,0.0,0.017543859649122806,80,77,0.22126436781609196,15
overall,MIXED,16.14,UTILITY,89,Leona,57,32,25,0.5614035087719298,57,0.08189655172413793,696,3.9326858813700922,0.8378878393550746,289.7296526778344,0.08981387108959878,66.6842105263158,0.0,0.017543859649122806,80,77,0.22126436781609196,15
overall,MIXED,16.15,ALL,103,Ahri,57,25,32,0.43859649122807015,57,0.013801452784503633,4130,2.1897182982709293,6.06445789025084,356.20976160762945,0.2134000161778652,24.350877192982455,0.08771929824561403,0.05263157894736842,10,10,0.024213075060532687,15
overall,MIXED,16.15,ALL,517,Sylas,57,25,32,0.43859649122807015,57,0.013801452784503633,4130,3.1270094427989163,5.388701026666836,368.79971652014,0.20670668010679474,23.473684210526315,0.10526315789473684,0.05263157894736842,53,51,0.1234866828087167,15
overall,MIXED,16.17,ALL,112,Viktor,57,24,33,0.42105263157894735,57,0.01130952380952381,5040,3.4489607858028912,6.485575334915543,379.644077719833,0.26027116737759914,23.596491228070175,0.03508771929824561,0.07017543859649122,118,111,0.22023809523809523,15
overall,MIXED,16.14,ALL,103,Ahri,57,20,37,0.3508771929824561,57,0.016379310344827588,3480,2.6973266499582293,5.896769737731289,349.45725932808546,0.20273125443242807,23.982456140350877,0.07017543859649122,0.07017543859649122,12,12,0.034482758620689655,15
overall,MIXED,16.17,ALL,202,Jhin,56,35,21,0.625,56,0.011111111111111112,5040,4.354959673263246,6.5319686394323595,428.53240455732237,0.21610307615403737,17.017857142857142,0.17857142857142858,0.08928571428571429,48,47,0.09325396825396826,15
overall,MIXED,16.13,ALL,56,Nocturne,56,30,26,0.5357142857142857,56,0.01702127659574468,3290,3.5160572562358277,5.723353123566909,379.3354777250215,0.13191526951048588,24.607142857142858,0.05357142857142857,0.0,138,126,0.3829787234042553,15
overall,MIXED,16.13,JUNGLE,56,Nocturne,56,30,26,0.5357142857142857,56,0.0851063829787234,658,3.5160572562358277,5.723353123566909,379.3354777250215,0.13191526951048588,24.607142857142858,0.05357142857142857,0.0,138,126,0.3829787234042553,15
overall,MIXED,16.14,UTILITY,99,Lux,56,29,27,0.5178571428571429,56,0.08045977011494253,696,4.016308096665239,1.5101239766494263,319.20391888503417,0.2086609116485171,61.982142857142854,0.07142857142857142,0.017857142857142856,19,19,0.05459770114942529,15
overall,MIXED,16.17,JUNGLE,62,MonkeyKing,56,29,27,0.5178571428571429,56,0.05555555555555555,1008,3.704145408163266,5.995972858024442,392.1629031500638,0.1484846899333417,26.982142857142858,0.07142857142857142,0.0,43,43,0.08531746031746032,15
overall,MIXED,16.15,ALL,22,Ashe,56,26,30,0.4642857142857143,56,0.013559322033898305,4130,4.021093242075385,5.7821036944261825,395.9556719052569,0.19745196350593508,23.910714285714285,0.16071428571428573,0.07142857142857142,40,40,0.09685230024213075,15
overall,MIXED,16.16,TOP,82,Mordekaiser,56,26,30,0.4642857142857143,56,0.08408408408408409,666,2.9132070310641742,5.826533577835357,374.1876477149326,0.26481613386884134,21.964285714285715,0.10714285714285714,0.16071428571428573,73,67,0.2012012012012012,15
overall,MIXED,16.14,MIDDLE,103,Ahri,56,20,36,0.35714285714285715,56,0.08045977011494253,696,2.674064625850341,5.939520934785371,350.89177602458125,0.2032938494869414,24.321428571428573,0.07142857142857142,0.07142857142857142,12,12,0.034482758620689655,15
overall,MIXED,16.17,BOTTOM,202,Jhin,55,34,21,0.6181818181818182,55,0.054563492063492064,1008,4.252322576413486,6.564561260171182,429.4324542545299,0.21834513797396696,15.672727272727272,0.18181818181818182,0.09090909090909091,48,47,0.09325396825396826,15
overall,MIXED,16.17,ALL,83,Yorick,55,27,28,0.4909090909090909,55,0.010912698412698412,5040,2.604576282303555,7.070953858717709,395.4703618088369,0.2539808440188303,23.745454545454546,0.05454545454545454,0.34545454545454546,112,105,0.20833333333333334,15
overall,MIXED,16.15,TOP,777,Yone,55,18,37,0.32727272727272727,55,0.06658595641646489,826,2.2722668240850052,6.581566696260487,399.16487470501784,0.289215219359846,25.472727272727273,0.2545454545454545,0.2,76,74,0.1791767554479419,15
overall,MIXED,16.17,MIDDLE,45,Veigar,54,32,22,0.5925925925925926,54,0.05357142857142857,1008,4.054377104377104,6.555962478311308,392.5558795749486,0.23005808314418005,25.12962962962963,0.018518518518518517,0.037037037037037035,63,61,0.12103174603174603,15
overall,MIXED,15.24,ALL,22,Ashe,54,30,24,0.5555555555555556,54,0.031578947368421054,1710,3.0365493559937997,5.274809499503702,359.234369133785,0.17861199062012828,20.40740740740741,0.14814814814814814,0.09259259259259259,45,39,0.22807017543859648,15
overall,MIXED,16.17,TOP,875,Sett,54,30,24,0.5555555555555556,54,0.05357142857142857,1008,2.606187536743092,6.282115250081587,391.4256544193635,0.24364965203738956,23.61111111111111,0.14814814814814814,0.24074074074074073,6,6,0.011904761904761904,15
overall,MIXED,15.24,ALL,202,Jhin,54,29,25,0.5370370370370371,54,0.031578947368421054,1710,4.783318636096413,5.874024890681606,378.90296369565345,0.18849505696576063,11.296296296296296,0.12962962962962962,0.037037037037037035,10,10,0.05847953216374269,15
overall,MIXED,15.24,BOTTOM,202,Jhin,54,29,25,0.5370370370370371,54,0.15835777126099707,341,4.783318636096413,5.874024890681606,378.90296369565345,0.18849505696576063,11.296296296296296,0.12962962962962962,0.037037037037037035,10,10,0.05847953216374269,15
overall,MIXED,16.17,MIDDLE,90,Malzahar,54,28,26,0.5185185185185185,54,0.05357142857142857,1008,2.7294365613810054,7.777940587042222,397.9030714035474,0.21897246458840894,21.27777777777778,0.018518518518518517,0.07407407407407407,66,65,0.12896825396825398,15
overall,MIXED,16.14,ALL,517,Sylas,54,28,26,0.5185185185185185,54,0.015517241379310345,3480,3.419187242798355,4.648674644157451,363.9627983597789,0.20554200774485576,25.944444444444443,0.12962962962962962,0.0,60,59,0.16954022988505746,15
overall,MIXED,16.17,ALL,122,Darius,54,27,27,0.5,54,0.010714285714285714,5040,2.8988609641387426,6.020458050119309,389.171480592335,0.21940227102810395,20.98148148148148,0.2222222222222222,0.24074074074074073,41,40,0.07936507936507936,15
overall,MIXED,16.15,BOTTOM,22,Ashe,54,25,29,0.46296296296296297,54,0.06537530266343826,826,3.9865209379098263,5.930121453039976,398.2611619720855,0.19665927517929951,22.38888888888889,0.16666666666666666,0.07407407407407407,40,40,0.09685230024213075,15
overall,MIXED,16.15,MIDDLE,103,Ahri,54,23,31,0.42592592592592593,54,0.06537530266343826,826,2.0871830073218964,6.077270543437765,352.9301310286213,0.21518879149874262,23.38888888888889,0.09259259259259259,0.05555555555555555,10,10,0.024213075060532687,15
overall,MIXED,16.14,ALL,45,Veigar,54,21,33,0.3888888888888889,54,0.015517241379310345,3480,2.8440897065897066,5.8570915727137844,373.6609355069405,0.20991390315798172,20.85185185185185,0.05555555555555555,0.018518518518518517,45,45,0.12931034482758622,15
overall,MIXED,16.13,ALL,89,Leona,53,30,23,0.5660377358490566,53,0.016109422492401215,3290,4.187310226461169,0.9778281667826996,284.1120988778217,0.09191347482870904,69.13207547169812,0.018867924528301886,0.03773584905660377,66,65,0.19756838905775076,15
overall,MIXED,16.15,ALL,56,Nocturne,53,28,25,0.5283018867924528,53,0.012832929782082324,4130,3.867693941278846,5.5822791588493414,397.7660621816533,0.15032322919539026,26.754716981132077,0.09433962264150944,0.018867924528301886,164,152,0.36803874092009686,15
overall,MIXED,16.16,ALL,56,Nocturne,53,28,25,0.5283018867924528,53,0.015915915915915915,3330,3.820066568651473,6.188292012853867,402.47012614135804,0.15770438128277145,28.88679245283019,0.0,0.0,116,106,0.3183183183183183,15
overall,MIXED,16.15,JUNGLE,56,Nocturne,53,28,25,0.5283018867924528,53,0.06416464891041163,826,3.867693941278846,5.5822791588493414,397.7660621816533,0.15032322919539026,26.754716981132077,0.09433962264150944,0.018867924528301886,164,152,0.36803874092009686,15
overall,MIXED,16.16,JUNGLE,56,Nocturne,53,28,25,0.5283018867924528,53,0.07957957957957958,666,3.820066568651473,6.188292012853867,402.47012614135804,0.15770438128277145,28.88679245283019,0.0,0.0,116,106,0.3183183183183183,15
overall,MIXED,16.14,ALL,800,Mel,53,24,29,0.4528301886792453,53,0.015229885057471264,3480,3.92372852514362,5.823032708617482,400.08280969302035,0.22908035977260138,28.41509433962264,0.16981132075471697,0.09433962264150944,168,151,0.4339080459770115,15
overall,MIXED,16.13,UTILITY,89,Leona,52,30,22,0.5769230769230769,52,0.0791476407914764,657,4.255816192354653,0.889889077817914,282.8662031175087,0.09116349277910901,70.13461538461539,0.019230769230769232,0.038461538461538464,66,65,0.19756838905775076,15
overall,MIXED,16.17,ALL,18,Tristana,52,25,27,0.4807692307692308,52,0.010317460317460317,5040,3.4173076923076926,6.460615881363135,458.2178071240841,0.24107379073707527,17.057692307692307,0.1346153846153846,0.23076923076923078,40,37,0.07341269841269842,15
overall,MIXED,16.13,ALL,235,Senna,51,31,20,0.6078431372549019,51,0.015501519756838906,3290,5.933076563958917,4.450861018795406,394.38242819864587,0.17965014530119583,29.11764705882353,0.058823529411764705,0.0784313725490196,91,86,0.2613981762917933,15
overall,MIXED,16.15,ALL,83,Yorick,51,31,20,0.6078431372549019,51,0.012348668280871672,4130,3.4322425940072994,7.101878352874494,418.4878820291622,0.2533023445364516,25.03921568627451,0.058823529411764705,0.35294117647058826,129,123,0.29782082324455206,15
overall,MIXED,16.17,ALL,81,Ezreal,51,23,28,0.45098039215686275,51,0.01011904761904762,5040,3.9739304812834226,6.3974258152146595,420.9125328440163,0.250512182160813,14.588235294117647,0.0784313725490196,0.19607843137254902,28,28,0.05555555555555555,15
overall,MIXED,16.17,ALL,102,Shyvana,51,22,29,0.43137254901960786,51,0.01011904761904762,5040,3.957804232804234,6.818164838264321,415.66086369496037,0.18928630521397172,28.941176470588236,0.0196078431372549,0.0392156862745098,68,63,0.125,15
overall,MIXED,16.15,ALL,115,Ziggs,51,21,30,0.4117647058823529,51,0.012348668280871672,4130,3.5733271086212275,6.219664018888443,398.4422309766429,0.3027219687908751,15.647058823529411,0.058823529411764705,0.23529411764705882,72,69,0.16707021791767554,15
overall,MIXED,16.15,ALL,80,Pantheon,50,29,21,0.58,50,0.012106537530266344,4130,3.4737567693744165,3.058443038432261,358.2547896439678,0.19278629895243632,50.36,0.14,0.06,10,10,0.024213075060532687,15
overall,MIXED,16.15,ALL,36,DrMundo,50,26,24,0.52,50,0.012106537530266344,4130,4.600849206349206,5.901065450682562,380.2703058195924,0.2149506426962759,21.44,0.04,0.1,11,11,0.026634382566585957,15
overall,MIXED,16.17,TOP,83,Yorick,50,24,26,0.48,50,0.0496031746031746,1008,2.7425339105339104,7.097583524865691,398.8096474965314,0.2571037701798186,23.88,0.06,0.36,112,105,0.20833333333333334,15
overall,MIXED,16.17,JUNGLE,102,Shyvana,50,22,28,0.44,50,0.0496031746031746,1008,4.020960317460318,6.8013546512496355,415.9092008560246,0.18692795348953462,29.14,0.02,0.04,68,63,0.125,15
overall,MIXED,16.16,ALL,89,Leona,50,20,30,0.4,50,0.015015015015015015,3330,2.9971645021645026,0.9296109614820643,278.6626588493511,0.09389548211384584,65.92,0.02,0.08,84,81,0.24324324324324326,15
overall,MIXED,16.16,UTILITY,89,Leona,50,20,30,0.4,50,0.07507507507507508,666,2.9971645021645026,0.9296109614820643,278.6626588493511,0.09389548211384584,65.92,0.02,0.08,84,81,0.24324324324324326,15
overall,MIXED,16.13,ALL,202,Jhin,50,19,31,0.38,50,0.015197568389057751,3290,3.2253156843156847,6.265339020877081,398.51369593549424,0.18787994165355473,14.86,0.08,0.12,11,11,0.03343465045592705,15
overall,MIXED,16.16,ALL,54,Malphite,49,33,16,0.673469387755102,49,0.014714714714714715,3330,5.051331831433872,5.993023006184266,358.42400616913756,0.19359311011101174,25.775510204081634,0.02040816326530612,0.08163265306122448,42,41,0.12312312312312312,15
overall,MIXED,16.15,ALL,412,Thresh,49,31,18,0.6326530612244898,49,0.011864406779661017,4130,4.515000249183922,0.9856203160574274,284.6523333958437,0.09832633588593909,62.16326530612245,0.14285714285714285,0.02040816326530612,15,15,0.03631961259079903,15
overall,MIXED,16.15,UTILITY,412,Thresh,49,31,18,0.6326530612244898,49,0.059322033898305086,826,4.515000249183922,0.9856203160574274,284.6523333958437,0.09832633588593909,62.16326530612245,0.14285714285714285,0.02040816326530612,15,15,0.03631961259079903,15
overall,MIXED,16.17,ALL,86,Garen,49,29,20,0.5918367346938775,49,0.009722222222222222,5040,3.402210884353741,7.174365325711097,426.72524545563425,0.2417267930808443,25.591836734693878,0.12244897959183673,0.3469387755102041,91,89,0.1765873015873016,15
overall,MIXED,15.24,BOTTOM,22,Ashe,49,27,22,0.5510204081632653,49,0.1436950146627566,341,3.0419795623877253,5.631316900866121,363.69564145286495,0.18199176706725795,16.122448979591837,0.16326530612244897,0.10204081632653061,45,39,0.22807017543859648,15
overall,MIXED,16.16,MIDDLE,777,Yone,49,25,24,0.5102040816326531,49,0.07357357357357357,666,3.072683835438937,6.755023039990902,410.25750429012845,0.2561860718914792,22.714285714285715,0.12244897959183673,0.08163265306122448,75,72,0.21621621621621623,15
overall,MIXED,16.15,MIDDLE,112,Viktor,49,24,25,0.4897959183673469,49,0.059322033898305086,826,2.8542759961127313,6.449606672860275,367.4171264515113,0.2600143632769364,21.53061224489796,0.10204081632653061,0.10204081632653061,96,89,0.21549636803874092,15
overall,MIXED,16.16,ALL,799,Ambessa,49,22,27,0.4489795918367347,49,0.014714714714714715,3330,1.5874488323467917,5.341654077668137,323.92678290073843,0.16062513790219154,18.448979591836736,0.061224489795918366,0.061224489795918366,9,9,0.02702702702702703,15
overall,MIXED,16.13,UTILITY,99,Lux,49,22,27,0.4489795918367347,49,0.0745814307458143,657,3.3065884795476626,1.499386544727138,302.54822907025357,0.19557879062009123,57.224489795918366,0.08163265306122448,0.04081632653061224,20,18,0.0547112462006079,15
overall,MIXED,16.17,ALL,412,Thresh,49,21,28,0.42857142857142855,49,0.009722222222222222,5040,4.407896015549077,1.0294044611478013,275.18182043467925,0.09948143897063919,60.46938775510204,0.04081632653061224,0.0,40,40,0.07936507936507936,15
overall,MIXED,16.17,UTILITY,412,Thresh,49,21,28,0.42857142857142855,49,0.04861111111111111,1008,4.407896015549077,1.0294044611478013,275.18182043467925,0.09948143897063919,60.46938775510204,0.04081632653061224,0.0,40,40,0.07936507936507936,15
overall,MIXED,16.15,ALL,202,Jhin,48,31,17,0.6458333333333334,48,0.01162227602905569,4130,5.049314574314574,6.309707284488021,426.7590359432481,0.19144948387806046,15.020833333333334,0.125,0.14583333333333334,11,11,0.026634382566585957,15
overall,MIXED,16.18,ALL,777,Yone,48,28,20,0.5833333333333334,48,0.02857142857142857,1680,3.704399651274652,7.083245504126515,411.59385397247496,0.2708562904233696,19.25,0.125,0.1875,55,52,0.30952380952380953,15
overall,MIXED,16.15,ALL,101,Xerath,48,26,22,0.5416666666666666,48,0.01162227602905569,4130,3.8503276815776815,3.6725937950820473,353.00304814135296,0.22548941648236376,35.645833333333336,0.041666666666666664,0.0625,122,116,0.28087167070217917,15
overall,MIXED,15.24,ALL,54,Malphite,48,19,29,0.3958333333333333,48,0.028070175438596492,1710,3.161094576719576,5.713294844327097,364.59245859140464,0.20290508015052278,19.25,0.0625,0.125,60,53,0.30994152046783624,15
overall,MIXED,16.15,BOTTOM,202,Jhin,47,31,16,0.6595744680851063,47,0.05690072639225181,826,5.13015105461914,6.3888118510390965,428.73364343563003,0.1913323788578583,14.914893617021276,0.1276595744680851,0.14893617021276595,11,11,0.026634382566585957,15
overall,MIXED,16.14,ALL,233,Briar,47,28,19,0.5957446808510638,47,0.013505747126436781,3480,3.6547379334613384,5.914087172999266,458.25431986896643,0.20891867856793553,24.78723404255319,0.0851063829787234,0.02127659574468085,74,67,0.1925287356321839,15
overall,MIXED,16.14,JUNGLE,233,Briar,47,28,19,0.5957446808510638,47,0.06752873563218391,696,3.6547379334613384,5.914087172999266,458.25431986896643,0.20891867856793553,24.78723404255319,0.0851063829787234,0.02127659574468085,74,67,0.1925287356321839,15
overall,MIXED,16.17,ALL,120,Hecarim,47,28,19,0.5957446808510638,47,0.009325396825396825,5040,4.642853246044735,6.505107629595433,407.6479982403446,0.17114122314611036,24.617021276595743,0.0851063829787234,0.0,1,1,0.001984126984126984,15
overall,MIXED,16.17,JUNGLE,120,Hecarim,47,28,19,0.5957446808510638,47,0.04662698412698413,1008,4.642853246044735,6.505107629595433,407.6479982403446,0.17114122314611036,24.617021276595743,0.0851063829787234,0.0,1,1,0.001984126984126984,15
overall,MIXED,16.17,ALL,56,Nocturne,47,27,20,0.574468085106383,47,0.009325396825396825,5040,4.300611740505357,6.328777014278058,403.02742273505794,0.15834282178251896,33.12765957446808,0.0425531914893617,0.02127659574468085,173,156,0.30952380952380953,15
overall,MIXED,16.16,ALL,45,Veigar,47,27,20,0.574468085106383,47,0.014114114114114115,3330,4.057337048294496,6.233095509644894,409.1385828449913,0.22805205665013797,22.829787234042552,0.02127659574468085,0.1276595744680851,69,68,0.2042042042042042,15
overall,MIXED,16.14,ALL,51,Caitlyn,47,25,22,0.5319148936170213,47,0.013505747126436781,3480,3.150372263670136,6.913851847831416,444.44287313052513,0.23697705819926188,15.425531914893616,0.2127659574468085,0.23404255319148937,51,48,0.13793103448275862,15
overall,MIXED,16.17,MIDDLE,112,Viktor,47,19,28,0.40425531914893614,47,0.04662698412698413,1008,3.6660564612692275,6.507719450506048,372.7308990585462,0.25895107627080544,25.72340425531915,0.02127659574468085,0.06382978723404255,118,111,0.22023809523809523,15
overall,MIXED,16.13,BOTTOM,202,Jhin,47,17,30,0.3617021276595745,47,0.07142857142857142,658,3.041825196080516,6.31243381640038,399.2909649082781,0.18826135023291482,13.638297872340425,0.0851063829787234,0.10638297872340426,11,11,0.03343465045592705,15
overall,MIXED,16.15,ALL,39,Irelia,46,27,19,0.5869565217391305,46,0.011138014527845037,4130,2.807883058970016,7.544039002999179,417.620619656432,0.21837514026112984,25.108695652173914,0.15217391304347827,0.15217391304347827,45,44,0.10653753026634383,15
overall,MIXED,16.16,ALL,83,Yorick,46,27,19,0.5869565217391305,46,0.013813813813813814,3330,2.7087991718426503,7.115033641801717,401.2537717962344,0.24360739124732608,22.73913043478261,0.021739130434782608,0.3695652173913043,90,85,0.2552552552552553,15
overall,MIXED,16.14,BOTTOM,51,Caitlyn,46,24,22,0.5217391304347826,46,0.06609195402298851,696,3.124655718677458,6.860611224001167,440.27223875505194,0.23449933834590428,15.456521739130435,0.21739130434782608,0.21739130434782608,51,48,0.13793103448275862,15
overall,MIXED,16.14,ALL,112,Viktor,46,23,23,0.5,46,0.013218390804597701,3480,2.9166125541125543,5.910483862773332,357.6574053301198,0.24969665474561767,19.91304347826087,0.06521739130434782,0.021739130434782608,64,61,0.1752873563218391,15
overall,MIXED,16.16,ALL,202,Jhin,46,22,24,0.4782608695652174,46,0.013813813813813814,3330,5.3355213626952755,6.831338536993384,431.2806198936556,0.18490025459826853,17.304347826086957,0.10869565217391304,0.021739130434782608,9,9,0.02702702702702703,15
overall,MIXED,16.17,ALL,84,Akali,46,21,25,0.45652173913043476,46,0.009126984126984128,5040,4.037292960662526,5.560175986694829,376.48611686283783,0.24581787785039613,20.5,0.17391304347826086,0.08695652173913043,131,122,0.24206349206349206,15
overall,MIXED,16.15,ALL,233,Briar,46,21,25,0.45652173913043476,46,0.011138014527845037,4130,4.356672219156235,5.7607883188761,455.95163995925793,0.2451052842791702,27.434782608695652,0.21739130434782608,0.0,125,116,0.28087167070217917,15
overall,MIXED,16.15,JUNGLE,233,Briar,46,21,25,0.45652173913043476,46,0.05569007263922518,826,4.356672219156235,5.7607883188761,455.95163995925793,0.2451052842791702,27.434782608695652,0.21739130434782608,0.0,125,116,0.28087167070217917,15
overall,MIXED,16.17,BOTTOM,81,Ezreal,46,20,26,0.43478260869565216,46,0.04563492063492063,1008,3.77544466403162,6.352999028491491,414.4763038681721,0.2451528161792292,13.23913043478261,0.06521739130434782,0.17391304347826086,28,28,0.05555555555555555,15
overall,MIXED,16.15,UTILITY,99,Lux,46,19,27,0.41304347826086957,46,0.05569007263922518,826,3.0208406327971544,1.4329337289868571,306.1457507370806,0.18866620393951464,55.30434782608695,0.06521739130434782,0.043478260869565216,33,33,0.07990314769975787,15
overall,MIXED,16.17,ALL,24,Jax,45,29,16,0.6444444444444445,45,0.008928571428571428,5040,3.494325057658391,6.09388651124361,423.106753809983,0.2112078942613646,28.044444444444444,0.1111111111111111,0.17777777777777778,43,43,0.08531746031746032,15
overall,MIXED,16.17,JUNGLE,56,Nocturne,45,27,18,0.6,45,0.044642857142857144,1008,4.437204585537919,6.425969849448692,407.5993982091585,0.15889330444232638,32.48888888888889,0.044444444444444446,0.022222222222222223,173,156,0.30952380952380953,15
overall,MIXED,16.15,ALL,84,Akali,45,26,19,0.5777777777777777,45,0.010895883777239709,4130,4.212433862433862,5.905158852472629,394.1830163648943,0.25306467696288515,22.68888888888889,0.08888888888888889,0.1111111111111111,85,81,0.19612590799031476,15
overall,MIXED,16.13,ALL,800,Mel,45,26,19,0.5777777777777777,45,0.013677811550151976,3290,2.865262145262145,5.09315316501563,395.08189168574376,0.21515640822638293,32.93333333333333,0.08888888888888889,0.13333333333333333,82,79,0.24012158054711247,15
overall,MIXED,16.13,ALL,45,Veigar,45,26,19,0.5777777777777777,45,0.013677811550151976,3290,5.26574635241302,6.553649598539409,405.0128886991043,0.23180103812700553,21.88888888888889,0.022222222222222223,0.044444444444444446,20,20,0.060790273556231005,15
overall,MIXED,16.17,ALL,420,Illaoi,45,25,20,0.5555555555555556,45,0.008928571428571428,5040,2.6763059163059166,6.840279212978823,414.817321212538,0.3040565648953091,23.68888888888889,0.2,0.4444444444444444,130,120,0.23809523809523808,15
overall,MIXED,16.17,TOP,122,Darius,45,23,22,0.5111111111111111,45,0.044642857142857144,1008,2.982204585537919,6.033417641118462,382.6154816972695,0.23353734953734065,21.711111111111112,0.24444444444444444,0.28888888888888886,41,40,0.07936507936507936,15
overall,MIXED,16.16,TOP,799,Ambessa,45,22,23,0.4888888888888889,45,0.06756756756756757,666,1.6420907487574152,5.268862448370117,324.2172053614308,0.16438889990927108,17.844444444444445,0.06666666666666667,0.06666666666666667,9,9,0.02702702702702703,15
overall,MIXED,16.16,BOTTOM,202,Jhin,45,22,23,0.4888888888888889,45,0.06756756756756757,666,5.387421837421837,6.745927246131752,429.85168206716156,0.1853794544213266,17.4,0.08888888888888889,0.022222222222222223,9,9,0.02702702702702703,15
overall,MIXED,16.17,ALL,80,Pantheon,45,22,23,0.4888888888888889,45,0.008928571428571428,5040,3.9844409294409298,3.3540274146038964,359.66493864604877,0.19044949041844492,46.6,0.08888888888888889,0.08888888888888889,19,19,0.037698412698412696,15
overall,MIXED,16.13,ALL,82,Mordekaiser,45,21,24,0.4666666666666667,45,0.013677811550151976,3290,2.642310405643739,5.9491136556795725,365.95299825702347,0.23895061034926934,19.08888888888889,0.08888888888888889,0.1111111111111111,34,32,0.0972644376899696,15
overall,MIXED,16.15,ALL,25,Morgana,45,21,24,0.4666666666666667,45,0.010895883777239709,4130,3.6298653198653192,1.7040460679622997,305.98335595913886,0.1651767869329085,61.46666666666667,0.022222222222222223,0.044444444444444446,23,23,0.05569007263922518,15
overall,MIXED,16.17,TOP,86,Garen,44,27,17,0.6136363636363636,44,0.04365079365079365,1008,3.4558712121212114,7.239825608684308,425.6770602996412,0.24134905746363167,25.522727272727273,0.13636363636363635,0.3409090909090909,91,89,0.1765873015873016,15
overall,MIXED,16.17,ALL,233,Briar,44,26,18,0.5909090909090909,44,0.00873015873015873,5040,3.0452995867768595,6.273420154022739,450.36206699939544,0.2119032193451992,26.545454545454547,0.022727272727272728,0.022727272727272728,88,84,0.16666666666666666,15
overall,MIXED,16.15,ALL,86,Garen,44,25,19,0.5681818181818182,44,0.010653753026634382,4130,2.857690226440226,6.852723245477676,396.2937366638202,0.2293963222606366,23.454545454545453,0.2727272727272727,0.1590909090909091,34,33,0.07990314769975787,15
overall,MIXED,16.13,ALL,81,Ezreal,44,24,20,0.5454545454545454,44,0.013373860182370821,3290,3.840449134199135,6.029281841106087,414.02830994331583,0.23272743469326865,18.454545454545453,0.13636363636363635,0.09090909090909091,20,20,0.060790273556231005,15
overall,MIXED,16.16,TOP,75,Nasus,44,24,20,0.5454545454545454,44,0.06606606606606606,666,3.492442279942281,6.168859362486441,372.58059713134935,0.21906423213298867,18.886363636363637,0.06818181818181818,0.1590909090909091,224,185,0.5555555555555556,15
overall,MIXED,16.15,ALL,804,Yunara,44,24,20,0.5454545454545454,44,0.010653753026634382,4130,2.9861053719008273,6.694124919322548,430.9808777647186,0.2077768803284901,15.75,0.045454545454545456,0.11363636363636363,10,10,0.024213075060532687,15
overall,MIXED,16.15,BOTTOM,804,Yunara,44,24,20,0.5454545454545454,44,0.053268765133171914,826,2.9861053719008273,6.694124919322548,430.9808777647186,0.2077768803284901,15.75,0.045454545454545456,0.11363636363636363,10,10,0.024213075060532687,15
overall,MIXED,16.16,ALL,99,Lux,44,21,23,0.4772727272727273,44,0.013213213213213212,3330,2.5771383919111197,2.7000628652831775,313.23766359983034,0.19150189532943498,48.97727272727273,0.11363636363636363,0.0,18,18,0.05405405405405406,15
overall,MIXED,16.17,BOTTOM,18,Tristana,44,21,23,0.4772727272727273,44,0.04365079365079365,1008,3.579545454545455,6.378452945895481,462.82297906529135,0.23379488895836967,16.818181818181817,0.1590909090909091,0.20454545454545456,40,37,0.07341269841269842,15
overall,MIXED,16.15,ALL,54,Malphite,44,20,24,0.45454545454545453,44,0.010653753026634382,4130,3.1521194083694084,5.728140338106507,358.63182619107124,0.20305762359285676,22.181818181818183,0.022727272727272728,0.13636363636363635,61,59,0.14285714285714285,15
overall,MIXED,16.14,ALL,83,Yorick,44,19,25,0.4318181818181818,44,0.01264367816091954,3480,2.8129870129870125,6.3047738642431765,400.850282768273,0.2555801786059699,21.84090909090909,0.0,0.3409090909090909,144,128,0.367816091954023,15
overall,MIXED,16.17,ALL,800,Mel,44,16,28,0.36363636363636365,44,0.00873015873015873,5040,2.779806998556998,6.452245528883226,400.0092955570655,0.2265393984129341,29.113636363636363,0.1590909090909091,0.06818181818181818,146,133,0.2638888888888889,15
overall,MIXED,16.17,JUNGLE,233,Briar,43,26,17,0.6046511627906976,43,0.04265873015873016,1008,3.0967406624383367,6.312654787017412,452.72702054012086,0.21008335536875195,26.88372093023256,0.023255813953488372,0.023255813953488372,88,84,0.16666666666666666,15
overall,MIXED,16.17,ALL,25,Morgana,43,25,18,0.5813953488372093,43,0.008531746031746031,5040,3.8821554414577673,1.865863360328467,307.58650669557954,0.15729213669711722,63.395348837209305,0.0,0.046511627906976744,52,51,0.10119047619047619,15
overall,MIXED,16.14,ALL,54,Malphite,43,23,20,0.5348837209302325,43,0.01235632183908046,3480,3.3150038591899063,5.826956432820377,359.1891636888569,0.18059908793944487,28.86046511627907,0.046511627906976744,0.06976744186046512,33,32,0.09195402298850575,15
overall,MIXED,16.17,ALL,36,DrMundo,43,20,23,0.46511627906976744,43,0.008531746031746031,5040,2.9892806805597503,5.929130151814765,374.8136999765043,0.23062624748269392,22.069767441860463,0.023255813953488372,0.11627906976744186,5,5,0.00992063492063492,15
overall,MIXED,16.15,BOTTOM,115,Ziggs,43,19,24,0.4418604651162791,43,0.05205811138014528,826,3.6941399040236256,6.350344025437659,408.69309765131624,0.3013210274972859,13.069767441860465,0.06976744186046512,0.20930232558139536,72,69,0.16707021791767554,15
overall,MIXED,16.17,TOP,75,Nasus,43,17,26,0.3953488372093023,43,0.04265873015873016,1008,2.3048885868653315,6.03229581679478,365.7754597592182,0.20105073735640355,21.790697674418606,0.0,0.046511627906976744,290,241,0.4781746031746032,15
overall,MIXED,16.14,ALL,950,Naafiri,43,13,30,0.3023255813953488,43,0.01235632183908046,3480,2.963262964425755,5.797739400012049,390.8228796252263,0.20530193732729166,24.0,0.06976744186046512,0.023255813953488372,60,57,0.16379310344827586,15
overall,MIXED,16.15,MIDDLE,45,Veigar,42,27,15,0.6428571428571429,42,0.05084745762711865,826,4.494370576513434,6.637056542769136,410.3743704840068,0.22988397962969345,20.642857142857142,0.023809523809523808,0.07142857142857142,52,50,0.12106537530266344,15
overall,MIXED,16.15,ALL,910,Hwei,42,24,18,0.5714285714285714,42,0.010169491525423728,4130,3.736596406239264,6.244827799577693,383.78173801662695,0.26012762759421715,24.404761904761905,0.07142857142857142,0.09523809523809523,13,13,0.031476997578692496,15
overall,MIXED,16.17,ALL,910,Hwei,42,24,18,0.5714285714285714,42,0.008333333333333333,5040,3.4935221524507236,6.062159232212046,368.5661711754662,0.22584728715817778,24.738095238095237,0.023809523809523808,0.047619047619047616,10,10,0.01984126984126984,15
overall,MIXED,16.17,TOP,420,Illaoi,42,23,19,0.5476190476190477,42,0.041666666666666664,1008,2.6422722119150697,6.827809048448472,410.1904640228531,0.3052283242122989,22.5,0.21428571428571427,0.4523809523809524,130,120,0.23809523809523808,15
overall,MIXED,16.17,ALL,234,Viego,42,23,19,0.5476190476190477,42,0.008333333333333333,5040,3.1672765065622213,6.383765965966464,420.0845041967952,0.1572537468828897,27.61904761904762,0.11904761904761904,0.0,25,25,0.0496031746031746,15
overall,MIXED,16.17,JUNGLE,234,Viego,42,23,19,0.5476190476190477,42,0.041666666666666664,1008,3.1672765065622213,6.383765965966464,420.0845041967952,0.1572537468828897,27.61904761904762,0.11904761904761904,0.0,25,25,0.0496031746031746,15
overall,MIXED,16.15,TOP,83,Yorick,42,23,19,0.5476190476190477,42,0.05084745762711865,826,3.3672180993609557,7.066999092355376,416.1146868660559,0.26665372305229373,24.80952380952381,0.07142857142857142,0.38095238095238093,129,123,0.29782082324455206,15
overall,MIXED,16.14,ALL,222,Jinx,42,22,20,0.5238095238095238,42,0.01206896551724138,3480,3.8082010582010577,6.56078851520323,438.89242435419214,0.21350046156900193,13.738095238095237,0.09523809523809523,0.09523809523809523,10,10,0.028735632183908046,15
overall,MIXED,16.14,BOTTOM,222,Jinx,42,22,20,0.5238095238095238,42,0.0603448275862069,696,3.8082010582010577,6.56078851520323,438.89242435419214,0.21350046156900193,13.738095238095237,0.09523809523809523,0.09523809523809523,10,10,0.028735632183908046,15
overall,MIXED,15.24,ALL,21,MissFortune,42,22,20,0.5238095238095238,42,0.02456140350877193,1710,5.145833333333333,6.417623865550913,434.7018096742316,0.23663527186242236,15.333333333333334,0.11904761904761904,0.14285714285714285,134,110,0.6432748538011696,15
overall,MIXED,15.24,BOTTOM,21,MissFortune,42,22,20,0.5238095238095238,42,0.12316715542521994,341,5.145833333333333,6.417623865550913,434.7018096742316,0.23663527186242236,15.333333333333334,0.11904761904761904,0.14285714285714285,134,110,0.6432748538011696,15
overall,MIXED,16.16,ALL,80,Pantheon,42,22,20,0.5238095238095238,42,0.012612612612612612,3330,3.225580811190054,3.548324797636773,358.32811541402157,0.21604281195088473,49.095238095238095,0.11904761904761904,0.023809523809523808,7,7,0.021021021021021023,15
overall,MIXED,15.24,ALL,89,Leona,42,20,22,0.47619047619047616,42,0.02456140350877193,1710,3.550992063492064,0.9044238083905783,260.73246690372525,0.11846003832300993,56.857142857142854,0.07142857142857142,0.023809523809523808,23,23,0.13450292397660818,15
overall,MIXED,15.24,UTILITY,89,Leona,42,20,22,0.47619047619047616,42,0.12280701754385964,342,3.550992063492064,0.9044238083905783,260.73246690372525,0.11846003832300993,56.857142857142854,0.07142857142857142,0.023809523809523808,23,23,0.13450292397660818,15
overall,MIXED,15.24,ALL,111,Nautilus,42,20,22,0.47619047619047616,42,0.02456140350877193,1710,4.0230948945234655,1.1357001288982187,269.364340667888,0.12021154474947579,44.857142857142854,0.11904761904761904,0.0,15,15,0.08771929824561403,15
overall,MIXED,16.15,ALL,122,Darius,42,18,24,0.42857142857142855,42,0.010169491525423728,4130,3.3240405758262894,6.335733358351599,393.30273814632807,0.2360033220784851,24.19047619047619,0.2857142857142857,0.23809523809523808,49,47,0.11380145278450363,15
overall,MIXED,16.14,ALL,25,Morgana,41,28,13,0.6829268292682927,41,0.011781609195402299,3480,5.167399267399268,2.2179761405178,328.03603475934636,0.17609466718441846,69.09756097560975,0.12195121951219512,0.04878048780487805,28,27,0.07758620689655173,15
overall,MIXED,16.13,BOTTOM,81,Ezreal,41,23,18,0.5609756097560976,41,0.06231003039513678,658,4.003687572590013,6.191602021037521,419.05221413616215,0.23380916899160895,15.804878048780488,0.12195121951219512,0.0975609756097561,20,20,0.060790273556231005,15
overall,MIXED,16.17,MIDDLE,910,Hwei,41,23,18,0.5609756097560976,41,0.040674603174603176,1008,3.3754779773072454,6.174786422157597,368.46435240558145,0.22816196781531958,23.634146341463413,0.024390243902439025,0.04878048780487805,10,10,0.01984126984126984,15
overall,MIXED,15.24,UTILITY,111,Nautilus,41,19,22,0.4634146341463415,41,0.11988304093567251,342,3.5602435504874523,1.0127807208540558,265.74555702177923,0.11927063463714259,45.146341463414636,0.12195121951219512,0.0,15,15,0.08771929824561403,15
overall,MIXED,16.17,ALL,3,Galio,41,17,24,0.4146341463414634,41,0.008134920634920636,5040,3.0647212543554008,5.548989071179095,330.4803436075495,0.1843612089287706,29.21951219512195,0.0975609756097561,0.0,38,38,0.07539682539682539,15
overall,MIXED,16.14,ALL,115,Ziggs,40,22,18,0.55,40,0.011494252873563218,3480,3.554567099567099,5.960595767758511,390.7537807025159,0.2654221464395471,16.95,0.05,0.25,43,42,0.1206896551724138,15
overall,MIXED,16.17,MIDDLE,84,Akali,40,20,20,0.5,40,0.03968253968253968,1008,4.323690476190476,5.548712267292958,383.16076975290827,0.24060231674768146,19.375,0.15,0.1,131,122,0.24206349206349206,15
overall,MIXED,16.14,ALL,39,Irelia,40,20,20,0.5,40,0.011494252873563218,3480,2.8980753968253965,7.031661942092495,450.78958957910555,0.2821508015072062,21.65,0.175,0.425,33,31,0.08908045977011494,15
overall,MIXED,16.14,ALL,805,Locke,40,20,20,0.5,40,0.011494252873563218,3480,2.68375,5.4527937554204495,391.8396725622482,0.21675444962396453,20.25,0.15,0.025,145,126,0.3620689655172414,15
overall,MIXED,16.15,ALL,3,Galio,40,19,21,0.475,40,0.009685230024213076,4130,5.015412851037852,4.273687539556954,317.59289941717327,0.1697737920915749,35.675,0.125,0.075,43,42,0.1016949152542373,15
overall,MIXED,16.16,ALL,39,Irelia,40,19,21,0.475,40,0.012012012012012012,3330,2.2481642662892662,7.8154649589420355,434.7692787455567,0.25162481043865026,22.325,0.175,0.2,31,29,0.08708708708708708,15
overall,MIXED,16.17,ALL,39,Irelia,40,19,21,0.475,40,0.007936507936507936,5040,2.987603785103785,8.148781208856082,432.92095692011964,0.2182660910844226,20.575,0.1,0.225,54,53,0.10515873015873016,15
overall,MIXED,16.15,UTILITY,25,Morgana,40,19,21,0.475,40,0.048426150121065374,826,3.8682413419913417,1.328684719641858,302.5866927614326,0.155127764388227,66.0,0.025,0.025,23,23,0.05569007263922518,15
overall,MIXED,16.16,ALL,517,Sylas,40,18,22,0.45,40,0.012012012012012012,3330,3.6438491369741373,5.224731879281314,365.7490033340179,0.1882116763557264,21.9,0.125,0.05,41,41,0.12312312312312312,15
overall,MIXED,16.17,ALL,711,Vex,40,18,22,0.45,40,0.007936507936507936,5040,2.298794191919192,5.476578077243955,350.36936763426087,0.22467458134011392,22.45,0.075,0.0,68,66,0.13095238095238096,15
overall,MIXED,16.13,ALL,233,Briar,39,24,15,0.6153846153846154,39,0.011854103343465046,3290,3.6957449413331758,6.069780693274043,448.05692866618483,0.20437703659897702,29.82051282051282,0.10256410256410256,0.0,62,56,0.1702127659574468,15
overall,MIXED,16.13,JUNGLE,233,Briar,39,24,15,0.6153846153846154,39,0.05927051671732523,658,3.6957449413331758,6.069780693274043,448.05692866618483,0.20437703659897702,29.82051282051282,0.10256410256410256,0.0,62,56,0.1702127659574468,15
overall,MIXED,16.16,ALL,131,Diana,39,24,15,0.6153846153846154,39,0.011711711711711712,3330,5.005304880304881,6.1935975195522515,395.35153681435594,0.2010914722207034,30.153846153846153,0.1794871794871795,0.05128205128205128,7,7,0.021021021021021023,15
overall,MIXED,16.16,ALL,86,Garen,39,24,15,0.6153846153846154,39,0.011711711711711712,3330,3.3277944277944287,7.190216263283777,424.8969197434693,0.24936498733176882,26.076923076923077,0.1282051282051282,0.3076923076923077,55,54,0.16216216216216217,15
overall,MIXED,16.15,ALL,11,MasterYi,39,24,15,0.6153846153846154,39,0.009443099273607748,4130,3.8702514010206315,6.356836086775551,420.69713653038576,0.18046403672635256,22.487179487179485,0.05128205128205128,0.0,67,60,0.14527845036319612,15
overall,MIXED,16.15,TOP,86,Garen,39,23,16,0.5897435897435898,39,0.04721549636803874,826,2.8996031746031745,6.954593331505801,400.14370652941324,0.23383391148501587,23.94871794871795,0.2564102564102564,0.15384615384615385,34,33,0.07990314769975787,15
overall,MIXED,16.17,ALL,50,Swain,39,23,16,0.5897435897435898,39,0.007738095238095238,5040,6.165527065527066,3.7986476632797577,365.3433425897951,0.21097143843659724,39.58974358974359,0.07692307692307693,0.10256410256410256,34,34,0.06746031746031746,15
overall,MIXED,16.14,ALL,56,Nocturne,39,22,17,0.5641025641025641,39,0.011206896551724138,3480,4.16039701039701,5.9735826094731825,397.06565349540546,0.14869018681607843,29.46153846153846,0.10256410256410256,0.0,152,141,0.4051724137931034,15
overall,MIXED,16.17,ALL,101,Xerath,39,22,17,0.5641025641025641,39,0.007738095238095238,5040,4.789432789432789,4.401005957170308,351.60609940469186,0.24404709913624062,32.87179487179487,0.1282051282051282,0.05128205128205128,107,105,0.20833333333333334,15
overall,MIXED,16.15,MIDDLE,84,Akali,39,21,18,0.5384615384615384,39,0.04721549636803874,826,3.9408831908831905,5.908070982469267,389.0112876579547,0.2486473372754176,21.58974358974359,0.05128205128205128,0.07692307692307693,85,81,0.19612590799031476,15
overall,MIXED,16.14,MIDDLE,112,Viktor,39,21,18,0.5384615384615384,39,0.05603448275862069,696,2.9459346209346213,6.036471203464365,359.9973747530462,0.25614615947253716,22.23076923076923,0.07692307692307693,0.02564102564102564,64,61,0.1752873563218391,15
overall,MIXED,16.14,BOTTOM,115,Ziggs,39,21,18,0.5384615384615384,39,0.05603448275862069,696,3.561460761460761,6.064790753317611,391.8216315368316,0.26624533327019956,16.102564102564102,0.05128205128205128,0.2564102564102564,43,42,0.1206896551724138,15
overall,MIXED,16.16,ALL,112,Viktor,39,20,19,0.5128205128205128,39,0.011711711711711712,3330,3.1987891737891747,6.261322269467801,357.6969417500197,0.24202518368794493,19.41025641025641,0.02564102564102564,0.07692307692307693,95,90,0.2702702702702703,15
overall,MIXED,16.17,ALL,143,Zyra,39,20,19,0.5128205128205128,39,0.007738095238095238,5040,4.264380064380065,4.562355086995033,358.47467632675784,0.20316328163541444,44.41025641025641,0.07692307692307693,0.05128205128205128,18,18,0.03571428571428571,15
overall,MIXED,16.17,ALL,11,MasterYi,39,18,21,0.46153846153846156,39,0.007738095238095238,5040,3.085834037757115,6.436706616726523,429.190630196369,0.1853881590497778,24.897435897435898,0.07692307692307693,0.05128205128205128,53,53,0.10515873015873016,15
overall,MIXED,16.17,UTILITY,25,Morgana,38,24,14,0.631578947368421,38,0.037698412698412696,1008,4.111386420596946,1.308403525020825,302.21762303610404,0.1512779848945009,68.6842105263158,0.0,0.05263157894736842,52,51,0.10119047619047619,15
overall,MIXED,16.14,ALL,202,Jhin,38,23,15,0.6052631578947368,38,0.010919540229885057,3480,4.301702172096908,6.3055238813132,422.1895356733999,0.20162722590550436,15.5,0.13157894736842105,0.10526315789473684,15,15,0.04310344827586207,15
overall,MIXED,16.14,BOTTOM,202,Jhin,38,23,15,0.6052631578947368,38,0.05459770114942529,696,4.301702172096908,6.3055238813132,422.1895356733999,0.20162722590550436,15.5,0.13157894736842105,0.10526315789473684,15,15,0.04310344827586207,15
overall,MIXED,16.15,JUNGLE,11,MasterYi,38,23,15,0.6052631578947368,38,0.04600484261501211,826,3.9721001221001218,6.524121246953855,420.34267521101003,0.17357543043764573,23.07894736842105,0.05263157894736842,0.0,67,60,0.14527845036319612,15
overall,MIXED,16.13,ALL,75,Nasus,38,23,15,0.6052631578947368,38,0.011550151975683891,3290,4.793723893065998,5.8080198738616575,383.99268766165727,0.17296904086875656,20.736842105263158,0.0,0.07894736842105263,37,36,0.1094224924012158,15
overall,MIXED,16.13,ALL,112,Viktor,38,22,16,0.5789473684210527,38,0.011550151975683891,3290,4.142365383154857,6.703003752603662,389.11924841775516,0.24733092081452593,18.289473684210527,0.07894736842105263,0.15789473684210525,33,32,0.0972644376899696,15
overall,MIXED,16.16,TOP,83,Yorick,38,22,16,0.5789473684210527,38,0.057057057057057055,666,2.6220551378446113,7.087198642733956,397.5578675886317,0.23969978226666827,24.5,0.02631578947368421,0.3684210526315789,90,85,0.2552552552552553,15
overall,MIXED,16.13,ALL,143,Zyra,38,22,16,0.5789473684210527,38,0.011550151975683891,3290,3.9183375104427736,3.609824428216775,348.3227182005559,0.19893915818119748,45.60526315789474,0.13157894736842105,0.07894736842105263,14,14,0.0425531914893617,15
overall,MIXED,16.15,ALL,120,Hecarim,38,21,17,0.5526315789473685,38,0.009200968523002421,4130,5.398451621477936,6.008532405563797,419.4797526202997,0.18329255777719866,21.5,0.13157894736842105,0.0,1,1,0.002421307506053269,15
overall,MIXED,16.15,JUNGLE,120,Hecarim,38,21,17,0.5526315789473685,38,0.04600484261501211,826,5.398451621477936,6.008532405563797,419.4797526202997,0.18329255777719866,21.5,0.13157894736842105,0.0,1,1,0.002421307506053269,15
overall,MIXED,16.14,JUNGLE,56,Nocturne,38,21,17,0.5526315789473685,38,0.05459770114942529,696,3.8663723703197377,5.9705990854661835,391.10742698555913,0.1422302962077139,29.36842105263158,0.07894736842105263,0.0,152,141,0.4051724137931034,15
overall,MIXED,16.18,ALL,804,Yunara,38,20,18,0.5263157894736842,38,0.02261904761904762,1680,3.104156223893066,7.167030800290109,436.34312666283813,0.21479883794869428,15.31578947368421,0.07894736842105263,0.13157894736842105,7,7,0.041666666666666664,15
overall,MIXED,16.18,BOTTOM,804,Yunara,38,20,18,0.5263157894736842,38,0.1130952380952381,336,3.104156223893066,7.167030800290109,436.34312666283813,0.21479883794869428,15.31578947368421,0.07894736842105263,0.13157894736842105,7,7,0.041666666666666664,15
overall,MIXED,16.13,ALL,3,Galio,38,19,19,0.5,38,0.011550151975683891,3290,4.2876338573707,5.619666548506914,329.8119638093695,0.17003192103887113,23.63157894736842,0.07894736842105263,0.0,40,40,0.12158054711246201,15
overall,MIXED,16.15,ALL,104,Graves,38,19,19,0.5,38,0.009200968523002421,4130,3.3022395732922054,6.397570728320133,412.0847945845756,0.1473778813136588,24.42105263157895,0.05263157894736842,0.02631578947368421,14,14,0.03389830508474576,15
overall,MIXED,16.15,JUNGLE,104,Graves,38,19,19,0.5,38,0.04600484261501211,826,3.3022395732922054,6.397570728320133,412.0847945845756,0.1473778813136588,24.42105263157895,0.05263157894736842,0.02631578947368421,14,14,0.03389830508474576,15
overall,MIXED,16.17,MIDDLE,711,Vex,38,18,20,0.47368421052631576,38,0.037698412698412696,1008,2.3342570441254655,5.671754716408126,351.17574831316585,0.22203590459347833,21.63157894736842,0.07894736842105263,0.0,68,66,0.13095238095238096,15
overall,MIXED,16.15,TOP,122,Darius,38,16,22,0.42105263157894735,38,0.04600484261501211,826,3.415794220399484,6.299212843395489,389.7006302136645,0.24240595119903813,23.342105263157894,0.2894736842105263,0.2631578947368421,49,47,0.11380145278450363,15
overall,MIXED,16.13,ALL,222,Jinx,38,16,22,0.42105263157894735,38,0.011550151975683891,3290,2.6157429558745346,6.8379523330758465,441.4449557251982,0.21977068753942744,13.763157894736842,0.13157894736842105,0.07894736842105263,14,13,0.03951367781155015,15
overall,MIXED,16.13,BOTTOM,222,Jinx,38,16,22,0.42105263157894735,38,0.057750759878419454,658,2.6157429558745346,6.8379523330758465,441.4449557251982,0.21977068753942744,13.763157894736842,0.13157894736842105,0.07894736842105263,14,13,0.03951367781155015,15
overall,MIXED,16.16,ALL,800,Mel,38,14,24,0.3684210526315789,38,0.011411411411411412,3330,2.28057687926109,4.915661157877554,367.4225199897385,0.22040532965807144,39.526315789473685,0.15789473684210525,0.05263157894736842,88,85,0.2552552552552553,15
overall,MIXED,16.17,JUNGLE,31,Chogath,38,12,26,0.3157894736842105,38,0.037698412698412696,1008,3.425734134286766,5.896839043467269,365.93999611929803,0.15921141464104158,28.42105263157895,0.13157894736842105,0.0,18,18,0.03571428571428571,15
overall,MIXED,16.15,ALL,157,Yasuo,37,24,13,0.6486486486486487,37,0.008958837772397095,4130,2.557588207588208,6.668915964478693,396.9087746178504,0.222511726390347,19.89189189189189,0.08108108108108109,0.08108108108108109,22,22,0.053268765133171914,15
overall,MIXED,16.13,BOTTOM,235,Senna,37,21,16,0.5675675675675675,37,0.05623100303951368,658,5.046364221364222,5.694152022920888,419.30101634590693,0.19034785880764754,15.054054054054054,0.05405405405405406,0.05405405405405406,91,86,0.2613981762917933,15
overall,MIXED,16.17,ALL,254,Vi,37,18,19,0.4864864864864865,37,0.007341269841269841,5040,3.676134901134902,5.830799135384262,390.557461352555,0.13584661132652334,29.62162162162162,0.05405405405405406,0.0,5,5,0.00992063492063492,15
overall,MIXED,16.17,JUNGLE,11,MasterYi,37,17,20,0.4594594594594595,37,0.03670634920634921,1008,3.038993663993664,6.515410037570319,427.11236628009243,0.17689635013629154,25.486486486486488,0.05405405405405406,0.02702702702702703,53,53,0.10515873015873016,15
overall,MIXED,16.13,TOP,82,Mordekaiser,37,17,20,0.4594594594594595,37,0.05623100303951368,658,2.5175675675675677,6.031476838116728,363.0490554491992,0.2560495528869062,19.027027027027028,0.10810810810810811,0.13513513513513514,34,32,0.0972644376899696,15
overall,MIXED,16.15,ALL,131,Diana,37,15,22,0.40540540540540543,37,0.008958837772397095,4130,2.5291413541413545,5.885326616538329,379.5604878068922,0.2020470763725372,31.56756756756757,0.1891891891891892,0.08108108108108109,20,20,0.048426150121065374,15
overall,MIXED,16.16,TOP,777,Yone,37,13,24,0.35135135135135137,37,0.05555555555555555,666,1.6978735228735231,6.551547002247357,376.8210559151072,0.25405019320086186,21.027027027027028,0.13513513513513514,0.13513513513513514,75,72,0.21621621621621623,15
overall,MIXED,16.14,UTILITY,25,Morgana,36,25,11,0.6944444444444444,36,0.05172413793103448,696,5.440384615384615,1.5417154513428128,321.27491945826637,0.17400638995924658,73.86111111111111,0.1111111111111111,0.05555555555555555,28,27,0.07758620689655173,15
overall,MIXED,15.24,ALL,82,Mordekaiser,36,24,12,0.6666666666666666,36,0.021052631578947368,1710,3.3815035273368617,5.600741858608856,373.94083725910144,0.26205387027507293,18.416666666666668,0.1111111111111111,0.16666666666666666,37,32,0.1871345029239766,15
overall,MIXED,16.13,ALL,254,Vi,36,21,15,0.5833333333333334,36,0.01094224924012158,3290,5.105451338784672,6.115140571600991,408.9078441384691,0.16064916274933239,27.02777777777778,0.08333333333333333,0.0,4,4,0.0121580547112462,15
overall,MIXED,16.13,JUNGLE,254,Vi,36,21,15,0.5833333333333334,36,0.0547112462006079,658,5.105451338784672,6.115140571600991,408.9078441384691,0.16064916274933239,27.02777777777778,0.08333333333333333,0.0,4,4,0.0121580547112462,15
overall,MIXED,16.13,MIDDLE,112,Viktor,36,21,15,0.5833333333333334,36,0.0547112462006079,658,4.011385682219016,6.68074961280761,385.92232276016034,0.2468139681186783,18.833333333333332,0.08333333333333333,0.1388888888888889,33,32,0.0972644376899696,15
overall,MIXED,16.17,ALL,72,Skarner,36,20,16,0.5555555555555556,36,0.007142857142857143,5040,5.963425925925925,5.4839537525861815,394.17696811932234,0.1833485260445202,22.694444444444443,0.027777777777777776,0.0,3,3,0.005952380952380952,15
overall,MIXED,16.17,JUNGLE,72,Skarner,36,20,16,0.5555555555555556,36,0.03571428571428571,1008,5.963425925925925,5.4839537525861815,394.17696811932234,0.1833485260445202,22.694444444444443,0.027777777777777776,0.0,3,3,0.005952380952380952,15
overall,MIXED,16.14,ALL,101,Xerath,36,20,16,0.5555555555555556,36,0.010344827586206896,3480,4.150529100529101,4.312695916505412,364.33891078342197,0.24310235979113953,29.944444444444443,0.027777777777777776,0.05555555555555555,102,94,0.27011494252873564,15
overall,MIXED,15.24,ALL,103,Ahri,36,19,17,0.5277777777777778,36,0.021052631578947368,1710,3.3665454144620814,5.713677693305064,347.98954684431897,0.20279378339765583,26.166666666666668,0.1388888888888889,0.027777777777777776,8,8,0.04678362573099415,15
overall,MIXED,16.18,ALL,82,Mordekaiser,36,19,17,0.5277777777777778,36,0.02142857142857143,1680,2.355004409171076,5.84934599695051,356.89583607575184,0.21788248481199318,20.72222222222222,0.08333333333333333,0.05555555555555555,29,29,0.17261904761904762,15
overall,MIXED,16.16,ALL,804,Yunara,36,19,17,0.5277777777777778,36,0.010810810810810811,3330,3.9518851518851523,6.7625547542780815,448.4048933788876,0.20713069784782365,17.416666666666668,0.1388888888888889,0.08333333333333333,6,6,0.018018018018018018,15
overall,MIXED,16.16,BOTTOM,804,Yunara,36,19,17,0.5277777777777778,36,0.05405405405405406,666,3.9518851518851523,6.7625547542780815,448.4048933788876,0.20713069784782365,17.416666666666668,0.1388888888888889,0.08333333333333333,6,6,0.018018018018018018,15
overall,MIXED,15.19,ALL,22,Ashe,36,18,18,0.5,36,0.03130434782608696,1150,5.192768959435627,6.3051207994117515,376.61499566472844,0.20240768321235544,20.055555555555557,0.027777777777777776,0.2222222222222222,42,35,0.30434782608695654,15
overall,MIXED,16.15,ALL,164,Camille,36,18,18,0.5,36,0.008716707021791767,4130,2.5395548530416954,1.0597399786955464,311.78496133237684,0.14873578354680458,65.66666666666667,0.1111111111111111,0.027777777777777776,109,100,0.24213075060532688,15
overall,MIXED,16.14,ALL,81,Ezreal,36,18,18,0.5,36,0.010344827586206896,3480,3.1768308080808083,5.884775962154849,408.61468970245227,0.21819436126181502,13.5,0.16666666666666666,0.16666666666666666,13,13,0.03735632183908046,15
overall,MIXED,15.19,ALL,222,Jinx,36,17,19,0.4722222222222222,36,0.03130434782608696,1150,3.6195767195767194,6.803328477076267,381.80052829245614,0.23213170106850345,15.805555555555555,0.1388888888888889,0.16666666666666666,47,41,0.3565217391304348,15
overall,MIXED,15.19,BOTTOM,222,Jinx,36,17,19,0.4722222222222222,36,0.1565217391304348,230,3.6195767195767194,6.803328477076267,381.80052829245614,0.23213170106850345,15.805555555555555,0.1388888888888889,0.16666666666666666,47,41,0.3565217391304348,15
overall,MIXED,16.15,ALL,90,Malzahar,36,17,19,0.4722222222222222,36,0.008716707021791767,4130,3.0017446288279617,7.451077807949598,394.7212940969915,0.23163591466290367,23.444444444444443,0.027777777777777776,0.1111111111111111,73,70,0.1694915254237288,15
overall,MIXED,16.15,ALL,75,Nasus,36,17,19,0.4722222222222222,36,0.008716707021791767,4130,3.5183651996151997,5.514788166364119,377.00559175080554,0.1695865794918302,25.02777777777778,0.05555555555555555,0.05555555555555555,122,110,0.26634382566585957,15
overall,MIXED,16.11,ALL,111,Nautilus,36,17,19,0.4722222222222222,36,0.030508474576271188,1180,2.552347883597884,0.74441661230407,289.4793581395944,0.115125920863723,53.638888888888886,0.1111111111111111,0.0,28,24,0.2033898305084746,15
overall,MIXED,16.11,UTILITY,111,Nautilus,36,17,19,0.4722222222222222,36,0.15254237288135594,236,2.552347883597884,0.74441661230407,289.4793581395944,0.115125920863723,53.638888888888886,0.1111111111111111,0.0,28,24,0.2033898305084746,15
overall,MIXED,16.17,MIDDLE,3,Galio,36,16,20,0.4444444444444444,36,0.03571428571428571,1008,3.1885251322751325,6.1663754435327025,338.12157109512435,0.1897936776284427,22.805555555555557,0.1111111111111111,0.0,38,38,0.07539682539682539,15
overall,MIXED,16.16,ALL,122,Darius,36,15,21,0.4166666666666667,36,0.010810810810810811,3330,2.926940035273369,5.651452112894619,396.5249509120256,0.2248930309966352,23.805555555555557,0.05555555555555555,0.19444444444444445,17,17,0.05105105105105105,15
overall,MIXED,16.15,ALL,102,Shyvana,36,15,21,0.4166666666666667,36,0.008716707021791767,4130,4.322497795414462,6.536645777208698,422.2592719723491,0.193787875269205,24.694444444444443,0.16666666666666666,0.027777777777777776,23,23,0.05569007263922518,15
overall,MIXED,16.15,JUNGLE,102,Shyvana,36,15,21,0.4166666666666667,36,0.043583535108958835,826,4.322497795414462,6.536645777208698,422.2592719723491,0.193787875269205,24.694444444444443,0.16666666666666666,0.027777777777777776,23,23,0.05569007263922518,15
overall,MIXED,16.17,ALL,142,Zoe,36,15,21,0.4166666666666667,36,0.007142857142857143,5040,2.765553350970018,5.925283327239305,343.001740192514,0.24590567290077292,26.86111111111111,0.19444444444444445,0.05555555555555555,4,4,0.007936507936507936,15
overall,MIXED,16.17,MIDDLE,142,Zoe,36,15,21,0.4166666666666667,36,0.03571428571428571,1008,2.765553350970018,5.925283327239305,343.001740192514,0.24590567290077292,26.86111111111111,0.19444444444444445,0.05555555555555555,4,4,0.007936507936507936,15
overall,MIXED,16.14,TOP,83,Yorick,36,14,22,0.3888888888888889,36,0.05172413793103448,696,2.021428571428571,6.189347226321362,395.5055255291573,0.2496246016688629,23.02777777777778,0.0,0.3611111111111111,144,128,0.367816091954023,15
overall,MIXED,16.15,ALL,74,Heimerdinger,35,22,13,0.6285714285714286,35,0.00847457627118644,4130,2.8558956916099776,5.996553839558037,387.22964948507575,0.29307252802405215,23.685714285714287,0.08571428571428572,0.17142857142857143,36,35,0.0847457627118644,15
overall,MIXED,16.16,TOP,86,Garen,35,21,14,0.6,35,0.052552552552552555,666,3.2081137909709345,7.117302272983874,419.25939516257273,0.24558699586236665,26.228571428571428,0.14285714285714285,0.3142857142857143,55,54,0.16216216216216217,15
overall,MIXED,16.17,ALL,950,Naafiri,35,21,14,0.6,35,0.006944444444444444,5040,4.4791743970315405,6.234716911930884,412.364023372829,0.18759016845370113,27.257142857142856,0.08571428571428572,0.08571428571428572,20,20,0.03968253968253968,15
overall,MIXED,16.13,ALL,83,Yorick,35,21,14,0.6,35,0.010638297872340425,3290,3.514160997732426,6.741217984365589,423.2168209187541,0.2625009876874088,29.857142857142858,0.17142857142857143,0.4,152,128,0.3890577507598784,15
overall,MIXED,16.16,UTILITY,101,Xerath,35,20,15,0.5714285714285714,35,0.052552552552552555,666,2.57286618143761,1.417330236606246,304.55538845137613,0.20557991653493177,65.08571428571429,0.11428571428571428,0.02857142857142857,83,76,0.22822822822822822,15
overall,MIXED,15.24,MIDDLE,103,Ahri,35,18,17,0.5142857142857142,35,0.1023391812865497,342,3.40749433106576,5.824728765076049,347.8305462620008,0.20414036350797168,23.114285714285714,0.14285714285714285,0.02857142857142857,8,8,0.04678362573099415,15
overall,MIXED,16.14,ALL,90,Malzahar,35,18,17,0.5142857142857142,35,0.010057471264367816,3480,2.961297908440766,6.496013671848822,406.5808556614553,0.23695120312155357,21.914285714285715,0.02857142857142857,0.11428571428571428,56,53,0.15229885057471265,15
overall,MIXED,16.13,ALL,950,Naafiri,35,18,17,0.5142857142857142,35,0.010638297872340425,3290,5.495272108843537,6.247291910811414,423.9027671555497,0.22612801642797656,26.457142857142856,0.05714285714285714,0.05714285714285714,55,52,0.1580547112462006,15
overall,MIXED,16.17,ALL,497,Rakan,35,18,17,0.5142857142857142,35,0.006944444444444444,5040,3.9077681841967564,0.9268645433559793,268.72003186401275,0.07218988303378884,71.28571428571429,0.02857142857142857,0.05714285714285714,1,1,0.001984126984126984,15
overall,MIXED,16.17,UTILITY,497,Rakan,35,18,17,0.5142857142857142,35,0.034722222222222224,1008,3.9077681841967564,0.9268645433559793,268.72003186401275,0.07218988303378884,71.28571428571429,0.02857142857142857,0.05714285714285714,1,1,0.001984126984126984,15
overall,MIXED,16.10,ALL,147,Seraphine,35,18,17,0.5142857142857142,35,0.03153153153153153,1110,3.2766007008864166,1.1305041570927354,279.61319154174834,0.1358463471010194,66.88571428571429,0.05714285714285714,0.02857142857142857,25,25,0.22522522522522523,15
overall,MIXED,16.17,JUNGLE,254,Vi,35,18,17,0.5142857142857142,35,0.034722222222222224,1008,3.806041022469594,6.109010903113912,396.6728691794678,0.13604896771605016,27.457142857142856,0.02857142857142857,0.0,5,5,0.00992063492063492,15
overall,MIXED,16.14,BOTTOM,81,Ezreal,35,17,18,0.4857142857142857,35,0.05028735632183908,696,3.0961688311688316,5.996560465670692,411.2389749544551,0.21856587028896762,12.942857142857143,0.17142857142857143,0.17142857142857143,13,13,0.03735632183908046,15
overall,MIXED,16.14,ALL,901,Smolder,35,17,18,0.4857142857142857,35,0.010057471264367816,3480,3.232768659911517,6.019186852357114,390.0265309467369,0.21117343759813878,16.34285714285714,0.08571428571428572,0.05714285714285714,10,10,0.028735632183908046,15
overall,MIXED,16.14,ALL,804,Yunara,35,16,19,0.45714285714285713,35,0.010057471264367816,3480,3.0870397856112137,6.196006245600714,422.27953818730595,0.1860265900667883,15.17142857142857,0.05714285714285714,0.05714285714285714,8,8,0.022988505747126436,15
overall,MIXED,16.14,BOTTOM,804,Yunara,35,16,19,0.45714285714285713,35,0.05028735632183908,696,3.0870397856112137,6.196006245600714,422.27953818730595,0.1860265900667883,15.17142857142857,0.05714285714285714,0.05714285714285714,8,8,0.022988505747126436,15
overall,MIXED,16.15,ALL,799,Ambessa,35,15,20,0.42857142857142855,35,0.00847457627118644,4130,3.1022222222222227,6.462903817258364,361.642900302845,0.20865271008013156,23.314285714285713,0.05714285714285714,0.11428571428571428,6,6,0.014527845036319613,15
overall,MIXED,16.14,ALL,59,JarvanIV,35,15,20,0.42857142857142855,35,0.010057471264367816,3480,4.389747474747476,4.8628895710651685,387.58180429636224,0.13276064196251838,35.714285714285715,0.0,0.0,3,3,0.008620689655172414,15
overall,MIXED,16.15,ALL,222,Jinx,35,15,20,0.42857142857142855,35,0.00847457627118644,4130,3.2688115852401567,6.522995227044222,423.12386857505817,0.19634260910650475,14.457142857142857,0.11428571428571428,0.2,22,22,0.053268765133171914,15
overall,MIXED,16.15,BOTTOM,222,Jinx,35,15,20,0.42857142857142855,35,0.0423728813559322,826,3.2688115852401567,6.522995227044222,423.12386857505817,0.19634260910650475,14.457142857142857,0.11428571428571428,0.2,22,22,0.053268765133171914,15
overall,MIXED,16.17,ALL,17,Teemo,35,15,20,0.42857142857142855,35,0.006944444444444444,5040,2.1994819466248035,6.301276242257132,378.78034799578603,0.24522497790007267,30.485714285714284,0.17142857142857143,0.22857142857142856,46,44,0.0873015873015873,15
overall,MIXED,16.14,ALL,5,XinZhao,35,13,22,0.37142857142857144,35,0.010057471264367816,3480,3.0238677592249017,5.232499773610594,387.620748570854,0.14545676533544666,24.285714285714285,0.05714285714285714,0.02857142857142857,13,12,0.034482758620689655,15
overall,MIXED,16.14,JUNGLE,5,XinZhao,35,13,22,0.37142857142857144,35,0.05028735632183908,696,3.0238677592249017,5.232499773610594,387.620748570854,0.14545676533544666,24.285714285714285,0.05714285714285714,0.02857142857142857,13,12,0.034482758620689655,15
overall,MIXED,16.13,MIDDLE,777,Yone,35,13,22,0.37142857142857144,35,0.05319148936170213,658,2.4463945578231296,6.336861785520447,376.575765197445,0.2444026077816635,17.742857142857144,0.11428571428571428,0.08571428571428572,59,57,0.17325227963525835,15
overall,MIXED,16.17,ALL,131,Diana,35,11,24,0.3142857142857143,35,0.006944444444444444,5040,2.250386518243661,6.08661666654239,380.93908460513404,0.20883719867083078,27.114285714285714,0.17142857142857143,0.11428571428571428,19,19,0.037698412698412696,15
overall,MIXED,16.13,ALL,84,Akali,34,21,13,0.6176470588235294,34,0.01033434650455927,3290,5.364215686274509,5.68352329752602,392.5028054922075,0.2405795569491899,21.0,0.11764705882352941,0.08823529411764706,40,40,0.12158054711246201,15
overall,MIXED,16.13,ALL,101,Xerath,34,21,13,0.6176470588235294,34,0.01033434650455927,3290,4.337727060521179,3.9810791658271465,356.68970545691366,0.24094848643096636,37.3235294117647,0.029411764705882353,0.11764705882352941,69,65,0.19756838905775076,15
overall,MIXED,16.13,ALL,25,Morgana,34,20,14,0.5882352941176471,34,0.01033434650455927,3290,4.033805100987765,2.329405902460139,324.02998302043085,0.1572562373479096,66.08823529411765,0.08823529411764706,0.058823529411764705,17,17,0.05167173252279635,15
overall,MIXED,16.13,MIDDLE,3,Galio,34,19,15,0.5588235294117647,34,0.05167173252279635,658,4.677635599694423,5.861778957100865,335.13170044913215,0.16746526955780142,21.323529411764707,0.058823529411764705,0.0,40,40,0.12158054711246201,15
overall,MIXED,16.15,UTILITY,164,Camille,34,18,16,0.5294117647058824,34,0.04116222760290557,826,2.5775958948172573,0.8239139380056378,309.12518547784725,0.14087588030144693,67.79411764705883,0.08823529411764706,0.029411764705882353,109,100,0.24213075060532688,15
overall,MIXED,16.13,ALL,39,Irelia,34,18,16,0.5294117647058824,34,0.01033434650455927,3290,2.87161245617128,7.896689831491064,486.1312845151015,0.275360098190878,24.470588235294116,0.23529411764705882,0.4411764705882353,41,40,0.12158054711246201,15
overall,MIXED,16.16,ALL,24,Jax,34,18,16,0.5294117647058824,34,0.01021021021021021,3330,3.136918555300907,6.377599548942801,429.02579586439845,0.22064491493895041,28.294117647058822,0.14705882352941177,0.11764705882352941,23,23,0.06906906906906907,15
overall,MIXED,16.14,MIDDLE,90,Malzahar,34,18,16,0.5294117647058824,34,0.04885057471264368,696,3.0189831410419647,6.476917040276754,408.2193574493864,0.23788407361842373,21.970588235294116,0.029411764705882353,0.11764705882352941,56,53,0.15229885057471265,15
overall,MIXED,16.10,UTILITY,147,Seraphine,34,18,16,0.5294117647058824,34,0.15315315315315314,222,3.3215007215007226,0.9784372830715928,277.62027025987845,0.13181655945842452,67.8529411764706,0.058823529411764705,0.029411764705882353,25,25,0.22522522522522523,15
overall,MIXED,16.13,ALL,50,Swain,34,18,16,0.5294117647058824,34,0.01033434650455927,3290,5.138550420168066,4.451381459616787,365.84371964731304,0.20846150635520472,35.76470588235294,0.11764705882352941,0.08823529411764706,16,16,0.0486322188449848,15
overall,MIXED,16.17,ALL,157,Yasuo,34,18,16,0.5294117647058824,34,0.006746031746031746,5040,2.1640087853323147,6.7502843718811425,385.91893793752945,0.20990582589699328,18.5,0.08823529411764706,0.058823529411764705,62,61,0.12103174603174603,15
overall,MIXED,15.19,BOTTOM,22,Ashe,34,17,17,0.5,34,0.14782608695652175,230,5.3805788982259575,6.588035816826443,384.4940025518916,0.20507997903987024,18.676470588235293,0.029411764705882353,0.23529411764705882,42,35,0.30434782608695654,15
overall,MIXED,16.16,MIDDLE,112,Viktor,34,17,17,0.5,34,0.05105105105105105,666,2.702532679738563,6.387182209091265,350.91612060393163,0.2431587926439881,18.5,0.029411764705882353,0.08823529411764706,95,90,0.2702702702702703,15
overall,MIXED,16.13,ALL,103,Ahri,34,16,18,0.47058823529411764,34,0.01033434650455927,3290,2.1362394957983195,6.292549196409066,346.27473215515556,0.19794669646646548,24.0,0.11764705882352941,0.08823529411764706,8,8,0.0243161094224924,15
overall,MIXED,16.13,MIDDLE,103,Ahri,34,16,18,0.47058823529411764,34,0.05167173252279635,658,2.1362394957983195,6.292549196409066,346.27473215515556,0.19794669646646548,24.0,0.11764705882352941,0.08823529411764706,8,8,0.0243161094224924,15
overall,MIXED,16.15,ALL,19,Warwick,34,15,19,0.4411764705882353,34,0.008232445520581114,4130,2.7930857013036943,5.564795678526245,379.8096673346203,0.16712175370441432,20.5,0.08823529411764706,0.0,9,9,0.021791767554479417,15
overall,MIXED,16.15,MIDDLE,517,Sylas,34,13,21,0.38235294117647056,34,0.04116222760290557,826,2.5743198794669375,5.316817956404174,349.01593978096474,0.22042189941347584,19.91176470588235,0.08823529411764706,0.08823529411764706,53,51,0.1234866828087167,15
overall,MIXED,16.13,TOP,83,Yorick,33,20,13,0.6060606060606061,33,0.05015197568389058,658,3.604244829244829,7.033271468734556,429.711549002643,0.26704993831740337,27.242424242424242,0.18181818181818182,0.42424242424242425,152,128,0.3890577507598784,15
overall,MIXED,16.17,ALL,901,Smolder,33,19,14,0.5757575757575758,33,0.006547619047619048,5040,2.8414108618654077,6.624922395719979,416.9850269240417,0.22532821507200035,19.12121212121212,0.09090909090909091,0.0,3,3,0.005952380952380952,15
overall,MIXED,16.18,TOP,82,Mordekaiser,33,17,16,0.5151515151515151,33,0.09821428571428571,336,2.4321909571909575,5.928266334772196,357.90415399080166,0.22535036863662616,19.545454545454547,0.030303030303030304,0.06060606060606061,29,29,0.17261904761904762,15
overall,MIXED,16.16,UTILITY,99,Lux,33,16,17,0.48484848484848486,33,0.04954954954954955,666,2.3604879968516337,1.4725137457517121,299.0495529604707,0.1759189592723839,59.18181818181818,0.09090909090909091,0.0,18,18,0.05405405405405406,15
overall,MIXED,16.13,JUNGLE,517,Sylas,33,16,17,0.48484848484848486,33,0.05015197568389058,658,4.299339331692272,5.949660497144841,413.8819661213041,0.1830986128051264,24.09090909090909,0.09090909090909091,0.0,80,75,0.22796352583586627,15
overall,MIXED,16.16,ALL,103,Ahri,33,15,18,0.45454545454545453,33,0.00990990990990991,3330,3.4666426166426167,6.228202916941689,370.64911275495535,0.22027029464771314,28.454545454545453,0.09090909090909091,0.09090909090909091,11,11,0.03303303303303303,15
overall,MIXED,16.16,MIDDLE,103,Ahri,33,15,18,0.45454545454545453,33,0.04954954954954955,666,3.4666426166426167,6.228202916941689,370.64911275495535,0.22027029464771314,28.454545454545453,0.09090909090909091,0.09090909090909091,11,11,0.03303303303303303,15
overall,MIXED,16.16,ALL,222,Jinx,33,14,19,0.42424242424242425,33,0.00990990990990991,3330,3.1547406297406297,6.826319639131608,429.2900035429972,0.19325308121824808,16.757575757575758,0.09090909090909091,0.09090909090909091,35,34,0.1021021021021021,15
overall,MIXED,16.13,MIDDLE,805,Locke,33,14,19,0.42424242424242425,33,0.05015197568389058,658,2.2742118151209056,5.646165908613156,392.9456306902516,0.2364095524209081,21.151515151515152,0.21212121212121213,0.12121212121212122,144,129,0.39209726443769,15
overall,MIXED,16.17,ALL,235,Senna,33,14,19,0.42424242424242425,33,0.006547619047619048,5040,4.361519961519961,2.3933391342190156,336.12457615706836,0.15220268932015743,48.93939393939394,0.09090909090909091,0.0,7,7,0.013888888888888888,15
overall,MIXED,16.11,ALL,22,Ashe,33,12,21,0.36363636363636365,33,0.027966101694915254,1180,3.0710033232760505,5.724765826378307,398.41341719304336,0.1985087924096952,16.242424242424242,0.06060606060606061,0.030303030303030304,31,29,0.2457627118644068,15
overall,MIXED,16.11,BOTTOM,22,Ashe,33,12,21,0.36363636363636365,33,0.13983050847457626,236,3.0710033232760505,5.724765826378307,398.41341719304336,0.1985087924096952,16.242424242424242,0.06060606060606061,0.030303030303030304,31,29,0.2457627118644068,15
overall,MIXED,16.17,ALL,526,Rell,33,12,21,0.36363636363636365,33,0.006547619047619048,5040,3.384977480432026,0.9139491163091753,278.15751628398476,0.0902680852702788,63.39393939393939,0.0,0.06060606060606061,9,9,0.017857142857142856,15
overall,MIXED,16.17,UTILITY,526,Rell,33,12,21,0.36363636363636365,33,0.03273809523809524,1008,3.384977480432026,0.9139491163091753,278.15751628398476,0.0902680852702788,63.39393939393939,0.0,0.06060606060606061,9,9,0.017857142857142856,15
overall,MIXED,16.15,ALL,254,Vi,33,11,22,0.3333333333333333,33,0.007990314769975786,4130,2.927351436442346,5.788035312738661,383.64463271454923,0.1462669871510436,30.848484848484848,0.06060606060606061,0.06060606060606061,9,9,0.021791767554479417,15
overall,MIXED,15.24,TOP,82,Mordekaiser,32,22,10,0.6875,32,0.0935672514619883,342,3.4218998015873026,5.548051075523386,371.08970252644104,0.26347368832724455,17.21875,0.125,0.1875,37,32,0.1871345029239766,15
overall,MIXED,16.17,ALL,53,Blitzcrank,32,20,12,0.625,32,0.006349206349206349,5040,4.572786894478071,0.836635167317202,293.5054319645763,0.09580122168707962,63.875,0.09375,0.0625,101,98,0.19444444444444445,15
overall,MIXED,16.17,UTILITY,53,Blitzcrank,32,20,12,0.625,32,0.031746031746031744,1008,4.572786894478071,0.836635167317202,293.5054319645763,0.09580122168707962,63.875,0.09375,0.0625,101,98,0.19444444444444445,15
overall,MIXED,15.24,ALL,222,Jinx,32,20,12,0.625,32,0.01871345029239766,1710,2.3247662927350428,6.0484538060303885,373.0689269085927,0.18755155906732046,13.15625,0.21875,0.28125,9,9,0.05263157894736842,15
overall,MIXED,15.24,BOTTOM,222,Jinx,32,20,12,0.625,32,0.093841642228739,341,2.3247662927350428,6.0484538060303885,373.0689269085927,0.18755155906732046,13.15625,0.21875,0.28125,9,9,0.05263157894736842,15
overall,MIXED,16.12,ALL,22,Ashe,32,19,13,0.59375,32,0.035955056179775284,890,4.002442956349206,5.8838896055147405,408.1429327388105,0.19558399483613362,19.5625,0.09375,0.09375,22,22,0.24719101123595505,15
overall,MIXED,16.13,MIDDLE,45,Veigar,32,19,13,0.59375,32,0.0486322188449848,658,5.013661165223665,6.733717801922296,405.65983574886445,0.23212560700073925,23.8125,0.03125,0.03125,20,20,0.060790273556231005,15
overall,MIXED,16.14,ALL,235,Senna,32,18,14,0.5625,32,0.009195402298850575,3480,5.14158887987013,2.9628840333940403,340.6804072486744,0.17163290132789602,52.0625,0.0,0.125,46,43,0.1235632183908046,15
overall,MIXED,16.14,ALL,134,Syndra,32,18,14,0.5625,32,0.009195402298850575,3480,2.7585013077200577,6.359518072915344,398.81538360366557,0.25237455827375427,19.375,0.0625,0.15625,29,29,0.08333333333333333,15
overall,MIXED,16.10,ALL,22,Ashe,32,15,17,0.46875,32,0.02882882882882883,1110,3.1406085234210233,5.795632415826789,370.1495051068142,0.17821551308882103,15.75,0.125,0.09375,37,35,0.3153153153153153,15
overall,MIXED,16.10,BOTTOM,22,Ashe,32,15,17,0.46875,32,0.14414414414414414,222,3.1406085234210233,5.795632415826789,370.1495051068142,0.17821551308882103,15.75,0.125,0.09375,37,35,0.3153153153153153,15
overall,MIXED,16.15,ALL,420,Illaoi,32,15,17,0.46875,32,0.00774818401937046,4130,2.797581845238095,7.168540284323605,411.8089641037833,0.28952663017420965,19.65625,0.21875,0.53125,89,87,0.2106537530266344,15
overall,MIXED,16.18,ALL,89,Leona,32,15,17,0.46875,32,0.01904761904761905,1680,4.229186698717949,0.9237428005276608,284.10589617334267,0.10327820503123981,65.21875,0.0625,0.0,41,41,0.24404761904761904,15
overall,MIXED,16.18,UTILITY,89,Leona,32,15,17,0.46875,32,0.09523809523809523,336,4.229186698717949,0.9237428005276608,284.10589617334267,0.10327820503123981,65.21875,0.0625,0.0,41,41,0.24404761904761904,15
overall,MIXED,16.17,ALL,136,AurelionSol,32,14,18,0.4375,32,0.006349206349206349,5040,2.9722537878787882,6.905410485653549,395.075138140295,0.20641476943983172,23.6875,0.09375,0.0,3,3,0.005952380952380952,15
overall,MIXED,16.16,BOTTOM,222,Jinx,32,14,18,0.4375,32,0.04804804804804805,666,3.2455137744200244,6.836206323152844,433.20825467089503,0.1936119643667259,17.1875,0.09375,0.09375,35,34,0.1021021021021021,15
overall,MIXED,16.17,TOP,54,Malphite,32,14,18,0.4375,32,0.031746031746031744,1008,2.983296130952381,5.483685552168347,335.4946705438709,0.2112383499394778,22.9375,0.0625,0.0625,61,58,0.11507936507936507,15
overall,MIXED,16.15,MIDDLE,90,Malzahar,32,14,18,0.4375,32,0.0387409200968523,826,2.908212707431457,7.47025060431028,395.49735457530994,0.23634057690322774,22.65625,0.0,0.125,73,70,0.1694915254237288,15
overall,MIXED,16.14,ALL,36,DrMundo,32,13,19,0.40625,32,0.009195402298850575,3480,2.7049715909090906,6.014740516379707,366.4010617791226,0.20772112527176068,26.21875,0.0625,0.0,9,9,0.02586206896551724,15
overall,MIXED,16.15,ALL,143,Zyra,32,12,20,0.375,32,0.00774818401937046,4130,4.57468998015873,3.0823790195068033,328.75329258240157,0.22092203771555924,59.875,0.0,0.03125,17,17,0.04116222760290557,15
overall,MIXED,16.17,ALL,887,Gwen,32,11,21,0.34375,32,0.006349206349206349,5040,2.427556818181818,5.994419620976076,377.75554951170477,0.2368454938393589,22.0625,0.03125,0.0625,9,9,0.017857142857142856,15
overall,MIXED,16.17,MIDDLE,517,Sylas,32,11,21,0.34375,32,0.031746031746031744,1008,2.9626431727994227,4.809432450754195,358.00733727931953,0.22942675729856205,19.53125,0.34375,0.03125,87,84,0.16666666666666666,15
overall,MIXED,16.15,JUNGLE,254,Vi,32,11,21,0.34375,32,0.0387409200968523,826,2.953727002164503,5.913170770439089,380.612384483291,0.14327390955177544,29.28125,0.03125,0.0625,9,9,0.021791767554479417,15
overall,MIXED,16.15,ALL,81,Ezreal,31,22,9,0.7096774193548387,31,0.007506053268765133,4130,5.409333677075614,6.660035159354937,416.9409328492479,0.22394305905913753,13.193548387096774,0.0967741935483871,0.06451612903225806,27,26,0.06295399515738499,15
overall,MIXED,16.13,MIDDLE,84,Akali,31,20,11,0.6451612903225806,31,0.04711246200607903,658,5.624193548387097,5.606117028536424,393.5285759785994,0.23909335330036474,20.838709677419356,0.12903225806451613,0.06451612903225806,40,40,0.12158054711246201,15
overall,MIXED,16.15,ALL,141,Kayn,31,20,11,0.6451612903225806,31,0.007506053268765133,4130,4.877380952380952,6.607006290625512,418.9929775398355,0.2005503663361382,22.903225806451612,0.0967741935483871,0.06451612903225806,16,16,0.0387409200968523,15
overall,MIXED,16.17,ALL,58,Renekton,31,20,11,0.6451612903225806,31,0.006150793650793651,5040,4.821027091188381,6.4950482743513325,420.0649128562337,0.2634385143526335,25.193548387096776,0.22580645161290322,0.3548387096774194,14,14,0.027777777777777776,15
overall,MIXED,16.13,ALL,86,Garen,31,18,13,0.5806451612903226,31,0.009422492401215805,3290,3.316116231438812,7.086705841637712,415.42543155180806,0.23872040054750002,20.419354838709676,0.22580645161290322,0.2903225806451613,54,52,0.1580547112462006,15
overall,MIXED,16.13,TOP,777,Yone,31,18,13,0.5806451612903226,31,0.04711246200607903,658,3.104690918400596,6.88628308118327,406.03701847664536,0.269768622942885,22.193548387096776,0.1935483870967742,0.3548387096774194,59,57,0.17325227963525835,15
overall,MIXED,16.13,ALL,910,Hwei,31,17,14,0.5483870967741935,31,0.009422492401215805,3290,3.22557603686636,5.830789111925011,364.2512848818172,0.21906386445282908,23.870967741935484,0.0,0.0,17,17,0.05167173252279635,15
overall,MIXED,16.15,MIDDLE,910,Hwei,31,16,15,0.5161290322580645,31,0.03753026634382567,826,2.9790380766187217,6.301299732156887,370.2228989835387,0.2579367321642241,24.967741935483872,0.06451612903225806,0.0967741935483871,13,13,0.031476997578692496,15
overall,MIXED,16.15,UTILITY,80,Pantheon,31,16,15,0.5161290322580645,31,0.03753026634382567,826,2.5448457877774766,1.3700998326489184,331.760487455122,0.17088834928433505,63.903225806451616,0.12903225806451613,0.0967741935483871,10,10,0.024213075060532687,15
overall,MIXED,15.24,ALL,777,Yone,31,16,15,0.5161290322580645,31,0.018128654970760234,1710,2.7611111111111115,6.171299606726012,375.4290752480922,0.23558234383860763,15.870967741935484,0.06451612903225806,0.25806451612903225,12,12,0.07017543859649122,15
overall,MIXED,16.13,ALL,131,Diana,31,15,16,0.4838709677419355,31,0.009422492401215805,3290,2.765843923101987,5.787197057951549,404.5611993888675,0.2077290871135564,26.29032258064516,0.12903225806451613,0.0967741935483871,22,22,0.0668693009118541,15
overall,MIXED,16.16,ALL,90,Malzahar,31,15,16,0.4838709677419355,31,0.009309309309309309,3330,3.2338197644649265,7.943755658565645,397.4898901890558,0.24217292268147847,24.322580645161292,0.06451612903225806,0.03225806451612903,52,50,0.15015015015015015,15
overall,MIXED,16.15,TOP,799,Ambessa,31,14,17,0.45161290322580644,31,0.03753026634382567,826,2.932616487455198,6.363094287081798,352.75331125804024,0.20896085531971817,21.903225806451612,0.06451612903225806,0.12903225806451613,6,6,0.014527845036319613,15
overall,MIXED,16.14,MIDDLE,805,Locke,31,14,17,0.45161290322580644,31,0.04454022988505747,696,2.783333333333333,5.6616176980129636,398.18256633479416,0.24211153746225886,20.483870967741936,0.16129032258064516,0.03225806451612903,145,126,0.3620689655172414,15
overall,MIXED,16.15,BOTTOM,81,Ezreal,30,21,9,0.7,30,0.03631961259079903,826,5.467422577422579,6.670925220222324,417.68711209237097,0.22625768662229379,13.066666666666666,0.1,0.06666666666666667,27,26,0.06295399515738499,15
overall,MIXED,16.15,ALL,14,Sion,30,21,9,0.7,30,0.007263922518159807,4130,4.24313492063492,5.963001372058808,394.51922899712577,0.20363375975400635,20.533333333333335,0.1,0.1,5,5,0.012106537530266344,15
overall,MIXED,16.15,ALL,266,Aatrox,30,18,12,0.6,30,0.007263922518159807,4130,3.8555942205942197,6.054129275865419,361.474858017152,0.20275894086873614,24.0,0.06666666666666667,0.16666666666666666,13,13,0.031476997578692496,15
overall,MIXED,16.12,BOTTOM,22,Ashe,30,18,12,0.6,30,0.1694915254237288,177,4.155939153439153,6.136372110570189,414.83237760118027,0.19551683931287228,16.133333333333333,0.1,0.06666666666666667,22,22,0.24719101123595505,15
overall,MIXED,16.17,ALL,266,Aatrox,30,17,13,0.5666666666666667,30,0.005952380952380952,5040,3.193434343434343,6.063838443745121,366.4060182972571,0.21789127805492858,19.433333333333334,0.13333333333333333,0.16666666666666666,13,13,0.025793650793650792,15
overall,MIXED,16.16,MIDDLE,45,Veigar,30,17,13,0.5666666666666667,30,0.04504504504504504,666,4.13994708994709,6.609547810668857,414.42028344725054,0.2454954118183849,20.733333333333334,0.03333333333333333,0.16666666666666666,69,68,0.2042042042042042,15
overall,MIXED,16.14,ALL,254,Vi,30,17,13,0.5666666666666667,30,0.008620689655172414,3480,4.711203703703704,5.945292676150282,417.2977217198253,0.17823614831358495,29.8,0.0,0.03333333333333333,5,5,0.014367816091954023,15
overall,MIXED,16.14,ALL,910,Hwei,30,16,14,0.5333333333333333,30,0.008620689655172414,3480,3.494868388691918,6.536820232959794,387.40644370721463,0.24442135983843497,29.466666666666665,0.0,0.23333333333333334,7,7,0.020114942528735632,15
overall,MIXED,15.24,ALL,25,Morgana,30,16,14,0.5333333333333333,30,0.017543859649122806,1710,3.1549715099715097,1.9507471816485493,283.579490954946,0.16007500516345544,46.266666666666666,0.06666666666666667,0.0,26,24,0.14035087719298245,15
overall,MIXED,16.14,ALL,164,Camille,30,15,15,0.5,30,0.008620689655172414,3480,2.3611533401239284,1.8130390548365376,319.12692462039,0.1711256415624406,57.2,0.06666666666666667,0.0,25,25,0.07183908045977011,15
overall,MIXED,15.24,ALL,131,Diana,30,15,15,0.5,30,0.017543859649122806,1710,2.849688644688645,6.049427703370642,398.01988952734496,0.20405909610024484,21.466666666666665,0.1,0.13333333333333333,8,8,0.04678362573099415,15
overall,MIXED,16.15,TOP,54,Malphite,30,15,15,0.5,30,0.03631961259079903,826,3.00095238095238,5.76828322822948,352.9742144545677,0.2085269425227899,19.033333333333335,0.03333333333333333,0.16666666666666666,61,59,0.14285714285714285,15
overall,MIXED,16.15,ALL,18,Tristana,30,15,15,0.5,30,0.007263922518159807,4130,2.9157570207570216,5.968801752533817,417.08882233082926,0.18155649729328033,14.233333333333333,0.16666666666666666,0.06666666666666667,23,23,0.05569007263922518,15
overall,MIXED,16.14,TOP,777,Yone,30,15,15,0.5,30,0.04310344827586207,696,2.9406013431013434,6.522030065485884,389.74324498739753,0.2746829050239871,24.266666666666666,0.3,0.3,58,56,0.16091954022988506,15
overall,MIXED,16.14,JUNGLE,59,JarvanIV,30,14,16,0.4666666666666667,30,0.04310344827586207,696,4.762509620009621,5.420952477443525,399.53986573678606,0.1311081421491679,24.866666666666667,0.0,0.0,3,3,0.008620689655172414,15
overall,MIXED,16.14,ALL,50,Swain,30,14,16,0.4666666666666667,30,0.008620689655172414,3480,4.231547619047619,3.9047354548364206,356.93133638559044,0.22130070179558542,40.96666666666667,0.1,0.16666666666666666,22,21,0.0603448275862069,15
overall,MIXED,16.17,ALL,19,Warwick,30,14,16,0.4666666666666667,30,0.005952380952380952,5040,3.3242063492063494,6.163737534389573,416.8643591225072,0.19488949273557196,25.1,0.1,0.03333333333333333,23,23,0.04563492063492063,15
overall,MIXED,16.16,ALL,81,Ezreal,30,13,17,0.43333333333333335,30,0.009009009009009009,3330,2.742142857142857,6.583663557876507,407.88440079392274,0.22397912586049346,20.5,0.13333333333333333,0.03333333333333333,10,10,0.03003003003003003,15
overall,MIXED,16.16,ALL,875,Sett,30,13,17,0.43333333333333335,30,0.009009009009009009,3330,2.03014245014245,6.041367029452112,391.51612710592514,0.28122008314462205,22.6,0.3333333333333333,0.26666666666666666,4,4,0.012012012012012012,15
overall,MIXED,16.14,ALL,17,Teemo,30,13,17,0.43333333333333335,30,0.008620689655172414,3480,2.5422466422466425,5.321617876929551,384.85109984713273,0.22961637925229456,22.4,0.1,0.16666666666666666,102,99,0.28448275862068967,15
overall,MIXED,16.18,ALL,145,Kaisa,30,12,18,0.4,30,0.017857142857142856,1680,5.099417989417989,7.279090318908641,476.0209555175168,0.2138790928538374,17.566666666666666,0.1,0.1,11,11,0.06547619047619048,15
overall,MIXED,16.18,BOTTOM,145,Kaisa,30,12,18,0.4,30,0.08928571428571429,336,5.099417989417989,7.279090318908641,476.0209555175168,0.2138790928538374,17.566666666666666,0.1,0.1,11,11,0.06547619047619048,15
overall,MIXED,16.14,MIDDLE,45,Veigar,30,12,18,0.4,30,0.04310344827586207,696,2.9976154401154407,6.33483852319955,370.7816954380454,0.21425088808413167,20.466666666666665,0.0,0.03333333333333333,45,45,0.12931034482758622,15
overall,MIXED,16.16,ALL,102,Shyvana,30,11,19,0.36666666666666664,30,0.009009009009009009,3330,3.756534391534392,6.721277795205472,415.6992692834217,0.200123613629189,29.0,0.1,0.03333333333333333,32,30,0.09009009009009009,15
overall,MIXED,16.16,JUNGLE,102,Shyvana,30,11,19,0.36666666666666664,30,0.04504504504504504,666,3.756534391534392,6.721277795205472,415.6992692834217,0.200123613629189,29.0,0.1,0.03333333333333333,32,30,0.09009009009009009,15
overall,MIXED,16.13,MIDDLE,517,Sylas,30,11,19,0.36666666666666664,30,0.04559270516717325,658,4.58095238095238,5.673480710386397,377.1626598220908,0.26391006755125485,21.933333333333334,0.3333333333333333,0.1,80,75,0.22796352583586627,15
overall,MIXED,15.19,ALL,11,MasterYi,29,20,9,0.6896551724137931,29,0.025217391304347827,1150,5.5640394088669956,6.418577352674046,444.6327942669279,0.276654205316938,27.862068965517242,0.3103448275862069,0.20689655172413793,22,21,0.1826086956521739,15
overall,MIXED,16.15,JUNGLE,141,Kayn,29,19,10,0.6551724137931034,29,0.035108958837772396,826,5.101683087027915,6.719568590609361,427.90630308429974,0.20132097885038594,23.96551724137931,0.10344827586206896,0.06896551724137931,16,16,0.0387409200968523,15
overall,MIXED,16.18,MIDDLE,777,Yone,29,19,10,0.6551724137931034,29,0.08630952380952381,336,4.547764591730109,7.057543384822437,410.525945929888,0.2639772459822552,18.413793103448278,0.10344827586206896,0.10344827586206896,55,52,0.30952380952380953,15
overall,MIXED,16.17,TOP,58,Renekton,29,18,11,0.6206896551724138,29,0.028769841269841268,1008,4.7397186147186146,6.433521148993093,416.5474672522091,0.25875965728209793,26.275862068965516,0.20689655172413793,0.3103448275862069,14,14,0.027777777777777776,15
overall,MIXED,16.14,ALL,84,Akali,29,17,12,0.5862068965517241,29,0.008333333333333333,3480,3.696086480569239,5.1690144512127745,377.4985266259361,0.22075902454438942,19.482758620689655,0.06896551724137931,0.10344827586206896,69,68,0.19540229885057472,15
overall,MIXED,16.14,ALL,86,Garen,29,17,12,0.5862068965517241,29,0.008333333333333333,3480,3.5260287605115193,7.184325733163917,424.39152805921736,0.2115065992709181,22.896551724137932,0.20689655172413793,0.3103448275862069,28,28,0.08045977011494253,15
overall,MIXED,16.11,ALL,51,Caitlyn,29,16,13,0.5517241379310345,29,0.02457627118644068,1180,3.259979101358411,6.981820472718213,424.0368104518083,0.1883438064075296,19.03448275862069,0.13793103448275862,0.2413793103448276,18,17,0.1440677966101695,15
overall,MIXED,16.11,BOTTOM,51,Caitlyn,29,16,13,0.5517241379310345,29,0.1228813559322034,236,3.259979101358411,6.981820472718213,424.0368104518083,0.1883438064075296,19.03448275862069,0.13793103448275862,0.2413793103448276,18,17,0.1440677966101695,15
overall,MIXED,16.14,ALL,75,Nasus,29,16,13,0.5517241379310345,29,0.008333333333333333,3480,3.790297250642079,5.343389785571414,376.4358046436198,0.15820932425966366,18.75862068965517,0.034482758620689655,0.0,61,57,0.16379310344827586,15
overall,MIXED,16.14,JUNGLE,254,Vi,29,16,13,0.5517241379310345,29,0.041666666666666664,696,4.770210727969349,5.984066668240379,416.71594036162986,0.1756213406975125,30.17241379310345,0.0,0.0,5,5,0.014367816091954023,15
overall,MIXED,16.15,BOTTOM,18,Tristana,29,15,14,0.5172413793103449,29,0.035108958837772396,826,3.003037766830871,6.026494232126086,421.0780652315435,0.1803625845915095,14.482758620689655,0.1724137931034483,0.06896551724137931,23,23,0.05569007263922518,15
overall,MIXED,16.13,ALL,102,Shyvana,29,14,15,0.4827586206896552,29,0.008814589665653495,3290,4.756542021197194,6.722285589118455,416.24981170755893,0.17609718345633055,27.689655172413794,0.0,0.0,22,22,0.0668693009118541,15
overall,MIXED,16.13,JUNGLE,102,Shyvana,29,14,15,0.4827586206896552,29,0.044072948328267476,658,4.756542021197194,6.722285589118455,416.24981170755893,0.17609718345633055,27.689655172413794,0.0,0.0,22,22,0.0668693009118541,15
overall,MIXED,16.15,ALL,223,TahmKench,29,14,15,0.4827586206896552,29,0.0070217917675544795,4130,2.663287861563723,1.7824271195174248,305.81533641685866,0.14901715365492824,54.41379310344828,0.0,0.0,15,15,0.03631961259079903,15
overall,MIXED,16.15,ALL,134,Syndra,29,13,16,0.4482758620689655,29,0.0070217917675544795,4130,2.5543423052043748,5.467752775708399,383.9903077119442,0.19778425192156307,16.586206896551722,0.13793103448275862,0.2413793103448276,45,42,0.1016949152542373,15
overall,MIXED,16.13,ALL,54,Malphite,29,12,17,0.41379310344827586,29,0.008814589665653495,3290,2.786425834701697,5.629532650527205,366.2445355997271,0.20041195473455792,24.0,0.06896551724137931,0.034482758620689655,47,46,0.1398176291793313,15
overall,MIXED,16.18,ALL,45,Veigar,29,12,17,0.41379310344827586,29,0.017261904761904763,1680,3.0324905824398725,6.154273700735613,391.6536974592968,0.2131926976149731,19.655172413793103,0.0,0.0,18,18,0.10714285714285714,15
overall,MIXED,16.17,ALL,12,Alistar,29,11,18,0.3793103448275862,29,0.005753968253968254,5040,2.7246118823705023,0.9741689066775063,262.3832574369489,0.08884800541230685,46.62068965517241,0.034482758620689655,0.0,2,2,0.003968253968253968,15
overall,MIXED,16.16,ALL,53,Blitzcrank,28,21,7,0.75,28,0.008408408408408409,3330,5.445981795981795,0.87384501062326,282.8337128261443,0.10396886982858147,68.64285714285714,0.17857142857142858,0.0,58,55,0.16516516516516516,15
overall,MIXED,16.16,UTILITY,53,Blitzcrank,28,21,7,0.75,28,0.042042042042042045,666,5.445981795981795,0.87384501062326,282.8337128261443,0.10396886982858147,68.64285714285714,0.17857142857142858,0.0,58,55,0.16516516516516516,15
overall,MIXED,16.16,ALL,62,MonkeyKing,28,21,7,0.75,28,0.008408408408408409,3330,4.486578798185941,5.98688722353023,412.8454592915826,0.1496922669453034,31.0,0.03571428571428571,0.14285714285714285,16,16,0.04804804804804805,15
overall,MIXED,16.16,JUNGLE,62,MonkeyKing,28,21,7,0.75,28,0.042042042042042045,666,4.486578798185941,5.98688722353023,412.8454592915826,0.1496922669453034,31.0,0.03571428571428571,0.14285714285714285,16,16,0.04804804804804805,15
overall,MIXED,16.18,ALL,51,Caitlyn,28,20,8,0.7142857142857143,28,0.016666666666666666,1680,4.0871289424860855,7.288892605846035,461.2965034698207,0.2331772313489691,19.285714285714285,0.14285714285714285,0.35714285714285715,39,37,0.22023809523809523,15
overall,MIXED,15.19,JUNGLE,11,MasterYi,28,20,8,0.7142857142857143,28,0.12121212121212122,231,5.691326530612245,6.455694031525705,450.07903938237234,0.279897631959027,28.464285714285715,0.32142857142857145,0.21428571428571427,22,21,0.1826086956521739,15
overall,MIXED,16.13,ALL,901,Smolder,28,20,8,0.7142857142857143,28,0.00851063829787234,3290,5.304166666666667,6.829330705667295,413.8085259276487,0.22365540134133696,13.035714285714286,0.0,0.07142857142857142,9,9,0.02735562310030395,15
overall,MIXED,16.16,ALL,157,Yasuo,28,19,9,0.6785714285714286,28,0.008408408408408409,3330,3.153161719233148,7.262665158018614,434.54512705308514,0.2545799101215517,26.321428571428573,0.14285714285714285,0.21428571428571427,20,19,0.057057057057057055,15
overall,MIXED,15.2,ALL,99,Lux,28,18,10,0.6428571428571429,28,0.06086956521739131,460,4.28876133786848,1.801867354772098,287.5276499274214,0.21203129262841758,51.17857142857143,0.10714285714285714,0.0,9,7,0.15217391304347827,15
overall,MIXED,16.13,UTILITY,25,Morgana,28,18,10,0.6428571428571429,28,0.0426179604261796,657,4.14343000358038,1.4064314376887073,313.0226021341476,0.1476216388943296,75.42857142857143,0.10714285714285714,0.07142857142857142,17,17,0.05167173252279635,15
overall,MIXED,16.16,ALL,25,Morgana,28,17,11,0.6071428571428571,28,0.008408408408408409,3330,4.548623995052567,1.704689737679869,326.99093970308667,0.16741929207992484,62.142857142857146,0.10714285714285714,0.0,26,26,0.07807807807807808,15
overall,MIXED,16.17,TOP,266,Aatrox,28,16,12,0.5714285714285714,28,0.027777777777777776,1008,3.356230674087817,6.085210927732729,367.81750770488395,0.22127372517231117,19.571428571428573,0.14285714285714285,0.17857142857142858,13,13,0.025793650793650792,15
overall,MIXED,16.15,ALL,53,Blitzcrank,28,16,12,0.5714285714285714,28,0.006779661016949152,4130,4.111691284905571,0.887377395519837,284.5803172271467,0.111702014475677,57.0,0.07142857142857142,0.03571428571428571,41,41,0.09927360774818401,15
overall,MIXED,16.15,UTILITY,53,Blitzcrank,28,16,12,0.5714285714285714,28,0.03389830508474576,826,4.111691284905571,0.887377395519837,284.5803172271467,0.111702014475677,57.0,0.07142857142857142,0.03571428571428571,41,41,0.09927360774818401,15
overall,MIXED,16.13,MIDDLE,910,Hwei,28,16,12,0.5714285714285714,28,0.0425531914893617,658,3.487726757369615,6.134933618167884,372.2828564586982,0.22058661264382615,21.964285714285715,0.0,0.0,17,17,0.05167173252279635,15
overall,MIXED,16.16,ALL,910,Hwei,28,15,13,0.5357142857142857,28,0.008408408408408409,3330,3.018702329416615,6.705207396943645,377.8504212483985,0.2502300353881624,30.035714285714285,0.03571428571428571,0.07142857142857142,6,6,0.018018018018018018,15
overall,MIXED,16.14,ALL,131,Diana,28,14,14,0.5,28,0.008045977011494253,3480,2.4136324984539264,5.431541688516303,389.8593685260744,0.21241175407501472,22.25,0.07142857142857142,0.03571428571428571,17,16,0.04597701149425287,15
overall,MIXED,15.8,ALL,222,Jinx,28,14,14,0.5,28,0.043076923076923075,650,3.8777069160997732,5.977169347614901,360.21741788479846,0.19577061300341864,12.714285714285714,0.10714285714285714,0.10714285714285714,3,3,0.046153846153846156,15
overall,MIXED,15.8,BOTTOM,222,Jinx,28,14,14,0.5,28,0.2153846153846154,130,3.8777069160997732,5.977169347614901,360.21741788479846,0.19577061300341864,12.714285714285714,0.10714285714285714,0.10714285714285714,3,3,0.046153846153846156,15
overall,MIXED,16.16,MIDDLE,90,Malzahar,28,14,14,0.5,28,0.042042042042042045,666,2.9814909297052146,7.980100347639342,395.8101587470008,0.24393423277384857,23.607142857142858,0.07142857142857142,0.03571428571428571,52,50,0.15015015015015015,15
overall,MIXED,16.14,BOTTOM,901,Smolder,28,14,14,0.5,28,0.040229885057471264,696,3.460943619872192,5.963575226381655,397.4050277253938,0.21307639676946513,15.642857142857142,0.07142857142857142,0.03571428571428571,10,10,0.028735632183908046,15
overall,MIXED,16.18,ALL,21,MissFortune,28,13,15,0.4642857142857143,28,0.016666666666666666,1680,3.8501275510204076,6.925638822176836,460.5801521437514,0.22185808653489406,20.035714285714285,0.03571428571428571,0.07142857142857142,12,11,0.06547619047619048,15
overall,MIXED,16.18,BOTTOM,21,MissFortune,28,13,15,0.4642857142857143,28,0.08333333333333333,336,3.8501275510204076,6.925638822176836,460.5801521437514,0.22185808653489406,20.035714285714285,0.03571428571428571,0.07142857142857142,12,11,0.06547619047619048,15
overall,MIXED,16.17,ALL,91,Talon,28,13,15,0.4642857142857143,28,0.005555555555555556,5040,3.300266697588126,6.786017527906085,401.4274357931869,0.2111572512864792,27.5,0.21428571428571427,0.03571428571428571,17,17,0.03373015873015873,15
overall,MIXED,16.16,TOP,122,Darius,28,12,16,0.42857142857142855,28,0.042042042042042045,666,2.609467120181406,5.635551308624182,401.928827500801,0.247521099316141,22.0,0.07142857142857142,0.25,17,17,0.05105105105105105,15
overall,MIXED,16.16,ALL,50,Swain,28,12,16,0.42857142857142855,28,0.008408408408408409,3330,3.5334364048649767,3.4636092166967423,337.35876393626774,0.1922812873273073,51.964285714285715,0.03571428571428571,0.10714285714285714,45,44,0.13213213213213212,15
overall,MIXED,16.17,UTILITY,12,Alistar,28,11,17,0.39285714285714285,28,0.027777777777777776,1008,2.760694959802102,0.8389091858247382,259.87969662834365,0.085213382703924,46.964285714285715,0.03571428571428571,0.0,2,2,0.003968253968253968,15
overall,MIXED,16.15,MIDDLE,3,Galio,28,11,17,0.39285714285714285,28,0.03389830508474576,826,3.40620203209489,5.421546737985018,318.73262856294997,0.18270135252142117,22.107142857142858,0.07142857142857142,0.10714285714285714,43,42,0.1016949152542373,15
overall,MIXED,16.14,ALL,80,Pantheon,28,11,17,0.39285714285714285,28,0.008045977011494253,3480,3.723644609358895,3.4653721721812416,365.5180693429867,0.21042390069606146,42.57142857142857,0.21428571428571427,0.03571428571428571,5,5,0.014367816091954023,15
overall,MIXED,16.14,ALL,58,Renekton,28,11,17,0.39285714285714285,28,0.008045977011494253,3480,3.025077303648732,6.807198058965527,391.2626208227262,0.24491827953691356,21.857142857142858,0.32142857142857145,0.35714285714285715,11,11,0.031609195402298854,15
overall,MIXED,16.18,ALL,83,Yorick,28,11,17,0.39285714285714285,28,0.016666666666666666,1680,2.424333900226757,7.046545338682498,421.5252972590646,0.2992872837085136,25.535714285714285,0.14285714285714285,0.5714285714285714,25,25,0.1488095238095238,15
overall,MIXED,16.18,BOTTOM,51,Caitlyn,27,20,7,0.7407407407407407,27,0.08035714285714286,336,4.189121372454706,7.212363454061928,459.9225504623213,0.2338253298142593,18.037037037037038,0.14814814814814814,0.3333333333333333,39,37,0.22023809523809523,15
overall,MIXED,16.13,ALL,36,DrMundo,27,18,9,0.6666666666666666,27,0.008206686930091186,3290,3.8873015873015873,6.681726571685335,387.5128653299573,0.2268424239769635,22.25925925925926,0.0,0.1111111111111111,6,6,0.0182370820668693,15
overall,MIXED,16.16,TOP,54,Malphite,27,18,9,0.6666666666666666,27,0.04054054054054054,666,4.032010582010582,6.008435021911866,349.1186218225273,0.21465898023444652,24.14814814814815,0.037037037037037035,0.14814814814814814,42,41,0.12312312312312312,15
overall,MIXED,16.13,ALL,90,Malzahar,27,18,9,0.6666666666666666,27,0.008206686930091186,3290,3.5353027630805407,7.639669452288512,418.4356582721993,0.24301160311560124,22.333333333333332,0.0,0.18518518518518517,69,64,0.1945288753799392,15
overall,MIXED,16.17,BOTTOM,901,Smolder,27,17,10,0.6296296296296297,27,0.026785714285714284,1008,3.0098725348725357,6.427192737911721,428.07993829967717,0.2300109836128363,18.296296296296298,0.1111111111111111,0.0,3,3,0.005952380952380952,15
overall,MIXED,16.15,MIDDLE,157,Yasuo,27,17,10,0.6296296296296297,27,0.03268765133171913,826,2.0005809005809003,6.703987157794432,387.7833763427556,0.22916475845724413,18.037037037037038,0.07407407407407407,0.07407407407407407,22,22,0.053268765133171914,15
overall,MIXED,16.14,ALL,234,Viego,27,16,11,0.5925925925925926,27,0.007758620689655172,3480,3.142464325797659,6.493029789549422,434.42995715506953,0.1662431737117277,29.814814814814813,0.07407407407407407,0.0,19,18,0.05172413793103448,15
overall,MIXED,16.14,JUNGLE,234,Viego,27,16,11,0.5925925925925926,27,0.03879310344827586,696,3.142464325797659,6.493029789549422,434.42995715506953,0.1662431737117277,29.814814814814813,0.07407407407407407,0.0,19,18,0.05172413793103448,15
overall,MIXED,16.17,ALL,55,Katarina,27,14,13,0.5185185185185185,27,0.005357142857142857,5040,4.48038005325587,6.1475304031711415,400.367126135012,0.22686414186190287,18.037037037037038,0.1111111111111111,0.14814814814814814,16,14,0.027777777777777776,15
overall,MIXED,16.18,ALL,111,Nautilus,27,14,13,0.5185185185185185,27,0.01607142857142857,1680,3.2225602586713697,0.8626552622025896,272.1226688658785,0.09528706506906734,60.44444444444444,0.1111111111111111,0.037037037037037035,43,41,0.24404761904761904,15
overall,MIXED,16.18,UTILITY,111,Nautilus,27,14,13,0.5185185185185185,27,0.08035714285714286,336,3.2225602586713697,0.8626552622025896,272.1226688658785,0.09528706506906734,60.44444444444444,0.1111111111111111,0.037037037037037035,43,41,0.24404761904761904,15
overall,MIXED,16.17,ALL,223,TahmKench,27,14,13,0.5185185185185185,27,0.005357142857142857,5040,3.865095398428732,2.0786969065522003,321.8614208443436,0.2004837230802844,47.55555555555556,0.2222222222222222,0.07407407407407407,21,21,0.041666666666666664,15
overall,MIXED,16.16,ALL,91,Talon,27,14,13,0.5185185185185185,27,0.008108108108108109,3330,4.019502102835436,6.443484602158093,378.91064768480135,0.15968752666535674,25.074074074074073,0.037037037037037035,0.0,9,9,0.02702702702702703,15
overall,MIXED,16.14,ALL,19,Warwick,27,14,13,0.5185185185185185,27,0.007758620689655172,3480,3.037360376249266,5.657069916231831,398.00259575891613,0.20488946351145285,27.962962962962962,0.07407407407407407,0.0,18,18,0.05172413793103448,15
overall,MIXED,16.16,ALL,233,Briar,27,13,14,0.48148148148148145,27,0.008108108108108109,3330,3.7512933568489126,6.1160159176527396,458.18540436155314,0.2309090577931775,23.22222222222222,0.14814814814814814,0.0,78,69,0.2072072072072072,15
overall,MIXED,16.16,JUNGLE,233,Briar,27,13,14,0.48148148148148145,27,0.04054054054054054,666,3.7512933568489126,6.1160159176527396,458.18540436155314,0.2309090577931775,23.22222222222222,0.14814814814814814,0.0,78,69,0.2072072072072072,15
overall,MIXED,16.13,ALL,145,Kaisa,27,13,14,0.48148148148148145,27,0.008206686930091186,3290,3.8949319199319197,6.121103703029034,427.3117509737177,0.2027323413365327,16.0,0.1111111111111111,0.1111111111111111,1,1,0.00303951367781155,15
overall,MIXED,16.17,JUNGLE,517,Sylas,27,13,14,0.48148148148148145,27,0.026785714285714284,1008,3.845051039495484,5.767853580508302,380.16303473173804,0.1392429934653081,24.444444444444443,0.07407407407407407,0.0,87,84,0.16666666666666666,15
overall,MIXED,16.15,ALL,17,Teemo,27,13,14,0.48148148148148145,27,0.006537530266343826,4130,2.6013521457965907,6.0359272724092214,394.34762568819747,0.25393535437793074,30.555555555555557,0.14814814814814814,0.2962962962962963,74,73,0.17675544794188863,15
overall,MIXED,16.13,ALL,412,Thresh,27,13,14,0.48148148148148145,27,0.008206686930091186,3290,2.9450323339212225,1.4055873682354796,275.3741927960432,0.10542320764892371,56.925925925925924,0.0,0.037037037037037035,8,8,0.0243161094224924,15
overall,MIXED,16.10,ALL,51,Caitlyn,27,12,15,0.4444444444444444,27,0.024324324324324326,1110,2.796119929453263,6.954141458444288,404.929262896348,0.19407343940735872,17.22222222222222,0.18518518518518517,0.2222222222222222,16,16,0.14414414414414414,15
overall,MIXED,16.18,ALL,75,Nasus,27,12,15,0.4444444444444444,27,0.01607142857142857,1680,3.5051146384479717,5.938178704696862,388.6042517753202,0.20151728209587266,20.037037037037038,0.07407407407407407,0.1111111111111111,75,66,0.39285714285714285,15
overall,MIXED,16.15,JUNGLE,19,Warwick,27,12,15,0.4444444444444444,27,0.03268765133171913,826,3.1723817697673904,5.434839651493871,386.2535234173579,0.15178932915239718,21.0,0.1111111111111111,0.0,9,9,0.021791767554479417,15
overall,MIXED,16.11,ALL,777,Yone,27,12,15,0.4444444444444444,27,0.02288135593220339,1180,2.1869692036358703,7.040136050638586,409.69430742238137,0.2753242522967981,20.74074074074074,0.07407407407407407,0.25925925925925924,30,27,0.2288135593220339,15
overall,MIXED,16.15,ALL,950,Naafiri,27,11,16,0.4074074074074074,27,0.006537530266343826,4130,2.5501763668430333,6.484392558021589,404.71849285303495,0.1953610726954407,23.48148148148148,0.1111111111111111,0.1111111111111111,55,51,0.1234866828087167,15
overall,MIXED,16.14,TOP,58,Renekton,27,11,16,0.4074074074074074,27,0.03879310344827586,696,3.1062530062530063,6.829157775435151,394.8853482757221,0.25049478456489,21.88888888888889,0.2962962962962963,0.37037037037037035,11,11,0.031609195402298854,15
overall,MIXED,16.16,TOP,875,Sett,27,11,16,0.4074074074074074,27,0.04054054054054054,666,2.1202640980418757,6.317814426731172,397.41187755744323,0.29658893067584496,19.85185185185185,0.3333333333333333,0.2962962962962963,4,4,0.012012012012012012,15
overall,MIXED,16.15,TOP,420,Illaoi,27,10,17,0.37037037037037035,27,0.03268765133171913,826,1.732936507936508,7.07479145190965,404.3595832344087,0.28467051664117676,21.40740740740741,0.18518518518518517,0.48148148148148145,89,87,0.2106537530266344,15
overall,MIXED,16.17,ALL,64,LeeSin,27,10,17,0.37037037037037035,27,0.005357142857142857,5040,3.542430922986479,5.449179730025048,366.7646504969968,0.16429472006585757,27.925925925925927,0.037037037037037035,0.0,37,36,0.07142857142857142,15
overall,MIXED,16.17,JUNGLE,64,LeeSin,27,10,17,0.37037037037037035,27,0.026785714285714284,1008,3.542430922986479,5.449179730025048,366.7646504969968,0.16429472006585757,27.925925925925927,0.037037037037037035,0.0,37,36,0.07142857142857142,15
overall,MIXED,16.16,UTILITY,25,Morgana,26,16,10,0.6153846153846154,26,0.03903903903903904,666,4.334415584415584,1.2891764729424933,322.80876411394485,0.166612562351211,65.38461538461539,0.11538461538461539,0.0,26,26,0.07807807807807808,15
overall,MIXED,16.14,MIDDLE,84,Akali,26,14,12,0.5384615384615384,26,0.03735632183908046,696,3.3423382173382175,5.102444179593497,376.72663356689554,0.22251685126596665,18.423076923076923,0.038461538461538464,0.07692307692307693,69,68,0.19540229885057472,15
overall,MIXED,16.16,MIDDLE,131,Diana,26,14,12,0.5384615384615384,26,0.03903903903903904,666,4.375249750249751,5.670738867077106,375.7709598801111,0.22468324546927307,29.615384615384617,0.19230769230769232,0.07692307692307693,7,7,0.021021021021021023,15
overall,MIXED,16.14,ALL,64,LeeSin,26,14,12,0.5384615384615384,26,0.007471264367816092,3480,4.978540903540903,5.738679612566084,396.36798926605655,0.16638412428742053,29.73076923076923,0.07692307692307693,0.038461538461538464,18,18,0.05172413793103448,15
overall,MIXED,16.17,ALL,141,Kayn,26,13,13,0.5,26,0.005158730158730159,5040,5.57744499090653,6.159559574278517,413.0881367747202,0.20986149444090077,24.307692307692307,0.07692307692307693,0.0,45,44,0.0873015873015873,15
overall,MIXED,16.13,ALL,11,MasterYi,26,13,13,0.5,26,0.007902735562310031,3290,4.447746697746697,6.2976093899833305,453.8255322299609,0.21409137974511078,23.153846153846153,0.15384615384615385,0.038461538461538464,41,40,0.12158054711246201,15
overall,MIXED,16.15,ALL,901,Smolder,26,13,13,0.5,26,0.006295399515738499,4130,3.7301004551004553,6.545839314272502,433.9576219513274,0.25013762515440185,20.692307692307693,0.038461538461538464,0.0,6,6,0.014527845036319613,15
overall,MIXED,16.16,ALL,17,Teemo,26,13,13,0.5,26,0.007807807807807808,3330,2.8453055114819827,6.268728361195826,391.34904848272106,0.25924493963244294,34.5,0.038461538461538464,0.07692307692307693,22,22,0.06606606606606606,15
overall,MIXED,16.3,ALL,103,Ahri,26,12,14,0.46153846153846156,26,0.029545454545454545,880,2.6629120879120878,6.732554922103593,361.27627528711525,0.21066894335221908,24.76923076923077,0.11538461538461539,0.07692307692307693,6,5,0.056818181818181816,15
overall,MIXED,16.3,MIDDLE,103,Ahri,26,12,14,0.46153846153846156,26,0.14772727272727273,176,2.6629120879120878,6.732554922103593,361.27627528711525,0.21066894335221908,24.76923076923077,0.11538461538461539,0.07692307692307693,6,5,0.056818181818181816,15
overall,MIXED,16.10,BOTTOM,51,Caitlyn,26,12,14,0.46153846153846156,26,0.11711711711711711,222,2.8652014652014652,6.92744607823547,406.8283360968308,0.1936252651010978,17.615384615384617,0.15384615384615385,0.23076923076923078,16,16,0.14414414414414414,15
overall,MIXED,15.24,ALL,36,DrMundo,26,12,14,0.46153846153846156,26,0.0152046783625731,1710,4.348880286380286,5.605774130466386,363.46940117399294,0.21456424981536829,17.153846153846153,0.038461538461538464,0.07692307692307693,13,13,0.07602339181286549,15
overall,MIXED,16.16,MIDDLE,39,Irelia,26,12,14,0.46153846153846156,26,0.03903903903903904,666,2.5830433455433455,7.87696795978138,438.3725246511715,0.2615866165534854,21.576923076923077,0.15384615384615385,0.11538461538461539,31,29,0.08708708708708708,15
overall,MIXED,16.15,ALL,58,Renekton,26,12,14,0.46153846153846156,26,0.006295399515738499,4130,2.8467157842157844,6.584810918161964,382.192505857806,0.2143076406441824,23.884615384615383,0.07692307692307693,0.19230769230769232,19,19,0.04600484261501211,15
overall,MIXED,15.24,JUNGLE,54,Malphite,26,11,15,0.4230769230769231,26,0.07602339181286549,342,3.6388888888888897,6.17591951551868,374.5071365361606,0.1686606847703502,20.384615384615383,0.0,0.038461538461538464,60,53,0.30994152046783624,15
overall,MIXED,16.15,BOTTOM,800,Mel,26,11,15,0.4230769230769231,26,0.031476997578692496,826,2.326412209585286,5.857813564693798,412.45350110591505,0.19954316943358447,17.23076923076923,0.23076923076923078,0.038461538461538464,177,157,0.3801452784503632,15
overall,MIXED,16.15,MIDDLE,800,Mel,26,11,15,0.4230769230769231,26,0.031476997578692496,826,3.7881909756909757,6.8901462713714245,405.0161095221737,0.2626189496408759,19.923076923076923,0.07692307692307693,0.11538461538461539,177,157,0.3801452784503632,15
overall,MIXED,16.12,ALL,777,Yone,26,11,15,0.4230769230769231,26,0.029213483146067417,890,2.2350024975024976,6.231656074012055,391.5301823870623,0.29231708378462806,20.346153846153847,0.23076923076923078,0.11538461538461539,12,12,0.1348314606741573,15
overall,MIXED,16.13,ALL,80,Pantheon,26,10,16,0.38461538461538464,26,0.007902735562310031,3290,2.923336385836386,2.886534702325899,345.11559190088155,0.1873256218569099,52.19230769230769,0.11538461538461539,0.11538461538461539,10,10,0.030395136778115502,15
overall,MIXED,16.16,BOTTOM,81,Ezreal,26,9,17,0.34615384615384615,26,0.03903903903903904,666,2.7626900876900873,6.765616431602302,403.4887006311018,0.223906376043152,16.53846153846154,0.11538461538461539,0.038461538461538464,10,10,0.03003003003003003,15
overall,MIXED,16.17,ALL,110,Varus,26,8,18,0.3076923076923077,26,0.005158730158730159,5040,1.7045329670329668,6.494122313388113,403.7026830185839,0.2072948630440248,20.153846153846153,0.07692307692307693,0.15384615384615385,7,7,0.013888888888888888,15
overall,MIXED,16.15,ALL,876,Lillia,25,17,8,0.68,25,0.006053268765133172,4130,3.4776450216450217,6.235394439314331,386.4394255337987,0.19118435519687615,31.56,0.12,0.0,17,17,0.04116222760290557,15
overall,MIXED,15.2,UTILITY,99,Lux,25,17,8,0.68,25,0.2717391304347826,92,4.5720793650793645,1.3327651554472595,280.27095782138963,0.2065389682645523,55.4,0.08,0.0,9,7,0.15217391304347827,15
overall,MIXED,16.13,MIDDLE,90,Malzahar,25,17,8,0.68,25,0.037993920972644375,658,3.6657460317460315,7.663580889923374,420.35437908550864,0.24804538998717401,22.92,0.0,0.2,69,64,0.1945288753799392,15
overall,MIXED,16.15,TOP,266,Aatrox,25,15,10,0.6,25,0.03026634382566586,826,4.336713064713064,6.115032201801101,365.52398879093124,0.2192490968579324,23.52,0.08,0.2,13,13,0.031476997578692496,15
overall,MIXED,16.13,ALL,63,Brand,25,15,10,0.6,25,0.007598784194528876,3290,3.1338095238095236,4.257406970383815,356.5798888736124,0.2323497039202691,41.16,0.04,0.08,56,53,0.16109422492401215,15
overall,MIXED,16.15,ALL,24,Jax,25,15,10,0.6,25,0.006053268765133172,4130,3.400405483405484,5.902581965234483,393.5449101414522,0.19940879926877264,24.96,0.16,0.12,24,24,0.05811138014527845,15
overall,MIXED,16.16,ALL,254,Vi,25,15,10,0.6,25,0.0075075075075075074,3330,4.758333333333333,6.238520925096662,405.86980255634916,0.15914927000175663,29.96,0.04,0.04,2,2,0.006006006006006006,15
overall,MIXED,16.16,JUNGLE,254,Vi,25,15,10,0.6,25,0.03753753753753754,666,4.758333333333333,6.238520925096662,405.86980255634916,0.15914927000175663,29.96,0.04,0.04,2,2,0.006006006006006006,15
overall,MIXED,16.14,ALL,53,Blitzcrank,25,14,11,0.56,25,0.007183908045977011,3480,2.540594516594517,0.8087141450204716,281.25079311756303,0.10012906550543159,55.6,0.08,0.0,39,39,0.11206896551724138,15
overall,MIXED,16.14,UTILITY,53,Blitzcrank,25,14,11,0.56,25,0.035919540229885055,696,2.540594516594517,0.8087141450204716,281.25079311756303,0.10012906550543159,55.6,0.08,0.0,39,39,0.11206896551724138,15
overall,MIXED,16.15,ALL,63,Brand,25,14,11,0.56,25,0.006053268765133172,4130,2.5215223665223663,4.643446476111821,350.56982943098376,0.2205183422318951,38.52,0.08,0.04,33,33,0.07990314769975787,15
overall,MIXED,15.24,ALL,233,Briar,25,14,11,0.56,25,0.014619883040935672,1710,4.261633986928105,5.804572727822682,408.89326159832336,0.22048686921070637,23.2,0.08,0.0,40,38,0.2222222222222222,15
overall,MIXED,15.24,JUNGLE,233,Briar,25,14,11,0.56,25,0.07309941520467836,342,4.261633986928105,5.804572727822682,408.89326159832336,0.22048686921070637,23.2,0.08,0.0,40,38,0.2222222222222222,15
overall,MIXED,16.14,UTILITY,164,Camille,25,14,11,0.56,25,0.035919540229885055,696,2.55964774441245,0.9320493727477058,309.5400810410494,0.16814167691948806,63.16,0.08,0.0,25,25,0.07183908045977011,15
overall,MIXED,16.14,JUNGLE,64,LeeSin,25,14,11,0.56,25,0.035919540229885055,696,5.162682539682539,5.749721985817802,399.1657140180459,0.16556600806316035,30.64,0.08,0.04,18,18,0.05172413793103448,15
overall,MIXED,16.13,ALL,234,Viego,25,14,11,0.56,25,0.007598784194528876,3290,4.374709956709957,6.659383680336215,432.81392081210083,0.17756843477102308,29.72,0.0,0.04,24,24,0.0729483282674772,15
overall,MIXED,16.14,ALL,3,Galio,25,13,12,0.52,25,0.007183908045977011,3480,3.749777777777778,4.800043605076385,330.7547527007592,0.18716179353572301,33.44,0.04,0.0,46,45,0.12931034482758622,15
overall,MIXED,16.14,ALL,420,Illaoi,25,13,12,0.52,25,0.007183908045977011,3480,2.129495393495394,5.870926881989057,380.63590696885933,0.24566380929313905,24.2,0.2,0.2,59,57,0.16379310344827586,15
overall,MIXED,16.17,MIDDLE,55,Katarina,25,13,12,0.52,25,0.0248015873015873,1008,3.6538104575163404,6.09429571378006,390.1191347181031,0.2196574663090771,17.52,0.04,0.12,16,14,0.027777777777777776,15
overall,MIXED,16.17,JUNGLE,141,Kayn,25,13,12,0.52,25,0.0248015873015873,1008,5.760542790542791,6.1351380080253985,414.19389073654116,0.21078238570231622,24.16,0.08,0.0,45,44,0.0873015873015873,15
overall,MIXED,16.13,JUNGLE,11,MasterYi,25,13,12,0.52,25,0.037993920972644375,658,4.610656565656566,6.331785233726707,459.8206587823172,0.21134398619799255,23.48,0.12,0.04,41,40,0.12158054711246201,15
overall,MIXED,15.24,UTILITY,25,Morgana,25,13,12,0.52,25,0.07309941520467836,342,2.8592991452991456,1.1332359327474484,272.19761722373545,0.1496696674842921,51.36,0.08,0.0,26,24,0.14035087719298245,15
overall,MIXED,16.15,ALL,555,Pyke,25,13,12,0.52,25,0.006053268765133172,4130,2.7731448551448548,0.9169764978521175,319.3198485489297,0.12078087202669327,71.24,0.08,0.0,146,131,0.3171912832929782,15
overall,MIXED,16.15,UTILITY,555,Pyke,25,13,12,0.52,25,0.03026634382566586,826,2.7731448551448548,0.9169764978521175,319.3198485489297,0.12078087202669327,71.24,0.08,0.0,146,131,0.3171912832929782,15
overall,MIXED,16.14,MIDDLE,517,Sylas,25,13,12,0.52,25,0.035919540229885055,696,3.3533333333333335,4.627829329470196,347.86966607431975,0.23878177023471328,19.68,0.2,0.0,60,59,0.16954022988505746,15
overall,MIXED,16.15,ALL,711,Vex,25,13,12,0.52,25,0.006053268765133172,4130,2.8684415584415586,5.715024912230348,362.678988846319,0.23846208004170066,18.44,0.0,0.12,50,48,0.1162227602905569,15
overall,MIXED,16.15,MIDDLE,711,Vex,25,13,12,0.52,25,0.03026634382566586,826,2.8684415584415586,5.715024912230348,362.678988846319,0.23846208004170066,18.44,0.0,0.12,50,48,0.1162227602905569,15
overall,MIXED,16.15,TOP,58,Renekton,25,12,13,0.48,25,0.03026634382566586,826,2.9351298701298703,6.596269653230985,384.2220108803319,0.21331247490809965,24.08,0.08,0.2,19,19,0.04600484261501211,15
overall,MIXED,16.13,UTILITY,412,Thresh,25,12,13,0.48,25,0.0380517503805175,657,2.889206349206349,1.0797316352510202,271.2731744772052,0.1038458424112383,59.48,0.0,0.04,8,8,0.0243161094224924,15
overall,MIXED,16.17,ALL,201,Braum,25,11,14,0.44,25,0.00496031746031746,5040,2.851380952380952,0.8680983710209464,274.5869437442205,0.10001805467919839,49.68,0.04,0.0,21,19,0.037698412698412696,15
overall,MIXED,16.17,UTILITY,201,Braum,25,11,14,0.44,25,0.0248015873015873,1008,2.851380952380952,0.8680983710209464,274.5869437442205,0.10001805467919839,49.68,0.04,0.0,21,19,0.037698412698412696,15
overall,MIXED,16.17,JUNGLE,19,Warwick,25,11,14,0.44,25,0.0248015873015873,1008,2.9590476190476194,5.971299077761321,414.4077817960865,0.17558041794588333,26.04,0.12,0.04,23,23,0.04563492063492063,15
overall,MIXED,16.15,TOP,36,DrMundo,25,10,15,0.4,25,0.03026634382566586,826,3.4337460317460318,6.6521233415648995,364.0679026409882,0.24602498098228623,20.12,0.08,0.12,11,11,0.026634382566585957,15
overall,MIXED,15.24,ALL,99,Lux,25,10,15,0.4,25,0.014619883040935672,1710,2.650825396825397,2.683487269427024,282.9318098806432,0.18738898895456138,43.32,0.16,0.08,20,18,0.10526315789473684,15
overall,MIXED,16.15,ALL,235,Senna,25,10,15,0.4,25,0.006053268765133172,4130,4.420678876678877,3.282421667776822,369.19044574722795,0.17904022138486686,40.2,0.0,0.0,15,14,0.03389830508474576,15
overall,MIXED,16.18,ALL,147,Seraphine,25,10,15,0.4,25,0.01488095238095238,1680,2.939151515151516,1.4315721685240785,280.57406482238423,0.1279638765364674,60.68,0.08,0.0,52,49,0.2916666666666667,15
overall,MIXED,16.17,ALL,134,Syndra,25,10,15,0.4,25,0.00496031746031746,5040,4.199023088023088,6.469927721182931,389.3406327681358,0.22458497561272103,21.24,0.0,0.12,27,27,0.05357142857142857,15
overall,MIXED,16.18,TOP,83,Yorick,25,10,15,0.4,25,0.0744047619047619,336,2.5190634920634922,6.914629613512802,427.83785959738145,0.311585684272889,25.84,0.16,0.6,25,25,0.1488095238095238,15
overall,MIXED,16.15,UTILITY,101,Xerath,24,19,5,0.7916666666666666,24,0.029055690072639227,826,5.43987493987494,1.4926091863071707,340.66200335216746,0.20032278771512657,55.375,0.041666666666666664,0.08333333333333333,122,116,0.28087167070217917,15
overall,MIXED,15.24,ALL,101,Xerath,24,18,6,0.75,24,0.014035087719298246,1710,5.220385401635402,2.632318543972241,318.41065748399643,0.19997923028496634,40.583333333333336,0.041666666666666664,0.08333333333333333,20,20,0.11695906432748537,15
overall,MIXED,16.16,ALL,950,Naafiri,24,17,7,0.7083333333333334,24,0.007207207207207207,3330,5.232347282347281,6.485663206380821,425.49772554186364,0.2094531687241655,26.375,0.16666666666666666,0.08333333333333333,33,32,0.0960960960960961,15
overall,MIXED,16.13,BOTTOM,901,Smolder,24,17,7,0.7083333333333334,24,0.0364741641337386,658,5.476388888888889,6.732813532643757,417.7852302140064,0.216469696279428,12.25,0.0,0.08333333333333333,9,9,0.02735562310030395,15
overall,MIXED,16.15,MIDDLE,39,Irelia,24,16,8,0.6666666666666666,24,0.029055690072639227,826,4.225995879120879,8.365612874672143,449.0384039868047,0.23362801685764145,25.416666666666668,0.20833333333333334,0.16666666666666666,45,44,0.10653753026634383,15
overall,MIXED,16.15,JUNGLE,876,Lillia,24,16,8,0.6666666666666666,24,0.029055690072639227,826,3.46976911976912,6.272707796733786,386.65284121461895,0.18739955193832258,32.083333333333336,0.08333333333333333,0.0,17,17,0.04116222760290557,15
overall,MIXED,16.12,ALL,51,Caitlyn,24,15,9,0.625,24,0.02696629213483146,890,5.6404265873015875,6.749307566427749,463.6915136711918,0.23373573814497853,16.875,0.16666666666666666,0.2916666666666667,15,14,0.15730337078651685,15
overall,MIXED,16.12,BOTTOM,51,Caitlyn,24,15,9,0.625,24,0.13559322033898305,177,5.6404265873015875,6.749307566427749,463.6915136711918,0.23373573814497853,16.875,0.16666666666666666,0.2916666666666667,15,14,0.15730337078651685,15
overall,MIXED,16.13,TOP,86,Garen,24,15,9,0.625,24,0.0364741641337386,658,3.6166501322751325,7.256084027453126,424.0789217282629,0.22496274867532343,22.791666666666668,0.25,0.3333333333333333,54,52,0.1580547112462006,15
overall,MIXED,16.17,ALL,161,Velkoz,24,15,9,0.625,24,0.004761904761904762,5040,4.382557604432605,2.2075095643427063,309.3363260822418,0.2258130324140946,59.25,0.041666666666666664,0.16666666666666666,13,13,0.025793650793650792,15
overall,MIXED,16.13,UTILITY,143,Zyra,24,15,9,0.625,24,0.0365296803652968,657,3.399305555555556,1.503558490164249,313.84028608948523,0.19620927127468793,58.916666666666664,0.125,0.125,14,14,0.0425531914893617,15
overall,MIXED,16.16,ALL,876,Lillia,24,14,10,0.5833333333333334,24,0.007207207207207207,3330,6.252777777777777,6.8387825273080685,411.5709116703967,0.18285396399922496,24.0,0.125,0.0,21,21,0.06306306306306306,15
overall,MIXED,16.16,JUNGLE,876,Lillia,24,14,10,0.5833333333333334,24,0.036036036036036036,666,6.252777777777777,6.8387825273080685,411.5709116703967,0.18285396399922496,24.0,0.125,0.0,21,21,0.06306306306306306,15
overall,MIXED,16.17,MIDDLE,157,Yasuo,24,14,10,0.5833333333333334,24,0.023809523809523808,1008,2.5709866522366522,6.980511100316574,395.86294186014334,0.2166611327378423,19.625,0.08333333333333333,0.041666666666666664,62,61,0.12103174603174603,15
overall,MIXED,16.11,ALL,103,Ahri,24,13,11,0.5416666666666666,24,0.020338983050847456,1180,3.9318617724867715,6.230452278042584,379.3136724001813,0.26636059625275754,26.083333333333332,0.125,0.125,5,5,0.0423728813559322,15
overall,MIXED,16.11,MIDDLE,103,Ahri,24,13,11,0.5416666666666666,24,0.1016949152542373,236,3.9318617724867715,6.230452278042584,379.3136724001813,0.26636059625275754,26.083333333333332,0.125,0.125,5,5,0.0423728813559322,15
overall,MIXED,16.16,MIDDLE,910,Hwei,24,13,11,0.5416666666666666,24,0.036036036036036036,666,2.926581289081289,6.8766371735063245,376.18751222708744,0.250245073380804,30.125,0.041666666666666664,0.08333333333333333,6,6,0.018018018018018018,15
overall,MIXED,16.13,BOTTOM,145,Kaisa,24,13,11,0.5416666666666666,24,0.0364741641337386,658,4.090826187701187,6.382389757438695,427.8080121332686,0.19363570203972066,14.541666666666666,0.125,0.125,1,1,0.00303951367781155,15
overall,MIXED,16.16,ALL,526,Rell,24,13,11,0.5416666666666666,24,0.007207207207207207,3330,4.574470899470899,1.0717606881032162,290.5327144113687,0.098367164111055,72.41666666666667,0.08333333333333333,0.0,15,15,0.04504504504504504,15
overall,MIXED,16.13,JUNGLE,234,Viego,24,13,11,0.5416666666666666,24,0.0364741641337386,658,4.348656204906206,6.65824730569755,429.9732714606311,0.1736760896176476,29.25,0.0,0.041666666666666664,24,24,0.0729483282674772,15
overall,MIXED,16.14,MIDDLE,910,Hwei,24,12,12,0.5,24,0.034482758620689655,696,3.3566957552251666,6.841144277965845,373.4708631363014,0.2414838219672638,22.541666666666668,0.0,0.25,7,7,0.020114942528735632,15
overall,MIXED,15.17,ALL,89,Leona,24,12,12,0.5,24,0.02962962962962963,810,4.119611291486291,0.9125510163127443,263.82390922990334,0.09747905770286554,56.5,0.041666666666666664,0.041666666666666664,8,8,0.09876543209876543,15
overall,MIXED,15.17,UTILITY,89,Leona,24,12,12,0.5,24,0.14906832298136646,161,4.119611291486291,0.9125510163127443,263.82390922990334,0.09747905770286554,56.5,0.041666666666666664,0.041666666666666664,8,8,0.09876543209876543,15
overall,MIXED,16.16,ALL,11,MasterYi,24,12,12,0.5,24,0.007207207207207207,3330,3.8190616096866097,7.011876917103382,452.23838096010587,0.19754138575571648,25.458333333333332,0.20833333333333334,0.041666666666666664,37,37,0.1111111111111111,15
overall,MIXED,16.16,JUNGLE,11,MasterYi,24,12,12,0.5,24,0.036036036036036036,666,3.8190616096866097,7.011876917103382,452.23838096010587,0.19754138575571648,25.458333333333332,0.20833333333333334,0.041666666666666664,37,37,0.1111111111111111,15
overall,MIXED,16.14,JUNGLE,75,Nasus,24,12,12,0.5,24,0.034482758620689655,696,3.729248066748068,5.135681631611478,365.99398858121543,0.1389548392155295,18.5,0.041666666666666664,0.0,61,57,0.16379310344827586,15
overall,MIXED,16.15,UTILITY,223,TahmKench,24,12,12,0.5,24,0.029055690072639227,826,2.9730006105006095,0.9396328082239344,300.4506362120084,0.14416712823608116,61.916666666666664,0.0,0.0,15,15,0.03631961259079903,15
overall,MIXED,16.17,TOP,17,Teemo,24,12,12,0.5,24,0.023809523809523808,1008,2.0665659571909574,6.804664478130412,383.20716990353094,0.25102168872825664,24.958333333333332,0.16666666666666666,0.2916666666666667,46,44,0.0873015873015873,15
overall,MIXED,15.24,ALL,711,Vex,24,12,12,0.5,24,0.014035087719298246,1710,2.9265707671957677,5.821326865577315,365.44175148302656,0.2664289405162126,17.916666666666668,0.041666666666666664,0.0,22,21,0.12280701754385964,15
overall,MIXED,15.24,MIDDLE,711,Vex,24,12,12,0.5,24,0.07017543859649122,342,2.9265707671957677,5.821326865577315,365.44175148302656,0.2664289405162126,17.916666666666668,0.041666666666666664,0.0,22,21,0.12280701754385964,15
overall,MIXED,16.14,ALL,799,Ambessa,24,11,13,0.4583333333333333,24,0.006896551724137931,3480,1.9810711279461277,6.263099057655242,344.2778724660829,0.22453270782420645,23.208333333333332,0.08333333333333333,0.0,3,3,0.008620689655172414,15
overall,MIXED,15.20,ALL,22,Ashe,24,11,13,0.4583333333333333,24,0.03636363636363636,660,4.429513888888889,5.8667970181896365,364.0589824823365,0.2029889304677089,20.0,0.125,0.08333333333333333,20,18,0.2727272727272727,15
overall,MIXED,16.17,TOP,36,DrMundo,24,11,13,0.4583333333333333,24,0.023809523809523808,1008,2.84607233044733,6.639733584218004,368.8695963064184,0.2535070413908879,18.375,0.041666666666666664,0.16666666666666666,5,5,0.00992063492063492,15
overall,MIXED,16.18,ALL,222,Jinx,24,11,13,0.4583333333333333,24,0.014285714285714285,1680,2.842479858104858,6.785281580910245,434.2743742792367,0.2090028230371439,14.166666666666666,0.16666666666666666,0.16666666666666666,42,40,0.23809523809523808,15
overall,MIXED,16.18,BOTTOM,222,Jinx,24,11,13,0.4583333333333333,24,0.07142857142857142,336,2.842479858104858,6.785281580910245,434.2743742792367,0.2090028230371439,14.166666666666666,0.16666666666666666,0.16666666666666666,42,40,0.23809523809523808,15
overall,MIXED,16.14,ALL,555,Pyke,24,11,13,0.4583333333333333,24,0.006896551724137931,3480,3.0590855903355902,1.044593050289491,324.09841843244,0.15249624799574044,66.58333333333333,0.125,0.08333333333333333,132,120,0.3448275862068966,15
overall,MIXED,16.17,UTILITY,235,Senna,24,11,13,0.4583333333333333,24,0.023809523809523808,1008,4.499966931216931,1.425683112721198,320.6810503297848,0.14213282016364587,62.958333333333336,0.041666666666666664,0.0,7,7,0.013888888888888888,15
overall,MIXED,16.12,ALL,147,Seraphine,24,11,13,0.4583333333333333,24,0.02696629213483146,890,2.965551346801347,1.6825339521524958,298.56558486610516,0.16146834442568028,60.5,0.08333333333333333,0.041666666666666664,21,18,0.20224719101123595,15
overall,MIXED,16.16,ALL,234,Viego,24,11,13,0.4583333333333333,24,0.007207207207207207,3330,2.861458333333333,6.335752518895336,403.87184384506514,0.14574043646849547,33.041666666666664,0.0,0.0,21,21,0.06306306306306306,15
overall,MIXED,16.16,JUNGLE,234,Viego,24,11,13,0.4583333333333333,24,0.036036036036036036,666,2.861458333333333,6.335752518895336,403.87184384506514,0.14574043646849547,33.041666666666664,0.0,0.0,21,21,0.06306306306306306,15
overall,MIXED,16.17,ALL,523,Aphelios,24,10,14,0.4166666666666667,24,0.004761904761904762,5040,2.0336294492544496,6.750871988917954,440.5408073005288,0.23120583354888144,14.958333333333334,0.041666666666666664,0.16666666666666666,10,10,0.01984126984126984,15
overall,MIXED,16.17,BOTTOM,523,Aphelios,24,10,14,0.4166666666666667,24,0.023809523809523808,1008,2.0336294492544496,6.750871988917954,440.5408073005288,0.23120583354888144,14.958333333333334,0.041666666666666664,0.16666666666666666,10,10,0.01984126984126984,15
overall,MIXED,16.14,ALL,14,Sion,24,10,14,0.4166666666666667,24,0.006896551724137931,3480,3.6221230158730156,6.134129115951615,375.2721458226691,0.2071031750967336,25.25,0.0,0.08333333333333333,6,6,0.017241379310344827,15
overall,MIXED,16.16,ALL,901,Smolder,24,10,14,0.4166666666666667,24,0.007207207207207207,3330,1.9634980759980765,6.392958740585962,383.74981492331494,0.21897953923769423,14.708333333333334,0.08333333333333333,0.041666666666666664,3,3,0.009009009009009009,15
overall,MIXED,16.16,ALL,18,Tristana,24,9,15,0.375,24,0.007207207207207207,3330,2.5107969576719573,6.368631500659521,457.1999953867799,0.22943295274728065,16.083333333333332,0.125,0.20833333333333334,21,20,0.06006006006006006,15
overall,MIXED,15.19,ALL,21,MissFortune,24,8,16,0.3333333333333333,24,0.020869565217391306,1150,3.3571428571428577,6.870033231097675,380.29923719998186,0.2340672801790635,18.458333333333332,0.041666666666666664,0.041666666666666664,19,18,0.1565217391304348,15
overall,MIXED,15.19,BOTTOM,21,MissFortune,24,8,16,0.3333333333333333,24,0.10434782608695652,230,3.3571428571428577,6.870033231097675,380.29923719998186,0.2340672801790635,18.458333333333332,0.041666666666666664,0.041666666666666664,19,18,0.1565217391304348,15
overall,MIXED,15.24,ALL,45,Veigar,24,8,16,0.3333333333333333,24,0.014035087719298246,1710,3.234060846560847,5.783823384028586,376.2822020685854,0.23199040583061817,20.625,0.0,0.041666666666666664,8,8,0.04678362573099415,15
overall,MIXED,16.15,UTILITY,143,Zyra,24,8,16,0.3333333333333333,24,0.029055690072639227,826,4.174239417989418,1.536143815100426,296.172574662157,0.20252720649565345,71.125,0.0,0.0,17,17,0.04116222760290557,15
overall,MIXED,16.13,ALL,24,Jax,24,5,19,0.20833333333333334,24,0.00729483282674772,3290,1.615388297131718,5.941725229412977,367.96355348697097,0.23170081453692545,18.0,0.08333333333333333,0.08333333333333333,28,28,0.0851063829787234,15
overall,MIXED,16.17,ALL,14,Sion,23,17,6,0.7391304347826086,23,0.004563492063492064,5040,4.036160216594999,6.653774817173498,374.02151324024396,0.19970810878021747,19.652173913043477,0.08695652173913043,0.08695652173913043,4,4,0.007936507936507936,15
overall,MIXED,15.17,ALL,11,MasterYi,23,16,7,0.6956521739130435,23,0.028395061728395062,810,6.464251207729468,6.545828468998987,465.70557111636225,0.27224332741851426,29.782608695652176,0.043478260869565216,0.0,13,13,0.16049382716049382,15
overall,MIXED,15.17,JUNGLE,11,MasterYi,23,16,7,0.6956521739130435,23,0.1419753086419753,162,6.464251207729468,6.545828468998987,465.70557111636225,0.27224332741851426,29.782608695652176,0.043478260869565216,0.0,13,13,0.16049382716049382,15
overall,MIXED,16.16,MIDDLE,157,Yasuo,23,16,7,0.6956521739130435,23,0.03453453453453453,666,3.4484142668925277,7.4724449035598095,442.9079047952633,0.26773392295619786,22.304347826086957,0.13043478260869565,0.21739130434782608,20,19,0.057057057057057055,15
overall,MIXED,15.17,ALL,804,Yunara,23,14,9,0.6086956521739131,23,0.028395061728395062,810,4.4383022774327126,5.81754878203569,372.8512750451284,0.17089602906724496,13.0,0.13043478260869565,0.17391304347826086,32,29,0.35802469135802467,15
overall,MIXED,15.17,BOTTOM,804,Yunara,23,14,9,0.6086956521739131,23,0.1419753086419753,162,4.4383022774327126,5.81754878203569,372.8512750451284,0.17089602906724496,13.0,0.13043478260869565,0.17391304347826086,32,29,0.35802469135802467,15
overall,MIXED,16.7,ALL,103,Ahri,23,13,10,0.5652173913043478,23,0.02987012987012987,770,3.074322416713721,5.819900845819726,333.77620544990936,0.1737521403607923,21.695652173913043,0.13043478260869565,0.043478260869565216,4,4,0.05194805194805195,15
overall,MIXED,16.7,MIDDLE,103,Ahri,23,13,10,0.5652173913043478,23,0.14935064935064934,154,3.074322416713721,5.819900845819726,333.77620544990936,0.1737521403607923,21.695652173913043,0.13043478260869565,0.043478260869565216,4,4,0.05194805194805195,15
overall,MIXED,16.10,ALL,99,Lux,23,13,10,0.5652173913043478,23,0.02072072072072072,1110,3.9505521048999306,2.2994168371795034,323.67946930799195,0.2138286582173144,64.65217391304348,0.13043478260869565,0.08695652173913043,4,4,0.036036036036036036,15
overall,MIXED,16.13,JUNGLE,75,Nasus,23,13,10,0.5652173913043478,23,0.034954407294832825,658,5.570686680469288,5.799286639625835,383.67376298077727,0.149334696288637,23.47826086956522,0.0,0.0,37,36,0.1094224924012158,15
overall,MIXED,16.16,UTILITY,526,Rell,23,13,10,0.5652173913043478,23,0.03453453453453453,666,4.686404416839198,0.9091467533199296,289.3772276079026,0.09760645303944501,74.69565217391305,0.08695652173913043,0.0,15,15,0.04504504504504504,15
overall,MIXED,16.17,ALL,113,Sejuani,23,13,10,0.5652173913043478,23,0.004563492063492064,5040,3.4526915113871643,5.824021601410531,356.9626205876579,0.13628410000114782,30.47826086956522,0.0,0.0,0,0,0.0,15
overall,MIXED,16.15,BOTTOM,147,Seraphine,23,13,10,0.5652173913043478,23,0.02784503631961259,826,4.532091097308489,5.978782406931392,384.70764908702506,0.201819842792689,15.695652173913043,0.13043478260869565,0.08695652173913043,176,161,0.3898305084745763,15
overall,MIXED,16.15,BOTTOM,901,Smolder,23,13,10,0.5652173913043478,23,0.02784503631961259,826,3.8435127674258114,6.4475568326315456,437.31562099433745,0.2523433959430067,19.91304347826087,0.043478260869565216,0.0,6,6,0.014527845036319613,15
overall,MIXED,16.17,UTILITY,50,Swain,23,13,10,0.5652173913043478,23,0.022817460317460316,1008,5.520945479641132,1.4337442883199967,321.82335002592174,0.18238512149080677,56.65217391304348,0.043478260869565216,0.043478260869565216,34,34,0.06746031746031746,15
overall,MIXED,16.16,ALL,711,Vex,23,13,10,0.5652173913043478,23,0.006906906906906907,3330,3.2100884622623753,5.853865560746664,367.45701131699485,0.1974805941410198,21.52173913043478,0.043478260869565216,0.08695652173913043,29,28,0.08408408408408409,15
overall,MIXED,16.16,MIDDLE,711,Vex,23,13,10,0.5652173913043478,23,0.03453453453453453,666,3.2100884622623753,5.853865560746664,367.45701131699485,0.1974805941410198,21.52173913043478,0.043478260869565216,0.08695652173913043,29,28,0.08408408408408409,15
overall,MIXED,16.13,ALL,804,Yunara,23,13,10,0.5652173913043478,23,0.006990881458966565,3290,3.043970642883686,6.879031695690037,471.7484144312853,0.22246725090523908,15.869565217391305,0.08695652173913043,0.0,2,2,0.0060790273556231,15
overall,MIXED,16.13,BOTTOM,804,Yunara,23,13,10,0.5652173913043478,23,0.034954407294832825,658,3.043970642883686,6.879031695690037,471.7484144312853,0.22246725090523908,15.869565217391305,0.08695652173913043,0.0,2,2,0.0060790273556231,15
overall,MIXED,16.16,ALL,84,Akali,23,12,11,0.5217391304347826,23,0.006906906906906907,3330,4.5589026915113875,5.989232394299205,382.52100980841374,0.24135933369372892,24.434782608695652,0.0,0.13043478260869565,69,66,0.1981981981981982,15
overall,MIXED,16.14,TOP,86,Garen,23,12,11,0.5217391304347826,23,0.033045977011494254,696,3.6130560260995046,7.242193019755075,421.9666758517825,0.21160805337174035,24.130434782608695,0.21739130434782608,0.30434782608695654,28,28,0.08045977011494253,15
overall,MIXED,16.14,TOP,420,Illaoi,23,12,11,0.5217391304347826,23,0.033045977011494254,696,2.2016254277123846,6.209123022572979,385.7125273810935,0.24808680956211906,23.82608695652174,0.21739130434782608,0.21739130434782608,59,57,0.16379310344827586,15
overall,MIXED,16.15,ALL,55,Katarina,23,12,11,0.5217391304347826,23,0.005569007263922518,4130,2.6780679465462076,5.658642316533347,363.6787823147955,0.1805386614474346,19.91304347826087,0.17391304347826086,0.043478260869565216,17,15,0.03631961259079903,15
overall,MIXED,16.14,BOTTOM,800,Mel,23,12,11,0.5217391304347826,23,0.033045977011494254,696,5.133785055524186,7.186188537867107,442.96116485474437,0.24167601064177593,22.043478260869566,0.17391304347826086,0.08695652173913043,168,151,0.4339080459770115,15
overall,MIXED,16.15,ALL,62,MonkeyKing,23,12,11,0.5217391304347826,23,0.005569007263922518,4130,5.107774954514086,6.111016528533263,408.15558456107993,0.15851030952757356,23.73913043478261,0.13043478260869565,0.08695652173913043,17,17,0.04116222760290557,15
overall,MIXED,16.17,BOTTOM,45,Veigar,23,12,11,0.5217391304347826,23,0.022817460317460316,1008,3.339671922280618,6.008094422614866,434.96309342859246,0.2151295630786857,19.47826086956522,0.043478260869565216,0.0,63,61,0.12103174603174603,15
overall,MIXED,16.11,ALL,83,Yorick,23,12,11,0.5217391304347826,23,0.019491525423728815,1180,1.7125603864734298,6.943257207170785,401.98057304189655,0.2527835724580801,22.17391304347826,0.0,0.30434782608695654,40,37,0.3135593220338983,15
overall,MIXED,15.24,ALL,141,Kayn,23,11,12,0.4782608695652174,23,0.013450292397660818,1710,2.229761904761905,5.747317305868525,359.0066290643525,0.13555615199958332,26.565217391304348,0.0,0.0,6,5,0.029239766081871343,15
overall,MIXED,15.24,JUNGLE,141,Kayn,23,11,12,0.4782608695652174,23,0.06725146198830409,342,2.229761904761905,5.747317305868525,359.0066290643525,0.13555615199958332,26.565217391304348,0.0,0.0,6,5,0.029239766081871343,15
overall,MIXED,16.18,ALL,90,Malzahar,23,11,12,0.4782608695652174,23,0.01369047619047619,1680,3.0987922705314013,7.892563036349166,411.3810486255976,0.24292564767823369,31.08695652173913,0.0,0.08695652173913043,33,33,0.19642857142857142,15
overall,MIXED,16.14,UTILITY,555,Pyke,23,11,12,0.4782608695652174,23,0.033045977011494254,696,3.155300013995666,0.9381606910223886,325.2483821150963,0.1539986028591143,68.34782608695652,0.13043478260869565,0.043478260869565216,132,120,0.3448275862068966,15
overall,MIXED,16.14,TOP,17,Teemo,23,11,12,0.4782608695652174,23,0.033045977011494254,696,2.8811912724956206,5.995954632723137,400.31070591780497,0.255627567492672,20.434782608695652,0.13043478260869565,0.17391304347826086,102,99,0.28448275862068967,15
overall,MIXED,16.13,ALL,110,Varus,23,11,12,0.4782608695652174,23,0.006990881458966565,3290,4.526086956521739,5.951231155484385,434.21053888006526,0.22286558900742842,14.608695652173912,0.08695652173913043,0.13043478260869565,23,22,0.0668693009118541,15
overall,MIXED,16.18,ALL,234,Viego,23,11,12,0.4782608695652174,23,0.01369047619047619,1680,2.643461007591442,6.834679083317431,415.9957008532776,0.17888252511977767,22.91304347826087,0.13043478260869565,0.0,12,12,0.07142857142857142,15
overall,MIXED,16.18,JUNGLE,234,Viego,23,11,12,0.4782608695652174,23,0.06845238095238096,336,2.643461007591442,6.834679083317431,415.9957008532776,0.17888252511977767,22.91304347826087,0.13043478260869565,0.0,12,12,0.07142857142857142,15
overall,MIXED,16.18,ALL,31,Chogath,23,10,13,0.43478260869565216,23,0.01369047619047619,1680,4.626990400903445,6.111538206940973,379.69965849996476,0.18121854971857457,23.73913043478261,0.08695652173913043,0.043478260869565216,5,5,0.02976190476190476,15
overall,MIXED,16.17,MIDDLE,39,Irelia,23,9,14,0.391304347826087,23,0.022817460317460316,1008,2.9200721983330675,8.266618629291289,438.8231081750514,0.21677076520390595,16.434782608695652,0.08695652173913043,0.17391304347826086,54,53,0.10515873015873016,15
overall,MIXED,16.14,TOP,54,Malphite,23,9,14,0.391304347826087,23,0.033045977011494254,696,2.9419913419913417,5.871331950090229,344.1221300849274,0.2110241778522299,23.26086956521739,0.043478260869565216,0.13043478260869565,33,32,0.09195402298850575,15
overall,MIXED,16.18,UTILITY,147,Seraphine,23,9,14,0.391304347826087,23,0.06845238095238096,336,2.903425559947299,0.9483984380074403,272.302446596626,0.12049046256894755,64.52173913043478,0.08695652173913043,0.0,52,49,0.2916666666666667,15
overall,MIXED,16.17,ALL,15,Sivir,23,9,14,0.391304347826087,23,0.004563492063492064,5040,3.447481021394065,6.936367598693125,408.01085498480904,0.20006712560720083,17.608695652173914,0.0,0.13043478260869565,12,12,0.023809523809523808,15
overall,MIXED,16.17,BOTTOM,15,Sivir,23,9,14,0.391304347826087,23,0.022817460317460316,1008,3.447481021394065,6.936367598693125,408.01085498480904,0.20006712560720083,17.608695652173914,0.0,0.13043478260869565,12,12,0.023809523809523808,15
overall,MIXED,16.17,MIDDLE,134,Syndra,23,9,14,0.391304347826087,23,0.022817460317460316,1008,4.455459878285965,6.651213351554295,392.2009274933903,0.22608617271051837,21.91304347826087,0.0,0.13043478260869565,27,27,0.05357142857142857,15
overall,MIXED,16.13,ALL,17,Teemo,23,9,14,0.391304347826087,23,0.006990881458966565,3290,2.967615596963423,5.05744205220553,365.5681296629718,0.23815196801155125,38.82608695652174,0.0,0.043478260869565216,108,103,0.3130699088145897,15
overall,MIXED,15.24,ALL,122,Darius,23,8,15,0.34782608695652173,23,0.013450292397660818,1710,1.4106515465211118,5.682352317832519,352.2448865169474,0.21559702784998763,12.956521739130435,0.0,0.043478260869565216,16,16,0.0935672514619883,15
overall,MIXED,16.15,ALL,234,Viego,23,8,15,0.34782608695652173,23,0.005569007263922518,4130,3.1501035196687375,6.432179753919494,425.280608731665,0.18155080622098513,27.391304347826086,0.043478260869565216,0.043478260869565216,27,27,0.06537530266343826,15
overall,MIXED,16.5,ALL,103,Ahri,23,7,16,0.30434782608695654,23,0.028395061728395062,810,2.152553485162181,6.3659226731009415,348.1080853998897,0.22774287724121717,16.652173913043477,0.0,0.043478260869565216,13,13,0.16049382716049382,15
overall,MIXED,16.5,MIDDLE,103,Ahri,23,7,16,0.30434782608695654,23,0.1419753086419753,162,2.152553485162181,6.3659226731009415,348.1080853998897,0.22774287724121717,16.652173913043477,0.0,0.043478260869565216,13,13,0.16049382716049382,15
overall,MIXED,16.14,JUNGLE,950,Naafiri,23,7,16,0.30434782608695654,23,0.033045977011494254,696,3.3307562003214186,5.964832429847074,401.26037517236693,0.1601300364800525,19.434782608695652,0.043478260869565216,0.0,60,57,0.16379310344827586,15
overall,MIXED,16.17,ALL,106,Volibear,23,7,16,0.30434782608695654,23,0.004563492063492064,5040,1.721083505866115,6.148335749338555,381.6967656525496,0.20289022300820206,22.47826086956522,0.13043478260869565,0.08695652173913043,3,3,0.005952380952380952,15
overall,MIXED,16.3,ALL,89,Leona,22,17,5,0.7727272727272727,22,0.025,880,4.584204053522235,0.9962345097048264,284.6958158326333,0.1028355802661078,71.72727272727273,0.13636363636363635,0.0,16,16,0.18181818181818182,15
overall,MIXED,16.3,UTILITY,89,Leona,22,17,5,0.7727272727272727,22,0.125,176,4.584204053522235,0.9962345097048264,284.6958158326333,0.1028355802661078,71.72727272727273,0.13636363636363635,0.0,16,16,0.18181818181818182,15
overall,MIXED,16.15,TOP,74,Heimerdinger,22,15,7,0.6818181818181818,22,0.026634382566585957,826,2.7699855699855704,6.7390325160732,412.7302698381356,0.3363843323468844,23.90909090909091,0.13636363636363635,0.2727272727272727,36,35,0.0847457627118644,15
overall,MIXED,16.10,ALL,102,Shyvana,22,15,7,0.6818181818181818,22,0.01981981981981982,1110,4.614772727272727,6.89793584656007,420.4208084249333,0.16886884334538677,29.5,0.0,0.045454545454545456,18,17,0.15315315315315314,15
overall,MIXED,16.15,ALL,34,Anivia,22,14,8,0.6363636363636364,22,0.005326876513317191,4130,2.6569624819624815,6.089278572219825,368.23359940933636,0.17460249518337842,24.818181818181817,0.09090909090909091,0.09090909090909091,3,3,0.007263922518159807,15
overall,MIXED,15.24,ALL,266,Aatrox,22,13,9,0.5909090909090909,22,0.012865497076023392,1710,4.747874852420306,5.9533549710772995,377.85227508186887,0.21469265668418397,19.136363636363637,0.18181818181818182,0.18181818181818182,19,19,0.1111111111111111,15
overall,MIXED,16.18,ALL,54,Malphite,22,13,9,0.5909090909090909,22,0.013095238095238096,1680,5.271320346320347,5.677030409662565,361.4195362449531,0.2289552684694839,28.09090909090909,0.09090909090909091,0.22727272727272727,25,25,0.1488095238095238,15
overall,MIXED,16.17,UTILITY,80,Pantheon,22,13,9,0.5909090909090909,22,0.021825396825396824,1008,4.752104839604839,1.294148459883884,333.8155715000095,0.16911188734150998,73.04545454545455,0.09090909090909091,0.09090909090909091,19,19,0.037698412698412696,15
overall,MIXED,16.16,ALL,3,Galio,22,12,10,0.5454545454545454,22,0.006606606606606606,3330,4.068841007477371,5.37892997810882,345.4664481027707,0.1614500698909012,30.0,0.09090909090909091,0.0,30,30,0.09009009009009009,15
overall,MIXED,15.19,ALL,89,Leona,22,12,10,0.5454545454545454,22,0.019130434782608695,1150,3.170238095238096,1.0804066202592653,268.22598171474414,0.0974394014802022,62.59090909090909,0.045454545454545456,0.13636363636363635,13,13,0.11304347826086956,15
overall,MIXED,15.19,UTILITY,89,Leona,22,12,10,0.5454545454545454,22,0.09565217391304348,230,3.170238095238096,1.0804066202592653,268.22598171474414,0.0974394014802022,62.59090909090909,0.045454545454545456,0.13636363636363635,13,13,0.11304347826086956,15
overall,MIXED,16.14,UTILITY,235,Senna,22,12,10,0.5454545454545454,22,0.031609195402298854,696,5.3126967729240455,1.4844206991189786,311.34781671403925,0.1527175251860045,67.54545454545455,0.0,0.09090909090909091,46,43,0.1235632183908046,15
overall,MIXED,16.17,ALL,23,Tryndamere,22,12,10,0.5454545454545454,22,0.004365079365079365,5040,3.09853404171586,7.000377683154462,437.53699266613205,0.21367387435181728,25.09090909090909,0.09090909090909091,0.045454545454545456,16,16,0.031746031746031744,15
overall,MIXED,15.18,ALL,777,Yone,22,12,10,0.5454545454545454,22,0.033846153846153845,650,2.868604879968516,6.517051091242538,386.8650067122399,0.23480001483930443,16.272727272727273,0.045454545454545456,0.09090909090909091,5,4,0.06153846153846154,15
overall,MIXED,16.10,ALL,83,Yorick,22,12,10,0.5454545454545454,22,0.01981981981981982,1110,3.5312770562770557,7.203406623496618,405.7487906178938,0.2998349271730898,23.181818181818183,0.22727272727272727,0.4090909090909091,40,36,0.32432432432432434,15
overall,MIXED,16.10,TOP,83,Yorick,22,12,10,0.5454545454545454,22,0.0990990990990991,222,3.5312770562770557,7.203406623496618,405.7487906178938,0.2998349271730898,23.181818181818183,0.22727272727272727,0.4090909090909091,40,36,0.32432432432432434,15
overall,MIXED,15.20,BOTTOM,22,Ashe,22,11,11,0.5,22,0.16666666666666666,132,4.670833333333333,6.256034971992694,369.2728775261621,0.2068472371173426,19.227272727272727,0.13636363636363635,0.09090909090909091,20,18,0.2727272727272727,15
overall,MIXED,16.1,ALL,131,Diana,22,11,11,0.5,22,0.02857142857142857,770,3.219295224977043,6.243729809777633,407.645336283058,0.1891014779875527,29.681818181818183,0.045454545454545456,0.0,14,14,0.18181818181818182,15
overall,MIXED,16.15,TOP,39,Irelia,22,11,11,0.5,22,0.026634382566585957,826,1.2608508915327101,6.6477765975377645,383.346673114207,0.2017356385194809,24.772727272727273,0.09090909090909091,0.13636363636363635,45,44,0.10653753026634383,15
overall,MIXED,16.17,JUNGLE,24,Jax,22,11,11,0.5,22,0.021825396825396824,1008,3.834343434343434,6.221073425821181,416.5086068287065,0.17555339415106327,27.59090909090909,0.045454545454545456,0.0,43,43,0.08531746031746032,15
overall,MIXED,16.15,JUNGLE,62,MonkeyKing,22,11,11,0.5,22,0.026634382566585957,826,4.658128361537453,6.021623193334201,401.55718438887834,0.15045105869232384,23.727272727272727,0.13636363636363635,0.09090909090909091,17,17,0.04116222760290557,15
overall,MIXED,16.13,JUNGLE,950,Naafiri,22,11,11,0.5,22,0.03343465045592705,658,5.6112012987013,6.07939005936976,429.965705589706,0.19642161486278178,27.772727272727273,0.045454545454545456,0.045454545454545456,55,52,0.1580547112462006,15
overall,MIXED,16.13,ALL,518,Neeko,22,11,11,0.5,22,0.006686930091185411,3290,2.7929456906729637,1.5134552561390606,306.25681076188175,0.1535689225716554,74.13636363636364,0.045454545454545456,0.0,9,9,0.02735562310030395,15
overall,MIXED,16.18,ALL,80,Pantheon,22,11,11,0.5,22,0.013095238095238096,1680,2.917243867243867,2.290869181188764,343.12640382769905,0.1895825032926804,51.72727272727273,0.09090909090909091,0.0,3,3,0.017857142857142856,15
overall,MIXED,16.16,ALL,58,Renekton,22,11,11,0.5,22,0.006606606606606606,3330,2.7245670995670994,6.579938640291596,372.6746286066837,0.2203741007771809,25.09090909090909,0.18181818181818182,0.3181818181818182,11,11,0.03303303303303303,15
overall,MIXED,16.16,TOP,58,Renekton,22,11,11,0.5,22,0.03303303303303303,666,2.7245670995670994,6.579938640291596,372.6746286066837,0.2203741007771809,25.09090909090909,0.18181818181818182,0.3181818181818182,11,11,0.03303303303303303,15
overall,MIXED,16.12,UTILITY,147,Seraphine,22,11,11,0.5,22,0.12359550561797752,178,3.053328741965106,1.1899746858280646,294.8452741880105,0.15948820637180164,65.36363636363636,0.09090909090909091,0.045454545454545456,21,18,0.20224719101123595,15
overall,MIXED,16.16,ALL,412,Thresh,22,11,11,0.5,22,0.006606606606606606,3330,4.448458612094976,0.9309750133182342,272.92174055524083,0.09302034171780238,64.18181818181819,0.22727272727272727,0.045454545454545456,24,22,0.06606606606606606,15
overall,MIXED,16.16,UTILITY,412,Thresh,22,11,11,0.5,22,0.03303303303303303,666,4.448458612094976,0.9309750133182342,272.92174055524083,0.09302034171780238,64.18181818181819,0.22727272727272727,0.045454545454545456,24,22,0.06606606606606606,15
overall,MIXED,16.13,BOTTOM,110,Varus,22,11,11,0.5,22,0.03343465045592705,658,4.701515151515152,5.92229944707089,439.44791976956424,0.22271617353070425,15.0,0.09090909090909091,0.13636363636363635,23,22,0.0668693009118541,15
overall,MIXED,16.17,MIDDLE,101,Xerath,22,11,11,0.5,22,0.021825396825396824,1008,3.940048209366391,5.8407528592402835,372.98187022129054,0.2770891271999594,21.59090909090909,0.09090909090909091,0.045454545454545456,107,105,0.20833333333333334,15
overall,MIXED,16.16,ALL,143,Zyra,22,11,11,0.5,22,0.006606606606606606,3330,5.336065197428834,4.077290090647257,370.15858294686575,0.22043805375110717,47.36363636363637,0.13636363636363635,0.09090909090909091,24,24,0.07207207207207207,15
overall,MIXED,15.24,ALL,51,Caitlyn,22,10,12,0.45454545454545453,22,0.012865497076023392,1710,3.951569264069265,6.205916877578235,390.9549855587276,0.23322635639970812,12.909090909090908,0.13636363636363635,0.09090909090909091,17,17,0.09941520467836257,15
overall,MIXED,16.17,MIDDLE,800,Mel,22,10,12,0.45454545454545453,22,0.021825396825396824,1008,3.4088203463203457,7.333801707849411,409.2146324424932,0.2332076484037069,23.772727272727273,0.18181818181818182,0.09090909090909091,146,133,0.2638888888888889,15
overall,MIXED,16.3,ALL,21,MissFortune,22,10,12,0.45454545454545453,22,0.025,880,3.6060966810966817,6.80490658105924,488.6521048503293,0.2889327021264925,20.136363636363637,0.22727272727272727,0.13636363636363635,28,26,0.29545454545454547,15
overall,MIXED,16.3,BOTTOM,21,MissFortune,22,10,12,0.45454545454545453,22,0.125,176,3.6060966810966817,6.80490658105924,488.6521048503293,0.2889327021264925,20.136363636363637,0.22727272727272727,0.13636363636363635,28,26,0.29545454545454547,15
overall,MIXED,16.17,ALL,518,Neeko,22,10,12,0.45454545454545453,22,0.004365079365079365,5040,3.025013118194937,2.1019437501686884,312.7397004041262,0.1742059452564777,60.5,0.045454545454545456,0.0,13,13,0.025793650793650792,15
overall,MIXED,16.13,ALL,134,Syndra,22,10,12,0.45454545454545453,22,0.006686930091185411,3290,2.1134032634032636,6.463767423016435,369.44089617543335,0.21125485046943118,21.772727272727273,0.0,0.045454545454545456,31,31,0.09422492401215805,15
overall,MIXED,16.14,MIDDLE,134,Syndra,22,10,12,0.45454545454545453,22,0.031609195402298854,696,2.3292486553850194,6.240831964625524,357.62898386331983,0.2553276417812546,19.0,0.045454545454545456,0.09090909090909091,29,29,0.08333333333333333,15
overall,MIXED,16.16,JUNGLE,91,Talon,22,10,12,0.45454545454545453,22,0.03303303303303303,666,4.249691974691975,6.530720559859886,383.00361408810005,0.15314479121614616,25.727272727272727,0.0,0.0,9,9,0.02702702702702703,15
overall,MIXED,16.17,JUNGLE,143,Zyra,22,10,12,0.45454545454545453,22,0.021825396825396824,1008,3.92224517906336,6.626572654084932,386.48858616272906,0.1989619566341375,30.818181818181817,0.0,0.045454545454545456,18,18,0.03571428571428571,15
overall,MIXED,16.14,ALL,145,Kaisa,22,9,13,0.4090909090909091,22,0.00632183908045977,3480,1.9194444444444443,6.659601417500697,438.1553828812583,0.2311123765856231,17.681818181818183,0.22727272727272727,0.13636363636363635,0,0,0.0,15
overall,MIXED,16.14,BOTTOM,145,Kaisa,22,9,13,0.4090909090909091,22,0.031609195402298854,696,1.9194444444444443,6.659601417500697,438.1553828812583,0.2311123765856231,17.681818181818183,0.22727272727272727,0.13636363636363635,0,0,0.0,15
overall,MIXED,16.11,ALL,110,Varus,22,9,13,0.4090909090909091,22,0.01864406779661017,1180,1.7299242424242427,6.6351908766341685,430.23278086640124,0.223803766948855,15.909090909090908,0.09090909090909091,0.13636363636363635,18,17,0.1440677966101695,15
overall,MIXED,16.11,BOTTOM,110,Varus,22,9,13,0.4090909090909091,22,0.09322033898305085,236,1.7299242424242427,6.6351908766341685,430.23278086640124,0.223803766948855,15.909090909090908,0.09090909090909091,0.13636363636363635,18,17,0.1440677966101695,15
overall,MIXED,16.14,ALL,143,Zyra,22,9,13,0.4090909090909091,22,0.00632183908045977,3480,3.0500221369539546,2.9630689375199584,344.39543853219,0.22550913257223063,62.27272727272727,0.045454545454545456,0.045454545454545456,18,18,0.05172413793103448,15
overall,MIXED,16.3,ALL,22,Ashe,22,8,14,0.36363636363636365,22,0.025,880,2.0883362849271943,5.751161899285,370.59596865432434,0.17714733082711215,20.181818181818183,0.045454545454545456,0.09090909090909091,5,4,0.045454545454545456,15
overall,MIXED,15.24,TOP,122,Darius,22,8,14,0.36363636363636365,22,0.06432748538011696,342,1.4127886002886003,5.674912401682383,351.2286064807381,0.21785151977463657,12.454545454545455,0.0,0.045454545454545456,16,16,0.0935672514619883,15
overall,MIXED,16.17,MIDDLE,131,Diana,22,8,14,0.36363636363636365,22,0.021825396825396824,1008,2.5806457431457432,6.227052980653087,378.6656803209635,0.2433174609403158,21.272727272727273,0.22727272727272727,0.18181818181818182,19,19,0.037698412698412696,15
overall,MIXED,16.17,TOP,887,Gwen,22,8,14,0.36363636363636365,22,0.021825396825396824,1008,1.9075068870523415,5.900243811952084,355.10761169824997,0.24717577259234036,20.636363636363637,0.045454545454545456,0.09090909090909091,9,9,0.017857142857142856,15
overall,MIXED,16.15,ALL,236,Lucian,22,8,14,0.36363636363636365,22,0.005326876513317191,4130,2.8047258297258297,5.977069507031738,407.8510376391686,0.1929685471271043,16.045454545454547,0.13636363636363635,0.22727272727272727,2,2,0.004842615012106538,15
overall,MIXED,16.15,BOTTOM,236,Lucian,22,8,14,0.36363636363636365,22,0.026634382566585957,826,2.8047258297258297,5.977069507031738,407.8510376391686,0.1929685471271043,16.045454545454547,0.13636363636363635,0.22727272727272727,2,2,0.004842615012106538,15
overall,MIXED,16.15,JUNGLE,234,Viego,22,8,14,0.36363636363636365,22,0.026634382566585957,826,3.293290043290044,6.553294246801377,434.0364063456276,0.17659852017492414,28.5,0.045454545454545456,0.045454545454545456,27,27,0.06537530266343826,15
overall,MIXED,16.13,JUNGLE,805,Locke,22,7,15,0.3181818181818182,22,0.03343465045592705,658,4.3478854478854485,5.885422821758012,377.1769986661417,0.1577787157916899,26.0,0.045454545454545456,0.045454545454545456,144,129,0.39209726443769,15
overall,MIXED,15.13,ALL,21,MissFortune,22,7,15,0.3181818181818182,22,0.022916666666666665,960,3.37739898989899,6.864557499180986,404.4667120680231,0.2507134019899886,19.90909090909091,0.2727272727272727,0.13636363636363635,11,10,0.10416666666666667,15
overall,MIXED,15.13,BOTTOM,21,MissFortune,22,7,15,0.3181818181818182,22,0.11458333333333333,192,3.37739898989899,6.864557499180986,404.4667120680231,0.2507134019899886,19.90909090909091,0.2727272727272727,0.13636363636363635,11,10,0.10416666666666667,15
overall,MIXED,16.13,ALL,115,Ziggs,22,7,15,0.3181818181818182,22,0.006686930091185411,3290,2.4342955024773203,5.765098065227288,390.0438817144011,0.2530705420437855,15.136363636363637,0.09090909090909091,0.13636363636363635,19,19,0.057750759878419454,15
overall,MIXED,16.13,ALL,18,Tristana,22,6,16,0.2727272727272727,22,0.006686930091185411,3290,2.768816410861865,6.5259984471792105,438.88733120860167,0.22568956363768458,17.772727272727273,0.09090909090909091,0.18181818181818182,14,14,0.0425531914893617,15
overall,MIXED,15.19,ALL,131,Diana,21,15,6,0.7142857142857143,21,0.018260869565217393,1150,5.110922146636433,6.840530081311512,406.5924516632539,0.1901345455835429,24.61904761904762,0.09523809523809523,0.09523809523809523,36,32,0.2782608695652174,15
overall,MIXED,16.18,ALL,22,Ashe,21,14,7,0.6666666666666666,21,0.0125,1680,4.749462310176595,6.443782235050035,426.2661688645382,0.18774852351429658,19.285714285714285,0.19047619047619047,0.19047619047619047,22,22,0.13095238095238096,15
overall,MIXED,16.18,BOTTOM,22,Ashe,21,14,7,0.6666666666666666,21,0.0625,336,4.749462310176595,6.443782235050035,426.2661688645382,0.18774852351429658,19.285714285714285,0.19047619047619047,0.19047619047619047,22,22,0.13095238095238096,15
overall,MIXED,16.15,JUNGLE,36,DrMundo,21,14,7,0.6666666666666666,21,0.025423728813559324,826,6.576133786848072,5.625897324727548,409.9345237160818,0.17852483970397187,21.952380952380953,0.0,0.047619047619047616,11,11,0.026634382566585957,15
overall,MIXED,16.11,ALL,21,MissFortune,21,14,7,0.6666666666666666,21,0.017796610169491526,1180,4.1863378684807255,6.5337366328426345,476.7670765733674,0.26817645855872063,19.61904761904762,0.09523809523809523,0.19047619047619047,11,11,0.09322033898305085,15
overall,MIXED,16.11,BOTTOM,21,MissFortune,21,14,7,0.6666666666666666,21,0.08898305084745763,236,4.1863378684807255,6.5337366328426345,476.7670765733674,0.26817645855872063,19.61904761904762,0.09523809523809523,0.19047619047619047,11,11,0.09322033898305085,15
overall,MIXED,16.10,JUNGLE,102,Shyvana,21,14,7,0.6666666666666666,21,0.0945945945945946,222,4.739285714285714,6.960870948715374,424.02387104009705,0.17051915794852648,28.428571428571427,0.0,0.047619047619047616,18,17,0.15315315315315314,15
overall,MIXED,16.15,BOTTOM,45,Veigar,21,14,7,0.6666666666666666,21,0.025423728813559324,826,3.3677335891621603,6.340357026180765,441.05741053599183,0.24856216614091595,19.285714285714285,0.0,0.0,52,50,0.12106537530266344,15
overall,MIXED,15.19,ALL,234,Viego,21,13,8,0.6190476190476191,21,0.018260869565217393,1150,4.95926097711812,6.151166782890212,390.20975430791805,0.15046005735165302,29.571428571428573,0.09523809523809523,0.09523809523809523,10,9,0.0782608695652174,15
overall,MIXED,15.19,JUNGLE,234,Viego,21,13,8,0.6190476190476191,21,0.09090909090909091,231,4.95926097711812,6.151166782890212,390.20975430791805,0.15046005735165302,29.571428571428573,0.09523809523809523,0.09523809523809523,10,9,0.0782608695652174,15
overall,MIXED,16.6,ALL,21,MissFortune,21,12,9,0.5714285714285714,21,0.02763157894736842,760,5.316695011337869,6.327220667517462,449.7148490824751,0.23546057490867286,16.857142857142858,0.09523809523809523,0.23809523809523808,16,16,0.21052631578947367,15
overall,MIXED,16.6,BOTTOM,21,MissFortune,21,12,9,0.5714285714285714,21,0.13815789473684212,152,5.316695011337869,6.327220667517462,449.7148490824751,0.23546057490867286,16.857142857142858,0.09523809523809523,0.23809523809523808,16,16,0.21052631578947367,15
overall,MIXED,15.18,ALL,82,Mordekaiser,21,12,9,0.5714285714285714,21,0.03230769230769231,650,3.8623015873015873,5.956753746230511,375.481996482974,0.2428028685966909,16.61904761904762,0.19047619047619047,0.3333333333333333,21,19,0.2923076923076923,15
overall,MIXED,15.18,TOP,82,Mordekaiser,21,12,9,0.5714285714285714,21,0.16153846153846155,130,3.8623015873015873,5.956753746230511,375.481996482974,0.2428028685966909,16.61904761904762,0.19047619047619047,0.3333333333333333,21,19,0.2923076923076923,15
overall,MIXED,16.17,JUNGLE,113,Sejuani,21,12,9,0.5714285714285714,21,0.020833333333333332,1008,3.7373015873015882,6.016009249015697,364.2130410828944,0.13141487265082294,29.761904761904763,0.0,0.0,0,0,0.0,15
overall,MIXED,16.14,ALL,875,Sett,21,12,9,0.5714285714285714,21,0.00603448275862069,3480,2.8324263038548754,6.320864707591547,385.4870720004389,0.23574196584784352,23.714285714285715,0.2857142857142857,0.047619047619047616,4,4,0.011494252873563218,15
overall,MIXED,16.17,UTILITY,223,TahmKench,21,12,9,0.5714285714285714,21,0.020833333333333332,1008,3.7479797979797977,0.9881823449345032,305.20709838087333,0.1762880905684884,55.76190476190476,0.09523809523809523,0.047619047619047616,21,21,0.041666666666666664,15
overall,MIXED,16.18,ALL,23,Tryndamere,21,12,9,0.5714285714285714,21,0.0125,1680,2.6859410430839006,7.148255819818073,454.2439955152907,0.25139542921170815,21.142857142857142,0.047619047619047616,0.14285714285714285,6,6,0.03571428571428571,15
overall,MIXED,16.15,ALL,161,Velkoz,21,12,9,0.5714285714285714,21,0.005084745762711864,4130,4.299507106649964,2.4052936908476785,333.8684982642185,0.23983710180444168,52.04761904761905,0.19047619047619047,0.0,8,8,0.01937046004842615,15
overall,MIXED,16.15,MIDDLE,55,Katarina,21,11,10,0.5238095238095238,21,0.025423728813559324,826,2.6061379097093385,5.625717823708752,358.05763893216965,0.17286210220518497,19.761904761904763,0.19047619047619047,0.047619047619047616,17,15,0.03631961259079903,15
overall,MIXED,15.24,ALL,876,Lillia,21,11,10,0.5238095238095238,21,0.012280701754385965,1710,5.371016285302,5.586238390991575,386.9697336762331,0.19799587978188238,25.761904761904763,0.0,0.047619047619047616,10,10,0.05847953216374269,15
overall,MIXED,16.17,ALL,876,Lillia,21,11,10,0.5238095238095238,21,0.004166666666666667,5040,4.8277547848976425,5.8915064362952565,385.3225113062907,0.17929403981866057,31.38095238095238,0.09523809523809523,0.0,27,27,0.05357142857142857,15
overall,MIXED,15.24,JUNGLE,876,Lillia,21,11,10,0.5238095238095238,21,0.06140350877192982,342,5.371016285302,5.586238390991575,386.9697336762331,0.19799587978188238,25.761904761904763,0.0,0.047619047619047616,10,10,0.05847953216374269,15
overall,MIXED,16.17,JUNGLE,876,Lillia,21,11,10,0.5238095238095238,21,0.020833333333333332,1008,4.8277547848976425,5.8915064362952565,385.3225113062907,0.17929403981866057,31.38095238095238,0.09523809523809523,0.0,27,27,0.05357142857142857,15
overall,MIXED,16.10,UTILITY,99,Lux,21,11,10,0.5238095238095238,21,0.0945945945945946,222,3.8506046863189716,1.8451105110085964,322.88192503706307,0.2130229509849698,69.80952380952381,0.14285714285714285,0.047619047619047616,4,4,0.036036036036036036,15
overall,MIXED,15.17,ALL,82,Mordekaiser,21,11,10,0.5238095238095238,21,0.025925925925925925,810,2.4207860922146636,5.222642083115636,358.1769625254989,0.21000812116779558,16.761904761904763,0.047619047619047616,0.19047619047619047,23,22,0.2716049382716049,15
overall,MIXED,16.9,ALL,147,Seraphine,21,11,10,0.5238095238095238,21,0.026582278481012658,790,4.136222771937058,1.2475859255460418,308.67101916099944,0.1661605338275324,50.142857142857146,0.0,0.047619047619047616,5,5,0.06329113924050633,15
overall,MIXED,16.13,BOTTOM,147,Seraphine,21,11,10,0.5238095238095238,21,0.031914893617021274,658,5.251360544217686,5.602981429518445,369.99076301943086,0.19012862208208667,13.047619047619047,0.09523809523809523,0.047619047619047616,104,96,0.2917933130699088,15
overall,MIXED,16.15,BOTTOM,112,Viktor,21,11,10,0.5238095238095238,21,0.025423728813559324,826,4.11503396230287,6.075494155614109,389.67727513223707,0.227820394386315,17.857142857142858,0.19047619047619047,0.0,96,89,0.21549636803874092,15
overall,MIXED,16.16,ALL,19,Warwick,21,11,10,0.5238095238095238,21,0.006306306306306306,3330,3.312747834176406,5.341128792102204,399.5154164152608,0.16562869726311497,24.047619047619047,0.0,0.047619047619047616,15,15,0.04504504504504504,15
overall,MIXED,16.9,ALL,103,Ahri,21,10,11,0.47619047619047616,21,0.026582278481012658,790,3.656651549508691,6.3986299483501785,373.42429609465745,0.2253308518254362,22.142857142857142,0.09523809523809523,0.0,3,3,0.0379746835443038,15
overall,MIXED,16.9,MIDDLE,103,Ahri,21,10,11,0.47619047619047616,21,0.13291139240506328,158,3.656651549508691,6.3986299483501785,373.42429609465745,0.2253308518254362,22.142857142857142,0.09523809523809523,0.0,3,3,0.0379746835443038,15
overall,MIXED,15.24,BOTTOM,51,Caitlyn,21,10,11,0.47619047619047616,21,0.06158357771260997,341,4.100056689342404,6.235843167523275,395.2362759508603,0.23724714481204318,12.476190476190476,0.14285714285714285,0.09523809523809523,17,17,0.09941520467836257,15
overall,MIXED,16.16,ALL,420,Illaoi,21,10,11,0.47619047619047616,21,0.006306306306306306,3330,1.8280045351473924,7.074290644799902,392.82784524699827,0.2782926649818355,18.80952380952381,0.09523809523809523,0.3333333333333333,74,67,0.2012012012012012,15
overall,MIXED,16.17,JUNGLE,950,Naafiri,21,10,11,0.47619047619047616,21,0.020833333333333332,1008,3.2121160585446296,5.832458718312964,398.30595265492644,0.1639243919863276,27.19047619047619,0.0,0.047619047619047616,20,20,0.03968253968253968,15
overall,MIXED,16.14,ALL,102,Shyvana,21,10,11,0.47619047619047616,21,0.00603448275862069,3480,4.482106782106781,6.302979377847211,426.08214049103384,0.19465937701181588,27.0,0.047619047619047616,0.047619047619047616,22,22,0.06321839080459771,15
overall,MIXED,16.14,JUNGLE,102,Shyvana,21,10,11,0.47619047619047616,21,0.03017241379310345,696,4.482106782106781,6.302979377847211,426.08214049103384,0.19465937701181588,27.0,0.047619047619047616,0.047619047619047616,22,22,0.06321839080459771,15
overall,MIXED,16.18,ALL,103,Ahri,21,9,12,0.42857142857142855,21,0.0125,1680,2.7037473108901677,6.337396707056056,359.2613965393546,0.22610687491458217,26.38095238095238,0.14285714285714285,0.14285714285714285,8,8,0.047619047619047616,15
overall,MIXED,16.18,MIDDLE,103,Ahri,21,9,12,0.42857142857142855,21,0.0625,336,2.7037473108901677,6.337396707056056,359.2613965393546,0.22610687491458217,26.38095238095238,0.14285714285714285,0.14285714285714285,8,8,0.047619047619047616,15
overall,MIXED,16.18,ALL,11,MasterYi,21,9,12,0.42857142857142855,21,0.0125,1680,2.914625850340136,6.84562471735611,420.2625489207158,0.1714939132007814,26.0,0.0,0.0,20,20,0.11904761904761904,15
overall,MIXED,16.18,JUNGLE,11,MasterYi,21,9,12,0.42857142857142855,21,0.0625,336,2.914625850340136,6.84562471735611,420.2625489207158,0.1714939132007814,26.0,0.0,0.0,20,20,0.11904761904761904,15
overall,MIXED,16.16,BOTTOM,901,Smolder,21,9,12,0.42857142857142855,21,0.03153153153153153,666,2.093827733113448,6.337368795556627,388.9394875901916,0.21848917136911664,14.476190476190476,0.09523809523809523,0.047619047619047616,3,3,0.009009009009009009,15
overall,MIXED,16.10,ALL,777,Yone,21,9,12,0.42857142857142855,21,0.01891891891891892,1110,3.097222222222222,6.861835092239277,388.6957796216648,0.2374261515492734,21.80952380952381,0.14285714285714285,0.09523809523809523,21,21,0.1891891891891892,15
overall,MIXED,16.14,TOP,799,Ambessa,21,8,13,0.38095238095238093,21,0.03017241379310345,696,1.5021765271765273,6.152413876909006,330.5956441325264,0.2217046928510053,21.523809523809526,0.09523809523809523,0.0,3,3,0.008620689655172414,15
overall,MIXED,16.3,BOTTOM,22,Ashe,21,8,13,0.38095238095238093,21,0.11931818181818182,176,2.1782570603999174,5.963774034777527,377.8284579737655,0.17944149148166297,18.19047619047619,0.047619047619047616,0.09523809523809523,5,4,0.045454545454545456,15
overall,MIXED,16.17,MIDDLE,136,AurelionSol,21,8,13,0.38095238095238093,21,0.020833333333333332,1008,2.959343434343434,7.122476233497561,392.7243959330866,0.21896460509609827,22.952380952380953,0.14285714285714285,0.0,3,3,0.005952380952380952,15
overall,MIXED,16.14,ALL,412,Thresh,21,8,13,0.38095238095238093,21,0.00603448275862069,3480,2.339493575207861,0.9274566498817697,267.9544549584515,0.09005937833465905,51.95238095238095,0.047619047619047616,0.0,10,10,0.028735632183908046,15
overall,MIXED,16.14,UTILITY,412,Thresh,21,8,13,0.38095238095238093,21,0.03017241379310345,696,2.339493575207861,0.9274566498817697,267.9544549584515,0.09005937833465905,51.95238095238095,0.047619047619047616,0.0,10,10,0.028735632183908046,15
overall,MIXED,15.24,ALL,234,Viego,21,8,13,0.38095238095238093,21,0.012280701754385965,1710,3.2941798941798948,5.63693379304777,406.1983866691758,0.18119404845177914,27.047619047619047,0.047619047619047616,0.047619047619047616,24,23,0.13450292397660818,15
overall,MIXED,15.24,JUNGLE,234,Viego,21,8,13,0.38095238095238093,21,0.06140350877192982,342,3.2941798941798948,5.63693379304777,406.1983866691758,0.18119404845177914,27.047619047619047,0.047619047619047616,0.047619047619047616,24,23,0.13450292397660818,15
overall,MIXED,16.12,ALL,83,Yorick,21,7,14,0.3333333333333333,21,0.02359550561797753,890,1.5754947433518862,6.129453828713395,376.65810597792057,0.2846964422873749,18.80952380952381,0.047619047619047616,0.38095238095238093,24,24,0.2696629213483146,15
overall,MIXED,16.17,BOTTOM,110,Varus,21,5,16,0.23809523809523808,21,0.020833333333333332,1008,1.7543650793650793,6.530620369819559,399.6189085383503,0.19844475255099472,19.714285714285715,0.09523809523809523,0.19047619047619047,7,7,0.013888888888888888,15
overall,MIXED,16.17,TOP,24,Jax,20,15,5,0.75,20,0.01984126984126984,1008,3.27957264957265,6.237387289790716,435.43599973959107,0.253583569290336,24.75,0.15,0.4,43,43,0.08531746031746032,15
overall,MIXED,15.16,ALL,804,Yunara,20,15,5,0.75,20,0.037037037037037035,540,3.4945833333333325,5.9970286811993345,390.03551334559427,0.20380129883299936,17.4,0.15,0.05,16,15,0.2777777777777778,15
overall,MIXED,15.16,BOTTOM,804,Yunara,20,15,5,0.75,20,0.18691588785046728,107,3.4945833333333325,5.9970286811993345,390.03551334559427,0.20380129883299936,17.4,0.15,0.05,16,15,0.2777777777777778,15
overall,MIXED,15.17,ALL,99,Lux,20,14,6,0.7,20,0.024691358024691357,810,4.7785119047619045,2.2128283529634554,303.2988841931514,0.18944259944426253,46.45,0.1,0.0,5,5,0.06172839506172839,15
overall,MIXED,16.10,ALL,901,Smolder,20,14,6,0.7,20,0.018018018018018018,1110,3.5360119047619043,6.974631314271036,418.1162960162259,0.22258967068632313,15.55,0.0,0.1,69,57,0.5135135135135135,15
overall,MIXED,16.12,ALL,89,Leona,20,13,7,0.65,20,0.02247191011235955,890,3.294502164502164,0.9966660095868145,289.7496742309871,0.10716867630629356,67.55,0.05,0.0,23,20,0.2247191011235955,15
overall,MIXED,16.12,UTILITY,89,Leona,20,13,7,0.65,20,0.11235955056179775,178,3.294502164502164,0.9966660095868145,289.7496742309871,0.10716867630629356,67.55,0.05,0.0,23,20,0.2247191011235955,15
overall,MIXED,15.24,ALL,950,Naafiri,20,13,7,0.65,20,0.011695906432748537,1710,3.649543650793651,5.979584021400876,388.2235485619048,0.22181151403376953,17.45,0.1,0.0,4,4,0.023391812865497075,15
overall,MIXED,16.16,MIDDLE,84,Akali,20,12,8,0.6,20,0.03003003003003003,666,5.026309523809524,5.91110926108458,383.77673798499444,0.2287298522049095,23.4,0.0,0.15,69,66,0.1981981981981982,15
overall,MIXED,16.14,MIDDLE,39,Irelia,20,12,8,0.6,20,0.028735632183908046,696,3.2929761904761903,6.687445501212551,463.2442352803661,0.29783962709841766,19.5,0.15,0.3,33,31,0.08908045977011494,15
overall,MIXED,15.13,ALL,222,Jinx,20,12,8,0.6,20,0.020833333333333332,960,2.840694444444445,6.199265478607622,379.12627390577484,0.1881915634670796,13.85,0.1,0.1,12,12,0.125,15
overall,MIXED,15.13,BOTTOM,222,Jinx,20,12,8,0.6,20,0.10416666666666667,192,2.840694444444445,6.199265478607622,379.12627390577484,0.1881915634670796,13.85,0.1,0.1,12,12,0.125,15
overall,MIXED,16.14,ALL,141,Kayn,20,12,8,0.6,20,0.005747126436781609,3480,3.197738095238095,6.368612638341583,403.07254572180227,0.15296632078940692,19.4,0.05,0.0,11,11,0.031609195402298854,15
overall,MIXED,16.14,JUNGLE,141,Kayn,20,12,8,0.6,20,0.028735632183908046,696,3.197738095238095,6.368612638341583,403.07254572180227,0.15296632078940692,19.4,0.05,0.0,11,11,0.031609195402298854,15
overall,MIXED,16.11,ALL,99,Lux,20,12,8,0.6,20,0.01694915254237288,1180,3.268331529581529,2.3143165969220982,326.5920445350015,0.20671513919531814,75.3,0.25,0.05,10,10,0.0847457627118644,15
overall,MIXED,16.13,ALL,14,Sion,20,12,8,0.6,20,0.0060790273556231,3290,3.4962500000000007,6.501164250662372,384.46857292305157,0.19505812862016378,19.75,0.15,0.05,0,0,0.0,15
overall,MIXED,16.13,ALL,161,Velkoz,20,12,8,0.6,20,0.0060790273556231,3290,3.6481131368631368,2.4598953621152457,320.75889673241255,0.21609636206038146,59.25,0.1,0.0,3,3,0.00911854103343465,15
overall,MIXED,16.17,UTILITY,161,Velkoz,20,12,8,0.6,20,0.01984126984126984,1008,4.435030663780664,1.380765049462428,294.9832892489417,0.2194066124212893,65.7,0.0,0.15,13,13,0.025793650793650792,15
overall,MIXED,16.13,ALL,106,Volibear,20,12,8,0.6,20,0.0060790273556231,3290,2.3170634920634923,5.466467232089628,405.65170069479524,0.17103297363518677,16.75,0.1,0.1,2,2,0.0060790273556231,15
overall,MIXED,16.10,ALL,103,Ahri,20,11,9,0.55,20,0.018018018018018018,1110,2.737777777777778,5.974565377082964,347.24661746320766,0.22164183562183365,18.6,0.0,0.15,9,9,0.08108108108108109,15
overall,MIXED,16.10,MIDDLE,103,Ahri,20,11,9,0.55,20,0.09009009009009009,222,2.737777777777778,5.974565377082964,347.24661746320766,0.22164183562183365,18.6,0.0,0.15,9,9,0.08108108108108109,15
overall,MIXED,16.16,ALL,36,DrMundo,20,11,9,0.55,20,0.006006006006006006,3330,3.532857142857143,6.32241376445221,380.9560223196463,0.20752813961360686,23.9,0.0,0.15,9,9,0.02702702702702703,15
overall,MIXED,16.18,ALL,81,Ezreal,20,11,9,0.55,20,0.011904761904761904,1680,3.0547619047619046,6.121672048527012,400.0182202282028,0.23614690869896982,13.05,0.2,0.0,8,7,0.041666666666666664,15
overall,MIXED,16.15,ALL,59,JarvanIV,20,11,9,0.55,20,0.004842615012106538,4130,5.1948701298701305,5.56739198299798,401.34663342862416,0.1640016179695148,40.55,0.0,0.0,6,6,0.014527845036319613,15
overall,MIXED,16.17,ALL,59,JarvanIV,20,11,9,0.55,20,0.003968253968253968,5040,5.455898268398269,5.680216023601966,389.1176400759051,0.15876035078462403,22.15,0.05,0.0,3,3,0.005952380952380952,15
overall,MIXED,16.17,JUNGLE,59,JarvanIV,20,11,9,0.55,20,0.01984126984126984,1008,5.455898268398269,5.680216023601966,389.1176400759051,0.15876035078462403,22.15,0.05,0.0,3,3,0.005952380952380952,15
overall,MIXED,15.22,ALL,21,MissFortune,20,11,9,0.55,20,0.030303030303030304,660,5.50873015873016,6.268514859138469,382.16518918804576,0.2245898644926144,15.75,0.05,0.15,5,5,0.07575757575757576,15
overall,MIXED,16.16,ALL,235,Senna,20,11,9,0.55,20,0.006006006006006006,3330,2.782007575757576,2.6286923229555876,324.68004042094543,0.1419609315059586,37.0,0.0,0.05,5,5,0.015015015015015015,15
overall,MIXED,16.9,UTILITY,147,Seraphine,20,11,9,0.55,20,0.12658227848101267,158,3.6930339105339107,1.1056430214304165,307.40319487346983,0.16099987347824615,51.8,0.0,0.05,5,5,0.06329113924050633,15
overall,MIXED,16.14,TOP,875,Sett,20,11,9,0.55,20,0.028735632183908046,696,2.6740476190476192,6.279574609637793,383.6680922671275,0.24281985999301292,24.4,0.3,0.05,4,4,0.011494252873563218,15
overall,MIXED,16.15,ALL,50,Swain,20,11,9,0.55,20,0.004842615012106538,4130,3.6785569985569984,2.3960416468129826,333.5587650001565,0.22383898109678166,44.65,0.2,0.1,27,27,0.06537530266343826,15
overall,MIXED,16.15,JUNGLE,517,Sylas,20,11,9,0.55,20,0.024213075060532687,826,4.124918831168832,5.8954417188461665,409.70697752965333,0.18211623023299103,29.95,0.15,0.0,53,51,0.1234866828087167,15
overall,MIXED,16.14,ALL,711,Vex,20,11,9,0.55,20,0.005747126436781609,3480,4.668621794871795,6.312220921030656,385.5081515979888,0.2652725476493921,27.1,0.1,0.1,28,28,0.08045977011494253,15
overall,MIXED,16.14,MIDDLE,711,Vex,20,11,9,0.55,20,0.028735632183908046,696,4.668621794871795,6.312220921030656,385.5081515979888,0.2652725476493921,27.1,0.1,0.1,28,28,0.08045977011494253,15
overall,MIXED,16.14,JUNGLE,19,Warwick,20,11,9,0.55,20,0.028735632183908046,696,2.918055555555555,5.812024094873942,401.5518182883228,0.17237212514752873,31.5,0.05,0.0,18,18,0.05172413793103448,15
overall,MIXED,16.16,JUNGLE,19,Warwick,20,11,9,0.55,20,0.03003003003003003,666,3.4471352258852264,5.327060733715347,404.39078562959816,0.16429100890225767,24.85,0.0,0.05,15,15,0.04504504504504504,15
overall,MIXED,15.24,ALL,83,Yorick,20,11,9,0.55,20,0.011695906432748537,1710,3.747518037518037,6.997572452007583,438.18624855354085,0.25022669502151335,20.6,0.1,0.55,76,67,0.391812865497076,15
overall,MIXED,16.5,ALL,22,Ashe,20,10,10,0.5,20,0.024691358024691357,810,4.300376984126984,6.281527633233497,411.71137172848194,0.194048860417349,15.95,0.2,0.15,6,6,0.07407407407407407,15
overall,MIXED,16.5,BOTTOM,22,Ashe,20,10,10,0.5,20,0.12345679012345678,162,4.300376984126984,6.281527633233497,411.71137172848194,0.194048860417349,15.95,0.2,0.15,6,6,0.07407407407407407,15
overall,MIXED,16.16,ALL,120,Hecarim,20,10,10,0.5,20,0.006006006006006006,3330,4.1783408258408254,6.252411779952126,409.08911426577635,0.17615190756180585,22.2,0.05,0.0,0,0,0.0,15
overall,MIXED,16.16,JUNGLE,120,Hecarim,20,10,10,0.5,20,0.03003003003003003,666,4.1783408258408254,6.252411779952126,409.08911426577635,0.17615190756180585,22.2,0.05,0.0,0,0,0.0,15
overall,MIXED,16.15,JUNGLE,75,Nasus,20,10,10,0.5,20,0.024213075060532687,826,4.324347041847042,5.5229009875324495,373.83643082538316,0.15603480706189035,27.25,0.0,0.0,122,110,0.26634382566585957,15
overall,MIXED,16.13,UTILITY,518,Neeko,20,10,10,0.5,20,0.030441400304414,657,2.8430735930735933,1.2728539329860575,306.6966147557333,0.15126376545835415,79.9,0.05,0.0,9,9,0.02735562310030395,15
overall,MIXED,16.13,ALL,555,Pyke,20,10,10,0.5,20,0.0060790273556231,3290,2.9155095598845597,1.0349658673340034,335.05015191029463,0.12049412268930515,86.25,0.05,0.0,144,131,0.3981762917933131,15
overall,MIXED,16.13,UTILITY,555,Pyke,20,10,10,0.5,20,0.030441400304414,657,2.9155095598845597,1.0349658673340034,335.05015191029463,0.12049412268930515,86.25,0.05,0.0,144,131,0.3981762917933131,15
overall,MIXED,16.9,ALL,5,XinZhao,20,10,10,0.5,20,0.02531645569620253,790,3.76680735930736,5.701343404733891,395.85599454204873,0.1714848972850337,27.7,0.05,0.0,29,27,0.34177215189873417,15
overall,MIXED,16.15,ALL,200,Belveth,20,9,11,0.45,20,0.004842615012106538,4130,2.8267063492063493,5.540119476233685,412.2464135021431,0.12343290696564486,17.65,0.0,0.05,8,8,0.01937046004842615,15
overall,MIXED,16.15,JUNGLE,200,Belveth,20,9,11,0.45,20,0.024213075060532687,826,2.8267063492063493,5.540119476233685,412.2464135021431,0.12343290696564486,17.65,0.0,0.05,8,8,0.01937046004842615,15
overall,MIXED,16.14,ALL,55,Katarina,20,9,11,0.45,20,0.005747126436781609,3480,3.857790714187774,5.4723924971166396,375.5715943040635,0.22854417160667823,22.9,0.1,0.1,9,9,0.02586206896551724,15
overall,MIXED,16.16,ALL,805,Locke,20,9,11,0.45,20,0.006006006006006006,3330,2.784075091575091,5.830588803836107,387.4745904151881,0.22544942560561226,23.35,0.2,0.05,44,43,0.12912912912912913,15
overall,MIXED,16.17,MIDDLE,99,Lux,20,9,11,0.45,20,0.01984126984126984,1008,4.999464285714286,6.17014037579377,360.8053857638626,0.25705218797746665,21.0,0.1,0.1,54,54,0.10714285714285714,15
overall,MIXED,16.18,MIDDLE,90,Malzahar,20,9,11,0.45,20,0.05952380952380952,336,2.774722222222222,7.789887261319421,409.87025349623,0.24889662541372087,31.45,0.0,0.1,33,33,0.19642857142857142,15
overall,MIXED,15.19,ALL,800,Mel,20,9,11,0.45,20,0.017391304347826087,1150,3.966309523809523,6.2548640257142365,390.8766207018859,0.2625436055025891,17.95,0.1,0.0,26,25,0.21739130434782608,15
overall,MIXED,16.9,ALL,21,MissFortune,20,9,11,0.45,20,0.02531645569620253,790,4.650746753246753,6.537791006371447,493.8628417465385,0.25045490150686317,15.75,0.05,0.1,10,9,0.11392405063291139,15
overall,MIXED,16.9,BOTTOM,21,MissFortune,20,9,11,0.45,20,0.12658227848101267,158,4.650746753246753,6.537791006371447,493.8628417465385,0.25045490150686317,15.75,0.05,0.1,10,9,0.11392405063291139,15
overall,MIXED,16.14,JUNGLE,82,Mordekaiser,20,9,11,0.45,20,0.028735632183908046,696,4.173675213675214,6.267779677796,425.8537306238094,0.22712133687576977,25.65,0.05,0.0,174,157,0.4511494252873563,15
overall,MIXED,16.17,UTILITY,518,Neeko,20,9,11,0.45,20,0.01984126984126984,1008,3.0275144300144303,1.6901415457062896,305.00097505028197,0.17464104307777478,64.5,0.05,0.0,13,13,0.025793650793650792,15
overall,MIXED,16.12,ALL,235,Senna,20,9,11,0.45,20,0.02247191011235955,890,5.370357142857142,4.668187336507865,384.83745448543993,0.20149034381551503,15.8,0.2,0.1,32,30,0.33707865168539325,15
overall,MIXED,16.10,ALL,14,Sion,20,9,11,0.45,20,0.018018018018018018,1110,3.2439880952380946,6.522473154135601,365.7216714234266,0.20887466390055112,24.65,0.0,0.15,1,1,0.009009009009009009,15
overall,MIXED,16.14,JUNGLE,517,Sylas,20,9,11,0.45,20,0.028735632183908046,696,3.2415277777777773,5.5958297360688,381.1801722281666,0.16731117379938704,22.2,0.05,0.0,60,59,0.16954022988505746,15
overall,MIXED,16.18,ALL,112,Viktor,20,9,11,0.45,20,0.011904761904761904,1680,3.123015873015873,6.122848392704615,351.78434443605386,0.21721508979259402,22.15,0.05,0.05,38,37,0.22023809523809523,15
overall,MIXED,16.13,ALL,157,Yasuo,20,9,11,0.45,20,0.0060790273556231,3290,3.6603708791208787,6.833024911650682,398.4274980646072,0.24958795167368897,18.35,0.25,0.15,22,22,0.0668693009118541,15
overall,MIXED,15.24,MIDDLE,777,Yone,20,9,11,0.45,20,0.05847953216374269,342,2.7222222222222223,5.937867059106145,353.48837107503726,0.20732323769058586,15.9,0.1,0.05,12,12,0.07017543859649122,15
overall,MIXED,16.14,TOP,36,DrMundo,20,8,12,0.4,20,0.028735632183908046,696,2.344204545454546,6.280083259632374,358.8800230901182,0.23433867798236893,20.85,0.05,0.0,9,9,0.02586206896551724,15
overall,MIXED,16.10,ALL,81,Ezreal,20,8,12,0.4,20,0.018018018018018018,1110,2.757440476190476,6.039613831496118,410.8972522203955,0.23934334363749213,11.55,0.1,0.15,8,8,0.07207207207207207,15
overall,MIXED,16.18,ALL,120,Hecarim,20,8,12,0.4,20,0.011904761904761904,1680,3.4218253968253975,6.52595473429858,439.26552796251616,0.17509542833624447,23.4,0.05,0.0,0,0,0.0,15
overall,MIXED,16.18,JUNGLE,120,Hecarim,20,8,12,0.4,20,0.05952380952380952,336,3.4218253968253975,6.52595473429858,439.26552796251616,0.17509542833624447,23.4,0.05,0.0,0,0,0.0,15
overall,MIXED,16.10,ALL,82,Mordekaiser,20,8,12,0.4,20,0.018018018018018018,1110,2.989047619047619,6.068396968690395,374.9902728351091,0.24401812587903024,23.2,0.0,0.05,17,16,0.14414414414414414,15
overall,MIXED,16.10,TOP,82,Mordekaiser,20,8,12,0.4,20,0.09009009009009009,222,2.989047619047619,6.068396968690395,374.9902728351091,0.24401812587903024,23.2,0.0,0.05,17,16,0.14414414414414414,15
overall,MIXED,16.16,BOTTOM,18,Tristana,20,8,12,0.4,20,0.03003003003003003,666,2.737956349206349,6.287330475682226,475.01296214342426,0.23582721257455014,15.9,0.15,0.2,21,20,0.06006006006006006,15
overall,MIXED,16.15,MIDDLE,131,Diana,20,7,13,0.35,20,0.024213075060532687,826,2.0538339438339435,5.768780100416716,377.2592534657265,0.23518168930770114,31.0,0.3,0.1,20,20,0.048426150121065374,15
overall,MIXED,16.7,ALL,99,Lux,20,7,13,0.35,20,0.025974025974025976,770,4.5303571428571425,3.751151762684125,347.14532194476703,0.2380860534267617,40.75,0.25,0.2,5,5,0.06493506493506493,15
overall,MIXED,15.24,TOP,54,Malphite,20,7,13,0.35,20,0.05847953216374269,342,2.786071428571428,5.331131298400033,358.0619959843922,0.2342304805979329,19.65,0.15,0.25,60,53,0.30994152046783624,15
overall,MIXED,16.2,ALL,21,MissFortune,20,7,13,0.35,20,0.028169014084507043,710,3.071884781884782,6.48799449013585,452.5055680972085,0.2414212631456069,20.45,0.15,0.05,18,18,0.2535211267605634,15
overall,MIXED,16.2,BOTTOM,21,MissFortune,20,7,13,0.35,20,0.14084507042253522,142,3.071884781884782,6.48799449013585,452.5055680972085,0.2414212631456069,20.45,0.15,0.05,18,18,0.2535211267605634,15
overall,MIXED,16.10,ALL,111,Nautilus,20,7,13,0.35,20,0.018018018018018018,1110,3.0538149350649353,0.9750892118316736,269.0745049995279,0.129802981206507,42.75,0.05,0.0,7,6,0.05405405405405406,15
overall,MIXED,16.10,UTILITY,111,Nautilus,20,7,13,0.35,20,0.09009009009009009,222,3.0538149350649353,0.9750892118316736,269.0745049995279,0.129802981206507,42.75,0.05,0.0,7,6,0.05405405405405406,15
overall,MIXED,16.13,ALL,526,Rell,20,7,13,0.35,20,0.0060790273556231,3290,3.9579455266955264,0.7700922795021641,281.7172733953876,0.11860055458122945,59.3,0.1,0.0,9,9,0.02735562310030395,15
overall,MIXED,16.13,UTILITY,526,Rell,20,7,13,0.35,20,0.030441400304414,657,3.9579455266955264,0.7700922795021641,281.7172733953876,0.11860055458122945,59.3,0.1,0.0,9,9,0.02735562310030395,15
overall,MIXED,16.14,ALL,223,TahmKench,20,7,13,0.35,20,0.005747126436781609,3480,1.9418253968253967,1.7805525105014575,312.8591176783256,0.20554027018394233,50.35,0.0,0.05,12,12,0.034482758620689655,15
overall,MIXED,16.13,BOTTOM,115,Ziggs,20,7,13,0.35,20,0.030395136778115502,658,2.6127250527250525,5.978833236554251,398.14541089630063,0.2602945229901972,13.9,0.1,0.15,19,19,0.057750759878419454,15
overall,MIXED,15.24,MIDDLE,45,Veigar,20,6,14,0.3,20,0.05847953216374269,342,3.4530952380952384,6.258338048260625,392.47117884611237,0.24990356287555143,19.05,0.0,0.05,8,8,0.04678362573099415,15
overall,MIXED,16.17,ALL,350,Yuumi,20,6,14,0.3,20,0.003968253968253968,5040,4.819880952380953,0.46707046484918696,253.14287636684367,0.086955869325869,30.3,0.0,0.0,14,14,0.027777777777777776,15
overall,MIXED,16.17,UTILITY,350,Yuumi,20,6,14,0.3,20,0.01984126984126984,1008,4.819880952380953,0.46707046484918696,253.14287636684367,0.086955869325869,30.3,0.0,0.0,14,14,0.027777777777777776,15
overall,MIXED,16.14,BOTTOM,45,Veigar,20,5,15,0.25,20,0.028735632183908046,696,2.5975,6.009257755241868,393.1609159690232,0.21987394113329012,15.0,0.1,0.0,45,45,0.12931034482758622,15
overall,MIXED,16.17,ALL,115,Ziggs,20,5,15,0.25,20,0.003968253968253968,5040,2.6628373015873015,6.4663700232868795,388.00501244657414,0.27375452776817816,22.75,0.1,0.1,37,37,0.07341269841269842,15
overall,MIXED,15.24,UTILITY,101,Xerath,19,14,5,0.7368421052631579,19,0.05555555555555555,342,5.589200273410799,1.8484876423153491,316.97161338719195,0.19357523662469586,45.05263157894737,0.05263157894736842,0.10526315789473684,20,20,0.11695906432748537,15
overall,MIXED,16.16,ALL,31,Chogath,19,13,6,0.6842105263157895,19,0.005705705705705706,3330,4.07140768588137,6.062880142579201,390.4479746613088,0.21860903560082393,23.157894736842106,0.10526315789473684,0.15789473684210525,6,6,0.018018018018018018,15
overall,MIXED,15.19,JUNGLE,131,Diana,19,13,6,0.6842105263157895,19,0.08225108225108226,231,5.4032999164578115,6.797469012396006,413.3051316175754,0.18588972775922966,25.894736842105264,0.10526315789473684,0.10526315789473684,36,32,0.2782608695652174,15
overall,MIXED,16.17,ALL,245,Ekko,19,13,6,0.6842105263157895,19,0.00376984126984127,5040,4.952005012531328,6.4662298129871125,393.42751098055504,0.2048115569812625,17.210526315789473,0.15789473684210525,0.21052631578947367,5,5,0.00992063492063492,15
overall,MIXED,15.24,ALL,39,Irelia,19,13,6,0.6842105263157895,19,0.011111111111111112,1710,2.0593149540517963,6.731383931914799,411.2911718416033,0.21716622859401827,12.894736842105264,0.2631578947368421,0.15789473684210525,27,24,0.14035087719298245,15
overall,MIXED,16.18,ALL,202,Jhin,19,13,6,0.6842105263157895,19,0.01130952380952381,1680,4.470864661654136,6.613942858233645,434.52100999430735,0.19730299295192405,15.421052631578947,0.10526315789473684,0.2631578947368421,8,8,0.047619047619047616,15
overall,MIXED,16.10,BOTTOM,901,Smolder,19,13,6,0.6842105263157895,19,0.08558558558558559,222,3.6519423558897244,6.970696162446779,421.2952086517507,0.23011797252475247,15.789473684210526,0.0,0.10526315789473684,69,57,0.5135135135135135,15
overall,MIXED,15.13,ALL,777,Yone,19,13,6,0.6842105263157895,19,0.019791666666666666,960,2.1313928761297185,5.425729740933666,346.81148408937224,0.16256909562006375,15.421052631578947,0.0,0.10526315789473684,4,4,0.041666666666666664,15
overall,MIXED,16.2,ALL,131,Diana,19,12,7,0.631578947368421,19,0.02676056338028169,710,5.147919040024303,6.529377620823932,435.8157123295311,0.20075126679828825,40.63157894736842,0.10526315789473684,0.10526315789473684,28,26,0.36619718309859156,15
overall,MIXED,16.13,ALL,59,JarvanIV,19,12,7,0.631578947368421,19,0.005775075987841946,3290,5.609267486899066,5.654036841915492,388.1067339568902,0.13923982530260356,34.26315789473684,0.0,0.0,1,1,0.00303951367781155,15
overall,MIXED,16.13,JUNGLE,59,JarvanIV,19,12,7,0.631578947368421,19,0.028875379939209727,658,5.609267486899066,5.654036841915492,388.1067339568902,0.13923982530260356,34.26315789473684,0.0,0.0,1,1,0.00303951367781155,15
overall,MIXED,16.14,ALL,876,Lillia,19,12,7,0.631578947368421,19,0.005459770114942529,3480,4.713977250819357,5.997163130882228,393.87995364059515,0.1711182076865663,26.68421052631579,0.0,0.05263157894736842,10,9,0.02586206896551724,15
overall,MIXED,16.14,JUNGLE,876,Lillia,19,12,7,0.631578947368421,19,0.027298850574712645,696,4.713977250819357,5.997163130882228,393.87995364059515,0.1711182076865663,26.68421052631579,0.0,0.05263157894736842,10,9,0.02586206896551724,15
overall,MIXED,15.20,ALL,82,Mordekaiser,19,12,7,0.631578947368421,19,0.02878787878787879,660,2.4594155844155843,5.823004725077945,361.64327349643145,0.25568544326751386,17.94736842105263,0.10526315789473684,0.10526315789473684,17,15,0.22727272727272727,15
overall,MIXED,16.14,ALL,526,Rell,19,12,7,0.631578947368421,19,0.005459770114942529,3480,5.50561821219716,0.9721089853897368,288.1325431328549,0.09233263398265829,67.0,0.05263157894736842,0.10526315789473684,8,8,0.022988505747126436,15
overall,MIXED,16.14,UTILITY,526,Rell,19,12,7,0.631578947368421,19,0.027298850574712645,696,5.50561821219716,0.9721089853897368,288.1325431328549,0.09233263398265829,67.0,0.05263157894736842,0.10526315789473684,8,8,0.022988505747126436,15
overall,MIXED,16.17,ALL,35,Shaco,19,12,7,0.631578947368421,19,0.00376984126984127,5040,4.477791068580542,4.584381027017494,372.4084535303038,0.14671265831325322,36.8421052631579,0.10526315789473684,0.0,76,73,0.14484126984126985,15
overall,MIXED,15.24,ALL,14,Sion,19,12,7,0.631578947368421,19,0.011111111111111112,1710,4.393922305764411,5.076354540219241,365.24663005591583,0.18350555168310184,24.526315789473685,0.0,0.10526315789473684,4,4,0.023391812865497075,15
overall,MIXED,16.14,ALL,18,Tristana,19,12,7,0.631578947368421,19,0.005459770114942529,3480,3.5216450216450226,6.575792856944503,442.00274817494955,0.2095987272976688,20.57894736842105,0.15789473684210525,0.15789473684210525,16,16,0.04597701149425287,15
overall,MIXED,16.14,BOTTOM,18,Tristana,19,12,7,0.631578947368421,19,0.027298850574712645,696,3.5216450216450226,6.575792856944503,442.00274817494955,0.2095987272976688,20.57894736842105,0.15789473684210525,0.15789473684210525,16,16,0.04597701149425287,15
overall,MIXED,16.3,ALL,222,Jinx,19,11,8,0.5789473684210527,19,0.02159090909090909,880,4.322884133410448,6.987949224546589,447.61444395466367,0.2344224558898247,16.894736842105264,0.10526315789473684,0.15789473684210525,8,8,0.09090909090909091,15
overall,MIXED,16.3,BOTTOM,222,Jinx,19,11,8,0.5789473684210527,19,0.10795454545454546,176,4.322884133410448,6.987949224546589,447.61444395466367,0.2344224558898247,16.894736842105264,0.10526315789473684,0.15789473684210525,8,8,0.09090909090909091,15
overall,MIXED,16.17,ALL,7,Leblanc,19,11,8,0.5789473684210527,19,0.00376984126984127,5040,2.7462671831092886,4.8257333121112,332.57194407417336,0.17400397567716874,21.05263157894737,0.21052631578947367,0.0,25,24,0.047619047619047616,15
overall,MIXED,16.11,ALL,89,Leona,19,11,8,0.5789473684210527,19,0.016101694915254237,1180,4.231203007518797,0.84644639619679,294.0491960559224,0.09127898133828959,86.47368421052632,0.15789473684210525,0.15789473684210525,24,22,0.1864406779661017,15
overall,MIXED,16.11,UTILITY,89,Leona,19,11,8,0.5789473684210527,19,0.08050847457627118,236,4.231203007518797,0.84644639619679,294.0491960559224,0.09127898133828959,86.47368421052632,0.15789473684210525,0.15789473684210525,24,22,0.1864406779661017,15
overall,MIXED,15.22,BOTTOM,21,MissFortune,19,11,8,0.5789473684210527,19,0.14393939393939395,132,5.746031746031747,6.5110410830317536,389.13290452499666,0.227158744629465,14.473684210526315,0.05263157894736842,0.15789473684210525,5,5,0.07575757575757576,15
overall,MIXED,15.19,ALL,82,Mordekaiser,19,11,8,0.5789473684210527,19,0.01652173913043478,1150,3.1568028462765305,5.651963756932549,376.3050964031265,0.2604693941273039,15.473684210526315,0.10526315789473684,0.10526315789473684,40,36,0.3130434782608696,15
overall,MIXED,15.19,TOP,82,Mordekaiser,19,11,8,0.5789473684210527,19,0.08296943231441048,229,3.1568028462765305,5.651963756932549,376.3050964031265,0.2604693941273039,15.473684210526315,0.10526315789473684,0.10526315789473684,40,36,0.3130434782608696,15
overall,MIXED,15.13,ALL,80,Pantheon,19,11,8,0.5789473684210527,19,0.019791666666666666,960,3.2035087719298247,4.732463954084623,376.01784916961833,0.18186755661450538,35.8421052631579,0.05263157894736842,0.0,10,10,0.10416666666666667,15
overall,MIXED,16.16,ALL,555,Pyke,19,11,8,0.5789473684210527,19,0.005705705705705706,3330,3.6439583808004863,0.9811142417731444,337.90961877913577,0.1229643741454381,88.47368421052632,0.10526315789473684,0.10526315789473684,134,124,0.37237237237237236,15
overall,MIXED,16.16,UTILITY,555,Pyke,19,11,8,0.5789473684210527,19,0.028528528528528527,666,3.6439583808004863,0.9811142417731444,337.90961877913577,0.1229643741454381,88.47368421052632,0.10526315789473684,0.10526315789473684,134,124,0.37237237237237236,15
overall,MIXED,16.15,ALL,526,Rell,19,11,8,0.5789473684210527,19,0.004600484261501211,4130,4.154511278195488,0.9389874009139518,288.50809303566456,0.08933078285390768,53.78947368421053,0.0,0.0,8,8,0.01937046004842615,15
overall,MIXED,16.15,UTILITY,526,Rell,19,11,8,0.5789473684210527,19,0.023002421307506054,826,4.154511278195488,0.9389874009139518,288.50809303566456,0.08933078285390768,53.78947368421053,0.0,0.0,8,8,0.01937046004842615,15
overall,MIXED,16.15,TOP,17,Teemo,19,11,8,0.5789473684210527,19,0.023002421307506054,826,2.028111946532999,6.691488266477336,394.5005348726521,0.2673303705238802,24.94736842105263,0.21052631578947367,0.3684210526315789,74,73,0.17675544794188863,15
overall,MIXED,15.13,ALL,34,Anivia,19,10,9,0.5263157894736842,19,0.019791666666666666,960,8.343859649122809,7.339293592802938,384.0972661207853,0.2098883562773627,19.0,0.0,0.0,1,1,0.010416666666666666,15
overall,MIXED,15.13,MIDDLE,34,Anivia,19,10,9,0.5263157894736842,19,0.09947643979057591,191,8.343859649122809,7.339293592802938,384.0972661207853,0.2098883562773627,19.0,0.0,0.0,1,1,0.010416666666666666,15
overall,MIXED,16.16,ALL,523,Aphelios,19,10,9,0.5263157894736842,19,0.005705705705705706,3330,2.5732873851294897,6.763865137257859,428.3177338132538,0.22010106826514061,14.210526315789474,0.0,0.05263157894736842,9,9,0.02702702702702703,15
overall,MIXED,16.16,BOTTOM,523,Aphelios,19,10,9,0.5263157894736842,19,0.028528528528528527,666,2.5732873851294897,6.763865137257859,428.3177338132538,0.22010106826514061,14.210526315789474,0.0,0.05263157894736842,9,9,0.02702702702702703,15
overall,MIXED,16.3,ALL,233,Briar,19,10,9,0.5263157894736842,19,0.02159090909090909,880,2.6014980633401685,6.128452862929318,426.4266824452818,0.2040667792381535,27.789473684210527,0.0,0.0,28,24,0.2727272727272727,15
overall,MIXED,15.24,JUNGLE,131,Diana,19,10,9,0.5263157894736842,19,0.05555555555555555,342,2.6449874686716797,6.139431041701734,393.5497760711937,0.16288945865045704,20.894736842105264,0.10526315789473684,0.0,8,8,0.04678362573099415,15
overall,MIXED,16.18,BOTTOM,81,Ezreal,19,10,9,0.5263157894736842,19,0.05654761904761905,336,2.8646616541353382,6.006566994443699,390.53603687090225,0.2275622249211952,13.31578947368421,0.15789473684210525,0.0,8,7,0.041666666666666664,15
overall,MIXED,16.16,MIDDLE,3,Galio,19,10,9,0.5263157894736842,19,0.028528528528528527,666,4.3652882205513786,5.770146945644851,345.40170456957134,0.1611496602213028,23.05263157894737,0.10526315789473684,0.0,30,30,0.09009009009009009,15
overall,MIXED,16.12,ALL,910,Hwei,19,10,9,0.5263157894736842,19,0.021348314606741574,890,3.8496240601503766,6.685777133012338,353.0346565671835,0.19869692229384034,16.894736842105264,0.0,0.0,3,3,0.033707865168539325,15
overall,MIXED,16.13,MIDDLE,39,Irelia,19,10,9,0.5263157894736842,19,0.028875379939209727,658,3.361922434290855,8.018325989466607,481.568706282138,0.2741621699365932,19.210526315789473,0.10526315789473684,0.3684210526315789,41,40,0.12158054711246201,15
overall,MIXED,16.16,JUNGLE,24,Jax,19,10,9,0.5263157894736842,19,0.028528528528528527,666,3.7177565124933545,6.568875524278963,444.02936561058164,0.20402998759680835,34.94736842105263,0.05263157894736842,0.0,23,23,0.06906906906906907,15
overall,MIXED,16.14,ALL,62,MonkeyKing,19,10,9,0.5263157894736842,19,0.005459770114942529,3480,4.929302422723476,5.9928155085127015,400.2037932248929,0.14487389220058622,28.42105263157895,0.0,0.05263157894736842,17,16,0.04597701149425287,15
overall,MIXED,16.14,JUNGLE,62,MonkeyKing,19,10,9,0.5263157894736842,19,0.027298850574712645,696,4.929302422723476,5.9928155085127015,400.2037932248929,0.14487389220058622,28.42105263157895,0.0,0.05263157894736842,17,16,0.04597701149425287,15
overall,MIXED,15.17,TOP,82,Mordekaiser,19,10,9,0.5263157894736842,19,0.11728395061728394,162,2.5778613199665834,5.383702371127982,360.1969855537766,0.2229081714078671,17.31578947368421,0.05263157894736842,0.21052631578947367,23,22,0.2716049382716049,15
overall,MIXED,16.12,ALL,111,Nautilus,19,10,9,0.5263157894736842,19,0.021348314606741574,890,3.3854636591478693,0.9110606945551757,294.00210133887055,0.1101579176113276,67.3157894736842,0.05263157894736842,0.05263157894736842,11,11,0.12359550561797752,15
overall,MIXED,16.12,UTILITY,111,Nautilus,19,10,9,0.5263157894736842,19,0.10674157303370786,178,3.3854636591478693,0.9110606945551757,294.00210133887055,0.1101579176113276,67.3157894736842,0.05263157894736842,0.05263157894736842,11,11,0.12359550561797752,15
overall,MIXED,16.13,MIDDLE,134,Syndra,19,10,9,0.5263157894736842,19,0.028875379939209727,658,2.269905533063428,6.414666133221282,370.0557167550933,0.21519385861047494,21.894736842105264,0.0,0.05263157894736842,31,31,0.09422492401215805,15
overall,MIXED,16.16,MIDDLE,101,Xerath,19,10,9,0.5263157894736842,19,0.028528528528528527,666,4.324832915622389,5.980072978861284,363.3860688619693,0.25720529637918005,23.736842105263158,0.10526315789473684,0.05263157894736842,83,76,0.22822822822822822,15
overall,MIXED,16.9,JUNGLE,5,XinZhao,19,10,9,0.5263157894736842,19,0.12025316455696203,158,3.94250398724083,5.668550273976116,400.2629141432586,0.17204290507234357,28.263157894736842,0.05263157894736842,0.0,29,27,0.34177215189873417,15
overall,MIXED,16.3,ALL,777,Yone,19,10,9,0.5263157894736842,19,0.02159090909090909,880,3.2097953216374266,6.754623457951432,401.8968990083717,0.2581853157624689,26.31578947368421,0.15789473684210525,0.10526315789473684,7,6,0.06818181818181818,15
overall,MIXED,15.24,TOP,83,Yorick,19,10,9,0.5263157894736842,19,0.05555555555555555,342,3.5237031973874076,6.9555939713428625,438.2525009105925,0.2551594967086817,20.36842105263158,0.10526315789473684,0.5789473684210527,76,67,0.391812865497076,15
overall,MIXED,15.24,ALL,84,Akali,19,9,10,0.47368421052631576,19,0.011111111111111112,1710,4.061807928913192,5.053929323973561,352.7181001973082,0.23927872865534558,14.68421052631579,0.21052631578947367,0.05263157894736842,38,35,0.2046783625730994,15
overall,MIXED,16.2,ALL,22,Ashe,19,9,10,0.47368421052631576,19,0.02676056338028169,710,3.8685254803675857,6.305478384535872,414.9365761982559,0.24861027519692333,30.68421052631579,0.10526315789473684,0.05263157894736842,0,0,0.0,15
overall,MIXED,16.1,JUNGLE,131,Diana,19,9,10,0.47368421052631576,19,0.12337662337662338,154,2.6457336523126,6.353589997955085,407.0435362088617,0.18084700825698893,30.105263157894736,0.0,0.0,14,14,0.18181818181818182,15
overall,MIXED,16.14,MIDDLE,55,Katarina,19,9,10,0.47368421052631576,19,0.027298850574712645,696,3.9474720068373323,5.44462368117541,369.01014503402564,0.2181520255953099,21.736842105263158,0.10526315789473684,0.10526315789473684,9,9,0.02586206896551724,15
overall,MIXED,15.9,ALL,7,Leblanc,19,9,10,0.47368421052631576,19,0.044186046511627906,430,6.37719298245614,6.113519467213233,355.9298199503959,0.22495543879508195,15.0,0.15789473684210525,0.0,3,3,0.06976744186046512,15
overall,MIXED,15.9,MIDDLE,7,Leblanc,19,9,10,0.47368421052631576,19,0.22093023255813954,86,6.37719298245614,6.113519467213233,355.9298199503959,0.22495543879508195,15.0,0.15789473684210525,0.0,3,3,0.06976744186046512,15
overall,MIXED,16.15,ALL,64,LeeSin,19,9,10,0.47368421052631576,19,0.004600484261501211,4130,4.29250208855472,5.3328512071139995,379.82755212319836,0.14402149839513348,29.263157894736842,0.0,0.0,19,19,0.04600484261501211,15
overall,MIXED,16.1,ALL,54,Malphite,19,9,10,0.47368421052631576,19,0.024675324675324677,770,4.636800334168755,6.090795174835018,363.5235216560873,0.19706191249053195,31.263157894736842,0.0,0.0,47,40,0.5194805194805194,15
overall,MIXED,16.17,ALL,57,Maokai,19,9,10,0.47368421052631576,19,0.00376984126984127,5040,3.685303001092475,1.7144545343369522,300.9038294174773,0.12771912632030769,58.473684210526315,0.15789473684210525,0.05263157894736842,3,3,0.005952380952380952,15
overall,MIXED,16.11,ALL,147,Seraphine,19,9,10,0.47368421052631576,19,0.016101694915254237,1180,2.974832915622389,1.0772298765064852,286.1297977645959,0.1461661134102256,61.473684210526315,0.10526315789473684,0.10526315789473684,32,29,0.2457627118644068,15
overall,MIXED,16.11,UTILITY,147,Seraphine,19,9,10,0.47368421052631576,19,0.08050847457627118,236,2.974832915622389,1.0772298765064852,286.1297977645959,0.1461661134102256,61.473684210526315,0.10526315789473684,0.10526315789473684,32,29,0.2457627118644068,15
overall,MIXED,16.16,MIDDLE,517,Sylas,19,9,10,0.47368421052631576,19,0.028528528528528527,666,4.3315371762740185,5.175672179857011,351.9100746024777,0.22363613986253184,17.789473684210527,0.21052631578947367,0.10526315789473684,41,41,0.12312312312312312,15
overall,MIXED,16.13,ALL,711,Vex,19,9,10,0.47368421052631576,19,0.005775075987841946,3290,2.1367281840966053,5.706410202071471,365.3927124850987,0.21040657261519258,18.0,0.05263157894736842,0.05263157894736842,28,28,0.0851063829787234,15
overall,MIXED,16.13,MIDDLE,711,Vex,19,9,10,0.47368421052631576,19,0.028875379939209727,658,2.1367281840966053,5.706410202071471,365.3927124850987,0.21040657261519258,18.0,0.05263157894736842,0.05263157894736842,28,28,0.0851063829787234,15
overall,MIXED,16.18,TOP,777,Yone,19,9,10,0.47368421052631576,19,0.05654761904761905,336,2.417158426368953,7.122475054643264,413.22381887958153,0.2813558845703337,20.526315789473685,0.15789473684210525,0.3157894736842105,55,52,0.30952380952380953,15
overall,MIXED,16.10,ALL,804,Yunara,19,9,10,0.47368421052631576,19,0.017117117117117116,1110,2.4217177559282814,6.799718828424349,410.3164696954371,0.20333346035466254,15.210526315789474,0.10526315789473684,0.10526315789473684,2,2,0.018018018018018018,15
overall,MIXED,16.10,BOTTOM,804,Yunara,19,9,10,0.47368421052631576,19,0.08558558558558559,222,2.4217177559282814,6.799718828424349,410.3164696954371,0.20333346035466254,15.210526315789474,0.10526315789473684,0.10526315789473684,2,2,0.018018018018018018,15
overall,MIXED,16.7,ALL,22,Ashe,19,8,11,0.42105263157894735,19,0.024675324675324677,770,2.9886382623224734,6.907732747109616,418.1911557263391,0.23183747247570832,16.526315789473685,0.42105263157894735,0.05263157894736842,16,16,0.2077922077922078,15
overall,MIXED,16.7,BOTTOM,22,Ashe,19,8,11,0.42105263157894735,19,0.12337662337662338,154,2.9886382623224734,6.907732747109616,418.1911557263391,0.23183747247570832,16.526315789473685,0.42105263157894735,0.05263157894736842,16,16,0.2077922077922078,15
overall,MIXED,16.16,ALL,887,Gwen,19,8,11,0.42105263157894735,19,0.005705705705705706,3330,2.9135964912280703,6.1369583021518705,384.8290602999983,0.197675554155711,27.42105263157895,0.0,0.05263157894736842,3,3,0.009009009009009009,15
overall,MIXED,16.14,TOP,39,Irelia,19,8,11,0.42105263157894735,19,0.027298850574712645,696,2.5559732664995822,7.341150177564974,432.38101316987934,0.2640710326566596,24.210526315789473,0.15789473684210525,0.5263157894736842,33,31,0.08908045977011494,15
overall,MIXED,16.14,ALL,24,Jax,19,8,11,0.42105263157894735,19,0.005459770114942529,3480,2.0269613427508166,5.054799040593717,348.653995036785,0.18713581957182238,23.473684210526315,0.10526315789473684,0.10526315789473684,29,29,0.08333333333333333,15
overall,MIXED,16.13,ALL,141,Kayn,19,8,11,0.42105263157894735,19,0.005775075987841946,3290,2.3607769423558898,5.973697415815604,383.4979159660484,0.17095596308917962,24.31578947368421,0.05263157894736842,0.15789473684210525,8,8,0.0243161094224924,15
overall,MIXED,16.14,MIDDLE,800,Mel,19,8,11,0.42105263157894735,19,0.027298850574712645,696,3.272222222222222,6.539937204017443,400.720616972825,0.24196051609226937,15.947368421052632,0.21052631578947367,0.15789473684210525,168,151,0.4339080459770115,15
overall,MIXED,16.10,ALL,21,MissFortune,19,8,11,0.42105263157894735,19,0.017117117117117116,1110,4.566946211683054,6.191152928141261,429.3128083095751,0.2219343674411185,15.0,0.15789473684210525,0.10526315789473684,4,4,0.036036036036036036,15
overall,MIXED,16.15,ALL,518,Neeko,19,8,11,0.42105263157894735,19,0.004600484261501211,4130,3.648462064251538,1.9910126437565026,320.7459176666778,0.16278202842051773,58.94736842105263,0.10526315789473684,0.0,3,3,0.007263922518159807,15
overall,MIXED,16.13,ALL,58,Renekton,19,8,11,0.42105263157894735,19,0.005775075987841946,3290,3.562990810359231,5.9584039210095225,400.7754633333298,0.24169698019163727,19.842105263157894,0.21052631578947367,0.3157894736842105,11,11,0.03343465045592705,15
overall,MIXED,16.18,ALL,102,Shyvana,19,8,11,0.42105263157894735,19,0.01130952380952381,1680,3.8715424925951245,6.45945043384921,419.83811097919937,0.18660410170794614,27.789473684210527,0.10526315789473684,0.05263157894736842,24,24,0.14285714285714285,15
overall,MIXED,16.18,JUNGLE,102,Shyvana,19,8,11,0.42105263157894735,19,0.05654761904761905,336,3.8715424925951245,6.45945043384921,419.83811097919937,0.18660410170794614,27.789473684210527,0.10526315789473684,0.05263157894736842,24,24,0.14285714285714285,15
overall,MIXED,16.16,JUNGLE,517,Sylas,19,8,11,0.42105263157894735,19,0.028528528528528527,666,3.1304509817667716,5.509593849222647,382.1702508170763,0.15596404400964667,22.842105263157894,0.05263157894736842,0.0,41,41,0.12312312312312312,15
overall,MIXED,16.14,ALL,110,Varus,19,8,11,0.42105263157894735,19,0.005459770114942529,3480,3.168099736520789,6.575574106137887,440.81840431252675,0.22969494087216494,23.68421052631579,0.0,0.15789473684210525,9,9,0.02586206896551724,15
overall,MIXED,16.11,TOP,83,Yorick,19,8,11,0.42105263157894735,19,0.08050847457627118,236,1.5204678362573099,7.151642386002362,405.1263605221744,0.28142548596994543,25.68421052631579,0.0,0.3684210526315789,40,37,0.3135593220338983,15
overall,MIXED,16.13,MIDDLE,131,Diana,19,7,12,0.3684210526315789,19,0.028875379939209727,658,2.5710469355206196,5.62532069413395,377.1514771440863,0.23634743601958408,23.894736842105264,0.15789473684210525,0.15789473684210525,22,22,0.0668693009118541,15
overall,MIXED,16.10,BOTTOM,81,Ezreal,19,7,12,0.3684210526315789,19,0.08558558558558559,222,2.744674185463659,5.949414116453344,400.7685174528482,0.233469731652075,11.105263157894736,0.10526315789473684,0.10526315789473684,8,8,0.07207207207207207,15
overall,MIXED,16.13,ALL,875,Sett,19,7,12,0.3684210526315789,19,0.005775075987841946,3290,1.8419596399472558,6.240847650815562,384.4372290763222,0.2151456640466943,23.0,0.21052631578947367,0.21052631578947367,7,7,0.02127659574468085,15
overall,MIXED,15.10,ALL,901,Smolder,19,7,12,0.3684210526315789,19,0.02753623188405797,690,4.185959216222375,6.6552033626650315,386.258860803856,0.2787170607556847,15.526315789473685,0.05263157894736842,0.0,10,9,0.13043478260869565,15
overall,MIXED,15.24,ALL,901,Smolder,19,7,12,0.3684210526315789,19,0.011111111111111112,1710,3.1403508771929824,5.45784666152218,354.27775641979133,0.19600370971026845,15.157894736842104,0.0,0.0,10,10,0.05847953216374269,15
overall,MIXED,15.24,BOTTOM,901,Smolder,19,7,12,0.3684210526315789,19,0.05571847507331378,341,3.1403508771929824,5.45784666152218,354.27775641979133,0.19600370971026845,15.157894736842104,0.0,0.0,10,10,0.05847953216374269,15
overall,MIXED,16.13,ALL,19,Warwick,19,7,12,0.3684210526315789,19,0.005775075987841946,3290,4.010249107617528,5.80591773166416,404.7221011576714,0.19547079146255228,22.68421052631579,0.21052631578947367,0.0,12,11,0.03343465045592705,15
overall,MIXED,16.12,TOP,83,Yorick,19,7,12,0.3684210526315789,19,0.10674157303370786,178,1.6426520847573483,5.992794816325495,374.3257657444894,0.2934509434155148,19.0,0.05263157894736842,0.3684210526315789,24,24,0.2696629213483146,15
overall,MIXED,16.13,ALL,799,Ambessa,19,6,13,0.3157894736842105,19,0.005775075987841946,3290,2.7841478696741855,6.186904289020096,355.2082437908748,0.2112419981816421,20.789473684210527,0.0,0.0,7,7,0.02127659574468085,15
overall,MIXED,16.18,ALL,799,Ambessa,19,6,13,0.3157894736842105,19,0.01130952380952381,1680,2.9254765702134127,5.860263528572003,339.995686442457,0.19368131910910077,21.473684210526315,0.05263157894736842,0.10526315789473684,1,1,0.005952380952380952,15
overall,MIXED,16.18,ALL,800,Mel,19,6,13,0.3157894736842105,19,0.01130952380952381,1680,2.2933969539232697,5.328993414009805,352.7152937178005,0.19440846342338086,35.26315789473684,0.10526315789473684,0.05263157894736842,29,28,0.16666666666666666,15
overall,MIXED,16.11,ALL,131,Diana,19,5,14,0.2631578947368421,19,0.016101694915254237,1180,1.8898223121907336,6.017086762321218,388.44932190339415,0.20173585003907926,33.78947368421053,0.05263157894736842,0.05263157894736842,7,7,0.059322033898305086,15
overall,MIXED,16.17,ALL,246,Qiyana,19,5,14,0.2631578947368421,19,0.00376984126984127,5040,2.0633895344421656,6.171833720766607,403.9855077389254,0.18803603906744906,30.210526315789473,0.05263157894736842,0.0,3,3,0.005952380952380952,15
overall,MIXED,16.17,BOTTOM,115,Ziggs,19,5,14,0.2631578947368421,19,0.018849206349206348,1008,2.6977234753550543,6.635026744737007,390.8094691778119,0.2770829301981371,22.42105263157895,0.05263157894736842,0.10526315789473684,37,37,0.07341269841269842,15
overall,MIXED,16.13,BOTTOM,18,Tristana,19,4,15,0.21052631578947367,19,0.028875379939209727,658,2.5441159717475506,6.373432801287062,428.42036239688275,0.21234597966704205,17.63157894736842,0.10526315789473684,0.21052631578947367,14,14,0.0425531914893617,15
overall,MIXED,16.18,ALL,99,Lux,18,15,3,0.8333333333333334,18,0.010714285714285714,1680,4.91792328042328,2.513399758881257,331.4378905880919,0.18875193271995977,56.388888888888886,0.05555555555555555,0.05555555555555555,15,15,0.08928571428571429,15
overall,MIXED,16.13,TOP,36,DrMundo,18,14,4,0.7777777777777778,18,0.02735562310030395,658,3.037037037037037,6.739258041850533,386.0099097586503,0.25800761731564587,20.88888888888889,0.0,0.16666666666666666,6,6,0.0182370820668693,15
overall,MIXED,16.17,TOP,14,Sion,18,13,5,0.7222222222222222,18,0.017857142857142856,1008,3.9752645502645496,6.564162389778016,365.99746933452957,0.2063411412203049,17.38888888888889,0.1111111111111111,0.1111111111111111,4,4,0.007936507936507936,15
overall,MIXED,16.13,ALL,266,Aatrox,18,12,6,0.6666666666666666,18,0.00547112462006079,3290,6.539550264550265,6.920189711892413,421.2585528596277,0.2654248268951283,21.88888888888889,0.16666666666666666,0.4444444444444444,14,14,0.0425531914893617,15
overall,MIXED,16.15,MIDDLE,34,Anivia,18,12,6,0.6666666666666666,18,0.021791767554479417,826,2.7029541446208114,6.063071148405429,374.8614823501214,0.1762996928877015,22.38888888888889,0.1111111111111111,0.1111111111111111,3,3,0.007263922518159807,15
overall,MIXED,16.2,JUNGLE,131,Diana,18,12,6,0.6666666666666666,18,0.1267605633802817,142,5.378358986692319,6.550755360133428,440.23004420078865,0.19905350641481248,40.94444444444444,0.1111111111111111,0.1111111111111111,28,26,0.36619718309859156,15
overall,MIXED,16.18,BOTTOM,202,Jhin,18,12,6,0.6666666666666666,18,0.05357142857142857,336,4.49702380952381,6.762469942496285,441.8980771967543,0.20548070015999353,14.666666666666666,0.1111111111111111,0.2777777777777778,8,8,0.047619047619047616,15
overall,MIXED,15.2,ALL,222,Jinx,18,12,6,0.6666666666666666,18,0.0391304347826087,460,4.0261158594491935,5.661322663849256,381.3099680677865,0.1794228148376539,15.11111111111111,0.16666666666666666,0.0,3,3,0.06521739130434782,15
overall,MIXED,15.2,BOTTOM,222,Jinx,18,12,6,0.6666666666666666,18,0.1956521739130435,92,4.0261158594491935,5.661322663849256,381.3099680677865,0.1794228148376539,15.11111111111111,0.16666666666666666,0.0,3,3,0.06521739130434782,15
overall,MIXED,15.23,ALL,103,Ahri,18,11,7,0.6111111111111112,18,0.03103448275862069,580,4.103391053391054,5.147290729969772,330.0830478922506,0.1833681860547825,23.61111111111111,0.05555555555555555,0.0,2,2,0.034482758620689655,15
overall,MIXED,15.23,MIDDLE,103,Ahri,18,11,7,0.6111111111111112,18,0.15517241379310345,116,4.103391053391054,5.147290729969772,330.0830478922506,0.1833681860547825,23.61111111111111,0.05555555555555555,0.0,2,2,0.034482758620689655,15
overall,MIXED,16.6,ALL,81,Ezreal,18,11,7,0.6111111111111112,18,0.02368421052631579,760,4.326719576719577,6.583829727108297,411.6288513171104,0.23720151809091192,11.666666666666666,0.05555555555555555,0.16666666666666666,5,5,0.06578947368421052,15
overall,MIXED,16.6,BOTTOM,81,Ezreal,18,11,7,0.6111111111111112,18,0.11842105263157894,152,4.326719576719577,6.583829727108297,411.6288513171104,0.23720151809091192,11.666666666666666,0.05555555555555555,0.16666666666666666,5,5,0.06578947368421052,15
overall,MIXED,16.11,UTILITY,99,Lux,18,11,7,0.6111111111111112,18,0.07627118644067797,236,3.4630491422158087,1.9197375512105053,326.59291899131006,0.19904609251757302,79.66666666666667,0.2222222222222222,0.05555555555555555,10,10,0.0847457627118644,15
overall,MIXED,15.20,TOP,82,Mordekaiser,18,11,7,0.6111111111111112,18,0.13636363636363635,132,2.3182720057720054,5.786626134918816,356.08696269150903,0.2563973876105532,16.22222222222222,0.1111111111111111,0.05555555555555555,17,15,0.22727272727272727,15
overall,MIXED,16.11,ALL,56,Nocturne,18,11,7,0.6111111111111112,18,0.015254237288135594,1180,3.955920314253648,5.642867530354064,424.57733219433305,0.16394410385193717,23.11111111111111,0.0,0.0,58,53,0.4491525423728814,15
overall,MIXED,16.11,JUNGLE,56,Nocturne,18,11,7,0.6111111111111112,18,0.07627118644067797,236,3.955920314253648,5.642867530354064,424.57733219433305,0.16394410385193717,23.11111111111111,0.0,0.0,58,53,0.4491525423728814,15
overall,MIXED,16.9,ALL,22,Ashe,18,10,8,0.5555555555555556,18,0.02278481012658228,790,2.2880443630443628,5.907284108709514,386.6492980703049,0.179577901967646,21.38888888888889,0.16666666666666666,0.05555555555555555,18,17,0.21518987341772153,15
overall,MIXED,16.9,BOTTOM,22,Ashe,18,10,8,0.5555555555555556,18,0.11392405063291139,158,2.2880443630443628,5.907284108709514,386.6492980703049,0.179577901967646,21.38888888888889,0.16666666666666666,0.05555555555555555,18,17,0.21518987341772153,15
overall,MIXED,16.3,JUNGLE,233,Briar,18,10,8,0.5555555555555556,18,0.10227272727272728,176,2.6719516594516595,6.183282037318501,431.35784469650713,0.20748879115168864,27.38888888888889,0.0,0.0,28,24,0.2727272727272727,15
overall,MIXED,16.17,TOP,31,Chogath,18,10,8,0.5555555555555556,18,0.017857142857142856,1008,2.526948051948052,6.122117454269064,383.2612066791889,0.22979160457912975,22.11111111111111,0.1111111111111111,0.16666666666666666,18,18,0.03571428571428571,15
overall,MIXED,15.13,ALL,111,Nautilus,18,10,8,0.5555555555555556,18,0.01875,960,4.18015873015873,0.8980875752044759,268.26013690722243,0.09819236766794236,68.27777777777777,0.2222222222222222,0.0,11,10,0.10416666666666667,15
overall,MIXED,15.13,UTILITY,111,Nautilus,18,10,8,0.5555555555555556,18,0.09375,192,4.18015873015873,0.8980875752044759,268.26013690722243,0.09819236766794236,68.27777777777777,0.2222222222222222,0.0,11,10,0.10416666666666667,15
overall,MIXED,16.16,UTILITY,80,Pantheon,18,10,8,0.5555555555555556,18,0.02702702702702703,666,2.0905374944590633,1.130761240698244,315.4203300184847,0.17031498249728205,78.83333333333333,0.1111111111111111,0.05555555555555555,7,7,0.021021021021021023,15
overall,MIXED,16.13,JUNGLE,106,Volibear,18,10,8,0.5555555555555556,18,0.02735562310030395,658,1.972663139329806,5.319197576463838,397.2656288498901,0.1537839553855625,16.72222222222222,0.1111111111111111,0.0,2,2,0.0060790273556231,15
overall,MIXED,15.24,MIDDLE,84,Akali,18,9,9,0.5,18,0.05263157894736842,342,4.265241702741703,5.262713646509614,359.828820714378,0.2474046945336043,15.5,0.2222222222222222,0.05555555555555555,38,35,0.2046783625730994,15
overall,MIXED,16.15,ALL,31,Chogath,18,9,9,0.5,18,0.0043583535108958835,4130,3.4191237774571106,5.529822090566147,354.7214619877886,0.18148598031326119,22.055555555555557,0.1111111111111111,0.05555555555555555,3,3,0.007263922518159807,15
overall,MIXED,15.24,ALL,86,Garen,18,9,9,0.5,18,0.010526315789473684,1710,2.636111111111111,6.546440230744989,411.34968190837367,0.20800669989759057,14.555555555555555,0.2777777777777778,0.2777777777777778,10,10,0.05847953216374269,15
overall,MIXED,16.12,MIDDLE,910,Hwei,18,9,9,0.5,18,0.10112359550561797,178,3.7523809523809524,6.7098362042075745,349.26804331090483,0.2017489064977329,15.0,0.0,0.0,3,3,0.033707865168539325,15
overall,MIXED,16.16,MIDDLE,805,Locke,18,9,9,0.5,18,0.02702702702702703,666,3.057804232804232,5.852117564662443,396.27992436074004,0.23261764900987986,23.77777777777778,0.2222222222222222,0.05555555555555555,44,43,0.12912912912912913,15
overall,MIXED,16.12,ALL,21,MissFortune,18,9,9,0.5,18,0.020224719101123594,890,3.373115927282594,6.140653827486187,422.49557044702,0.20360145109853633,10.777777777777779,0.1111111111111111,0.05555555555555555,10,10,0.11235955056179775,15
overall,MIXED,16.12,BOTTOM,21,MissFortune,18,9,9,0.5,18,0.1016949152542373,177,3.373115927282594,6.140653827486187,422.49557044702,0.20360145109853633,10.777777777777779,0.1111111111111111,0.05555555555555555,10,10,0.11235955056179775,15
overall,MIXED,16.8,ALL,45,Veigar,18,9,9,0.5,18,0.025714285714285714,700,2.881040564373898,6.574990184188908,390.849054817655,0.24889628226556937,25.27777777777778,0.0,0.0,11,10,0.14285714285714285,15
overall,MIXED,15.8,ALL,103,Ahri,18,8,10,0.4444444444444444,18,0.027692307692307693,650,2.40787037037037,5.506879671499754,325.11058667997685,0.23224187554361997,17.944444444444443,0.1111111111111111,0.0,16,15,0.23076923076923078,15
overall,MIXED,16.16,ALL,32,Amumu,18,8,10,0.4444444444444444,18,0.005405405405405406,3330,3.0001543209876544,5.568667259451952,388.6965945740634,0.17915984206337823,26.166666666666668,0.16666666666666666,0.0,3,3,0.009009009009009009,15
overall,MIXED,16.2,BOTTOM,22,Ashe,18,8,10,0.4444444444444444,18,0.1267605633802817,142,3.9167768959435634,6.557365965590891,421.9167211746103,0.25569296182188944,23.333333333333332,0.1111111111111111,0.05555555555555555,0,0,0.0,15
overall,MIXED,16.13,ALL,420,Illaoi,18,8,10,0.4444444444444444,18,0.00547112462006079,3290,2.590233686067019,6.648464987523533,389.6383216457464,0.2768822427729454,22.444444444444443,0.3333333333333333,0.2222222222222222,49,47,0.14285714285714285,15
overall,MIXED,16.11,ALL,202,Jhin,18,8,10,0.4444444444444444,18,0.015254237288135594,1180,2.7433662016995353,5.2063162788677415,425.94836893456136,0.18881243278521906,12.833333333333334,0.16666666666666666,0.16666666666666666,2,2,0.01694915254237288,15
overall,MIXED,16.11,BOTTOM,202,Jhin,18,8,10,0.4444444444444444,18,0.07627118644067797,236,2.7433662016995353,5.2063162788677415,425.94836893456136,0.18881243278521906,12.833333333333334,0.16666666666666666,0.16666666666666666,2,2,0.01694915254237288,15
overall,MIXED,16.16,ALL,141,Kayn,18,8,10,0.4444444444444444,18,0.005405405405405406,3330,2.8305199430199424,5.979834856172359,397.5133783978097,0.18779621957260964,24.38888888888889,0.05555555555555555,0.05555555555555555,20,20,0.06006006006006006,15
overall,MIXED,16.16,JUNGLE,141,Kayn,18,8,10,0.4444444444444444,18,0.02702702702702703,666,2.8305199430199424,5.979834856172359,397.5133783978097,0.18779621957260964,24.38888888888889,0.05555555555555555,0.05555555555555555,20,20,0.06006006006006006,15
overall,MIXED,16.10,BOTTOM,21,MissFortune,18,8,10,0.4444444444444444,18,0.08108108108108109,222,4.792887667887668,6.516989926564568,435.7432300272568,0.22272034973767996,14.666666666666666,0.16666666666666666,0.1111111111111111,4,4,0.036036036036036036,15
overall,MIXED,16.17,ALL,555,Pyke,18,8,10,0.4444444444444444,18,0.0035714285714285713,5040,1.7490179573512907,0.8301437533663706,305.19639872395373,0.10265174135340932,68.22222222222223,0.16666666666666666,0.0,205,183,0.3630952380952381,15
overall,MIXED,16.17,UTILITY,555,Pyke,18,8,10,0.4444444444444444,18,0.017857142857142856,1008,1.7490179573512907,0.8301437533663706,305.19639872395373,0.10265174135340932,68.22222222222223,0.16666666666666666,0.0,205,183,0.3630952380952381,15
overall,MIXED,16.15,MIDDLE,134,Syndra,18,8,10,0.4444444444444444,18,0.021791767554479417,826,2.847582355915689,5.7533428431018265,391.8705892497051,0.20475489928321045,18.944444444444443,0.16666666666666666,0.16666666666666666,45,42,0.1016949152542373,15
overall,MIXED,16.11,ALL,45,Veigar,18,8,10,0.4444444444444444,18,0.015254237288135594,1180,2.792195767195767,6.389672506781407,394.9171721493877,0.22302549151547982,17.944444444444443,0.0,0.0,2,2,0.01694915254237288,15
overall,MIXED,15.17,ALL,777,Yone,18,8,10,0.4444444444444444,18,0.022222222222222223,810,2.9844576719576716,5.734841022304357,347.1295289196202,0.21936422574571068,14.555555555555555,0.05555555555555555,0.1111111111111111,6,6,0.07407407407407407,15
overall,MIXED,15.24,ALL,24,Jax,18,7,11,0.3888888888888889,18,0.010526315789473684,1710,4.0667972459639135,5.491555920241609,378.59519545185407,0.19767474597734472,21.61111111111111,0.05555555555555555,0.1111111111111111,28,27,0.15789473684210525,15
overall,MIXED,16.13,ALL,62,MonkeyKing,18,7,11,0.3888888888888889,18,0.00547112462006079,3290,2.77473544973545,6.0126038549901,391.84645538563717,0.1666610875478271,30.0,0.1111111111111111,0.0,20,20,0.060790273556231005,15
overall,MIXED,16.13,JUNGLE,62,MonkeyKing,18,7,11,0.3888888888888889,18,0.02735562310030395,658,2.77473544973545,6.0126038549901,391.84645538563717,0.1666610875478271,30.0,0.1111111111111111,0.0,20,20,0.060790273556231005,15
overall,MIXED,16.11,ALL,82,Mordekaiser,18,7,11,0.3888888888888889,18,0.015254237288135594,1180,2.173106060606061,5.828733132308446,350.007622819967,0.21620134849428474,23.22222222222222,0.05555555555555555,0.05555555555555555,18,17,0.1440677966101695,15
overall,MIXED,15.19,ALL,111,Nautilus,18,7,11,0.3888888888888889,18,0.01565217391304348,1150,2.7282407407407407,1.1782868338096122,256.8617678250184,0.09684174895927365,54.27777777777778,0.0,0.05555555555555555,10,9,0.0782608695652174,15
overall,MIXED,16.10,ALL,56,Nocturne,18,7,11,0.3888888888888889,18,0.016216216216216217,1110,3.4591690716690717,6.240059037837891,397.97502714138665,0.17389312737657123,29.88888888888889,0.16666666666666666,0.1111111111111111,41,36,0.32432432432432434,15
overall,MIXED,16.10,JUNGLE,56,Nocturne,18,7,11,0.3888888888888889,18,0.08108108108108109,222,3.4591690716690717,6.240059037837891,397.97502714138665,0.17389312737657123,29.88888888888889,0.16666666666666666,0.1111111111111111,41,36,0.32432432432432434,15
overall,MIXED,16.17,ALL,2,Olaf,18,7,11,0.3888888888888889,18,0.0035714285714285713,5040,2.7751614126614124,6.3703750575294755,407.3104437989707,0.26489226555268863,29.055555555555557,0.05555555555555555,0.16666666666666666,12,12,0.023809523809523808,15
overall,MIXED,16.18,ALL,497,Rakan,18,7,11,0.3888888888888889,18,0.010714285714285714,1680,3.096560846560846,1.1046841672706256,269.3575384614113,0.08435039697366296,55.833333333333336,0.0,0.05555555555555555,0,0,0.0,15
overall,MIXED,16.18,UTILITY,497,Rakan,18,7,11,0.3888888888888889,18,0.05357142857142857,336,3.096560846560846,1.1046841672706256,269.3575384614113,0.08435039697366296,55.833333333333336,0.0,0.05555555555555555,0,0,0.0,15
overall,MIXED,15.10,BOTTOM,901,Smolder,18,7,11,0.3888888888888889,18,0.13043478260869565,138,4.418512506012506,6.960834318710525,390.0253787117625,0.2787170607556847,16.38888888888889,0.05555555555555555,0.0,10,9,0.13043478260869565,15
overall,MIXED,16.15,ALL,238,Zed,18,7,11,0.3888888888888889,18,0.0043583535108958835,4130,4.018386243386243,6.811915703594902,447.49582354911723,0.2733032075899354,19.444444444444443,0.1111111111111111,0.2222222222222222,35,34,0.08232445520581114,15
overall,MIXED,16.13,ALL,893,Aurora,18,6,12,0.3333333333333333,18,0.00547112462006079,3290,1.4502525252525253,5.835918157099991,335.42599259340557,0.20530131720207756,25.5,0.05555555555555555,0.0,2,2,0.0060790273556231,15
overall,MIXED,16.14,MIDDLE,131,Diana,18,6,12,0.3333333333333333,18,0.02586206896551724,696,1.8329124579124578,5.225930683429374,388.7126067659967,0.24362050044068603,23.27777777777778,0.1111111111111111,0.05555555555555555,17,16,0.04597701149425287,15
overall,MIXED,16.14,MIDDLE,950,Naafiri,18,6,12,0.3333333333333333,18,0.02586206896551724,696,2.774791566458233,5.663707855805094,384.5932387451356,0.2716615463381912,26.5,0.05555555555555555,0.05555555555555555,60,57,0.16379310344827586,15
overall,MIXED,15.24,ALL,875,Sett,18,6,12,0.3333333333333333,18,0.010526315789473684,1710,2.012879867046534,5.684885897160426,365.013110837018,0.2655884174714871,15.555555555555555,0.2222222222222222,0.16666666666666666,2,2,0.011695906432748537,15
overall,MIXED,16.3,ALL,50,Swain,18,3,15,0.16666666666666666,18,0.020454545454545454,880,1.7116462241462242,3.533296818548357,314.7493815003866,0.20079089876709774,44.77777777777778,0.05555555555555555,0.05555555555555555,21,20,0.22727272727272727,15
overall,MIXED,15.13,MIDDLE,777,Yone,17,13,4,0.7647058823529411,17,0.08900523560209424,191,2.1674390968508614,5.5384393611379545,348.26282001819334,0.159245747531704,14.411764705882353,0.0,0.11764705882352941,4,4,0.041666666666666664,15
overall,MIXED,14.19,ALL,99,Lux,17,12,5,0.7058823529411765,17,0.04047619047619048,420,4.222922502334267,2.3180627530630975,291.8846149582442,0.21054306829330846,37.705882352941174,0.17647058823529413,0.058823529411764705,7,6,0.14285714285714285,15
overall,MIXED,15.18,ALL,221,Zeri,17,12,5,0.7058823529411765,17,0.026153846153846153,650,9.011834733893558,6.761102843963051,409.5346705303417,0.18635874932582336,27.0,0.11764705882352941,0.0,0,0,0.0,15
overall,MIXED,15.18,BOTTOM,221,Zeri,17,12,5,0.7058823529411765,17,0.13076923076923078,130,9.011834733893558,6.761102843963051,409.5346705303417,0.18635874932582336,27.0,0.11764705882352941,0.0,0,0,0.0,15
overall,MIXED,15.18,ALL,22,Ashe,17,11,6,0.6470588235294118,17,0.026153846153846153,650,5.4332166199813265,6.016069973988662,382.88026065647114,0.22239704240005845,16.88235294117647,0.17647058823529413,0.11764705882352941,16,14,0.2153846153846154,15
overall,MIXED,15.18,BOTTOM,22,Ashe,17,11,6,0.6470588235294118,17,0.13076923076923078,130,5.4332166199813265,6.016069973988662,382.88026065647114,0.22239704240005845,16.88235294117647,0.17647058823529413,0.11764705882352941,16,14,0.2153846153846154,15
overall,MIXED,16.1,ALL,222,Jinx,17,11,6,0.6470588235294118,17,0.02207792207792208,770,4.539402427637721,6.6766510981984455,421.0714827229133,0.20053587496592337,16.88235294117647,0.0,0.0,6,6,0.07792207792207792,15
overall,MIXED,16.1,BOTTOM,222,Jinx,17,11,6,0.6470588235294118,17,0.11038961038961038,154,4.539402427637721,6.6766510981984455,421.0714827229133,0.20053587496592337,16.88235294117647,0.0,0.0,6,6,0.07792207792207792,15
overall,MIXED,15.17,ALL,21,MissFortune,17,11,6,0.6470588235294118,17,0.020987654320987655,810,4.875356506238859,6.104631554346567,410.9921028204453,0.23579513551770384,17.764705882352942,0.17647058823529413,0.058823529411764705,10,10,0.12345679012345678,15
overall,MIXED,15.17,BOTTOM,21,MissFortune,17,11,6,0.6470588235294118,17,0.10493827160493827,162,4.875356506238859,6.104631554346567,410.9921028204453,0.23579513551770384,17.764705882352942,0.17647058823529413,0.058823529411764705,10,10,0.12345679012345678,15
overall,MIXED,16.15,TOP,14,Sion,17,11,6,0.6470588235294118,17,0.020581113801452784,826,3.7050420168067224,5.662400944987958,384.3309350254323,0.23769346028363825,17.58823529411765,0.11764705882352941,0.058823529411764705,5,5,0.012106537530266344,15
overall,MIXED,15.19,ALL,106,Volibear,17,11,6,0.6470588235294118,17,0.014782608695652174,1150,5.064939309056956,5.947032499221119,391.2382790667463,0.17960796917702843,22.11764705882353,0.058823529411764705,0.058823529411764705,11,11,0.09565217391304348,15
overall,MIXED,16.14,ALL,106,Volibear,17,11,6,0.6470588235294118,17,0.004885057471264368,3480,2.9330765639589167,6.081328856489472,392.3655614183988,0.18167738005710912,21.41176470588235,0.058823529411764705,0.0,2,2,0.005747126436781609,15
overall,MIXED,16.15,ALL,5,XinZhao,17,11,6,0.6470588235294118,17,0.004116222760290557,4130,3.5280812324929975,5.624295100429834,375.9705007793442,0.1496005210651956,30.294117647058822,0.058823529411764705,0.0,3,3,0.007263922518159807,15
overall,MIXED,16.15,JUNGLE,5,XinZhao,17,11,6,0.6470588235294118,17,0.020581113801452784,826,3.5280812324929975,5.624295100429834,375.9705007793442,0.1496005210651956,30.294117647058822,0.058823529411764705,0.0,3,3,0.007263922518159807,15
overall,MIXED,15.23,ALL,22,Ashe,17,10,7,0.5882352941176471,17,0.029310344827586206,580,2.7739796151560854,5.783518063169112,358.11281223690526,0.18465262618451153,20.823529411764707,0.0,0.11764705882352941,14,12,0.20689655172413793,15
overall,MIXED,15.23,BOTTOM,22,Ashe,17,10,7,0.5882352941176471,17,0.14655172413793102,116,2.7739796151560854,5.783518063169112,358.11281223690526,0.18465262618451153,20.823529411764707,0.0,0.11764705882352941,14,12,0.20689655172413793,15
overall,MIXED,16.3,ALL,51,Caitlyn,17,10,7,0.5882352941176471,17,0.019318181818181818,880,3.595261437908497,6.549754726789568,408.6769300416822,0.17902215888631326,15.0,0.11764705882352941,0.23529411764705882,15,15,0.17045454545454544,15
overall,MIXED,16.3,BOTTOM,51,Caitlyn,17,10,7,0.5882352941176471,17,0.09659090909090909,176,3.595261437908497,6.549754726789568,408.6769300416822,0.17902215888631326,15.0,0.11764705882352941,0.23529411764705882,15,15,0.17045454545454544,15
overall,MIXED,16.16,ALL,104,Graves,17,10,7,0.5882352941176471,17,0.005105105105105105,3330,4.171282149223326,6.787468072412134,427.9022389635879,0.179961944080317,30.88235294117647,0.058823529411764705,0.11764705882352941,48,47,0.14114114114114115,15
overall,MIXED,16.17,TOP,39,Irelia,17,10,7,0.5882352941176471,17,0.016865079365079364,1008,3.0789700495582846,7.989354110620214,424.93569345756487,0.22028917904041578,26.176470588235293,0.11764705882352941,0.29411764705882354,54,53,0.10515873015873016,15
overall,MIXED,16.9,ALL,56,Nocturne,17,10,7,0.5882352941176471,17,0.021518987341772152,790,5.995424836601307,6.147797969753371,413.3637103684914,0.17254728481442838,31.529411764705884,0.11764705882352941,0.058823529411764705,24,21,0.26582278481012656,15
overall,MIXED,16.9,JUNGLE,56,Nocturne,17,10,7,0.5882352941176471,17,0.10759493670886076,158,5.995424836601307,6.147797969753371,413.3637103684914,0.17254728481442838,31.529411764705884,0.11764705882352941,0.058823529411764705,24,21,0.26582278481012656,15
overall,MIXED,16.11,ALL,235,Senna,17,10,7,0.5882352941176471,17,0.01440677966101695,1180,5.847268907563025,3.6021519219387574,373.0815720521971,0.17436070746124288,40.88235294117647,0.058823529411764705,0.058823529411764705,4,4,0.03389830508474576,15
overall,MIXED,15.17,ALL,15,Sivir,17,10,7,0.5882352941176471,17,0.020987654320987655,810,4.237254901960784,7.168638718228448,412.4397192571066,0.2649243971590754,21.470588235294116,0.11764705882352941,0.29411764705882354,37,33,0.4074074074074074,15
overall,MIXED,15.17,BOTTOM,15,Sivir,17,10,7,0.5882352941176471,17,0.10493827160493827,162,4.237254901960784,7.168638718228448,412.4397192571066,0.2649243971590754,21.470588235294116,0.11764705882352941,0.29411764705882354,37,33,0.4074074074074074,15
overall,MIXED,16.15,ALL,106,Volibear,17,10,7,0.5882352941176471,17,0.004116222760290557,4130,5.131022408963586,5.865087462565255,410.07506177841447,0.21365728933807937,24.941176470588236,0.11764705882352941,0.11764705882352941,2,2,0.004842615012106538,15
overall,MIXED,16.13,MIDDLE,101,Xerath,17,10,7,0.5882352941176471,17,0.025835866261398176,658,4.507703081232493,5.83386627431348,379.0407426820075,0.2671773213991208,21.58823529411765,0.058823529411764705,0.17647058823529413,69,65,0.19756838905775076,15
overall,MIXED,16.9,ALL,777,Yone,17,10,7,0.5882352941176471,17,0.021518987341772152,790,4.009188523894407,6.7799833599734365,409.2665889278838,0.22775347948110536,21.88235294117647,0.29411764705882354,0.35294117647058826,10,10,0.12658227848101267,15
overall,MIXED,15.23,ALL,904,Zaahen,17,10,7,0.5882352941176471,17,0.029310344827586206,580,3.6481792717086834,5.9070228956212105,396.13368221025945,0.2294696145356777,17.0,0.11764705882352941,0.11764705882352941,28,22,0.3793103448275862,15
overall,MIXED,16.15,ALL,12,Alistar,17,9,8,0.5294117647058824,17,0.004116222760290557,4130,2.6691176470588234,0.7728236092863173,269.81391146651123,0.08779629112677713,67.58823529411765,0.0,0.058823529411764705,1,1,0.002421307506053269,15
overall,MIXED,16.15,UTILITY,12,Alistar,17,9,8,0.5294117647058824,17,0.020581113801452784,826,2.6691176470588234,0.7728236092863173,269.81391146651123,0.08779629112677713,67.58823529411765,0.0,0.058823529411764705,1,1,0.002421307506053269,15
overall,MIXED,15.22,ALL,51,Caitlyn,17,9,8,0.5294117647058824,17,0.025757575757575757,660,2.8256238859180036,6.853670629365476,407.37057815949,0.22755120424383574,16.41176470588235,0.058823529411764705,0.29411764705882354,5,5,0.07575757575757576,15
overall,MIXED,15.22,BOTTOM,51,Caitlyn,17,9,8,0.5294117647058824,17,0.12878787878787878,132,2.8256238859180036,6.853670629365476,407.37057815949,0.22755120424383574,16.41176470588235,0.058823529411764705,0.29411764705882354,5,5,0.07575757575757576,15
overall,MIXED,16.17,MIDDLE,7,Leblanc,17,9,8,0.5294117647058824,17,0.016865079365079364,1008,2.5164162634750875,5.167074484603266,333.6423753921688,0.17511053766875032,14.235294117647058,0.23529411764705882,0.0,25,24,0.047619047619047616,15
overall,MIXED,16.6,ALL,99,Lux,17,9,8,0.5294117647058824,17,0.02236842105263158,760,3.5889705882352945,4.276392629964768,346.05779748635956,0.23151775302616198,42.88235294117647,0.29411764705882354,0.17647058823529413,3,3,0.039473684210526314,15
overall,MIXED,15.24,UTILITY,99,Lux,17,9,8,0.5294117647058824,17,0.049707602339181284,342,2.958403361344538,1.5645517053847846,278.6915663074403,0.20875502263269965,56.1764705882353,0.17647058823529413,0.11764705882352941,20,18,0.10526315789473684,15
overall,MIXED,16.1,ALL,82,Mordekaiser,17,9,8,0.5294117647058824,17,0.02207792207792208,770,3.2841036414565825,6.032727818016134,396.6279118295067,0.24768869506777758,29.823529411764707,0.058823529411764705,0.29411764705882354,10,10,0.12987012987012986,15
overall,MIXED,16.1,ALL,111,Nautilus,17,9,8,0.5294117647058824,17,0.02207792207792208,770,4.3725256769374425,0.8851173008833089,290.29723635354844,0.11302543258355603,67.6470588235294,0.29411764705882354,0.0,12,11,0.14285714285714285,15
overall,MIXED,16.1,UTILITY,111,Nautilus,17,9,8,0.5294117647058824,17,0.1111111111111111,153,4.3725256769374425,0.8851173008833089,290.29723635354844,0.11302543258355603,67.6470588235294,0.29411764705882354,0.0,12,11,0.14285714285714285,15
overall,MIXED,16.16,ALL,14,Sion,17,9,8,0.5294117647058824,17,0.005105105105105105,3330,3.6674423615600085,6.686393389873338,381.7642805438639,0.2023547399436767,22.647058823529413,0.11764705882352941,0.23529411764705882,5,5,0.015015015015015015,15
overall,MIXED,16.17,JUNGLE,91,Talon,17,9,8,0.5294117647058824,17,0.016865079365079364,1008,3.59428316781258,6.97362072500815,403.9454310273801,0.16434354140806054,30.11764705882353,0.058823529411764705,0.0,17,17,0.03373015873015873,15
overall,MIXED,15.20,ALL,234,Viego,17,9,8,0.5294117647058824,17,0.025757575757575757,660,4.7258169934640515,6.298596016207976,399.77844548266194,0.19171256556825678,24.470588235294116,0.11764705882352941,0.058823529411764705,7,7,0.10606060606060606,15
overall,MIXED,15.20,JUNGLE,234,Viego,17,9,8,0.5294117647058824,17,0.12878787878787878,132,4.7258169934640515,6.298596016207976,399.77844548266194,0.19171256556825678,24.470588235294116,0.11764705882352941,0.058823529411764705,7,7,0.10606060606060606,15
overall,MIXED,16.14,MIDDLE,101,Xerath,17,9,8,0.5294117647058824,17,0.02442528735632184,696,5.191316526610644,6.167546476525689,390.9214600098407,0.28715830463786607,20.647058823529413,0.0,0.058823529411764705,102,94,0.27011494252873564,15
overall,MIXED,16.14,ALL,157,Yasuo,17,9,8,0.5294117647058824,17,0.004885057471264368,3480,2.3658963585434174,7.952183125349213,443.36908818482283,0.25807734903066704,17.41176470588235,0.23529411764705882,0.23529411764705882,15,15,0.04310344827586207,15
overall,MIXED,16.13,MIDDLE,157,Yasuo,17,9,8,0.5294117647058824,17,0.025835866261398176,658,4.075926524455936,6.802259406112318,405.38784448705655,0.2505919990789239,15.941176470588236,0.17647058823529413,0.17647058823529413,22,22,0.0668693009118541,15
overall,MIXED,15.8,MIDDLE,103,Ahri,17,8,9,0.47058823529411764,17,0.13076923076923078,130,2.4906862745098035,5.455753664037085,324.6162102272683,0.22896882802499416,18.352941176470587,0.11764705882352941,0.0,16,15,0.23076923076923078,15
overall,MIXED,16.16,JUNGLE,32,Amumu,17,8,9,0.47058823529411764,17,0.025525525525525526,666,3.098202614379085,5.829682488378083,396.16437928036817,0.18186136409084483,24.294117647058822,0.11764705882352941,0.0,3,3,0.009009009009009009,15
overall,MIXED,16.17,ALL,164,Camille,17,8,9,0.47058823529411764,17,0.003373015873015873,5040,1.673155929038282,4.797030996018144,367.7971258850623,0.20307542583614907,31.235294117647058,0.35294117647058826,0.058823529411764705,9,9,0.017857142857142856,15
overall,MIXED,16.14,MIDDLE,3,Galio,17,8,9,0.47058823529411764,17,0.02442528735632184,696,4.07156862745098,6.048147263270813,341.97864759578044,0.21115002567067503,20.41176470588235,0.058823529411764705,0.0,46,45,0.12931034482758622,15
overall,MIXED,15.19,ALL,910,Hwei,17,8,9,0.47058823529411764,17,0.014782608695652174,1150,3.0485527544351076,6.623160923115192,348.9481341189478,0.2425234677141935,24.235294117647058,0.0,0.0,33,32,0.2782608695652174,15
overall,MIXED,15.19,MIDDLE,910,Hwei,17,8,9,0.47058823529411764,17,0.07391304347826087,230,3.0485527544351076,6.623160923115192,348.9481341189478,0.2425234677141935,24.235294117647058,0.0,0.0,33,32,0.2782608695652174,15
overall,MIXED,16.16,TOP,420,Illaoi,17,8,9,0.47058823529411764,17,0.025525525525525526,666,1.6404761904761904,7.434409333144894,410.31614119805937,0.28691614275628213,21.0,0.058823529411764705,0.4117647058823529,74,67,0.2012012012012012,15
overall,MIXED,16.6,ALL,89,Leona,17,8,9,0.47058823529411764,17,0.02236842105263158,760,4.298637636872931,0.9520730193574752,295.4209456959831,0.0890539714789967,76.11764705882354,0.0,0.23529411764705882,17,16,0.21052631578947367,15
overall,MIXED,16.15,ALL,805,Locke,17,8,9,0.47058823529411764,17,0.004116222760290557,4130,3.259624362565538,4.9141404320663655,403.3344835041053,0.24647064155039972,23.941176470588236,0.11764705882352941,0.058823529411764705,67,63,0.15254237288135594,15
overall,MIXED,16.8,ALL,21,MissFortune,17,8,9,0.47058823529411764,17,0.024285714285714285,700,3.3962821492233264,6.277015791833628,412.7805033159465,0.1933233396423856,15.470588235294118,0.0,0.0,22,20,0.2857142857142857,15
overall,MIXED,16.8,BOTTOM,21,MissFortune,17,8,9,0.47058823529411764,17,0.12142857142857143,140,3.3962821492233264,6.277015791833628,412.7805033159465,0.1933233396423856,15.470588235294118,0.0,0.0,22,20,0.2857142857142857,15
overall,MIXED,15.16,ALL,82,Mordekaiser,17,8,9,0.47058823529411764,17,0.03148148148148148,540,3.164663441134029,5.333213087264739,358.4110355613089,0.2679228057421915,18.294117647058822,0.0,0.17647058823529413,18,15,0.2777777777777778,15
overall,MIXED,16.15,UTILITY,518,Neeko,17,8,9,0.47058823529411764,17,0.020581113801452784,826,3.6423987776928954,1.4497214672835856,313.1498003896303,0.15913869151866505,64.3529411764706,0.11764705882352941,0.0,3,3,0.007263922518159807,15
overall,MIXED,16.14,ALL,78,Poppy,17,8,9,0.47058823529411764,17,0.004885057471264368,3480,5.01078431372549,2.4919378608716003,354.91959553175514,0.15811880977477175,45.1764705882353,0.11764705882352941,0.0,9,9,0.02586206896551724,15
overall,MIXED,16.13,TOP,58,Renekton,17,8,9,0.47058823529411764,17,0.025835866261398176,658,3.893464052287582,5.953020296445611,408.6160617901029,0.2437632462263543,21.235294117647058,0.23529411764705882,0.35294117647058826,11,11,0.03343465045592705,15
overall,MIXED,15.19,ALL,147,Seraphine,17,8,9,0.47058823529411764,17,0.014782608695652174,1150,3.537992889463478,1.7362415790247447,274.24974873160835,0.13656249801738823,57.0,0.17647058823529413,0.058823529411764705,4,4,0.034782608695652174,15
overall,MIXED,16.14,TOP,14,Sion,17,8,9,0.47058823529411764,17,0.02442528735632184,696,4.069467787114847,6.704795801706253,378.9673304779693,0.20914748861947277,22.0,0.0,0.058823529411764705,6,6,0.017241379310344827,15
overall,MIXED,16.16,UTILITY,50,Swain,17,8,9,0.47058823529411764,17,0.025525525525525526,666,3.124539512774807,1.4815636845457743,303.59638261985003,0.15487093822134368,72.76470588235294,0.0,0.058823529411764705,45,44,0.13213213213213212,15
overall,MIXED,16.18,ALL,517,Sylas,17,8,9,0.47058823529411764,17,0.01011904761904762,1680,3.526470588235294,5.441973515281821,383.11463825609206,0.24991135870100484,17.941176470588236,0.29411764705882354,0.0,52,48,0.2857142857142857,15
overall,MIXED,16.14,BOTTOM,110,Varus,17,8,9,0.47058823529411764,17,0.02442528735632184,696,3.4608776844070968,6.6441666367549,447.02330182454415,0.22933797616306406,23.941176470588236,0.0,0.11764705882352941,9,9,0.02586206896551724,15
overall,MIXED,16.16,ALL,115,Ziggs,17,8,9,0.47058823529411764,17,0.005105105105105105,3330,3.27979797979798,6.496069334704464,401.4563418585586,0.22882872253189604,17.11764705882353,0.0,0.17647058823529413,36,36,0.10810810810810811,15
overall,MIXED,16.16,BOTTOM,115,Ziggs,17,8,9,0.47058823529411764,17,0.025525525525525526,666,3.27979797979798,6.496069334704464,401.4563418585586,0.22882872253189604,17.11764705882353,0.0,0.17647058823529413,36,36,0.10810810810810811,15
overall,MIXED,15.11,ALL,103,Ahri,17,7,10,0.4117647058823529,17,0.03207547169811321,530,4.248459383753501,5.950595426872991,346.2886539586102,0.21343762926878254,22.823529411764707,0.0,0.058823529411764705,1,1,0.018867924528301886,15
overall,MIXED,15.11,MIDDLE,103,Ahri,17,7,10,0.4117647058823529,17,0.16037735849056603,106,4.248459383753501,5.950595426872991,346.2886539586102,0.21343762926878254,22.823529411764707,0.0,0.058823529411764705,1,1,0.018867924528301886,15
overall,MIXED,15.8,ALL,51,Caitlyn,17,7,10,0.4117647058823529,17,0.026153846153846153,650,2.7492530345471526,6.475924852016488,395.69156299432643,0.21848378610705244,14.882352941176471,0.11764705882352941,0.23529411764705882,6,6,0.09230769230769231,15
overall,MIXED,15.8,BOTTOM,51,Caitlyn,17,7,10,0.4117647058823529,17,0.13076923076923078,130,2.7492530345471526,6.475924852016488,395.69156299432643,0.21848378610705244,14.882352941176471,0.11764705882352941,0.23529411764705882,6,6,0.09230769230769231,15
overall,MIXED,16.13,TOP,420,Illaoi,17,7,10,0.4117647058823529,17,0.025835866261398176,658,2.624953314659197,6.700848445009096,393.1378288445253,0.2856174484263004,22.41176470588235,0.35294117647058826,0.23529411764705882,49,47,0.14285714285714285,15
overall,MIXED,16.10,ALL,202,Jhin,17,7,10,0.4117647058823529,17,0.015315315315315315,1110,3.352995207406972,6.203817662765575,389.7750426634394,0.19103786984451177,13.764705882352942,0.0,0.11764705882352941,1,1,0.009009009009009009,15
overall,MIXED,16.17,ALL,897,KSante,17,7,10,0.4117647058823529,17,0.003373015873015873,5040,1.9103641456582636,6.020982195527998,351.3779138484712,0.2338856552191004,20.176470588235293,0.11764705882352941,0.17647058823529413,2,2,0.003968253968253968,15
overall,MIXED,16.17,TOP,897,KSante,17,7,10,0.4117647058823529,17,0.016865079365079364,1008,1.9103641456582636,6.020982195527998,351.3779138484712,0.2338856552191004,20.176470588235293,0.11764705882352941,0.17647058823529413,2,2,0.003968253968253968,15
overall,MIXED,16.15,JUNGLE,64,LeeSin,17,7,10,0.4117647058823529,17,0.020581113801452784,826,4.719070961718021,5.6804389132805895,384.6466163952101,0.1551538992674068,30.41176470588235,0.0,0.0,19,19,0.04600484261501211,15
overall,MIXED,16.17,ALL,117,Lulu,17,7,10,0.4117647058823529,17,0.003373015873015873,5040,3.9391456582633055,0.8161916786472021,277.06829387543604,0.0693924623485584,68.3529411764706,0.058823529411764705,0.0,4,4,0.007936507936507936,15
overall,MIXED,16.17,UTILITY,117,Lulu,17,7,10,0.4117647058823529,17,0.016865079365079364,1008,3.9391456582633055,0.8161916786472021,277.06829387543604,0.0693924623485584,68.3529411764706,0.058823529411764705,0.0,4,4,0.007936507936507936,15
overall,MIXED,14.20,ALL,82,Mordekaiser,17,7,10,0.4117647058823529,17,0.03695652173913044,460,1.9671568627450982,5.371283683599465,341.6951982719798,0.25912350864178796,15.823529411764707,0.058823529411764705,0.0,16,14,0.30434782608695654,15
overall,MIXED,14.20,TOP,82,Mordekaiser,17,7,10,0.4117647058823529,17,0.18478260869565216,92,1.9671568627450982,5.371283683599465,341.6951982719798,0.25912350864178796,15.823529411764707,0.058823529411764705,0.0,16,14,0.30434782608695654,15
overall,MIXED,16.11,TOP,82,Mordekaiser,17,7,10,0.4117647058823529,17,0.07203389830508475,236,2.2891711229946528,6.106518435460506,357.1745292937323,0.2229998449435311,24.352941176470587,0.058823529411764705,0.058823529411764705,18,17,0.1440677966101695,15
overall,MIXED,16.10,ALL,5,XinZhao,17,7,10,0.4117647058823529,17,0.015315315315315315,1110,3.9187675070028014,5.302268073638128,374.9734188278136,0.1608630196708842,23.58823529411765,0.058823529411764705,0.0,18,18,0.16216216216216217,15
overall,MIXED,16.18,TOP,799,Ambessa,17,6,11,0.35294117647058826,17,0.050595238095238096,336,3.1552711993888467,6.164541367985535,344.28097106689097,0.20006655652289385,19.529411764705884,0.058823529411764705,0.11764705882352941,1,1,0.005952380952380952,15
overall,MIXED,16.13,MIDDLE,893,Aurora,17,6,11,0.35294117647058826,17,0.025835866261398176,658,1.5061497326203208,5.777213442512653,337.60319455054514,0.2059201046796804,25.41176470588235,0.058823529411764705,0.0,2,2,0.0060790273556231,15
overall,MIXED,16.14,ALL,63,Brand,17,6,11,0.35294117647058826,17,0.004885057471264368,3480,2.9460744498468285,3.109972547991523,324.9119842846541,0.24354195513072727,47.0,0.058823529411764705,0.0,35,32,0.09195402298850575,15
overall,MIXED,16.13,JUNGLE,141,Kayn,17,6,11,0.35294117647058826,17,0.025835866261398176,658,1.9546918767507,5.646932991842211,374.26204849903695,0.16513279783369564,25.647058823529413,0.058823529411764705,0.058823529411764705,8,8,0.0243161094224924,15
overall,MIXED,16.5,ALL,89,Leona,17,6,11,0.35294117647058826,17,0.020987654320987655,810,2.195985060690943,0.8825700198102114,283.5723893823541,0.10449731738517279,51.470588235294116,0.058823529411764705,0.0,20,20,0.24691358024691357,15
overall,MIXED,16.5,UTILITY,89,Leona,17,6,11,0.35294117647058826,17,0.10493827160493827,162,2.195985060690943,0.8825700198102114,283.5723893823541,0.10449731738517279,51.470588235294116,0.058823529411764705,0.0,20,20,0.24691358024691357,15
overall,MIXED,15.19,UTILITY,111,Nautilus,17,6,11,0.35294117647058826,17,0.07391304347826087,230,2.3887254901960784,0.9433761978441931,247.45719312126172,0.09144825068217154,55.470588235294116,0.0,0.058823529411764705,10,9,0.0782608695652174,15
overall,MIXED,16.15,ALL,516,Ornn,17,6,11,0.35294117647058826,17,0.004116222760290557,4130,3.069112260288731,5.440780671585371,343.62581899647984,0.17777645470756856,21.176470588235293,0.0,0.29411764705882354,1,1,0.002421307506053269,15
overall,MIXED,16.15,TOP,516,Ornn,17,6,11,0.35294117647058826,17,0.020581113801452784,826,3.069112260288731,5.440780671585371,343.62581899647984,0.17777645470756856,21.176470588235293,0.0,0.29411764705882354,1,1,0.002421307506053269,15
overall,MIXED,15.24,TOP,875,Sett,17,6,11,0.35294117647058826,17,0.049707602339181284,342,2.11167672197084,5.719219504352288,368.59735431802386,0.2717695546991211,15.705882352941176,0.23529411764705882,0.17647058823529413,2,2,0.011695906432748537,15
overall,MIXED,14.19,ALL,711,Vex,17,6,11,0.35294117647058826,17,0.04047619047619048,420,2.9799253034547153,5.391824207314863,305.4853985883421,0.20276756171464327,26.176470588235293,0.058823529411764705,0.058823529411764705,6,6,0.14285714285714285,15
overall,MIXED,14.19,MIDDLE,711,Vex,17,6,11,0.35294117647058826,17,0.20238095238095238,84,2.9799253034547153,5.391824207314863,305.4853985883421,0.20276756171464327,26.176470588235293,0.058823529411764705,0.058823529411764705,6,6,0.14285714285714285,15
overall,MIXED,16.12,ALL,254,Vi,17,6,11,0.35294117647058826,17,0.019101123595505618,890,4.268775995246584,5.703013880213548,375.16333925672325,0.14531085353911258,32.0,0.058823529411764705,0.0,0,0,0.0,15
overall,MIXED,16.12,JUNGLE,254,Vi,17,6,11,0.35294117647058826,17,0.09550561797752809,178,4.268775995246584,5.703013880213548,375.16333925672325,0.14531085353911258,32.0,0.058823529411764705,0.0,0,0,0.0,15
overall,MIXED,16.10,MIDDLE,777,Yone,17,6,11,0.35294117647058826,17,0.07657657657657657,222,3.5730392156862743,6.854712647840038,393.7318899672249,0.2443161652523579,22.058823529411764,0.11764705882352941,0.11764705882352941,21,21,0.1891891891891892,15
overall,MIXED,16.16,ALL,266,Aatrox,17,5,12,0.29411764705882354,17,0.005105105105105105,3330,2.2487556561085973,5.8448371387742455,353.01710394530596,0.2365856544237142,28.11764705882353,0.23529411764705882,0.11764705882352941,15,15,0.04504504504504504,15
overall,MIXED,16.14,ALL,523,Aphelios,17,5,12,0.29411764705882354,17,0.004885057471264368,3480,1.741779135896783,5.8198979771311175,432.3796967294355,0.22316832639261766,11.823529411764707,0.058823529411764705,0.11764705882352941,12,12,0.034482758620689655,15
overall,MIXED,16.14,BOTTOM,523,Aphelios,17,5,12,0.29411764705882354,17,0.02442528735632184,696,1.741779135896783,5.8198979771311175,432.3796967294355,0.22316832639261766,11.823529411764707,0.058823529411764705,0.11764705882352941,12,12,0.034482758620689655,15
overall,MIXED,16.13,ALL,31,Chogath,17,5,12,0.29411764705882354,17,0.005167173252279635,3290,2.770448179271709,5.792972565102609,356.5190311752182,0.22442495679981192,20.823529411764707,0.23529411764705882,0.058823529411764705,3,3,0.00911854103343465,15
overall,MIXED,16.17,BOTTOM,800,Mel,17,5,12,0.29411764705882354,17,0.016865079365079364,1008,2.2326797385620916,6.702720048455051,413.4202633581079,0.23297941076384296,19.11764705882353,0.11764705882352941,0.0,146,133,0.2638888888888889,15
overall,MIXED,16.5,ALL,21,MissFortune,17,5,12,0.29411764705882354,17,0.020987654320987655,810,2.4781979458450047,7.031148190179625,450.73972533533856,0.23835951286609067,15.705882352941176,0.23529411764705882,0.11764705882352941,20,18,0.2222222222222222,15
overall,MIXED,16.5,BOTTOM,21,MissFortune,17,5,12,0.29411764705882354,17,0.10493827160493827,162,2.4781979458450047,7.031148190179625,450.73972533533856,0.23835951286609067,15.705882352941176,0.23529411764705882,0.11764705882352941,20,18,0.2222222222222222,15
overall,MIXED,16.1,ALL,901,Smolder,17,5,12,0.29411764705882354,17,0.02207792207792208,770,1.9153340123928355,6.908910115990856,409.67454843772185,0.22640250299310166,19.529411764705884,0.058823529411764705,0.058823529411764705,7,7,0.09090909090909091,15
overall,MIXED,16.18,ALL,18,Tristana,17,5,12,0.29411764705882354,17,0.01011904761904762,1680,3.2623949579831932,5.914660676720206,414.67347007094185,0.21100403353727995,18.764705882352942,0.11764705882352941,0.058823529411764705,20,20,0.11904761904761904,15
overall,MIXED,16.10,ALL,350,Yuumi,17,2,15,0.11764705882352941,17,0.015315315315315315,1110,3.4385154061624648,0.32139180719186505,225.6931835021242,0.06665898768166033,23.470588235294116,0.0,0.058823529411764705,1,1,0.009009009009009009,15
overall,MIXED,16.10,UTILITY,350,Yuumi,17,2,15,0.11764705882352941,17,0.07657657657657657,222,3.4385154061624648,0.32139180719186505,225.6931835021242,0.06665898768166033,23.470588235294116,0.0,0.058823529411764705,1,1,0.009009009009009009,15
overall,MIXED,16.17,ALL,32,Amumu,16,14,2,0.875,16,0.0031746031746031746,5040,6.902552655677656,5.880443083510226,401.6669662948606,0.15840379231583776,27.75,0.0,0.0,6,6,0.011904761904761904,15
overall,MIXED,16.13,TOP,266,Aatrox,16,11,5,0.6875,16,0.0243161094224924,658,6.4038690476190485,6.9950964926024,416.8093195599892,0.26245743406350747,22.625,0.125,0.4375,14,14,0.0425531914893617,15
overall,MIXED,16.18,ALL,53,Blitzcrank,16,11,5,0.6875,16,0.009523809523809525,1680,4.800843253968254,0.8409235553656924,273.85018408172056,0.09348073336465891,59.9375,0.0,0.0,36,34,0.20238095238095238,15
overall,MIXED,16.18,UTILITY,53,Blitzcrank,16,11,5,0.6875,16,0.047619047619047616,336,4.800843253968254,0.8409235553656924,273.85018408172056,0.09348073336465891,59.9375,0.0,0.0,36,34,0.20238095238095238,15
overall,MIXED,16.15,ALL,887,Gwen,16,11,5,0.6875,16,0.00387409200968523,4130,2.857291666666667,6.205636001224292,384.9939569415076,0.20922817102415767,21.8125,0.25,0.125,6,6,0.014527845036319613,15
overall,MIXED,15.10,ALL,222,Jinx,16,11,5,0.6875,16,0.02318840579710145,690,3.855965909090909,6.234637608318373,364.0308633732088,0.1874522003356606,10.625,0.0625,0.1875,13,12,0.17391304347826086,15
overall,MIXED,15.10,BOTTOM,222,Jinx,16,11,5,0.6875,16,0.11594202898550725,138,3.855965909090909,6.234637608318373,364.0308633732088,0.1874522003356606,10.625,0.0625,0.1875,13,12,0.17391304347826086,15
overall,MIXED,16.13,ALL,897,KSante,16,11,5,0.6875,16,0.004863221884498481,3290,3.092956349206349,6.189424113363138,354.4918771197795,0.17763118343240428,26.625,0.0625,0.0625,3,3,0.00911854103343465,15
overall,MIXED,15.17,UTILITY,99,Lux,16,11,5,0.6875,16,0.09937888198757763,161,5.126041666666667,1.2233739743197236,277.3964311449461,0.15805076087414324,52.5,0.0,0.0,5,5,0.06172839506172839,15
overall,MIXED,16.15,ALL,57,Maokai,16,11,5,0.6875,16,0.00387409200968523,4130,6.417410714285714,2.606116415641548,328.39708510698426,0.15132814614708895,50.75,0.25,0.0625,4,4,0.009685230024213076,15
overall,MIXED,16.14,ALL,161,Velkoz,16,11,5,0.6875,16,0.004597701149425287,3480,2.5100694444444445,3.1555520146597633,338.4421000255903,0.21748969705973742,52.9375,0.0625,0.1875,8,8,0.022988505747126436,15
overall,MIXED,16.14,ALL,266,Aatrox,16,10,6,0.625,16,0.004597701149425287,3480,3.4055059523809526,5.596448122233786,364.58825292644804,0.17024791898562028,21.0,0.0,0.0625,9,9,0.02586206896551724,15
overall,MIXED,16.14,TOP,266,Aatrox,16,10,6,0.625,16,0.022988505747126436,696,3.4055059523809526,5.596448122233786,364.58825292644804,0.17024791898562028,21.0,0.0,0.0625,9,9,0.02586206896551724,15
overall,MIXED,16.13,ALL,53,Blitzcrank,16,10,6,0.625,16,0.004863221884498481,3290,4.332219516594517,0.9601547549578174,294.5479163602996,0.09984233057423808,67.625,0.0,0.0625,47,45,0.13677811550151975,15
overall,MIXED,16.13,UTILITY,53,Blitzcrank,16,10,6,0.625,16,0.0243531202435312,657,4.332219516594517,0.9601547549578174,294.5479163602996,0.09984233057423808,67.625,0.0,0.0625,47,45,0.13677811550151975,15
overall,MIXED,16.9,ALL,63,Brand,16,10,6,0.625,16,0.020253164556962026,790,1.8547123015873015,3.3046823090208393,364.90313086650616,0.2639537484951814,44.5,0.0625,0.0625,39,33,0.4177215189873418,15
overall,MIXED,16.7,ALL,233,Briar,16,10,6,0.625,16,0.02077922077922078,770,4.575545634920635,6.350152125405784,442.5785359190808,0.17427545657813998,29.4375,0.0,0.0,12,11,0.14285714285714285,15
overall,MIXED,16.7,JUNGLE,233,Briar,16,10,6,0.625,16,0.1038961038961039,154,4.575545634920635,6.350152125405784,442.5785359190808,0.17427545657813998,29.4375,0.0,0.0,12,11,0.14285714285714285,15
overall,MIXED,16.5,ALL,86,Garen,16,10,6,0.625,16,0.019753086419753086,810,1.6072916666666666,6.310112354527784,392.72854550450353,0.1904126868638714,23.1875,0.1875,0.0625,10,10,0.12345679012345678,15
overall,MIXED,16.18,ALL,39,Irelia,16,10,6,0.625,16,0.009523809523809525,1680,4.96589590964591,7.808655123450479,466.068635997722,0.2726662585824898,24.875,0.3125,0.375,11,11,0.06547619047619048,15
overall,MIXED,15.21,ALL,222,Jinx,16,10,6,0.625,16,0.02711864406779661,590,3.2680871212121216,6.4265644655290535,406.72506048942006,0.2278081836610317,12.9375,0.125,0.1875,26,21,0.3559322033898305,15
overall,MIXED,15.21,BOTTOM,222,Jinx,16,10,6,0.625,16,0.13675213675213677,117,3.2680871212121216,6.4265644655290535,406.72506048942006,0.2278081836610317,12.9375,0.125,0.1875,26,21,0.3559322033898305,15
overall,MIXED,16.2,ALL,89,Leona,16,10,6,0.625,16,0.022535211267605635,710,3.639493145743146,0.7316001919603811,277.1349905222002,0.07677637977859239,86.6875,0.125,0.0,7,7,0.09859154929577464,15
overall,MIXED,16.2,UTILITY,89,Leona,16,10,6,0.625,16,0.11267605633802817,142,3.639493145743146,0.7316001919603811,277.1349905222002,0.07677637977859239,86.6875,0.125,0.0,7,7,0.09859154929577464,15
overall,MIXED,16.13,MIDDLE,800,Mel,16,10,6,0.625,16,0.0243161094224924,658,2.988417658730159,6.799756070782616,402.37953965657,0.220184606326004,27.375,0.1875,0.125,82,79,0.24012158054711247,15
overall,MIXED,15.8,ALL,111,Nautilus,16,10,6,0.625,16,0.024615384615384615,650,2.7703125,1.5412879065077179,263.4274900086101,0.11021835118396921,54.25,0.0,0.0,6,6,0.09230769230769231,15
overall,MIXED,15.8,ALL,875,Sett,16,10,6,0.625,16,0.024615384615384615,650,2.2805059523809526,5.595533359553184,368.06396705170187,0.26146581597117047,17.5625,0.25,0.1875,3,2,0.03076923076923077,15
overall,MIXED,16.6,ALL,102,Shyvana,16,10,6,0.625,16,0.021052631578947368,760,4.929017857142858,6.82709748970297,426.81554517807734,0.17773296621125306,27.4375,0.0,0.0625,33,31,0.40789473684210525,15
overall,MIXED,16.6,JUNGLE,102,Shyvana,16,10,6,0.625,16,0.10526315789473684,152,4.929017857142858,6.82709748970297,426.81554517807734,0.17773296621125306,27.4375,0.0,0.0625,33,31,0.40789473684210525,15
overall,MIXED,16.17,ALL,6,Urgot,16,10,6,0.625,16,0.0031746031746031746,5040,3.2139880952380953,6.250836397744447,389.7298819013616,0.22639452572010713,22.5,0.125,0.25,13,13,0.025793650793650792,15
overall,MIXED,16.17,TOP,6,Urgot,16,10,6,0.625,16,0.015873015873015872,1008,3.2139880952380953,6.250836397744447,389.7298819013616,0.22639452572010713,22.5,0.125,0.25,13,13,0.025793650793650792,15
overall,MIXED,15.19,JUNGLE,106,Volibear,16,10,6,0.625,16,0.06926406926406926,231,5.2564980158730155,6.001108940913296,390.56494966048723,0.178172863010447,22.4375,0.0625,0.0,11,11,0.09565217391304348,15
overall,MIXED,15.24,ALL,157,Yasuo,16,10,6,0.625,16,0.00935672514619883,1710,3.4052530802530803,6.899072752726875,412.60810512389503,0.23994093279710582,14.0625,0.0625,0.1875,8,8,0.04678362573099415,15
overall,MIXED,15.17,ALL,83,Yorick,16,10,6,0.625,16,0.019753086419753086,810,3.725595238095238,6.266340351320601,409.0898733075692,0.26926482711309324,16.9375,0.0625,0.5,31,28,0.345679012345679,15
overall,MIXED,16.17,UTILITY,143,Zyra,16,10,6,0.625,16,0.015873015873015872,1008,4.407589285714286,1.5184869448122567,316.750137997123,0.20016870354810998,63.125,0.1875,0.0625,18,18,0.03571428571428571,15
overall,MIXED,16.14,ALL,34,Anivia,16,9,7,0.5625,16,0.004597701149425287,3480,6.259077380952382,6.364453834108257,358.8367823547694,0.18687839426118769,24.9375,0.125,0.0625,0,0,0.0,15
overall,MIXED,16.16,JUNGLE,104,Graves,16,9,7,0.5625,16,0.024024024024024024,666,4.202820616883117,6.717857666444066,423.40384494819483,0.1741105336648763,31.5,0.0625,0.0625,48,47,0.14114114114114115,15
overall,MIXED,16.18,ALL,910,Hwei,16,9,7,0.5625,16,0.009523809523809525,1680,2.476673846986347,5.879557227557009,362.61717679432377,0.24694222131520027,27.9375,0.0,0.0,3,3,0.017857142857142856,15
overall,MIXED,15.17,ALL,202,Jhin,16,9,7,0.5625,16,0.019753086419753086,810,4.435019841269842,5.546834699141453,378.9086988957133,0.19452359245497103,11.875,0.125,0.125,5,5,0.06172839506172839,15
overall,MIXED,15.17,BOTTOM,202,Jhin,16,9,7,0.5625,16,0.09876543209876543,162,4.435019841269842,5.546834699141453,378.9086988957133,0.19452359245497103,11.875,0.125,0.125,5,5,0.06172839506172839,15
overall,MIXED,16.2,ALL,90,Malzahar,16,9,7,0.5625,16,0.022535211267605635,710,3.4110412157287158,7.416597451887362,396.87296105497495,0.2160822392244767,29.625,0.0,0.1875,15,15,0.2112676056338028,15
overall,MIXED,16.2,MIDDLE,90,Malzahar,16,9,7,0.5625,16,0.11267605633802817,142,3.4110412157287158,7.416597451887362,396.87296105497495,0.2160822392244767,29.625,0.0,0.1875,15,15,0.2112676056338028,15
overall,MIXED,15.16,ALL,21,MissFortune,16,9,7,0.5625,16,0.02962962962962963,540,6.233292748917749,5.745798409364102,387.62852800963935,0.2247288453206409,15.0625,0.0,0.0,4,4,0.07407407407407407,15
overall,MIXED,15.16,BOTTOM,21,MissFortune,16,9,7,0.5625,16,0.14953271028037382,107,6.233292748917749,5.745798409364102,387.62852800963935,0.2247288453206409,15.0625,0.0,0.0,4,4,0.07407407407407407,15
overall,MIXED,16.18,ALL,62,MonkeyKing,16,9,7,0.5625,16,0.009523809523809525,1680,5.059747023809523,6.513197901537832,404.04783679618174,0.1494015458229956,33.375,0.0625,0.0,16,15,0.08928571428571429,15
overall,MIXED,16.18,JUNGLE,62,MonkeyKing,16,9,7,0.5625,16,0.047619047619047616,336,5.059747023809523,6.513197901537832,404.04783679618174,0.1494015458229956,33.375,0.0625,0.0,16,15,0.08928571428571429,15
overall,MIXED,16.18,ALL,56,Nocturne,16,9,7,0.5625,16,0.009523809523809525,1680,3.584469696969697,6.371225353154799,409.9210962622766,0.17885437818825037,25.1875,0.125,0.0,51,48,0.2857142857142857,15
overall,MIXED,16.18,JUNGLE,56,Nocturne,16,9,7,0.5625,16,0.047619047619047616,336,3.584469696969697,6.371225353154799,409.9210962622766,0.17885437818825037,25.1875,0.125,0.0,51,48,0.2857142857142857,15
overall,MIXED,16.16,TOP,17,Teemo,16,9,7,0.5625,16,0.024024024024024024,666,3.487590187590188,7.165895803185155,408.0923599315342,0.2619018028611956,35.4375,0.0625,0.125,22,22,0.06606606606606606,15
overall,MIXED,16.13,UTILITY,161,Velkoz,16,9,7,0.5625,16,0.0243531202435312,657,3.5997247544122546,1.489851751629717,308.9022660834595,0.20320388865539268,68.625,0.0,0.0,3,3,0.00911854103343465,15
overall,MIXED,16.15,UTILITY,161,Velkoz,16,9,7,0.5625,16,0.01937046004842615,826,2.938241966366966,1.529824712406644,318.98814863849174,0.2301530579650778,63.6875,0.1875,0.0,8,8,0.01937046004842615,15
overall,MIXED,16.6,UTILITY,89,Leona,16,8,8,0.5,16,0.10596026490066225,151,4.5673024891774885,1.0115775830673175,294.6247548019821,0.09461984469643399,80.875,0.0,0.25,17,16,0.21052631578947367,15
overall,MIXED,16.11,ALL,58,Renekton,16,8,8,0.5,16,0.013559322033898305,1180,3.4175595238095244,6.030656513031957,370.4311549025216,0.24061704649595475,18.75,0.125,0.1875,8,8,0.06779661016949153,15
overall,MIXED,16.11,TOP,58,Renekton,16,8,8,0.5,16,0.06779661016949153,236,3.4175595238095244,6.030656513031957,370.4311549025216,0.24061704649595475,18.75,0.125,0.1875,8,8,0.06779661016949153,15
overall,MIXED,16.12,BOTTOM,235,Senna,16,8,8,0.5,16,0.0903954802259887,177,6.442113095238095,5.640893583949947,420.8929087364618,0.22595428743450793,14.5625,0.25,0.125,32,30,0.33707865168539325,15
overall,MIXED,15.18,MIDDLE,777,Yone,16,8,8,0.5,16,0.12307692307692308,130,2.6297483766233762,6.632025139348255,379.5225736346193,0.2309682562010132,15.0625,0.0625,0.0625,5,4,0.06153846153846154,15
overall,MIXED,15.24,TOP,266,Aatrox,16,7,9,0.4375,16,0.04678362573099415,342,2.3595779220779223,5.773346692696642,348.6691104482474,0.2116359993097969,17.8125,0.25,0.1875,19,19,0.1111111111111111,15
overall,MIXED,16.6,ALL,233,Briar,16,7,9,0.4375,16,0.021052631578947368,760,2.8044642857142854,6.463404393322209,432.0801011071714,0.21228701845891396,31.3125,0.0,0.0,22,20,0.2631578947368421,15
overall,MIXED,16.6,JUNGLE,233,Briar,16,7,9,0.4375,16,0.10526315789473684,152,2.8044642857142854,6.463404393322209,432.0801011071714,0.21228701845891396,31.3125,0.0,0.0,22,20,0.2631578947368421,15
overall,MIXED,16.15,JUNGLE,131,Diana,16,7,9,0.4375,16,0.01937046004842615,826,3.1485344516594522,6.323560366566522,382.0692224508911,0.16293121145265016,31.5625,0.0,0.0625,20,20,0.048426150121065374,15
overall,MIXED,15.24,TOP,86,Garen,16,7,9,0.4375,16,0.04678362573099415,342,2.3822916666666667,6.607533966257469,414.6676209934533,0.21561103748643726,14.875,0.25,0.3125,10,10,0.05847953216374269,15
overall,MIXED,15.23,ALL,202,Jhin,16,7,9,0.4375,16,0.027586206896551724,580,2.732977092352092,5.994779871816795,381.6230218580199,0.17748939549293108,12.6875,0.0625,0.125,4,4,0.06896551724137931,15
overall,MIXED,15.23,BOTTOM,202,Jhin,16,7,9,0.4375,16,0.13793103448275862,116,2.732977092352092,5.994779871816795,381.6230218580199,0.17748939549293108,12.6875,0.0625,0.125,4,4,0.06896551724137931,15
overall,MIXED,16.10,BOTTOM,202,Jhin,16,7,9,0.4375,16,0.07207207207207207,222,3.520890741203241,6.429831199302979,397.06051113179115,0.1890676005076619,13.3125,0.0,0.125,1,1,0.009009009009009009,15
overall,MIXED,16.9,ALL,89,Leona,16,7,9,0.4375,16,0.020253164556962026,790,2.2854777167277165,0.8975367660125493,264.76047431677506,0.10612845672761102,62.125,0.0,0.0,15,15,0.189873417721519,15
overall,MIXED,16.9,UTILITY,89,Leona,16,7,9,0.4375,16,0.10126582278481013,158,2.2854777167277165,0.8975367660125493,264.76047431677506,0.10612845672761102,62.125,0.0,0.0,15,15,0.189873417721519,15
overall,MIXED,16.16,ALL,236,Lucian,16,7,9,0.4375,16,0.004804804804804805,3330,5.092906746031746,7.0727100040331585,414.0094081909901,0.2293105260294619,15.625,0.1875,0.25,0,0,0.0,15
overall,MIXED,16.17,UTILITY,57,Maokai,16,7,9,0.4375,16,0.015873015873015872,1008,4.0794223137973145,1.004956849160295,288.16397453182765,0.12466118269556938,67.1875,0.1875,0.0625,3,3,0.005952380952380952,15
overall,MIXED,16.13,UTILITY,800,Mel,16,7,9,0.4375,16,0.0243531202435312,657,1.4439664502164502,1.631179714504579,341.75559907375657,0.1715052931975258,49.3125,0.0625,0.125,82,79,0.24012158054711247,15
overall,MIXED,16.15,ALL,360,Samira,16,7,9,0.4375,16,0.00387409200968523,4130,3.9077944624819625,6.542702546316313,454.5956596894786,0.20469023529956584,12.4375,0.0,0.125,6,6,0.014527845036319613,15
overall,MIXED,16.15,BOTTOM,360,Samira,16,7,9,0.4375,16,0.01937046004842615,826,3.9077944624819625,6.542702546316313,454.5956596894786,0.20469023529956584,12.4375,0.0,0.125,6,6,0.014527845036319613,15
overall,MIXED,16.10,JUNGLE,5,XinZhao,16,7,9,0.4375,16,0.07207207207207207,222,4.111607142857142,5.309680236403776,379.378645259654,0.1522966258772945,23.9375,0.0625,0.0,18,18,0.16216216216216217,15
overall,MIXED,15.24,ALL,904,Zaahen,16,7,9,0.4375,16,0.00935672514619883,1710,2.2724657287157286,5.6679270299469495,372.788281323958,0.19942108739587938,19.1875,0.0625,0.0625,34,33,0.19298245614035087,15
overall,MIXED,16.14,UTILITY,143,Zyra,16,7,9,0.4375,16,0.022988505747126436,696,3.0528950216450217,1.7469262913995611,327.07829562755535,0.21676403262786675,75.625,0.0625,0.0625,18,18,0.05172413793103448,15
overall,MIXED,16.14,ALL,897,KSante,16,6,10,0.375,16,0.004597701149425287,3480,3.9966021825396822,6.029550367974155,360.3083645844329,0.20936988443761764,28.4375,0.125,0.0625,3,3,0.008620689655172414,15
overall,MIXED,16.14,TOP,897,KSante,16,6,10,0.375,16,0.022988505747126436,696,3.9966021825396822,6.029550367974155,360.3083645844329,0.20936988443761764,28.4375,0.125,0.0625,3,3,0.008620689655172414,15
overall,MIXED,16.16,ALL,64,LeeSin,16,6,10,0.375,16,0.004804804804804805,3330,3.797840007215007,5.708907467786618,397.9629682592445,0.1759800573507572,31.9375,0.1875,0.0,18,18,0.05405405405405406,15
overall,MIXED,16.17,JUNGLE,54,Malphite,16,6,10,0.375,16,0.015873015873015872,1008,5.303125,6.107390625672805,385.5502167849064,0.15612246187003043,29.0625,0.0625,0.0,61,58,0.11507936507936507,15
overall,MIXED,16.13,UTILITY,80,Pantheon,16,6,10,0.375,16,0.0243531202435312,657,2.416220238095238,1.3037748656528543,313.252744584767,0.1614466936182857,69.625,0.0,0.125,10,10,0.030395136778115502,15
overall,MIXED,15.18,ALL,15,Sivir,16,6,10,0.375,16,0.024615384615384615,650,3.096006944444445,6.683466383369799,378.3381709267667,0.23575222283453173,17.1875,0.125,0.1875,26,23,0.35384615384615387,15
overall,MIXED,15.18,BOTTOM,15,Sivir,16,6,10,0.375,16,0.12307692307692308,130,3.096006944444445,6.683466383369799,378.3381709267667,0.23575222283453173,17.1875,0.125,0.1875,26,23,0.35384615384615387,15
overall,MIXED,16.16,ALL,134,Syndra,16,6,10,0.375,16,0.004804804804804805,3330,2.9285601551226557,6.16970251184213,374.8609010772176,0.25845089391956366,25.4375,0.0625,0.0,27,27,0.08108108108108109,15
overall,MIXED,16.16,MIDDLE,134,Syndra,16,6,10,0.375,16,0.024024024024024024,666,2.9285601551226557,6.16970251184213,374.8609010772176,0.25845089391956366,25.4375,0.0625,0.0,27,27,0.08108108108108109,15
overall,MIXED,16.13,JUNGLE,19,Warwick,16,6,10,0.375,16,0.0243161094224924,658,4.486129148629149,5.683870492207872,411.07431657342295,0.19018474256996692,24.6875,0.125,0.0,12,11,0.03343465045592705,15
overall,MIXED,16.10,ALL,101,Xerath,16,6,10,0.375,16,0.014414414414414415,1110,2.031498015873016,4.514201852075364,326.79913645475114,0.22626460279947275,17.3125,0.0,0.0,25,23,0.2072072072072072,15
overall,MIXED,16.16,UTILITY,800,Mel,16,5,11,0.3125,16,0.024024024024024024,666,1.938493104118104,2.2188848755102275,312.65066529880886,0.17770284124761782,60.75,0.1875,0.0,88,85,0.2552552552552553,15
overall,MIXED,15.17,ALL,234,Viego,16,5,11,0.3125,16,0.019753086419753086,810,2.1623241341991344,4.7886995936384755,364.67855543642975,0.16652353180050886,20.0625,0.0,0.0,4,4,0.04938271604938271,15
overall,MIXED,15.17,JUNGLE,234,Viego,16,5,11,0.3125,16,0.09876543209876543,162,2.1623241341991344,4.7886995936384755,364.67855543642975,0.16652353180050886,20.0625,0.0,0.0,4,4,0.04938271604938271,15
overall,MIXED,15.3,ALL,222,Jinx,16,4,12,0.25,16,0.03902439024390244,410,2.9894209956709954,6.616809864525017,358.4813669960663,0.2031156617661212,12.6875,0.0625,0.25,7,6,0.14634146341463414,15
overall,MIXED,15.3,BOTTOM,222,Jinx,16,4,12,0.25,16,0.1951219512195122,82,2.9894209956709954,6.616809864525017,358.4813669960663,0.2031156617661212,12.6875,0.0625,0.25,7,6,0.14634146341463414,15
overall,MIXED,16.18,TOP,75,Nasus,16,4,12,0.25,16,0.047619047619047616,336,2.8089781746031743,5.598804521215474,377.02661489175784,0.1941559798313203,19.0625,0.125,0.0625,75,66,0.39285714285714285,15
overall,MIXED,15.21,ALL,875,Sett,16,4,12,0.25,16,0.02711864406779661,590,1.6777304292929291,5.153075522856133,340.1534226592208,0.2268148962746037,12.3125,0.3125,0.0625,2,2,0.03389830508474576,15
overall,MIXED,15.21,TOP,875,Sett,16,4,12,0.25,16,0.13559322033898305,118,1.6777304292929291,5.153075522856133,340.1534226592208,0.2268148962746037,12.3125,0.3125,0.0625,2,2,0.03389830508474576,15
overall,MIXED,16.17,JUNGLE,32,Amumu,15,13,2,0.8666666666666667,15,0.01488095238095238,1008,6.2293894993895,6.187366239432185,407.26300112991817,0.1610483569531488,25.466666666666665,0.0,0.0,6,6,0.011904761904761904,15
overall,MIXED,16.13,TOP,897,KSante,15,11,4,0.7333333333333333,15,0.022796352583586626,658,3.2229629629629626,6.193032985384935,356.1341078370463,0.17753865968379676,27.0,0.06666666666666667,0.06666666666666667,3,3,0.00911854103343465,15
overall,MIXED,15.18,ALL,11,MasterYi,15,11,4,0.7333333333333333,15,0.023076923076923078,650,5.737037037037038,5.9691775303205725,441.2570679441828,0.2624270514200419,33.06666666666667,0.2,0.06666666666666667,10,10,0.15384615384615385,15
overall,MIXED,15.18,JUNGLE,11,MasterYi,15,11,4,0.7333333333333333,15,0.11538461538461539,130,5.737037037037038,5.9691775303205725,441.2570679441828,0.2624270514200419,33.06666666666667,0.2,0.06666666666666667,10,10,0.15384615384615385,15
overall,MIXED,15.17,ALL,84,Akali,15,10,5,0.6666666666666666,15,0.018518518518518517,810,4.863095238095238,4.725102769225012,369.15938463495024,0.222800063539755,19.2,0.06666666666666667,0.0,13,12,0.14814814814814814,15
overall,MIXED,16.9,ALL,51,Caitlyn,15,10,5,0.6666666666666666,15,0.0189873417721519,790,2.7057142857142855,6.959151601787926,420.93649914490004,0.19634438473853805,20.333333333333332,0.26666666666666666,0.13333333333333333,25,23,0.2911392405063291,15
overall,MIXED,16.9,BOTTOM,51,Caitlyn,15,10,5,0.6666666666666666,15,0.0949367088607595,158,2.7057142857142855,6.959151601787926,420.93649914490004,0.19634438473853805,20.333333333333332,0.26666666666666666,0.13333333333333333,25,23,0.2911392405063291,15
overall,MIXED,16.5,TOP,86,Garen,15,10,5,0.6666666666666666,15,0.09259259259259259,162,1.6588888888888889,6.342071777953985,392.37126358515906,0.19149059507733363,23.933333333333334,0.2,0.06666666666666667,10,10,0.12345679012345678,15
overall,MIXED,16.1,ALL,89,Leona,15,10,5,0.6666666666666666,15,0.01948051948051948,770,3.79027269027269,0.9405642368012722,296.33439937350505,0.08981844783016583,76.0,0.0,0.06666666666666667,7,7,0.09090909090909091,15
overall,MIXED,16.14,JUNGLE,54,Malphite,15,10,5,0.6666666666666666,15,0.021551724137931036,696,3.3475132275132276,5.939883941611824,379.0331538611166,0.12778527833727715,33.4,0.06666666666666667,0.0,33,32,0.09195402298850575,15
overall,MIXED,15.17,ALL,412,Thresh,15,10,5,0.6666666666666666,15,0.018518518518518517,810,4.419391534391535,0.9187703822063046,270.77891411269576,0.10017248788000985,64.8,0.13333333333333333,0.0,3,3,0.037037037037037035,15
overall,MIXED,15.17,UTILITY,412,Thresh,15,10,5,0.6666666666666666,15,0.09316770186335403,161,4.419391534391535,0.9187703822063046,270.77891411269576,0.10017248788000985,64.8,0.13333333333333333,0.0,3,3,0.037037037037037035,15
overall,MIXED,16.13,UTILITY,101,Xerath,15,10,5,0.6666666666666666,15,0.0228310502283105,657,4.367895622895622,1.4887758947332845,322.4637621508016,0.21383068142345515,58.4,0.0,0.06666666666666667,69,65,0.19756838905775076,15
overall,MIXED,15.7,ALL,103,Ahri,15,9,6,0.6,15,0.03260869565217391,460,3.7850000000000006,6.312264608104903,369.3695931930039,0.22235655789623396,25.4,0.13333333333333333,0.06666666666666667,4,4,0.08695652173913043,15
overall,MIXED,16.6,ALL,103,Ahri,15,9,6,0.6,15,0.019736842105263157,760,3.3759259259259258,6.286833977242689,355.1599124540667,0.2032033179614504,27.066666666666666,0.0,0.06666666666666667,9,9,0.11842105263157894,15
overall,MIXED,15.7,MIDDLE,103,Ahri,15,9,6,0.6,15,0.16304347826086957,92,3.7850000000000006,6.312264608104903,369.3695931930039,0.22235655789623396,25.4,0.13333333333333333,0.06666666666666667,4,4,0.08695652173913043,15
overall,MIXED,16.6,MIDDLE,103,Ahri,15,9,6,0.6,15,0.09868421052631579,152,3.3759259259259258,6.286833977242689,355.1599124540667,0.2032033179614504,27.066666666666666,0.0,0.06666666666666667,9,9,0.11842105263157894,15
overall,MIXED,16.8,ALL,233,Briar,15,9,6,0.6,15,0.02142857142857143,700,4.15968253968254,6.754177370688881,438.2614722625393,0.1996351889072064,24.866666666666667,0.0,0.0,20,20,0.2857142857142857,15
overall,MIXED,16.8,JUNGLE,233,Briar,15,9,6,0.6,15,0.10714285714285714,140,4.15968253968254,6.754177370688881,438.2614722625393,0.1996351889072064,24.866666666666667,0.0,0.0,20,20,0.2857142857142857,15
overall,MIXED,16.18,ALL,122,Darius,15,9,6,0.6,15,0.008928571428571428,1680,2.363756613756614,6.1544815621753255,381.4791739891754,0.23694070736331463,15.2,0.26666666666666666,0.06666666666666667,11,11,0.06547619047619048,15
overall,MIXED,16.18,ALL,36,DrMundo,15,9,6,0.6,15,0.008928571428571428,1680,1.933888888888889,5.871451511833585,342.1284411208645,0.2167034657767761,27.133333333333333,0.06666666666666667,0.13333333333333333,4,4,0.023809523809523808,15
overall,MIXED,16.18,ALL,887,Gwen,15,9,6,0.6,15,0.008928571428571428,1680,3.2812169312169313,6.17656519749468,401.82540902930134,0.20278797132107668,22.2,0.13333333333333333,0.26666666666666666,1,1,0.005952380952380952,15
overall,MIXED,16.15,TOP,24,Jax,15,9,6,0.6,15,0.018159806295399514,826,3.119312169312169,5.973547097210419,386.2255389256994,0.23642523996071133,21.866666666666667,0.26666666666666666,0.2,24,24,0.05811138014527845,15
overall,MIXED,15.24,MIDDLE,950,Naafiri,15,9,6,0.6,15,0.043859649122807015,342,3.649708994708995,6.247941582727454,384.3177695300741,0.23114912423853343,15.8,0.13333333333333333,0.0,4,4,0.023391812865497075,15
overall,MIXED,16.12,ALL,102,Shyvana,15,9,6,0.6,15,0.016853932584269662,890,4.703333333333332,6.086415550373804,440.22542503378753,0.18272352801995653,25.533333333333335,0.0,0.06666666666666667,11,11,0.12359550561797752,15
overall,MIXED,16.12,JUNGLE,102,Shyvana,15,9,6,0.6,15,0.08426966292134831,178,4.703333333333332,6.086415550373804,440.22542503378753,0.18272352801995653,25.533333333333335,0.0,0.06666666666666667,11,11,0.12359550561797752,15
overall,MIXED,15.13,ALL,15,Sivir,15,9,6,0.6,15,0.015625,960,3.7273809523809525,7.39418619017246,399.1916722427477,0.22306684293949075,15.466666666666667,0.0,0.13333333333333333,20,18,0.1875,15
overall,MIXED,15.13,BOTTOM,15,Sivir,15,9,6,0.6,15,0.078125,192,3.7273809523809525,7.39418619017246,399.1916722427477,0.22306684293949075,15.466666666666667,0.0,0.13333333333333333,20,18,0.1875,15
overall,MIXED,15.15,ALL,77,Udyr,15,9,6,0.6,15,0.036585365853658534,410,7.533333333333332,6.643119773111696,368.8438686199052,0.2404947946977547,17.266666666666666,0.2,0.2,0,0,0.0,15
overall,MIXED,16.3,ALL,45,Veigar,15,9,6,0.6,15,0.017045454545454544,880,4.0111904761904755,6.750830333148078,395.20445547215843,0.225111259216648,22.4,0.0,0.06666666666666667,14,14,0.1590909090909091,15
overall,MIXED,16.8,ALL,804,Yunara,15,9,6,0.6,15,0.02142857142857143,700,3.1296825396825403,6.442863546550968,437.43172457784254,0.21711354901182292,12.666666666666666,0.06666666666666667,0.06666666666666667,3,3,0.04285714285714286,15
overall,MIXED,16.8,BOTTOM,804,Yunara,15,9,6,0.6,15,0.10714285714285714,140,3.1296825396825403,6.442863546550968,437.43172457784254,0.21711354901182292,12.666666666666666,0.06666666666666667,0.06666666666666667,3,3,0.04285714285714286,15
overall,MIXED,16.17,ALL,200,Belveth,15,8,7,0.5333333333333333,15,0.002976190476190476,5040,4.075079365079365,6.761637122484479,434.92265440429946,0.16447731321058703,21.2,0.06666666666666667,0.0,72,72,0.14285714285714285,15
overall,MIXED,16.17,JUNGLE,200,Belveth,15,8,7,0.5333333333333333,15,0.01488095238095238,1008,4.075079365079365,6.761637122484479,434.92265440429946,0.16447731321058703,21.2,0.06666666666666667,0.0,72,72,0.14285714285714285,15
overall,MIXED,16.16,ALL,63,Brand,15,8,7,0.5333333333333333,15,0.0045045045045045045,3330,2.754545454545455,3.3205192505437986,339.4470062829472,0.27284993402072,43.2,0.06666666666666667,0.0,16,16,0.04804804804804805,15
overall,MIXED,16.2,ALL,51,Caitlyn,15,8,7,0.5333333333333333,15,0.02112676056338028,710,4.0790476190476195,6.837058196526202,442.3930459168085,0.2300985863457291,16.4,0.06666666666666667,0.13333333333333333,9,9,0.1267605633802817,15
overall,MIXED,16.2,BOTTOM,51,Caitlyn,15,8,7,0.5333333333333333,15,0.1056338028169014,142,4.0790476190476195,6.837058196526202,442.3930459168085,0.2300985863457291,16.4,0.06666666666666667,0.13333333333333333,9,9,0.1267605633802817,15
overall,MIXED,16.6,ALL,36,DrMundo,15,8,7,0.5333333333333333,15,0.019736842105263157,760,5.745555555555556,6.739585115339221,383.66860155828164,0.17858763114336168,30.6,0.0,0.0,7,7,0.09210526315789473,15
overall,MIXED,16.13,TOP,39,Irelia,15,8,7,0.5333333333333333,15,0.022796352583586626,658,2.250553150553151,7.74261736472205,491.9105502768554,0.2768774739796385,31.133333333333333,0.4,0.5333333333333333,41,40,0.12158054711246201,15
overall,MIXED,16.15,JUNGLE,59,JarvanIV,15,8,7,0.5333333333333333,15,0.018159806295399514,826,5.472380952380954,6.682533657646439,429.50443422283416,0.17396892755684723,31.2,0.0,0.0,6,6,0.014527845036319613,15
overall,MIXED,16.16,TOP,24,Jax,15,8,7,0.5333333333333333,15,0.02252252252252252,666,2.4011904761904765,6.135316646850328,410.0212741858994,0.24169048957233052,19.866666666666667,0.26666666666666666,0.26666666666666666,23,23,0.06906906906906907,15
overall,MIXED,16.2,ALL,222,Jinx,15,8,7,0.5333333333333333,15,0.02112676056338028,710,3.106058201058201,6.496657783272184,420.25235302119637,0.2042630333978098,18.666666666666668,0.13333333333333333,0.06666666666666667,7,7,0.09859154929577464,15
overall,MIXED,16.2,BOTTOM,222,Jinx,15,8,7,0.5333333333333333,15,0.1056338028169014,142,3.106058201058201,6.496657783272184,420.25235302119637,0.2042630333978098,18.666666666666668,0.13333333333333333,0.06666666666666667,7,7,0.09859154929577464,15
overall,MIXED,15.19,ALL,145,Kaisa,15,8,7,0.5333333333333333,15,0.013043478260869565,1150,4.645238095238096,6.889504091499716,394.42976193018546,0.20475275033001725,18.8,0.2,0.13333333333333333,1,1,0.008695652173913044,15
overall,MIXED,15.19,BOTTOM,145,Kaisa,15,8,7,0.5333333333333333,15,0.06521739130434782,230,4.645238095238096,6.889504091499716,394.42976193018546,0.20475275033001725,18.8,0.2,0.13333333333333333,1,1,0.008695652173913044,15
overall,MIXED,16.13,ALL,64,LeeSin,15,8,7,0.5333333333333333,15,0.004559270516717325,3290,3.5753663003663005,5.415566288128053,408.88053212652017,0.16623154766576553,37.2,0.13333333333333333,0.0,20,20,0.060790273556231005,15
overall,MIXED,16.1,ALL,21,MissFortune,15,8,7,0.5333333333333333,15,0.01948051948051948,770,4.632830687830688,6.1517398949609605,431.5715767865707,0.23669046220980317,25.933333333333334,0.0,0.0,24,24,0.3116883116883117,15
overall,MIXED,16.4,ALL,82,Mordekaiser,15,8,7,0.5333333333333333,15,0.02830188679245283,530,3.8655555555555554,5.629662363163525,365.0520409892798,0.2201597282810978,27.0,0.26666666666666666,0.26666666666666666,8,7,0.1320754716981132,15
overall,MIXED,15.16,TOP,82,Mordekaiser,15,8,7,0.5333333333333333,15,0.1388888888888889,108,3.3940259740259737,5.107057136760119,346.8220608789485,0.2619672613868695,17.4,0.0,0.2,18,15,0.2777777777777778,15
overall,MIXED,16.4,TOP,82,Mordekaiser,15,8,7,0.5333333333333333,15,0.14285714285714285,105,3.8655555555555554,5.629662363163525,365.0520409892798,0.2201597282810978,27.0,0.26666666666666666,0.26666666666666666,8,7,0.1320754716981132,15
overall,MIXED,15.19,UTILITY,147,Seraphine,15,8,7,0.5333333333333333,15,0.06521739130434782,230,3.8382967032967037,1.261832586600653,269.8628016961503,0.13261283257117654,62.13333333333333,0.13333333333333333,0.06666666666666667,4,4,0.034782608695652174,15
overall,MIXED,16.9,ALL,901,Smolder,15,8,7,0.5333333333333333,15,0.0189873417721519,790,5.1766161616161614,6.6014819509876235,412.8163033827171,0.2214010814440034,14.266666666666667,0.0,0.0,14,12,0.1518987341772152,15
overall,MIXED,16.18,ALL,412,Thresh,15,8,7,0.5333333333333333,15,0.008928571428571428,1680,4.924314574314574,0.9876331950519476,299.7400688011288,0.10501746639866087,49.06666666666667,0.0,0.0,12,11,0.06547619047619048,15
overall,MIXED,16.18,UTILITY,412,Thresh,15,8,7,0.5333333333333333,15,0.044642857142857144,336,4.924314574314574,0.9876331950519476,299.7400688011288,0.10501746639866087,49.06666666666667,0.0,0.0,12,11,0.06547619047619048,15
overall,MIXED,15.13,ALL,110,Varus,15,8,7,0.5333333333333333,15,0.015625,960,3.4194444444444447,6.550675875002601,358.16283034585757,0.2103067383781764,13.266666666666667,0.06666666666666667,0.06666666666666667,4,4,0.041666666666666664,15
overall,MIXED,16.17,ALL,498,Xayah,15,8,7,0.5333333333333333,15,0.002976190476190476,5040,4.116613756613757,6.898667478738495,450.18564444416216,0.21516907036411473,18.666666666666668,0.2,0.13333333333333333,5,5,0.00992063492063492,15
overall,MIXED,16.17,BOTTOM,498,Xayah,15,8,7,0.5333333333333333,15,0.01488095238095238,1008,4.116613756613757,6.898667478738495,450.18564444416216,0.21516907036411473,18.666666666666668,0.2,0.13333333333333333,5,5,0.00992063492063492,15
overall,MIXED,16.17,ALL,5,XinZhao,15,8,7,0.5333333333333333,15,0.002976190476190476,5040,2.0994444444444444,5.178865259640114,371.426200434521,0.1812944841100174,27.866666666666667,0.06666666666666667,0.0,1,1,0.001984126984126984,15
overall,MIXED,15.19,ALL,103,Ahri,15,7,8,0.4666666666666667,15,0.013043478260869565,1150,4.437763347763347,6.096579044603685,346.5553248947083,0.2053768766451233,26.733333333333334,0.2,0.13333333333333333,7,7,0.06086956521739131,15
overall,MIXED,15.19,MIDDLE,103,Ahri,15,7,8,0.4666666666666667,15,0.06521739130434782,230,4.437763347763347,6.096579044603685,346.5553248947083,0.2053768766451233,26.733333333333334,0.2,0.13333333333333333,7,7,0.06086956521739131,15
overall,MIXED,16.14,ALL,32,Amumu,15,7,8,0.4666666666666667,15,0.004310344827586207,3480,3.6106349206349204,5.046771207173692,384.4220222333119,0.15056018792726106,28.6,0.13333333333333333,0.0,2,2,0.005747126436781609,15
overall,MIXED,16.13,ALL,523,Aphelios,15,7,8,0.4666666666666667,15,0.004559270516717325,3290,2.4263186813186817,6.8440366083403426,453.1831787782237,0.23128573023495233,16.066666666666666,0.06666666666666667,0.2,29,28,0.0851063829787234,15
overall,MIXED,16.13,BOTTOM,523,Aphelios,15,7,8,0.4666666666666667,15,0.022796352583586626,658,2.4263186813186817,6.8440366083403426,453.1831787782237,0.23128573023495233,16.066666666666666,0.06666666666666667,0.2,29,28,0.0851063829787234,15
overall,MIXED,15.24,ALL,31,Chogath,15,7,8,0.4666666666666667,15,0.008771929824561403,1710,2.2777777777777777,5.2552894084378154,334.9107784859338,0.19234322572694154,14.866666666666667,0.2,0.06666666666666667,1,1,0.005847953216374269,15
overall,MIXED,16.13,ALL,74,Heimerdinger,15,7,8,0.4666666666666667,15,0.004559270516717325,3290,2.66484126984127,7.004607692324636,373.9334362990424,0.2858625880416584,27.6,0.0,0.2,19,19,0.057750759878419454,15
overall,MIXED,16.8,ALL,89,Leona,15,7,8,0.4666666666666667,15,0.02142857142857143,700,4.5322751322751325,1.0283846164885981,277.677123505884,0.09268194119019736,72.2,0.0,0.0,19,18,0.2571428571428571,15
overall,MIXED,16.8,UTILITY,89,Leona,15,7,8,0.4666666666666667,15,0.10714285714285714,140,4.5322751322751325,1.0283846164885981,277.677123505884,0.09268194119019736,72.2,0.0,0.0,19,18,0.2571428571428571,15
overall,MIXED,16.16,BOTTOM,236,Lucian,15,7,8,0.4666666666666667,15,0.02252252252252252,666,5.099100529100529,7.095363688697126,416.2073469174574,0.23210763534791778,15.666666666666666,0.13333333333333333,0.26666666666666666,0,0,0.0,15
overall,MIXED,16.1,TOP,82,Mordekaiser,15,7,8,0.4666666666666667,15,0.09740259740259741,154,3.2375396825396825,6.1124937205199315,395.06667945362364,0.2607196943000226,28.533333333333335,0.06666666666666667,0.3333333333333333,10,10,0.12987012987012986,15
overall,MIXED,16.9,ALL,950,Naafiri,15,7,8,0.4666666666666667,15,0.0189873417721519,790,5.396260221260221,6.111040610955977,405.26059143104857,0.17986298346774687,21.666666666666668,0.13333333333333333,0.0,18,17,0.21518987341772153,15
overall,MIXED,16.17,TOP,2,Olaf,15,7,8,0.4666666666666667,15,0.01488095238095238,1008,3.0684415584415583,6.5009286945901765,407.4444293163229,0.2724722436503992,29.866666666666667,0.06666666666666667,0.2,12,12,0.023809523809523808,15
overall,MIXED,15.11,ALL,235,Senna,15,7,8,0.4666666666666667,15,0.02830188679245283,530,2.70489417989418,4.020340478471296,346.17746267098335,0.18033117942245477,26.733333333333334,0.13333333333333333,0.06666666666666667,17,15,0.2830188679245283,15
overall,MIXED,16.11,ALL,14,Sion,15,7,8,0.4666666666666667,15,0.012711864406779662,1180,4.177777777777778,6.44557098894056,387.1589974106007,0.19376266149579052,27.533333333333335,0.13333333333333333,0.2,3,3,0.025423728813559324,15
overall,MIXED,16.18,ALL,901,Smolder,15,7,8,0.4666666666666667,15,0.008928571428571428,1680,3.9996392496392494,7.084990998680611,430.5209894522055,0.2526886612373843,16.866666666666667,0.2,0.06666666666666667,3,3,0.017857142857142856,15
overall,MIXED,15.24,ALL,517,Sylas,15,7,8,0.4666666666666667,15,0.008771929824561403,1710,4.418333333333334,5.352993237488646,374.8261537785803,0.21905316048225815,17.266666666666666,0.06666666666666667,0.06666666666666667,48,43,0.25146198830409355,15
overall,MIXED,16.15,ALL,23,Tryndamere,15,7,8,0.4666666666666667,15,0.0036319612590799033,4130,3.3364093314093313,7.059322624514072,447.31604892722845,0.26584761465391066,23.933333333333334,0.06666666666666667,0.4666666666666667,14,14,0.03389830508474576,15
overall,MIXED,16.17,ALL,29,Twitch,15,7,8,0.4666666666666667,15,0.002976190476190476,5040,3.0019288119288117,5.783753683265866,451.463638772554,0.23106190807713844,20.933333333333334,0.13333333333333333,0.2,16,15,0.02976190476190476,15
overall,MIXED,16.11,MIDDLE,777,Yone,15,7,8,0.4666666666666667,15,0.0635593220338983,236,2.4386080586080587,6.754795821508513,392.3318304740613,0.2742068807284865,18.933333333333334,0.06666666666666667,0.13333333333333333,30,27,0.2288135593220339,15
overall,MIXED,16.3,ALL,83,Yorick,15,7,8,0.4666666666666667,15,0.017045454545454544,880,2.4743386243386243,6.926785307209776,370.87341572171385,0.22531905872571967,30.466666666666665,0.13333333333333333,0.06666666666666667,30,29,0.32954545454545453,15
overall,MIXED,16.3,TOP,83,Yorick,15,7,8,0.4666666666666667,15,0.08522727272727272,176,2.4743386243386243,6.926785307209776,370.87341572171385,0.22531905872571967,30.466666666666665,0.13333333333333333,0.06666666666666667,30,29,0.32954545454545453,15
overall,MIXED,16.13,ALL,32,Amumu,15,6,9,0.4,15,0.004559270516717325,3290,2.048695933695934,5.986555445772505,385.9964597394295,0.15651338377737342,32.13333333333333,0.0,0.06666666666666667,7,7,0.02127659574468085,15
overall,MIXED,15.13,ALL,51,Caitlyn,15,6,9,0.4,15,0.015625,960,2.993102453102453,6.059757973613045,383.47695517209894,0.2601559401339131,14.866666666666667,0.06666666666666667,0.13333333333333333,17,17,0.17708333333333334,15
overall,MIXED,15.13,BOTTOM,51,Caitlyn,15,6,9,0.4,15,0.078125,192,2.993102453102453,6.059757973613045,383.47695517209894,0.2601559401339131,14.866666666666667,0.06666666666666667,0.13333333333333333,17,17,0.17708333333333334,15
overall,MIXED,16.15,ALL,245,Ekko,15,6,9,0.4,15,0.0036319612590799033,4130,2.737619047619048,5.748873104966407,376.81973808717356,0.1799657496010776,20.933333333333334,0.13333333333333333,0.0,2,2,0.004842615012106538,15
overall,MIXED,16.16,JUNGLE,64,LeeSin,15,6,9,0.4,15,0.02252252252252252,666,3.9769552669552666,5.692705242287243,391.26894063487623,0.16465590249800696,31.666666666666668,0.2,0.0,18,18,0.05405405405405406,15
overall,MIXED,16.6,ALL,82,Mordekaiser,15,6,9,0.4,15,0.019736842105263157,760,2.5475324675324678,5.557912715994737,342.2538554904095,0.2714333939812971,23.2,0.0,0.06666666666666667,12,12,0.15789473684210525,15
overall,MIXED,15.13,ALL,25,Morgana,15,6,9,0.4,15,0.015625,960,5.997777777777778,1.1788742188982733,293.71256828286226,0.18864510436970425,60.8,0.13333333333333333,0.0,7,6,0.0625,15
overall,MIXED,15.13,UTILITY,25,Morgana,15,6,9,0.4,15,0.078125,192,5.997777777777778,1.1788742188982733,293.71256828286226,0.18864510436970425,60.8,0.13333333333333333,0.0,7,6,0.0625,15
overall,MIXED,16.18,UTILITY,80,Pantheon,15,6,9,0.4,15,0.044642857142857144,336,2.4480687830687833,1.037842947730617,321.1587516908377,0.18596847789093152,66.13333333333334,0.0,0.0,3,3,0.017857142857142856,15
overall,MIXED,16.13,TOP,875,Sett,15,6,9,0.4,15,0.022796352583586626,658,1.5010060201236672,6.270535424861821,383.5947599446368,0.22708777562154484,23.066666666666666,0.2,0.2,7,7,0.02127659574468085,15
overall,MIXED,16.14,UTILITY,50,Swain,15,6,9,0.4,15,0.021551724137931036,696,2.8026455026455026,1.7627840253577625,324.27476891187257,0.21736273679914772,60.666666666666664,0.13333333333333333,0.13333333333333333,22,21,0.0603448275862069,15
overall,MIXED,16.15,UTILITY,50,Swain,15,6,9,0.4,15,0.018159806295399514,826,2.091409331409331,1.3824754144368463,295.86919647383456,0.16635212202394697,52.2,0.2,0.0,27,27,0.06537530266343826,15
overall,MIXED,16.15,ALL,91,Talon,15,6,9,0.4,15,0.0036319612590799033,4130,3.816921596921597,5.960836676170811,383.56806595554997,0.15721885573528865,24.6,0.0,0.0,9,9,0.021791767554479417,15
overall,MIXED,15.24,ALL,17,Teemo,15,6,9,0.4,15,0.008771929824561403,1710,1.697097162097162,3.8911080332010495,319.7515841573726,0.21741530404176418,25.2,0.13333333333333333,0.13333333333333333,10,10,0.05847953216374269,15
overall,MIXED,15.19,MIDDLE,800,Mel,15,5,10,0.3333333333333333,15,0.06521739130434782,230,3.9863924963924964,7.00989772755214,404.50496637568415,0.2677048238618253,16.933333333333334,0.06666666666666667,0.0,26,25,0.21739130434782608,15
overall,MIXED,16.16,MIDDLE,800,Mel,15,5,10,0.3333333333333333,15,0.02252252252252252,666,2.572563732563732,6.762307671026951,380.73649281096624,0.24735612417577418,25.866666666666667,0.06666666666666667,0.0,88,85,0.2552552552552553,15
overall,MIXED,15.19,ALL,526,Rell,15,5,10,0.3333333333333333,15,0.013043478260869565,1150,3.535382395382395,0.9205392301204973,246.5021471137633,0.08007372931824432,62.666666666666664,0.06666666666666667,0.0,3,3,0.02608695652173913,15
overall,MIXED,15.24,ALL,526,Rell,15,5,10,0.3333333333333333,15,0.008771929824561403,1710,2.7,0.8294307306200218,265.73328620675886,0.15928911351202535,64.0,0.0,0.0,20,20,0.11695906432748537,15
overall,MIXED,15.19,UTILITY,526,Rell,15,5,10,0.3333333333333333,15,0.06521739130434782,230,3.535382395382395,0.9205392301204973,246.5021471137633,0.08007372931824432,62.666666666666664,0.06666666666666667,0.0,3,3,0.02608695652173913,15
overall,MIXED,15.24,UTILITY,526,Rell,15,5,10,0.3333333333333333,15,0.043859649122807015,342,2.7,0.8294307306200218,265.73328620675886,0.15928911351202535,64.0,0.0,0.0,20,20,0.11695906432748537,15
overall,MIXED,16.14,UTILITY,223,TahmKench,15,5,10,0.3333333333333333,15,0.021551724137931036,696,1.91,0.7152147361970774,303.71278437362463,0.20548604850349003,59.93333333333333,0.0,0.0,12,12,0.034482758620689655,15
overall,MIXED,16.1,ALL,777,Yone,15,5,10,0.3333333333333333,15,0.01948051948051948,770,1.6136507936507938,7.087485859818192,380.82660411115074,0.24895708948583614,27.4,0.06666666666666667,0.06666666666666667,8,7,0.09090909090909091,15
overall,MIXED,16.1,ALL,103,Ahri,15,4,11,0.26666666666666666,15,0.01948051948051948,770,2.6733333333333333,6.049044274674881,348.8519444475865,0.22395955120900463,19.733333333333334,0.06666666666666667,0.06666666666666667,2,2,0.025974025974025976,15
overall,MIXED,16.1,MIDDLE,103,Ahri,15,4,11,0.26666666666666666,15,0.09740259740259741,154,2.6733333333333333,6.049044274674881,348.8519444475865,0.22395955120900463,19.733333333333334,0.06666666666666667,0.06666666666666667,2,2,0.025974025974025976,15
overall,MIXED,16.15,ALL,150,Gnar,15,4,11,0.26666666666666666,15,0.0036319612590799033,4130,1.959251119251119,6.121898746830525,345.8319531830541,0.19757665628722715,28.333333333333332,0.13333333333333333,0.0,2,2,0.004842615012106538,15
overall,MIXED,16.14,ALL,104,Graves,15,4,11,0.26666666666666666,15,0.004310344827586207,3480,2.3455433455433456,6.634604331681449,399.46808735778365,0.1542362098108954,30.333333333333332,0.06666666666666667,0.0,7,6,0.017241379310344827,15
overall,MIXED,16.14,JUNGLE,104,Graves,15,4,11,0.26666666666666666,15,0.021551724137931036,696,2.3455433455433456,6.634604331681449,399.46808735778365,0.1542362098108954,30.333333333333332,0.06666666666666667,0.0,7,6,0.017241379310344827,15
overall,MIXED,15.13,ALL,82,Mordekaiser,15,4,11,0.26666666666666666,15,0.015625,960,3.6829461279461286,5.702516988842354,379.49723718499786,0.25524694917474816,15.733333333333333,0.0,0.2,24,24,0.25,15
overall,MIXED,16.18,BOTTOM,18,Tristana,15,4,11,0.26666666666666666,15,0.044642857142857144,336,2.859285714285714,6.152646858299876,420.8993246563651,0.20665463757543076,17.8,0.13333333333333333,0.06666666666666667,20,20,0.11904761904761904,15
overall,MIXED,16.14,ALL,67,Vayne,15,4,11,0.26666666666666666,15,0.004310344827586207,3480,1.988914418914419,5.5180791867603345,400.93462042669995,0.21695220905610874,20.533333333333335,0.26666666666666666,0.06666666666666667,17,17,0.04885057471264368,15
overall,MIXED,16.10,ALL,32,Amumu,15,3,12,0.2,15,0.013513513513513514,1110,3.0444444444444447,6.5911914915183765,356.58344603704586,0.10947763540884206,10.933333333333334,0.0,0.0,4,4,0.036036036036036036,15
overall,MIXED,16.17,JUNGLE,246,Qiyana,15,3,12,0.2,15,0.01488095238095238,1008,1.9917219817219816,6.402241741590424,409.0509686741043,0.17790191002374114,33.733333333333334,0.06666666666666667,0.0,3,3,0.005952380952380952,15
overall,MIXED,15.24,ALL,81,Ezreal,15,2,13,0.13333333333333333,15,0.008771929824561403,1710,3.4704761904761905,5.915434851834421,352.6837897781991,0.24126447464046397,11.933333333333334,0.06666666666666667,0.06666666666666667,4,4,0.023391812865497075,15
