scope,observed_tier,patch,role,item_id,item_name,games,wins,losses,win_rate,holder_count,pick_rate,pick_rate_denominator,avg_final_slot,min_games_applied
overall,MIXED,16.17,ALL,3340,ステルス ワード,2664,1326,1338,0.49774774774774777,2664,0.5285714285714286,5040,6.0,15
overall,MIXED,16.15,ALL,3340,ステルス ワード,2196,1073,1123,0.48861566484517305,2196,0.5317191283292978,4130,6.0,15
overall,MIXED,16.14,ALL,3340,ステルス ワード,1889,928,961,0.4912652196929592,1889,0.542816091954023,3480,6.0,15
overall,MIXED,16.17,ALL,3364,オラクル レンズ,1728,878,850,0.5081018518518519,1728,0.34285714285714286,5040,6.0,15
overall,MIXED,16.13,ALL,3340,ステルス ワード,1721,833,888,0.48402091807088904,1721,0.5231003039513678,3290,6.0,15
overall,MIXED,16.16,ALL,3340,ステルス ワード,1669,816,853,0.4889155182744158,1669,0.5012012012012012,3330,6.0,15
overall,MIXED,16.15,ALL,3364,オラクル レンズ,1431,738,693,0.5157232704402516,1431,0.34648910411622275,4130,6.0,15
overall,MIXED,16.16,ALL,3364,オラクル レンズ,1200,616,584,0.5133333333333333,1200,0.36036036036036034,3330,6.0,15
overall,MIXED,16.14,ALL,3364,オラクル レンズ,1130,584,546,0.5168141592920354,1130,0.32471264367816094,3480,6.0,15
overall,MIXED,16.13,ALL,3364,オラクル レンズ,1092,564,528,0.5164835164835165,1092,0.33191489361702126,3290,6.0,15
overall,MIXED,16.17,ALL,3047,プレート スチールキャップ,994,509,485,0.5120724346076458,994,0.19722222222222222,5040,2.352112676056338,15
overall,MIXED,16.17,UTILITY,3364,オラクル レンズ,901,462,439,0.5127635960044395,901,0.8938492063492064,1008,6.0,15
overall,MIXED,16.18,ALL,3340,ステルス ワード,874,427,447,0.488558352402746,874,0.5202380952380953,1680,6.0,15
overall,MIXED,16.17,TOP,3340,ステルス ワード,870,439,431,0.5045977011494253,870,0.8630952380952381,1008,6.0,15
overall,MIXED,16.17,ALL,2031,詰め替えポーション,795,363,432,0.45660377358490567,795,0.15773809523809523,5040,1.3081761006289307,15
overall,MIXED,15.24,ALL,3340,ステルス ワード,773,381,392,0.49288486416558863,773,0.452046783625731,1710,6.0,15
overall,MIXED,16.17,MIDDLE,3340,ステルス ワード,750,371,379,0.49466666666666664,750,0.7440476190476191,1008,6.0,15
overall,MIXED,16.15,UTILITY,3364,オラクル レンズ,736,376,360,0.5108695652173914,736,0.8910411622276029,826,6.0,15
overall,MIXED,16.15,TOP,3340,ステルス ワード,700,345,355,0.4928571428571429,700,0.847457627118644,826,6.0,15
overall,MIXED,16.15,ALL,3047,プレート スチールキャップ,690,352,338,0.5101449275362319,690,0.16707021791767554,4130,2.2666666666666666,15
overall,MIXED,16.15,ALL,2031,詰め替えポーション,676,306,370,0.4526627218934911,676,0.16368038740920096,4130,1.3372781065088757,15
overall,MIXED,15.24,ALL,3364,オラクル レンズ,651,328,323,0.5038402457757296,651,0.38070175438596493,1710,6.0,15
overall,MIXED,16.16,ALL,3047,プレート スチールキャップ,648,324,324,0.5,648,0.1945945945945946,3330,2.3549382716049383,15
overall,MIXED,16.14,UTILITY,3364,オラクル レンズ,616,313,303,0.5081168831168831,616,0.8850574712643678,696,6.0,15
overall,MIXED,16.16,UTILITY,3364,オラクル レンズ,614,310,304,0.504885993485342,614,0.9219219219219219,666,6.0,15
overall,MIXED,16.17,ALL,3363,ファーサイト オルタレーション,614,295,319,0.4804560260586319,614,0.12182539682539682,5040,6.0,15
overall,MIXED,16.14,ALL,3047,プレート スチールキャップ,608,302,306,0.4967105263157895,608,0.17471264367816092,3480,2.2845394736842106,15
overall,MIXED,16.14,TOP,3340,ステルス ワード,603,301,302,0.49917081260364843,603,0.8663793103448276,696,6.0,15
overall,MIXED,16.11,ALL,3340,ステルス ワード,601,289,312,0.480865224625624,601,0.5093220338983051,1180,6.0,15
overall,MIXED,16.15,MIDDLE,3340,ステルス ワード,597,305,292,0.5108877721943048,597,0.7227602905569007,826,6.0,15
overall,MIXED,16.18,ALL,3364,オラクル レンズ,591,307,284,0.5194585448392555,591,0.3517857142857143,1680,6.0,15
overall,MIXED,16.13,TOP,3340,ステルス ワード,590,295,295,0.5,590,0.8966565349544073,658,6.0,15
overall,MIXED,16.17,JUNGLE,3364,オラクル レンズ,588,288,300,0.4897959183673469,588,0.5833333333333334,1008,6.0,15
overall,MIXED,16.13,UTILITY,3364,オラクル レンズ,584,297,287,0.5085616438356164,584,0.8888888888888888,657,6.0,15
overall,MIXED,16.10,ALL,3340,ステルス ワード,582,296,286,0.5085910652920962,582,0.5243243243243243,1110,6.0,15
overall,MIXED,16.17,BOTTOM,3340,ステルス ワード,572,289,283,0.5052447552447552,572,0.5674603174603174,1008,6.0,15
overall,MIXED,16.14,ALL,2031,詰め替えポーション,564,253,311,0.44858156028368795,564,0.16206896551724137,3480,1.299645390070922,15
overall,MIXED,16.16,TOP,3340,ステルス ワード,559,281,278,0.5026833631484794,559,0.8393393393393394,666,6.0,15
overall,MIXED,16.17,ALL,1086,ドラン ボウ,556,267,289,0.4802158273381295,556,0.11031746031746031,5040,0.7050359712230215,15
overall,MIXED,16.14,MIDDLE,3340,ステルス ワード,534,268,266,0.50187265917603,534,0.7672413793103449,696,6.0,15
overall,MIXED,16.17,ALL,3031,インフィニティ エッジ,528,300,228,0.5681818181818182,528,0.10476190476190476,5040,2.2481060606060606,15
overall,MIXED,16.17,ALL,3175,連呪使いのブーツ,528,270,258,0.5113636363636364,528,0.10476190476190476,5040,2.804924242424242,15
overall,MIXED,16.17,MIDDLE,3175,連呪使いのブーツ,528,270,258,0.5113636363636364,528,0.5238095238095238,1008,2.804924242424242,15
overall,MIXED,16.13,ALL,3047,プレート スチールキャップ,512,254,258,0.49609375,512,0.15562310030395138,3290,2.2109375,15
overall,MIXED,16.17,ALL,1056,ドラン リング,504,239,265,0.4742063492063492,504,0.1,5040,0.8253968253968254,15
overall,MIXED,16.15,ALL,1056,ドラン リング,501,252,249,0.5029940119760479,501,0.12130750605326876,4130,0.8143712574850299,15
overall,MIXED,16.15,BOTTOM,3340,ステルス ワード,489,232,257,0.47443762781186094,489,0.5920096852300242,826,6.0,15
overall,MIXED,16.13,ALL,2031,詰め替えポーション,482,221,261,0.45850622406639,482,0.14650455927051673,3290,1.3858921161825726,15
overall,MIXED,15.19,ALL,3340,ステルス ワード,477,243,234,0.5094339622641509,477,0.4147826086956522,1150,6.0,15
overall,MIXED,16.15,ALL,3363,ファーサイト オルタレーション,476,247,229,0.5189075630252101,476,0.1152542372881356,4130,6.0,15
overall,MIXED,15.19,ALL,3364,オラクル レンズ,473,236,237,0.4989429175475687,473,0.41130434782608694,1150,6.0,15
overall,MIXED,16.13,MIDDLE,3340,ステルス ワード,470,229,241,0.48723404255319147,470,0.7142857142857143,658,6.0,15
overall,MIXED,16.14,ALL,1056,ドラン リング,468,224,244,0.47863247863247865,468,0.13448275862068965,3480,0.9038461538461539,15
overall,MIXED,16.15,JUNGLE,3364,オラクル レンズ,467,242,225,0.5182012847965739,467,0.5653753026634383,826,6.0,15
overall,MIXED,16.16,MIDDLE,3340,ステルス ワード,466,224,242,0.48068669527896996,466,0.6996996996996997,666,6.0,15
overall,MIXED,16.16,ALL,2031,詰め替えポーション,463,193,270,0.4168466522678186,463,0.13903903903903903,3330,1.3758099352051836,15
overall,MIXED,16.12,ALL,3340,ステルス ワード,461,224,237,0.48590021691973967,461,0.5179775280898876,890,6.0,15
overall,MIXED,16.13,ALL,3363,ファーサイト オルタレーション,453,234,219,0.5165562913907285,453,0.1376899696048632,3290,6.0,15
overall,MIXED,16.17,TOP,3047,プレート スチールキャップ,449,231,218,0.5144766146993318,449,0.44543650793650796,1008,2.507795100222717,15
overall,MIXED,16.16,ALL,3363,ファーサイト オルタレーション,443,222,221,0.5011286681715575,443,0.13303303303303304,3330,6.0,15
overall,MIXED,16.17,ALL,3111,マーキュリー ブーツ,442,230,212,0.5203619909502263,442,0.08769841269841269,5040,2.2104072398190047,15
overall,MIXED,15.13,ALL,3340,ステルス ワード,442,218,224,0.49321266968325794,442,0.46041666666666664,960,6.0,15
overall,MIXED,16.17,ALL,2055,コントロール ワード,440,204,236,0.4636363636363636,440,0.0873015873015873,5040,2.1340909090909093,15
overall,MIXED,16.17,ALL,4645,シャドウフレイム,432,221,211,0.5115740740740741,432,0.08571428571428572,5040,2.4814814814814814,15
overall,MIXED,16.14,ALL,3363,ファーサイト オルタレーション,429,215,214,0.5011655011655012,429,0.12327586206896551,3480,6.0,15
overall,MIXED,16.15,ALL,4645,シャドウフレイム,427,227,200,0.531615925058548,427,0.10338983050847457,4130,2.648711943793911,15
overall,MIXED,16.17,BOTTOM,1086,ドラン ボウ,427,206,221,0.48243559718969553,427,0.4236111111111111,1008,0.6651053864168618,15
overall,MIXED,16.17,ALL,3158,アイオニア ブーツ,419,218,201,0.5202863961813843,419,0.08313492063492063,5040,2.386634844868735,15
overall,MIXED,16.17,BOTTOM,3363,ファーサイト オルタレーション,416,207,209,0.49759615384615385,416,0.4126984126984127,1008,6.0,15
overall,MIXED,16.11,ALL,3364,オラクル レンズ,412,208,204,0.5048543689320388,412,0.34915254237288135,1180,6.0,15
overall,MIXED,16.9,ALL,3340,ステルス ワード,406,199,207,0.49014778325123154,406,0.5139240506329114,790,6.0,15
overall,MIXED,16.15,ALL,3111,マーキュリー ブーツ,405,197,208,0.48641975308641977,405,0.09806295399515738,4130,2.2839506172839505,15
overall,MIXED,16.7,ALL,3340,ステルス ワード,402,192,210,0.47761194029850745,402,0.522077922077922,770,6.0,15
overall,MIXED,16.3,ALL,3340,ステルス ワード,401,196,205,0.48877805486284287,401,0.4556818181818182,880,6.0,15
overall,MIXED,16.6,ALL,3340,ステルス ワード,399,199,200,0.49874686716791977,399,0.525,760,6.0,15
overall,MIXED,16.14,BOTTOM,3340,ステルス ワード,398,193,205,0.4849246231155779,398,0.5718390804597702,696,6.0,15
overall,MIXED,15.17,ALL,3340,ステルス ワード,393,198,195,0.5038167938931297,393,0.48518518518518516,810,6.0,15
overall,MIXED,16.16,JUNGLE,3364,オラクル レンズ,393,196,197,0.49872773536895676,393,0.5900900900900901,666,6.0,15
overall,MIXED,16.15,ALL,3175,連呪使いのブーツ,392,198,194,0.5051020408163265,392,0.09491525423728814,4130,2.7857142857142856,15
overall,MIXED,16.15,MIDDLE,3175,連呪使いのブーツ,392,198,194,0.5051020408163265,392,0.4745762711864407,826,2.7857142857142856,15
overall,MIXED,16.17,ALL,1055,ドラン ブレード,386,201,185,0.5207253886010362,386,0.07658730158730159,5040,0.7616580310880829,15
overall,MIXED,16.13,ALL,1056,ドラン リング,382,187,195,0.4895287958115183,382,0.11610942249240122,3290,0.6780104712041884,15
overall,MIXED,16.10,ALL,3364,オラクル レンズ,381,187,194,0.49081364829396323,381,0.34324324324324323,1110,6.0,15
overall,MIXED,15.24,ALL,2055,コントロール ワード,379,182,197,0.48021108179419525,379,0.2216374269005848,1710,2.2796833773087073,15
overall,MIXED,16.17,ALL,1036,ロング ソード,378,188,190,0.4973544973544973,378,0.075,5040,3.828042328042328,15
overall,MIXED,16.14,JUNGLE,3364,オラクル レンズ,377,197,180,0.5225464190981433,377,0.5416666666666666,696,6.0,15
overall,MIXED,16.1,ALL,3340,ステルス ワード,376,205,171,0.5452127659574468,376,0.4883116883116883,770,6.0,15
overall,MIXED,16.13,JUNGLE,3364,オラクル レンズ,374,195,179,0.5213903743315508,374,0.5683890577507599,658,6.0,15
overall,MIXED,16.17,ALL,3157,ゾーニャの砂時計,371,203,168,0.5471698113207547,371,0.07361111111111111,5040,1.3638814016172507,15
overall,MIXED,16.17,JUNGLE,3340,ステルス ワード,371,187,184,0.5040431266846361,371,0.3680555555555556,1008,6.0,15
overall,MIXED,16.5,ALL,3340,ステルス ワード,370,184,186,0.4972972972972973,370,0.4567901234567901,810,6.0,15
overall,MIXED,16.17,BOTTOM,3031,インフィニティ エッジ,369,217,152,0.5880758807588076,369,0.36607142857142855,1008,2.2493224932249323,15
overall,MIXED,15.13,ALL,3364,オラクル レンズ,368,189,179,0.5135869565217391,368,0.38333333333333336,960,6.0,15
overall,MIXED,16.17,ALL,6655,ルーデン エコー,368,175,193,0.47554347826086957,368,0.07301587301587302,5040,2.057065217391304,15
overall,MIXED,16.13,ALL,4645,シャドウフレイム,366,188,178,0.5136612021857924,366,0.11124620060790273,3290,2.568306010928962,15
overall,MIXED,16.14,ALL,4645,シャドウフレイム,363,204,159,0.5619834710743802,363,0.10431034482758621,3480,2.5895316804407713,15
overall,MIXED,16.17,ALL,6676,コレクター,363,185,178,0.509641873278237,363,0.07202380952380952,5040,1.837465564738292,15
overall,MIXED,16.16,ALL,3031,インフィニティ エッジ,362,202,160,0.5580110497237569,362,0.1087087087087087,3330,2.3011049723756907,15
overall,MIXED,16.8,ALL,3340,ステルス ワード,362,180,182,0.4972375690607735,362,0.5171428571428571,700,6.0,15
overall,MIXED,16.15,ALL,1086,ドラン ボウ,355,163,192,0.4591549295774648,355,0.08595641646489104,4130,0.7492957746478873,15
overall,MIXED,16.15,ALL,2055,コントロール ワード,354,189,165,0.5338983050847458,354,0.08571428571428572,4130,2.211864406779661,15
overall,MIXED,16.15,ALL,3031,インフィニティ エッジ,353,188,165,0.5325779036827195,353,0.0854721549636804,4130,2.4475920679886687,15
overall,MIXED,16.14,ALL,3175,連呪使いのブーツ,352,182,170,0.5170454545454546,352,0.10114942528735632,3480,2.778409090909091,15
overall,MIXED,16.14,MIDDLE,3175,連呪使いのブーツ,352,182,170,0.5170454545454546,352,0.5057471264367817,696,2.778409090909091,15
overall,MIXED,16.16,BOTTOM,3340,ステルス ワード,351,172,179,0.49002849002849,351,0.527027027027027,666,6.0,15
overall,MIXED,16.13,BOTTOM,3340,ステルス ワード,350,168,182,0.48,350,0.5319148936170213,658,6.0,15
overall,MIXED,16.15,ALL,6655,ルーデン エコー,350,166,184,0.4742857142857143,350,0.0847457627118644,4130,2.0,15
overall,MIXED,16.17,ALL,3190,ソラリのロケット,349,180,169,0.5157593123209169,349,0.06924603174603175,5040,1.4040114613180517,15
overall,MIXED,16.17,UTILITY,3190,ソラリのロケット,349,180,169,0.5157593123209169,349,0.3462301587301587,1008,1.4040114613180517,15
overall,MIXED,16.17,ALL,6672,クラーケン スレイヤー,346,180,166,0.5202312138728323,346,0.06865079365079366,5040,1.7716763005780347,15
overall,MIXED,16.17,ALL,6653,ライアンドリーの仮面,342,185,157,0.5409356725146199,342,0.06785714285714285,5040,2.43859649122807,15
overall,MIXED,16.15,ALL,1055,ドラン ブレード,342,165,177,0.4824561403508772,342,0.08280871670702179,4130,0.7368421052631579,15
overall,MIXED,16.17,ALL,1037,ピッケル,342,160,182,0.4678362573099415,342,0.06785714285714285,5040,3.365497076023392,15
overall,MIXED,16.2,ALL,3340,ステルス ワード,339,169,170,0.49852507374631266,339,0.47746478873239434,710,6.0,15
overall,MIXED,16.16,ALL,1056,ドラン リング,339,159,180,0.4690265486725664,339,0.1018018018018018,3330,0.855457227138643,15
overall,MIXED,16.17,ALL,1052,増魔の書,336,155,181,0.46130952380952384,336,0.06666666666666667,5040,3.7410714285714284,15
overall,MIXED,16.16,ALL,1086,ドラン ボウ,333,164,169,0.4924924924924925,333,0.1,3330,0.7567567567567568,15
overall,MIXED,16.17,MIDDLE,1056,ドラン リング,332,159,173,0.4789156626506024,332,0.32936507936507936,1008,0.963855421686747,15
overall,MIXED,16.3,ALL,3364,オラクル レンズ,330,166,164,0.503030303030303,330,0.375,880,6.0,15
overall,MIXED,16.15,JUNGLE,3340,ステルス ワード,328,155,173,0.4725609756097561,328,0.39709443099273606,826,6.0,15
overall,MIXED,16.15,BOTTOM,3363,ファーサイト オルタレーション,325,176,149,0.5415384615384615,325,0.3934624697336562,826,6.0,15
overall,MIXED,16.17,JUNGLE,3047,プレート スチールキャップ,324,169,155,0.5216049382716049,324,0.32142857142857145,1008,2.037037037037037,15
overall,MIXED,16.13,ALL,3175,連呪使いのブーツ,324,162,162,0.5,324,0.09848024316109423,3290,2.7962962962962963,15
overall,MIXED,16.13,MIDDLE,3175,連呪使いのブーツ,324,162,162,0.5,324,0.49240121580547114,658,2.7962962962962963,15
overall,MIXED,16.15,ALL,3157,ゾーニャの砂時計,320,161,159,0.503125,320,0.0774818401937046,4130,1.26875,15
overall,MIXED,16.16,ALL,3175,連呪使いのブーツ,319,167,152,0.5235109717868338,319,0.0957957957957958,3330,2.8275862068965516,15
overall,MIXED,16.16,MIDDLE,3175,連呪使いのブーツ,319,167,152,0.5235109717868338,319,0.47897897897897895,666,2.8275862068965516,15
overall,MIXED,16.15,TOP,3047,プレート スチールキャップ,319,161,158,0.5047021943573667,319,0.38619854721549635,826,2.4733542319749215,15
overall,MIXED,15.24,UTILITY,3364,オラクル レンズ,317,160,157,0.5047318611987381,317,0.9269005847953217,342,6.0,15
overall,MIXED,16.15,ALL,6653,ライアンドリーの仮面,316,180,136,0.569620253164557,316,0.07651331719128329,4130,2.5,15
overall,MIXED,16.17,ALL,3009,スイフトネス ブーツ,315,153,162,0.4857142857142857,315,0.0625,5040,2.4380952380952383,15
overall,MIXED,16.14,ALL,6653,ライアンドリーの仮面,314,183,131,0.5828025477707006,314,0.09022988505747126,3480,2.3152866242038215,15
overall,MIXED,16.13,ALL,3031,インフィニティ エッジ,314,175,139,0.5573248407643312,314,0.09544072948328268,3290,2.3662420382165603,15
overall,MIXED,16.13,ALL,6653,ライアンドリーの仮面,314,167,147,0.5318471337579618,314,0.09544072948328268,3290,2.1528662420382165,15
overall,MIXED,16.14,ALL,3111,マーキュリー ブーツ,314,152,162,0.4840764331210191,314,0.09022988505747126,3480,2.3662420382165603,15
overall,MIXED,16.17,ALL,3020,ソーサラー シューズ,313,153,160,0.48881789137380194,313,0.062103174603174605,5040,2.4696485623003195,15
overall,MIXED,16.15,ALL,3020,ソーサラー シューズ,312,164,148,0.5256410256410257,312,0.07554479418886198,4130,2.3365384615384617,15
overall,MIXED,16.5,ALL,3364,オラクル レンズ,312,151,161,0.483974358974359,312,0.3851851851851852,810,6.0,15
overall,MIXED,16.14,ALL,6655,ルーデン エコー,311,156,155,0.5016077170418006,311,0.08936781609195402,3480,2.067524115755627,15
overall,MIXED,16.15,ALL,1036,ロング ソード,308,140,168,0.45454545454545453,308,0.07457627118644068,4130,3.811688311688312,15
overall,MIXED,16.14,ALL,3031,インフィニティ エッジ,307,184,123,0.5993485342019544,307,0.0882183908045977,3480,2.44299674267101,15
overall,MIXED,16.17,ALL,3071,ブラック クリーバー,307,175,132,0.5700325732899023,307,0.06091269841269841,5040,2.039087947882736,15
overall,MIXED,16.15,ALL,3009,スイフトネス ブーツ,307,167,140,0.5439739413680782,307,0.07433414043583535,4130,2.6026058631921822,15
overall,MIXED,16.18,UTILITY,3364,オラクル レンズ,307,154,153,0.501628664495114,307,0.9136904761904762,336,6.0,15
overall,MIXED,16.18,ALL,3047,プレート スチールキャップ,305,158,147,0.5180327868852459,305,0.18154761904761904,1680,2.3442622950819674,15
overall,MIXED,15.8,ALL,3340,ステルス ワード,305,151,154,0.49508196721311476,305,0.46923076923076923,650,6.0,15
overall,MIXED,16.16,ALL,2055,コントロール ワード,304,166,138,0.5460526315789473,304,0.0912912912912913,3330,2.2203947368421053,15
overall,MIXED,16.17,ALL,1058,ムダニ デカイ ロッド,303,164,139,0.5412541254125413,303,0.06011904761904762,5040,3.174917491749175,15
overall,MIXED,16.13,BOTTOM,3363,ファーサイト オルタレーション,303,159,144,0.5247524752475248,303,0.46048632218844987,658,6.0,15
overall,MIXED,16.16,ALL,4645,シャドウフレイム,302,157,145,0.5198675496688742,302,0.09069069069069069,3330,2.5596026490066226,15
overall,MIXED,16.16,BOTTOM,3363,ファーサイト オルタレーション,301,153,148,0.5083056478405316,301,0.4519519519519519,666,6.0,15
overall,MIXED,15.19,ALL,2055,コントロール ワード,301,141,160,0.4684385382059801,301,0.2617391304347826,1150,2.179401993355482,15
overall,MIXED,16.14,ALL,2055,コントロール ワード,300,145,155,0.48333333333333334,300,0.08620689655172414,3480,2.1333333333333333,15
overall,MIXED,16.14,ALL,1055,ドラン ブレード,299,154,145,0.5150501672240803,299,0.08591954022988506,3480,0.725752508361204,15
overall,MIXED,15.17,ALL,3364,オラクル レンズ,298,142,156,0.47651006711409394,298,0.36790123456790125,810,6.0,15
overall,MIXED,16.12,ALL,3364,オラクル レンズ,297,154,143,0.5185185185185185,297,0.33370786516853934,890,6.0,15
overall,MIXED,16.17,ALL,3078,トリニティ フォース,296,153,143,0.5168918918918919,296,0.05873015873015873,5040,1.5675675675675675,15
overall,MIXED,16.4,ALL,3340,ステルス ワード,296,146,150,0.49324324324324326,296,0.5584905660377358,530,6.0,15
overall,MIXED,15.18,ALL,3340,ステルス ワード,294,144,150,0.4897959183673469,294,0.4523076923076923,650,6.0,15
overall,MIXED,16.14,ALL,1086,ドラン ボウ,294,130,164,0.4421768707482993,294,0.08448275862068966,3480,0.7380952380952381,15
overall,MIXED,15.10,ALL,3364,オラクル レンズ,293,150,143,0.5119453924914675,293,0.4246376811594203,690,6.0,15
overall,MIXED,15.20,ALL,3340,ステルス ワード,293,148,145,0.5051194539249146,293,0.44393939393939397,660,6.0,15
overall,MIXED,16.17,ALL,3116,リーライ クリスタル セプター,291,161,130,0.5532646048109966,291,0.05773809523809524,5040,2.2714776632302405,15
overall,MIXED,16.13,ALL,1086,ドラン ボウ,291,129,162,0.44329896907216493,291,0.08844984802431612,3290,0.7594501718213058,15
overall,MIXED,16.13,ALL,3111,マーキュリー ブーツ,290,155,135,0.5344827586206896,290,0.08814589665653495,3290,2.3482758620689657,15
overall,MIXED,16.16,ALL,3111,マーキュリー ブーツ,289,148,141,0.5121107266435986,289,0.0867867867867868,3330,2.366782006920415,15
overall,MIXED,15.10,ALL,3340,ステルス ワード,286,136,150,0.4755244755244755,286,0.4144927536231884,690,6.0,15
overall,MIXED,15.22,ALL,3340,ステルス ワード,286,135,151,0.47202797202797203,286,0.43333333333333335,660,6.0,15
overall,MIXED,16.13,ALL,1055,ドラン ブレード,285,142,143,0.4982456140350877,285,0.08662613981762918,3290,0.6912280701754386,15
overall,MIXED,16.18,TOP,3340,ステルス ワード,284,140,144,0.49295774647887325,284,0.8452380952380952,336,6.0,15
overall,MIXED,16.14,BOTTOM,3363,ファーサイト オルタレーション,283,150,133,0.5300353356890459,283,0.40660919540229884,696,6.0,15
overall,MIXED,16.15,ALL,6676,コレクター,282,134,148,0.475177304964539,282,0.06828087167070218,4130,1.6914893617021276,15
overall,MIXED,16.14,JUNGLE,3340,ステルス ワード,282,132,150,0.46808510638297873,282,0.4051724137931034,696,6.0,15
overall,MIXED,15.24,ALL,1055,ドラン ブレード,281,148,133,0.5266903914590747,281,0.16432748538011696,1710,0.7117437722419929,15
overall,MIXED,16.17,ALL,1029,クロース アーマー,281,122,159,0.43416370106761565,281,0.05575396825396826,5040,3.6868327402135233,15
overall,MIXED,16.18,ALL,2031,詰め替えポーション,280,125,155,0.44642857142857145,280,0.16666666666666666,1680,1.3392857142857142,15
overall,MIXED,16.15,MIDDLE,1056,ドラン リング,279,134,145,0.48028673835125446,279,0.33777239709443097,826,0.8673835125448028,15
overall,MIXED,16.15,ALL,3153,ルインドキング ブレード,278,148,130,0.5323741007194245,278,0.06731234866828087,4130,1.9460431654676258,15
overall,MIXED,16.17,ALL,3869,セレスティアル オポジション,278,145,133,0.5215827338129496,278,0.05515873015873016,5040,0.2841726618705036,15
overall,MIXED,16.17,UTILITY,3869,セレスティアル オポジション,278,145,133,0.5215827338129496,278,0.2757936507936508,1008,0.2841726618705036,15
overall,MIXED,16.17,MIDDLE,4645,シャドウフレイム,277,148,129,0.5342960288808665,277,0.2748015873015873,1008,2.577617328519856,15
overall,MIXED,16.17,ALL,3153,ルインドキング ブレード,277,148,129,0.5342960288808665,277,0.05496031746031746,5040,1.8303249097472925,15
overall,MIXED,16.7,ALL,3364,オラクル レンズ,277,139,138,0.5018050541516246,277,0.35974025974025975,770,6.0,15
overall,MIXED,16.1,ALL,3364,オラクル レンズ,277,127,150,0.4584837545126354,277,0.35974025974025975,770,6.0,15
overall,MIXED,16.15,ALL,1052,増魔の書,276,134,142,0.4855072463768116,276,0.06682808716707021,4130,3.713768115942029,15
overall,MIXED,16.13,ALL,6655,ルーデン エコー,275,138,137,0.5018181818181818,275,0.08358662613981763,3290,2.076363636363636,15
overall,MIXED,15.24,TOP,3340,ステルス ワード,275,132,143,0.48,275,0.804093567251462,342,6.0,15
overall,MIXED,16.16,TOP,3047,プレート スチールキャップ,274,147,127,0.5364963503649635,274,0.4114114114114114,666,2.627737226277372,15
overall,MIXED,15.24,ALL,3363,ファーサイト オルタレーション,274,142,132,0.5182481751824818,274,0.16023391812865498,1710,6.0,15
overall,MIXED,15.22,ALL,3364,オラクル レンズ,274,141,133,0.5145985401459854,274,0.41515151515151516,660,6.0,15
overall,MIXED,16.13,ALL,3009,スイフトネス ブーツ,274,139,135,0.5072992700729927,274,0.08328267477203648,3290,2.521897810218978,15
overall,MIXED,16.16,ALL,3158,アイオニア ブーツ,274,138,136,0.5036496350364964,274,0.08228228228228228,3330,2.397810218978102,15
overall,MIXED,16.16,BOTTOM,3031,インフィニティ エッジ,271,148,123,0.5461254612546126,271,0.4069069069069069,666,2.2693726937269374,15
overall,MIXED,16.9,ALL,3364,オラクル レンズ,271,139,132,0.5129151291512916,271,0.3430379746835443,790,6.0,15
overall,MIXED,16.15,ALL,3158,アイオニア ブーツ,271,134,137,0.4944649446494465,271,0.06561743341404358,4130,2.243542435424354,15
overall,MIXED,16.14,TOP,3047,プレート スチールキャップ,269,129,140,0.4795539033457249,269,0.3864942528735632,696,2.550185873605948,15
overall,MIXED,16.16,BOTTOM,1086,ドラン ボウ,268,129,139,0.48134328358208955,268,0.4024024024024024,666,0.75,15
overall,MIXED,16.13,ALL,2055,コントロール ワード,266,131,135,0.4924812030075188,266,0.08085106382978724,3290,2.2218045112781954,15
overall,MIXED,16.15,ALL,6672,クラーケン スレイヤー,266,130,136,0.48872180451127817,266,0.06440677966101695,4130,1.736842105263158,15
overall,MIXED,15.24,ALL,3047,プレート スチールキャップ,266,116,150,0.43609022556390975,266,0.15555555555555556,1710,2.530075187969925,15
overall,MIXED,16.14,ALL,3009,スイフトネス ブーツ,265,140,125,0.5283018867924528,265,0.07614942528735633,3480,2.4754716981132074,15
overall,MIXED,16.6,ALL,3364,オラクル レンズ,265,133,132,0.5018867924528302,265,0.34868421052631576,760,6.0,15
overall,MIXED,16.15,ALL,2503,黒炎のトーチ,264,141,123,0.5340909090909091,264,0.06392251815980629,4130,2.0984848484848486,15
overall,MIXED,16.17,ALL,3871,ザズ＝ザクのレルムスパイク,263,139,124,0.5285171102661597,263,0.052182539682539685,5040,0.3193916349809886,15
overall,MIXED,16.17,UTILITY,3871,ザズ＝ザクのレルムスパイク,263,139,124,0.5285171102661597,263,0.26091269841269843,1008,0.3193916349809886,15
overall,MIXED,16.13,ALL,3020,ソーサラー シューズ,263,133,130,0.5057034220532319,263,0.07993920972644376,3290,2.4106463878326996,15
overall,MIXED,16.17,ALL,1028,ルビー クリスタル,263,130,133,0.49429657794676807,263,0.052182539682539685,5040,3.9771863117870723,15
overall,MIXED,15.16,ALL,3340,ステルス ワード,263,121,142,0.4600760456273764,263,0.48703703703703705,540,6.0,15
overall,MIXED,16.15,BOTTOM,1086,ドラン ボウ,263,119,144,0.4524714828897338,263,0.31840193704600483,826,0.6615969581749049,15
overall,MIXED,16.17,ALL,3067,キンドルジェム,263,107,156,0.4068441064638783,263,0.052182539682539685,5040,3.612167300380228,15
overall,MIXED,15.18,ALL,3364,オラクル レンズ,261,133,128,0.5095785440613027,261,0.4015384615384615,650,6.0,15
overall,MIXED,16.16,ALL,3157,ゾーニャの砂時計,260,141,119,0.5423076923076923,260,0.07807807807807808,3330,1.1961538461538461,15
overall,MIXED,16.15,ALL,1058,ムダニ デカイ ロッド,259,143,116,0.5521235521235521,259,0.06271186440677966,4130,3.003861003861004,15
overall,MIXED,16.16,ALL,1055,ドラン ブレード,257,125,132,0.48638132295719844,257,0.07717717717717718,3330,0.7782101167315175,15
overall,MIXED,15.14,ALL,3340,ステルス ワード,257,120,137,0.4669260700389105,257,0.558695652173913,460,6.0,15
overall,MIXED,15.23,ALL,3340,ステルス ワード,257,118,139,0.4591439688715953,257,0.44310344827586207,580,6.0,15
overall,MIXED,16.2,ALL,3364,オラクル レンズ,256,131,125,0.51171875,256,0.36056338028169016,710,6.0,15
overall,MIXED,16.15,ALL,3071,ブラック クリーバー,254,139,115,0.547244094488189,254,0.061501210653753025,4130,1.9448818897637796,15
overall,MIXED,16.17,UTILITY,3158,アイオニア ブーツ,254,136,118,0.5354330708661418,254,0.251984126984127,1008,2.62992125984252,15
overall,MIXED,14.20,ALL,3340,ステルス ワード,254,123,131,0.484251968503937,254,0.5521739130434783,460,6.0,15
overall,MIXED,16.17,ALL,6333,デス ダンス,253,148,105,0.5849802371541502,253,0.0501984126984127,5040,2.5177865612648223,15
overall,MIXED,15.20,ALL,3364,オラクル レンズ,253,118,135,0.466403162055336,253,0.38333333333333336,660,6.0,15
overall,MIXED,15.24,ALL,2031,詰め替えポーション,253,113,140,0.44664031620553357,253,0.147953216374269,1710,1.3715415019762847,15
overall,MIXED,16.15,ALL,1037,ピッケル,252,117,135,0.4642857142857143,252,0.061016949152542375,4130,3.5317460317460316,15
overall,MIXED,15.24,ALL,3020,ソーサラー シューズ,252,114,138,0.4523809523809524,252,0.14736842105263157,1710,2.6785714285714284,15
overall,MIXED,16.13,ALL,3157,ゾーニャの砂時計,251,130,121,0.5179282868525896,251,0.07629179331306991,3290,1.3745019920318724,15
overall,MIXED,16.14,ALL,3116,リーライ クリスタル セプター,250,130,120,0.52,250,0.07183908045977011,3480,2.12,15
overall,MIXED,16.16,ALL,6655,ルーデン エコー,250,121,129,0.484,250,0.07507507507507508,3330,2.024,15
overall,MIXED,16.13,ALL,3116,リーライ クリスタル セプター,249,127,122,0.5100401606425703,249,0.0756838905775076,3290,2.2369477911646585,15
overall,MIXED,15.21,ALL,3364,オラクル レンズ,249,125,124,0.5020080321285141,249,0.42203389830508475,590,6.0,15
overall,MIXED,16.17,ALL,3075,ソーンメイル,249,125,124,0.5020080321285141,249,0.0494047619047619,5040,2.8755020080321283,15
overall,MIXED,16.15,BOTTOM,3031,インフィニティ エッジ,248,137,111,0.5524193548387096,248,0.30024213075060535,826,2.4153225806451615,15
overall,MIXED,16.17,ALL,2503,黒炎のトーチ,248,135,113,0.5443548387096774,248,0.049206349206349205,5040,2.036290322580645,15
overall,MIXED,15.21,ALL,3340,ステルス ワード,248,129,119,0.5201612903225806,248,0.42033898305084744,590,6.0,15
overall,MIXED,16.14,MIDDLE,1056,ドラン リング,248,112,136,0.45161290322580644,248,0.3563218390804598,696,1.0,15
overall,MIXED,16.13,ALL,3158,アイオニア ブーツ,247,125,122,0.5060728744939271,247,0.07507598784194529,3290,2.623481781376518,15
overall,MIXED,16.8,ALL,3364,オラクル レンズ,247,122,125,0.4939271255060729,247,0.35285714285714287,700,6.0,15
overall,MIXED,16.14,ALL,1036,ロング ソード,247,122,125,0.4939271255060729,247,0.07097701149425287,3480,3.866396761133603,15
overall,MIXED,16.13,JUNGLE,3340,ステルス ワード,246,112,134,0.45528455284552843,246,0.3738601823708207,658,6.0,15
overall,MIXED,16.17,ALL,3036,ドミニク リガード,245,154,91,0.6285714285714286,245,0.04861111111111111,5040,2.853061224489796,15
overall,MIXED,16.16,JUNGLE,3340,ステルス ワード,244,117,127,0.47950819672131145,244,0.3663663663663664,666,6.0,15
overall,MIXED,16.16,ALL,6653,ライアンドリーの仮面,243,134,109,0.551440329218107,243,0.07297297297297298,3330,2.353909465020576,15
overall,MIXED,16.14,ALL,3020,ソーサラー シューズ,242,138,104,0.5702479338842975,242,0.06954022988505747,3480,2.347107438016529,15
overall,MIXED,15.2,ALL,3340,ステルス ワード,242,118,124,0.48760330578512395,242,0.5260869565217391,460,6.0,15
overall,MIXED,15.24,JUNGLE,3364,オラクル レンズ,242,116,126,0.4793388429752066,242,0.7076023391812866,342,6.0,15
overall,MIXED,16.16,ALL,3020,ソーサラー シューズ,240,128,112,0.5333333333333333,240,0.07207207207207207,3330,2.4916666666666667,15
overall,MIXED,16.13,MIDDLE,1056,ドラン リング,240,122,118,0.5083333333333333,240,0.364741641337386,658,0.8458333333333333,15
overall,MIXED,16.13,BOTTOM,3031,インフィニティ エッジ,239,124,115,0.5188284518828452,239,0.36322188449848025,658,2.3472803347280333,15
overall,MIXED,15.8,ALL,3364,オラクル レンズ,239,124,115,0.5188284518828452,239,0.3676923076923077,650,6.0,15
overall,MIXED,16.16,ALL,1052,増魔の書,239,113,126,0.47280334728033474,239,0.07177177177177177,3330,3.426778242677824,15
overall,MIXED,16.14,ALL,3157,ゾーニャの砂時計,238,131,107,0.5504201680672269,238,0.06839080459770115,3480,1.3067226890756303,15
overall,MIXED,16.17,BOTTOM,6676,コレクター,238,121,117,0.5084033613445378,238,0.2361111111111111,1008,2.0504201680672267,15
overall,MIXED,15.24,MIDDLE,3340,ステルス ワード,238,115,123,0.4831932773109244,238,0.695906432748538,342,6.0,15
overall,MIXED,15.12,ALL,3340,ステルス ワード,237,114,123,0.4810126582278481,237,0.4647058823529412,510,6.0,15
overall,MIXED,16.13,ALL,1052,増魔の書,236,122,114,0.5169491525423728,236,0.07173252279635259,3290,3.5889830508474576,15
overall,MIXED,16.15,ALL,3190,ソラリのロケット,236,119,117,0.5042372881355932,236,0.05714285714285714,4130,1.4406779661016949,15
overall,MIXED,16.15,UTILITY,3190,ソラリのロケット,236,119,117,0.5042372881355932,236,0.2857142857142857,826,1.4406779661016949,15
overall,MIXED,16.16,ALL,1036,ロング ソード,236,108,128,0.4576271186440678,236,0.07087087087087086,3330,3.7203389830508473,15
overall,MIXED,16.15,ALL,1028,ルビー クリスタル,235,114,121,0.4851063829787234,235,0.05690072639225181,4130,4.025531914893617,15
overall,MIXED,16.14,BOTTOM,3031,インフィニティ エッジ,234,135,99,0.5769230769230769,234,0.33620689655172414,696,2.452991452991453,15
overall,MIXED,16.14,ALL,6676,コレクター,233,125,108,0.5364806866952789,233,0.06695402298850575,3480,1.613733905579399,15
overall,MIXED,16.15,ALL,3089,ラバドン デスキャップ,233,118,115,0.5064377682403434,233,0.056416464891041164,4130,2.5579399141630903,15
overall,MIXED,16.14,ALL,3158,アイオニア ブーツ,233,114,119,0.4892703862660944,233,0.06695402298850575,3480,2.5278969957081543,15
overall,MIXED,16.16,ALL,6672,クラーケン スレイヤー,233,103,130,0.44206008583690987,233,0.06996996996996997,3330,1.6995708154506437,15
overall,MIXED,15.11,ALL,3340,ステルス ワード,231,113,118,0.48917748917748916,231,0.4358490566037736,530,6.0,15
overall,MIXED,16.16,ALL,6676,コレクター,229,121,108,0.5283842794759825,229,0.06876876876876876,3330,1.9213973799126638,15
overall,MIXED,16.13,ALL,6676,コレクター,229,115,114,0.5021834061135371,229,0.0696048632218845,3290,1.724890829694323,15
overall,MIXED,16.14,ALL,1052,増魔の書,228,119,109,0.5219298245614035,228,0.06551724137931035,3480,3.539473684210526,15
overall,MIXED,16.15,MIDDLE,4645,シャドウフレイム,228,118,110,0.5175438596491229,228,0.27602905569007263,826,2.7149122807017543,15
overall,MIXED,16.18,MIDDLE,3340,ステルス ワード,228,111,117,0.4868421052631579,228,0.6785714285714286,336,6.0,15
overall,MIXED,16.16,JUNGLE,3047,プレート スチールキャップ,228,111,117,0.4868421052631579,228,0.34234234234234234,666,1.9385964912280702,15
overall,MIXED,16.13,BOTTOM,1086,ドラン ボウ,228,101,127,0.44298245614035087,228,0.3465045592705167,658,0.7850877192982456,15
overall,MIXED,16.17,JUNGLE,2055,コントロール ワード,226,101,125,0.4469026548672566,226,0.22420634920634921,1008,2.088495575221239,15
overall,MIXED,16.16,ALL,3071,ブラック クリーバー,225,129,96,0.5733333333333334,225,0.06756756756756757,3330,2.111111111111111,15
overall,MIXED,16.11,ALL,3047,プレート スチールキャップ,223,116,107,0.5201793721973094,223,0.18898305084745762,1180,2.5112107623318387,15
overall,MIXED,15.19,UTILITY,3364,オラクル レンズ,222,110,112,0.4954954954954955,222,0.9652173913043478,230,6.0,15
overall,MIXED,14.19,ALL,3340,ステルス ワード,222,110,112,0.4954954954954955,222,0.5285714285714286,420,6.0,15
overall,MIXED,15.13,ALL,2055,コントロール ワード,221,109,112,0.49321266968325794,221,0.23020833333333332,960,2.5565610859728505,15
overall,MIXED,16.17,UTILITY,3047,プレート スチールキャップ,221,109,112,0.49321266968325794,221,0.21924603174603174,1008,2.497737556561086,15
overall,MIXED,15.23,ALL,3364,オラクル レンズ,219,116,103,0.5296803652968036,219,0.3775862068965517,580,6.0,15
overall,MIXED,16.15,ALL,3869,セレスティアル オポジション,219,107,112,0.4885844748858447,219,0.053026634382566586,4130,0.3698630136986301,15
overall,MIXED,16.15,UTILITY,3869,セレスティアル オポジション,219,107,112,0.4885844748858447,219,0.2651331719128329,826,0.3698630136986301,15
overall,MIXED,16.16,MIDDLE,1056,ドラン リング,219,98,121,0.4474885844748858,219,0.32882882882882886,666,0.8767123287671232,15
overall,MIXED,16.15,JUNGLE,3047,プレート スチールキャップ,215,108,107,0.5023255813953489,215,0.2602905569007264,826,1.8883720930232557,15
overall,MIXED,16.14,ALL,3153,ルインドキング ブレード,214,121,93,0.5654205607476636,214,0.06149425287356322,3480,1.8691588785046729,15
overall,MIXED,16.13,ALL,1058,ムダニ デカイ ロッド,213,114,99,0.5352112676056338,213,0.06474164133738602,3290,3.2300469483568075,15
overall,MIXED,15.11,ALL,3364,オラクル レンズ,213,107,106,0.5023474178403756,213,0.4018867924528302,530,6.0,15
overall,MIXED,16.13,ALL,3071,ブラック クリーバー,212,124,88,0.5849056603773585,212,0.06443768996960486,3290,1.9386792452830188,15
overall,MIXED,16.13,TOP,3047,プレート スチールキャップ,212,108,104,0.5094339622641509,212,0.3221884498480243,658,2.5047169811320753,15
overall,MIXED,16.13,ALL,1036,ロング ソード,212,84,128,0.39622641509433965,212,0.06443768996960486,3290,3.8160377358490565,15
overall,MIXED,16.14,ALL,3071,ブラック クリーバー,211,113,98,0.5355450236966824,211,0.06063218390804598,3480,1.957345971563981,15
overall,MIXED,16.14,MIDDLE,4645,シャドウフレイム,211,106,105,0.5023696682464455,211,0.3031609195402299,696,2.5497630331753554,15
overall,MIXED,16.18,BOTTOM,3340,ステルス ワード,210,105,105,0.5,210,0.625,336,6.0,15
overall,MIXED,16.18,ALL,1056,ドラン リング,210,93,117,0.44285714285714284,210,0.125,1680,0.8904761904761904,15
overall,MIXED,16.14,BOTTOM,1086,ドラン ボウ,210,87,123,0.4142857142857143,210,0.3017241379310345,696,0.7428571428571429,15
overall,MIXED,16.16,ALL,3153,ルインドキング ブレード,209,106,103,0.507177033492823,209,0.06276276276276277,3330,1.6220095693779903,15
overall,MIXED,16.16,ALL,3009,スイフトネス ブーツ,209,105,104,0.5023923444976076,209,0.06276276276276277,3330,2.488038277511962,15
overall,MIXED,16.16,ALL,1058,ムダニ デカイ ロッド,208,114,94,0.5480769230769231,208,0.06246246246246246,3330,3.2115384615384617,15
overall,MIXED,16.14,JUNGLE,3047,プレート スチールキャップ,208,106,102,0.5096153846153846,208,0.2988505747126437,696,1.7259615384615385,15
overall,MIXED,15.12,ALL,3364,オラクル レンズ,206,107,99,0.5194174757281553,206,0.403921568627451,510,6.0,15
overall,MIXED,16.15,ALL,3871,ザズ＝ザクのレルムスパイク,206,98,108,0.47572815533980584,206,0.049878934624697335,4130,0.36893203883495146,15
overall,MIXED,16.15,UTILITY,3871,ザズ＝ザクのレルムスパイク,206,98,108,0.47572815533980584,206,0.24939467312348668,826,0.36893203883495146,15
overall,MIXED,16.16,ALL,1037,ピッケル,206,97,109,0.470873786407767,206,0.061861861861861864,3330,3.4563106796116503,15
overall,MIXED,15.16,ALL,3364,オラクル レンズ,205,107,98,0.5219512195121951,205,0.37962962962962965,540,6.0,15
overall,MIXED,16.15,BOTTOM,2031,詰め替えポーション,205,101,104,0.4926829268292683,205,0.24818401937046006,826,1.2048780487804878,15
overall,MIXED,16.17,ALL,3089,ラバドン デスキャップ,204,114,90,0.5588235294117647,204,0.04047619047619048,5040,2.5588235294117645,15
overall,MIXED,16.17,TOP,2031,詰め替えポーション,204,94,110,0.46078431372549017,204,0.20238095238095238,1008,1.196078431372549,15
overall,MIXED,16.17,ALL,1018,アジリティ クローク,203,95,108,0.46798029556650245,203,0.04027777777777778,5040,3.6108374384236455,15
overall,MIXED,16.15,ALL,3116,リーライ クリスタル セプター,202,116,86,0.5742574257425742,202,0.04891041162227603,4130,2.5544554455445545,15
overall,MIXED,16.16,ALL,3078,トリニティ フォース,202,110,92,0.5445544554455446,202,0.06066066066066066,3330,1.7673267326732673,15
overall,MIXED,16.11,UTILITY,3364,オラクル レンズ,202,105,97,0.5198019801980198,202,0.8559322033898306,236,6.0,15
overall,MIXED,16.13,MIDDLE,4645,シャドウフレイム,201,107,94,0.5323383084577115,201,0.30547112462006076,658,2.611940298507463,15
overall,MIXED,16.17,BOTTOM,2031,詰め替えポーション,201,85,116,0.4228855721393035,201,0.19940476190476192,1008,1.2686567164179106,15
overall,MIXED,16.18,JUNGLE,3364,オラクル レンズ,200,104,96,0.52,200,0.5952380952380952,336,6.0,15
overall,MIXED,16.14,ALL,3871,ザズ＝ザクのレルムスパイク,200,104,96,0.52,200,0.05747126436781609,3480,0.365,15
overall,MIXED,16.14,UTILITY,3871,ザズ＝ザクのレルムスパイク,200,104,96,0.52,200,0.28735632183908044,696,0.365,15
overall,MIXED,16.13,ALL,1037,ピッケル,200,101,99,0.505,200,0.060790273556231005,3290,3.565,15
overall,MIXED,16.18,ALL,3363,ファーサイト オルタレーション,200,99,101,0.495,200,0.11904761904761904,1680,6.0,15
overall,MIXED,16.14,ALL,1058,ムダニ デカイ ロッド,199,114,85,0.5728643216080402,199,0.05718390804597701,3480,3.0954773869346734,15
overall,MIXED,16.13,ALL,3871,ザズ＝ザクのレルムスパイク,199,108,91,0.542713567839196,199,0.06048632218844985,3290,0.3065326633165829,15
overall,MIXED,16.13,UTILITY,3871,ザズ＝ザクのレルムスパイク,199,108,91,0.542713567839196,199,0.3028919330289193,657,0.3065326633165829,15
overall,MIXED,16.17,MIDDLE,6655,ルーデン エコー,199,98,101,0.49246231155778897,199,0.1974206349206349,1008,2.236180904522613,15
overall,MIXED,16.17,ALL,3006,バーサーカー ブーツ,199,96,103,0.4824120603015075,199,0.03948412698412698,5040,1.979899497487437,15
overall,MIXED,16.17,ALL,1038,B. F. ソード,198,109,89,0.5505050505050505,198,0.039285714285714285,5040,3.4696969696969697,15
overall,MIXED,16.17,ALL,3084,心の鋼,198,105,93,0.5303030303030303,198,0.039285714285714285,5040,1.7323232323232323,15
overall,MIXED,16.11,TOP,3340,ステルス ワード,198,100,98,0.5050505050505051,198,0.8389830508474576,236,6.0,15
overall,MIXED,15.7,ALL,3340,ステルス ワード,198,97,101,0.4898989898989899,198,0.43043478260869567,460,6.0,15
overall,MIXED,16.17,ALL,3161,ショウジンの矛,197,98,99,0.49746192893401014,197,0.03908730158730159,5040,1.8730964467005076,15
overall,MIXED,16.16,ALL,3190,ソラリのロケット,196,96,100,0.4897959183673469,196,0.05885885885885886,3330,1.4183673469387754,15
overall,MIXED,16.16,UTILITY,3190,ソラリのロケット,196,96,100,0.4897959183673469,196,0.29429429429429427,666,1.4183673469387754,15
overall,MIXED,16.16,MIDDLE,4645,シャドウフレイム,194,100,94,0.5154639175257731,194,0.2912912912912913,666,2.5927835051546393,15
overall,MIXED,16.14,ALL,1037,ピッケル,194,98,96,0.5051546391752577,194,0.05574712643678161,3480,3.443298969072165,15
overall,MIXED,15.19,ALL,3363,ファーサイト オルタレーション,193,93,100,0.48186528497409326,193,0.16782608695652174,1150,6.0,15
overall,MIXED,16.17,ALL,2019,スチール シジル,191,107,84,0.5602094240837696,191,0.037896825396825394,5040,3.5445026178010473,15
overall,MIXED,16.10,UTILITY,3364,オラクル レンズ,191,101,90,0.5287958115183246,191,0.8603603603603603,222,6.0,15
overall,MIXED,16.17,ALL,3876,至点のソリ,191,83,108,0.43455497382198954,191,0.037896825396825394,5040,0.2094240837696335,15
overall,MIXED,16.17,UTILITY,3876,至点のソリ,191,83,108,0.43455497382198954,191,0.18948412698412698,1008,0.2094240837696335,15
overall,MIXED,16.17,ALL,2523,ヘクスオプティックC44,190,96,94,0.5052631578947369,190,0.037698412698412696,5040,1.9210526315789473,15
overall,MIXED,15.24,BOTTOM,1055,ドラン ブレード,189,101,88,0.5343915343915344,189,0.5542521994134897,341,0.6296296296296297,15
overall,MIXED,16.10,TOP,3340,ステルス ワード,189,96,93,0.5079365079365079,189,0.8513513513513513,222,6.0,15
overall,MIXED,16.16,ALL,3871,ザズ＝ザクのレルムスパイク,189,94,95,0.4973544973544973,189,0.05675675675675676,3330,0.24867724867724866,15
overall,MIXED,16.16,UTILITY,3871,ザズ＝ザクのレルムスパイク,189,94,95,0.4973544973544973,189,0.28378378378378377,666,0.24867724867724866,15
overall,MIXED,16.17,MIDDLE,2031,詰め替えポーション,189,90,99,0.47619047619047616,189,0.1875,1008,1.2592592592592593,15
overall,MIXED,16.15,ALL,6610,サンダード スカイ,188,105,83,0.5585106382978723,188,0.04552058111380145,4130,1.9840425531914894,15
overall,MIXED,16.17,BOTTOM,6672,クラーケン スレイヤー,188,98,90,0.5212765957446809,188,0.1865079365079365,1008,1.9361702127659575,15
overall,MIXED,16.14,ALL,2503,黒炎のトーチ,187,107,80,0.5721925133689839,187,0.05373563218390805,3480,2.197860962566845,15
overall,MIXED,16.17,ALL,3118,マリグナンス,187,101,86,0.5401069518716578,187,0.0371031746031746,5040,1.9358288770053476,15
overall,MIXED,16.13,ALL,2503,黒炎のトーチ,187,101,86,0.5401069518716578,187,0.056838905775075985,3290,1.9839572192513368,15
overall,MIXED,16.16,ALL,3116,リーライ クリスタル セプター,187,98,89,0.5240641711229946,187,0.056156156156156156,3330,2.165775401069519,15
overall,MIXED,16.18,ALL,1086,ドラン ボウ,187,95,92,0.5080213903743316,187,0.1113095238095238,1680,0.6417112299465241,15
overall,MIXED,15.7,ALL,3364,オラクル レンズ,187,94,93,0.5026737967914439,187,0.40652173913043477,460,6.0,15
overall,MIXED,16.14,ALL,1028,ルビー クリスタル,187,79,108,0.42245989304812837,187,0.05373563218390805,3480,3.8449197860962565,15
overall,MIXED,16.17,ALL,6697,ヒュブリス,186,110,76,0.5913978494623656,186,0.036904761904761905,5040,1.6881720430107527,15
overall,MIXED,16.10,ALL,3047,プレート スチールキャップ,186,91,95,0.489247311827957,186,0.16756756756756758,1110,2.2580645161290325,15
overall,MIXED,15.9,ALL,3364,オラクル レンズ,185,95,90,0.5135135135135135,185,0.43023255813953487,430,6.0,15
overall,MIXED,16.17,JUNGLE,3111,マーキュリー ブーツ,185,95,90,0.5135135135135135,185,0.18353174603174602,1008,1.7621621621621621,15
overall,MIXED,16.17,BOTTOM,2523,ヘクスオプティックC44,185,93,92,0.5027027027027027,185,0.18353174603174602,1008,1.9027027027027028,15
overall,MIXED,16.15,ALL,3036,ドミニク リガード,184,97,87,0.5271739130434783,184,0.04455205811138015,4130,2.6684782608695654,15
overall,MIXED,16.17,ALL,6692,赤月の刃,184,96,88,0.5217391304347826,184,0.03650793650793651,5040,1.7880434782608696,15
overall,MIXED,15.24,BOTTOM,3363,ファーサイト オルタレーション,184,92,92,0.5,184,0.5395894428152492,341,6.0,15
overall,MIXED,15.17,ALL,2055,コントロール ワード,184,88,96,0.4782608695652174,184,0.2271604938271605,810,2.233695652173913,15
overall,MIXED,15.15,ALL,3340,ステルス ワード,184,86,98,0.4673913043478261,184,0.44878048780487806,410,6.0,15
overall,MIXED,15.19,TOP,3340,ステルス ワード,183,89,94,0.48633879781420764,183,0.7991266375545851,229,6.0,15
overall,MIXED,16.10,ALL,2031,詰め替えポーション,182,84,98,0.46153846153846156,182,0.16396396396396395,1110,1.1923076923076923,15
overall,MIXED,16.17,ALL,6673,イモータル シールドボウ,181,95,86,0.5248618784530387,181,0.03591269841269841,5040,2.447513812154696,15
overall,MIXED,15.3,ALL,3340,ステルス ワード,181,90,91,0.4972375690607735,181,0.44146341463414634,410,6.0,15
overall,MIXED,16.17,ALL,1054,ドラン シールド,181,88,93,0.4861878453038674,181,0.03591269841269841,5040,0.7071823204419889,15
overall,MIXED,16.13,JUNGLE,3047,プレート スチールキャップ,180,91,89,0.5055555555555555,180,0.2735562310030395,658,1.75,15
overall,MIXED,15.13,UTILITY,3364,オラクル レンズ,180,90,90,0.5,180,0.9375,192,6.0,15
overall,MIXED,16.17,ALL,3152,ヘクステック ロケットベルト,179,92,87,0.5139664804469274,179,0.035515873015873015,5040,1.217877094972067,15
overall,MIXED,16.15,ALL,3078,トリニティ フォース,179,87,92,0.4860335195530726,179,0.043341404358353514,4130,1.553072625698324,15
overall,MIXED,16.17,TOP,1055,ドラン ブレード,178,96,82,0.5393258426966292,178,0.1765873015873016,1008,0.8820224719101124,15
overall,MIXED,16.4,ALL,3364,オラクル レンズ,178,88,90,0.4943820224719101,178,0.33584905660377357,530,6.0,15
overall,MIXED,16.16,ALL,1028,ルビー クリスタル,178,74,104,0.4157303370786517,178,0.05345345345345345,3330,4.067415730337078,15
overall,MIXED,16.17,MIDDLE,3157,ゾーニャの砂時計,177,101,76,0.5706214689265536,177,0.17559523809523808,1008,1.3785310734463276,15
overall,MIXED,15.24,UTILITY,2055,コントロール ワード,176,88,88,0.5,176,0.5146198830409356,342,2.4431818181818183,15
overall,MIXED,15.24,ALL,3006,バーサーカー ブーツ,176,86,90,0.48863636363636365,176,0.10292397660818714,1710,2.460227272727273,15
overall,MIXED,16.13,ALL,3153,ルインドキング ブレード,175,97,78,0.5542857142857143,175,0.05319148936170213,3290,1.9428571428571428,15
overall,MIXED,16.15,JUNGLE,3111,マーキュリー ブーツ,175,83,92,0.4742857142857143,175,0.211864406779661,826,1.8171428571428572,15
overall,MIXED,15.9,ALL,3340,ステルス ワード,175,81,94,0.46285714285714286,175,0.4069767441860465,430,6.0,15
overall,MIXED,16.15,ALL,6333,デス ダンス,174,91,83,0.5229885057471264,174,0.042130750605326873,4130,2.6436781609195403,15
overall,MIXED,16.14,ALL,3190,ソラリのロケット,174,88,86,0.5057471264367817,174,0.05,3480,1.2701149425287357,15
overall,MIXED,16.14,UTILITY,3190,ソラリのロケット,174,88,86,0.5057471264367817,174,0.25,696,1.2701149425287357,15
overall,MIXED,15.3,ALL,3364,オラクル レンズ,174,87,87,0.5,174,0.424390243902439,410,6.0,15
overall,MIXED,15.19,JUNGLE,3364,オラクル レンズ,174,84,90,0.4827586206896552,174,0.7532467532467533,231,6.0,15
overall,MIXED,16.15,ALL,1029,クロース アーマー,174,76,98,0.4367816091954023,174,0.042130750605326873,4130,3.971264367816092,15
overall,MIXED,15.19,ALL,3047,プレート スチールキャップ,174,66,108,0.3793103448275862,174,0.15130434782608695,1150,2.5517241379310347,15
overall,MIXED,16.16,ALL,2503,黒炎のトーチ,173,90,83,0.5202312138728323,173,0.05195195195195195,3330,1.8092485549132948,15
overall,MIXED,16.15,BOTTOM,1055,ドラン ブレード,173,86,87,0.49710982658959535,173,0.20944309927360774,826,0.5375722543352601,15
overall,MIXED,15.19,ALL,3006,バーサーカー ブーツ,173,79,94,0.45664739884393063,173,0.15043478260869564,1150,2.485549132947977,15
overall,MIXED,16.17,ALL,3085,ルナーン ハリケーン,172,97,75,0.563953488372093,172,0.034126984126984124,5040,2.0755813953488373,15
overall,MIXED,16.14,ALL,3089,ラバドン デスキャップ,172,92,80,0.5348837209302325,172,0.04942528735632184,3480,2.4767441860465116,15
overall,MIXED,16.13,ALL,6672,クラーケン スレイヤー,172,85,87,0.4941860465116279,172,0.052279635258358666,3290,1.5406976744186047,15
overall,MIXED,16.15,ALL,1054,ドラン シールド,172,78,94,0.45348837209302323,172,0.041646489104116224,4130,0.8604651162790697,15
overall,MIXED,15.20,ALL,2055,コントロール ワード,172,76,96,0.4418604651162791,172,0.2606060606060606,660,2.1686046511627906,15
overall,MIXED,16.11,MIDDLE,3340,ステルス ワード,171,82,89,0.47953216374269003,171,0.7245762711864406,236,6.0,15
overall,MIXED,15.24,ALL,1056,ドラン リング,171,79,92,0.4619883040935672,171,0.1,1710,0.543859649122807,15
overall,MIXED,16.17,MIDDLE,1058,ムダニ デカイ ロッド,170,92,78,0.5411764705882353,170,0.16865079365079366,1008,3.0058823529411764,15
overall,MIXED,16.16,ALL,3075,ソーンメイル,170,85,85,0.5,170,0.05105105105105105,3330,2.788235294117647,15
overall,MIXED,16.18,ALL,3031,インフィニティ エッジ,169,108,61,0.6390532544378699,169,0.1005952380952381,1680,2.4142011834319526,15
overall,MIXED,16.17,BOTTOM,3085,ルナーン ハリケーン,169,96,73,0.5680473372781065,169,0.16765873015873015,1008,2.0828402366863905,15
overall,MIXED,16.15,ALL,3067,キンドルジェム,169,91,78,0.5384615384615384,169,0.04092009685230024,4130,3.710059171597633,15
overall,MIXED,16.13,ALL,3190,ソラリのロケット,169,84,85,0.4970414201183432,169,0.051367781155015196,3290,1.3668639053254439,15
overall,MIXED,16.13,UTILITY,3158,アイオニア ブーツ,168,92,76,0.5476190476190477,168,0.2557077625570776,657,2.75,15
overall,MIXED,15.2,ALL,3364,オラクル レンズ,168,85,83,0.5059523809523809,168,0.3652173913043478,460,6.0,15
overall,MIXED,16.17,UTILITY,3009,スイフトネス ブーツ,168,84,84,0.5,168,0.16666666666666666,1008,2.505952380952381,15
overall,MIXED,16.13,UTILITY,3190,ソラリのロケット,168,83,85,0.49404761904761907,168,0.2557077625570776,657,1.3630952380952381,15
overall,MIXED,16.17,UTILITY,3067,キンドルジェム,168,76,92,0.4523809523809524,168,0.16666666666666666,1008,3.7142857142857144,15
overall,MIXED,16.17,ALL,3145,ヘクステック オルタネーター,168,74,94,0.44047619047619047,168,0.03333333333333333,5040,3.392857142857143,15
overall,MIXED,16.18,ALL,3175,連呪使いのブーツ,167,91,76,0.5449101796407185,167,0.0994047619047619,1680,2.81437125748503,15
overall,MIXED,16.18,MIDDLE,3175,連呪使いのブーツ,167,91,76,0.5449101796407185,167,0.49702380952380953,336,2.81437125748503,15
overall,MIXED,14.20,ALL,3364,オラクル レンズ,167,88,79,0.5269461077844312,167,0.3630434782608696,460,6.0,15
overall,MIXED,16.15,ALL,3075,ソーンメイル,167,87,80,0.5209580838323353,167,0.04043583535108959,4130,2.568862275449102,15
overall,MIXED,16.15,ALL,1018,アジリティ クローク,166,78,88,0.46987951807228917,166,0.04019370460048426,4130,3.602409638554217,15
overall,MIXED,16.16,ALL,1029,クロース アーマー,166,74,92,0.4457831325301205,166,0.04984984984984985,3330,3.8674698795180724,15
overall,MIXED,16.17,BOTTOM,3036,ドミニク リガード,165,102,63,0.6181818181818182,165,0.1636904761904762,1008,2.915151515151515,15
overall,MIXED,15.15,ALL,3364,オラクル レンズ,165,84,81,0.509090909090909,165,0.4024390243902439,410,6.0,15
overall,MIXED,16.16,ALL,3869,セレスティアル オポジション,165,83,82,0.503030303030303,165,0.04954954954954955,3330,0.2606060606060606,15
overall,MIXED,16.16,UTILITY,3869,セレスティアル オポジション,165,83,82,0.503030303030303,165,0.24774774774774774,666,0.2606060606060606,15
overall,MIXED,16.15,BOTTOM,6676,コレクター,165,81,84,0.4909090909090909,165,0.19975786924939468,826,1.915151515151515,15
overall,MIXED,16.17,ALL,3124,グインソー レイジブレード,165,78,87,0.4727272727272727,165,0.03273809523809524,5040,2.2545454545454544,15
overall,MIXED,16.3,ALL,3047,プレート スチールキャップ,164,85,79,0.5182926829268293,164,0.18636363636363637,880,2.2865853658536586,15
overall,MIXED,16.3,UTILITY,3364,オラクル レンズ,164,84,80,0.5121951219512195,164,0.9318181818181818,176,6.0,15
overall,MIXED,16.15,ALL,6631,ストライドブレイカー,164,83,81,0.5060975609756098,164,0.03970944309927361,4130,1.1768292682926829,15
overall,MIXED,15.13,TOP,3340,ステルス ワード,163,84,79,0.5153374233128835,163,0.8489583333333334,192,6.0,15
overall,MIXED,16.17,MIDDLE,2503,黒炎のトーチ,163,79,84,0.48466257668711654,163,0.16170634920634921,1008,2.079754601226994,15
overall,MIXED,16.17,UTILITY,2031,詰め替えポーション,163,75,88,0.4601226993865031,163,0.16170634920634921,1008,1.5276073619631902,15
overall,MIXED,15.19,ALL,1055,ドラン ブレード,163,74,89,0.4539877300613497,163,0.14173913043478262,1150,0.9141104294478528,15
overall,MIXED,16.15,ALL,3161,ショウジンの矛,162,95,67,0.5864197530864198,162,0.03922518159806295,4130,2.0,15
overall,MIXED,16.15,ALL,6697,ヒュブリス,162,85,77,0.5246913580246914,162,0.03922518159806295,4130,1.6728395061728396,15
overall,MIXED,16.17,ALL,6699,ボルテイク サイクロソード,162,83,79,0.5123456790123457,162,0.03214285714285714,5040,2.0246913580246915,15
overall,MIXED,15.18,ALL,2055,コントロール ワード,162,71,91,0.4382716049382716,162,0.24923076923076923,650,2.1790123456790123,15
overall,MIXED,16.15,JUNGLE,2055,コントロール ワード,161,88,73,0.546583850931677,161,0.19491525423728814,826,1.9627329192546583,15
overall,MIXED,16.17,ALL,4633,リフトメーカー,161,81,80,0.5031055900621118,161,0.03194444444444444,5040,2.2732919254658386,15
overall,MIXED,16.14,UTILITY,3158,アイオニア ブーツ,161,80,81,0.4968944099378882,161,0.23132183908045978,696,2.5962732919254656,15
overall,MIXED,16.12,ALL,2031,詰め替えポーション,161,80,81,0.4968944099378882,161,0.18089887640449437,890,1.2670807453416149,15
overall,MIXED,15.19,ALL,3020,ソーサラー シューズ,161,74,87,0.45962732919254656,161,0.14,1150,2.701863354037267,15
overall,MIXED,16.14,ALL,3067,キンドルジェム,160,75,85,0.46875,160,0.04597701149425287,3480,3.55,15
overall,MIXED,16.11,ALL,2031,詰め替えポーション,160,73,87,0.45625,160,0.13559322033898305,1180,1.375,15
overall,MIXED,15.24,ALL,6653,ライアンドリーの仮面,159,87,72,0.5471698113207547,159,0.09298245614035087,1710,2.3207547169811322,15
overall,MIXED,16.10,MIDDLE,3340,ステルス ワード,159,81,78,0.5094339622641509,159,0.7162162162162162,222,6.0,15
overall,MIXED,16.16,UTILITY,3158,アイオニア ブーツ,159,76,83,0.4779874213836478,159,0.23873873873873874,666,2.540880503144654,15
overall,MIXED,15.24,ALL,3009,スイフトネス ブーツ,159,75,84,0.4716981132075472,159,0.09298245614035087,1710,2.5283018867924527,15
overall,MIXED,15.10,ALL,2055,コントロール ワード,159,73,86,0.4591194968553459,159,0.23043478260869565,690,2.40251572327044,15
overall,MIXED,16.15,MIDDLE,2031,詰め替えポーション,159,72,87,0.4528301886792453,159,0.19249394673123488,826,1.4591194968553458,15
overall,MIXED,16.15,ALL,1038,B. F. ソード,158,87,71,0.5506329113924051,158,0.038256658595641646,4130,3.0759493670886076,15
overall,MIXED,16.18,ALL,6672,クラーケン スレイヤー,158,81,77,0.5126582278481012,158,0.09404761904761905,1680,1.5253164556962024,15
overall,MIXED,16.14,ALL,6610,サンダード スカイ,158,80,78,0.5063291139240507,158,0.045402298850574715,3480,1.879746835443038,15
overall,MIXED,16.13,ALL,1028,ルビー クリスタル,158,73,85,0.4620253164556962,158,0.04802431610942249,3290,3.721518987341772,15
overall,MIXED,15.13,ALL,3047,プレート スチールキャップ,158,68,90,0.43037974683544306,158,0.16458333333333333,960,2.7468354430379747,15
overall,MIXED,16.14,MIDDLE,2031,詰め替えポーション,158,67,91,0.4240506329113924,158,0.22701149425287356,696,1.2848101265822784,15
overall,MIXED,16.15,UTILITY,3158,アイオニア ブーツ,157,82,75,0.5222929936305732,157,0.1900726392251816,826,2.3121019108280256,15
overall,MIXED,16.13,ALL,3078,トリニティ フォース,157,79,78,0.5031847133757962,157,0.04772036474164134,3290,1.5541401273885351,15
overall,MIXED,14.19,ALL,3364,オラクル レンズ,157,77,80,0.49044585987261147,157,0.3738095238095238,420,6.0,15
overall,MIXED,16.15,ALL,3876,至点のソリ,156,88,68,0.5641025641025641,156,0.03777239709443099,4130,0.27564102564102566,15
overall,MIXED,16.15,UTILITY,3876,至点のソリ,156,88,68,0.5641025641025641,156,0.18886198547215496,826,0.27564102564102566,15
overall,MIXED,16.15,UTILITY,3047,プレート スチールキャップ,156,83,73,0.532051282051282,156,0.18886198547215496,826,2.3653846153846154,15
overall,MIXED,16.12,UTILITY,3364,オラクル レンズ,156,82,74,0.5256410256410257,156,0.8764044943820225,178,6.0,15
overall,MIXED,16.7,ALL,3047,プレート スチールキャップ,156,80,76,0.5128205128205128,156,0.2025974025974026,770,2.121794871794872,15
overall,MIXED,16.13,ALL,3869,セレスティアル オポジション,156,75,81,0.4807692307692308,156,0.04741641337386018,3290,0.358974358974359,15
overall,MIXED,16.13,UTILITY,3869,セレスティアル オポジション,156,75,81,0.4807692307692308,156,0.2374429223744292,657,0.358974358974359,15
overall,MIXED,16.12,ALL,3047,プレート スチールキャップ,156,72,84,0.46153846153846156,156,0.1752808988764045,890,2.3525641025641026,15
overall,MIXED,16.14,ALL,6333,デス ダンス,155,94,61,0.6064516129032258,155,0.04454022988505747,3480,2.6516129032258067,15
overall,MIXED,16.12,TOP,3340,ステルス ワード,155,78,77,0.5032258064516129,155,0.8707865168539326,178,6.0,15
overall,MIXED,16.14,ALL,6672,クラーケン スレイヤー,155,77,78,0.4967741935483871,155,0.04454022988505747,3480,1.664516129032258,15
overall,MIXED,16.18,ALL,4645,シャドウフレイム,154,82,72,0.5324675324675324,154,0.09166666666666666,1680,2.5194805194805197,15
overall,MIXED,15.13,ALL,3020,ソーサラー シューズ,154,69,85,0.44805194805194803,154,0.16041666666666668,960,2.6363636363636362,15
overall,MIXED,16.13,ALL,1029,クロース アーマー,154,65,89,0.42207792207792205,154,0.04680851063829787,3290,3.9935064935064934,15
overall,MIXED,16.17,ALL,3026,ガーディアン エンジェル,153,99,54,0.6470588235294118,153,0.030357142857142857,5040,2.823529411764706,15
overall,MIXED,16.17,ALL,3065,スピリット ビサージュ,153,91,62,0.5947712418300654,153,0.030357142857142857,5040,2.888888888888889,15
overall,MIXED,16.11,ALL,3363,ファーサイト オルタレーション,153,87,66,0.5686274509803921,153,0.12966101694915255,1180,6.0,15
overall,MIXED,16.15,ALL,3118,マリグナンス,153,81,72,0.5294117647058824,153,0.03704600484261501,4130,2.281045751633987,15
overall,MIXED,15.24,ALL,3031,インフィニティ エッジ,152,89,63,0.5855263157894737,152,0.08888888888888889,1710,2.2828947368421053,15
overall,MIXED,16.5,ALL,3047,プレート スチールキャップ,152,83,69,0.5460526315789473,152,0.18765432098765433,810,2.4210526315789473,15
overall,MIXED,16.13,ALL,3089,ラバドン デスキャップ,152,83,69,0.5460526315789473,152,0.046200607902735565,3290,2.5921052631578947,15
overall,MIXED,16.16,JUNGLE,2055,コントロール ワード,152,79,73,0.5197368421052632,152,0.22822822822822822,666,2.0592105263157894,15
overall,MIXED,15.24,BOTTOM,3340,ステルス ワード,152,76,76,0.5,152,0.44574780058651026,341,6.0,15
overall,MIXED,16.16,ALL,6333,デス ダンス,152,76,76,0.5,152,0.04564564564564565,3330,2.6447368421052633,15
overall,MIXED,16.17,BOTTOM,1055,ドラン ブレード,152,75,77,0.4934210526315789,152,0.15079365079365079,1008,0.6381578947368421,15
overall,MIXED,16.15,UTILITY,3020,ソーサラー シューズ,152,73,79,0.48026315789473684,152,0.18401937046004843,826,2.361842105263158,15
overall,MIXED,15.24,ALL,6676,コレクター,152,72,80,0.47368421052631576,152,0.08888888888888889,1710,1.8486842105263157,15
overall,MIXED,16.15,UTILITY,3009,スイフトネス ブーツ,151,81,70,0.5364238410596026,151,0.18280871670702178,826,2.6821192052980134,15
overall,MIXED,16.6,ALL,3047,プレート スチールキャップ,151,77,74,0.5099337748344371,151,0.1986842105263158,760,2.1456953642384105,15
overall,MIXED,16.15,ALL,3006,バーサーカー ブーツ,151,69,82,0.45695364238410596,151,0.03656174334140436,4130,2.1324503311258276,15
overall,MIXED,16.16,ALL,3089,ラバドン デスキャップ,150,80,70,0.5333333333333333,150,0.04504504504504504,3330,2.486666666666667,15
overall,MIXED,16.14,BOTTOM,2031,詰め替えポーション,150,73,77,0.4866666666666667,150,0.21551724137931033,696,1.1666666666666667,15
overall,MIXED,16.17,ALL,6631,ストライドブレイカー,149,84,65,0.5637583892617449,149,0.029563492063492063,5040,1.080536912751678,15
overall,MIXED,16.14,BOTTOM,1055,ドラン ブレード,149,83,66,0.5570469798657718,149,0.21408045977011494,696,0.4899328859060403,15
overall,MIXED,16.17,ALL,4646,ストームサージ,149,82,67,0.5503355704697986,149,0.029563492063492063,5040,2.4295302013422817,15
overall,MIXED,16.13,ALL,2523,ヘクスオプティックC44,149,74,75,0.4966442953020134,149,0.045288753799392095,3290,1.9597315436241611,15
overall,MIXED,15.19,MIDDLE,3340,ステルス ワード,149,72,77,0.48322147651006714,149,0.6478260869565218,230,6.0,15
overall,MIXED,16.7,UTILITY,3364,オラクル レンズ,148,74,74,0.5,148,0.961038961038961,154,6.0,15
overall,MIXED,15.22,ALL,2055,コントロール ワード,148,72,76,0.4864864864864865,148,0.22424242424242424,660,2.385135135135135,15
overall,MIXED,16.3,TOP,3340,ステルス ワード,148,72,76,0.4864864864864865,148,0.8409090909090909,176,6.0,15
overall,MIXED,16.14,ALL,3118,マリグナンス,148,72,76,0.4864864864864865,148,0.04252873563218391,3480,2.418918918918919,15
overall,MIXED,16.14,ALL,1029,クロース アーマー,148,64,84,0.43243243243243246,148,0.04252873563218391,3480,3.777027027027027,15
overall,MIXED,16.16,ALL,2523,ヘクスオプティックC44,147,80,67,0.54421768707483,147,0.044144144144144144,3330,1.6734693877551021,15
overall,MIXED,16.18,ALL,3111,マーキュリー ブーツ,147,77,70,0.5238095238095238,147,0.0875,1680,2.258503401360544,15
overall,MIXED,16.9,ALL,3047,プレート スチールキャップ,147,67,80,0.4557823129251701,147,0.1860759493670886,790,2.108843537414966,15
overall,MIXED,16.18,ALL,2055,コントロール ワード,147,63,84,0.42857142857142855,147,0.0875,1680,2.197278911564626,15
overall,MIXED,16.16,ALL,3036,ドミニク リガード,146,87,59,0.5958904109589042,146,0.04384384384384384,3330,2.664383561643836,15
overall,MIXED,16.14,ALL,3036,ドミニク リガード,146,83,63,0.5684931506849316,146,0.04195402298850575,3480,2.732876712328767,15
overall,MIXED,16.17,TOP,3111,マーキュリー ブーツ,146,74,72,0.5068493150684932,146,0.14484126984126985,1008,2.595890410958904,15
overall,MIXED,16.13,BOTTOM,2523,ヘクスオプティックC44,146,73,73,0.5,146,0.22188449848024316,658,1.917808219178082,15
overall,MIXED,16.10,ALL,1055,ドラン ブレード,146,72,74,0.4931506849315068,146,0.13153153153153152,1110,0.684931506849315,15
overall,MIXED,16.11,JUNGLE,3364,オラクル レンズ,146,71,75,0.4863013698630137,146,0.6186440677966102,236,6.0,15
overall,MIXED,16.16,UTILITY,3047,プレート スチールキャップ,146,66,80,0.4520547945205479,146,0.21921921921921922,666,2.493150684931507,15
overall,MIXED,15.13,ALL,1055,ドラン ブレード,145,71,74,0.4896551724137931,145,0.15104166666666666,960,0.5793103448275863,15
overall,MIXED,16.1,ALL,3047,プレート スチールキャップ,145,71,74,0.4896551724137931,145,0.18831168831168832,770,2.4413793103448276,15
overall,MIXED,16.17,ALL,6610,サンダード スカイ,145,70,75,0.4827586206896552,145,0.028769841269841268,5040,1.7724137931034483,15
overall,MIXED,15.21,ALL,2055,コントロール ワード,145,63,82,0.43448275862068964,145,0.2457627118644068,590,2.2896551724137932,15
overall,MIXED,16.16,BOTTOM,2523,ヘクスオプティックC44,144,80,64,0.5555555555555556,144,0.21621621621621623,666,1.6388888888888888,15
overall,MIXED,16.14,ALL,3078,トリニティ フォース,144,75,69,0.5208333333333334,144,0.041379310344827586,3480,1.6111111111111112,15
overall,MIXED,16.3,ALL,3363,ファーサイト オルタレーション,144,74,70,0.5138888888888888,144,0.16363636363636364,880,6.0,15
overall,MIXED,15.17,UTILITY,3364,オラクル レンズ,144,70,74,0.4861111111111111,144,0.8944099378881988,161,6.0,15
overall,MIXED,16.5,UTILITY,3364,オラクル レンズ,144,70,74,0.4861111111111111,144,0.8888888888888888,162,6.0,15
overall,MIXED,15.13,ALL,3363,ファーサイト オルタレーション,144,70,74,0.4861111111111111,144,0.15,960,6.0,15
overall,MIXED,16.1,UTILITY,3364,オラクル レンズ,143,71,72,0.4965034965034965,143,0.934640522875817,153,6.0,15
overall,MIXED,16.15,ALL,2019,スチール シジル,143,68,75,0.4755244755244755,143,0.03462469733656175,4130,3.5734265734265733,15
overall,MIXED,16.16,ALL,3067,キンドルジェム,142,80,62,0.5633802816901409,142,0.04264264264264264,3330,3.73943661971831,15
overall,MIXED,16.13,BOTTOM,1055,ドラン ブレード,142,72,70,0.5070422535211268,142,0.21580547112462006,658,0.5633802816901409,15
overall,MIXED,16.6,UTILITY,3364,オラクル レンズ,142,71,71,0.5,142,0.9403973509933775,151,6.0,15
overall,MIXED,16.10,ALL,3363,ファーサイト オルタレーション,142,69,73,0.4859154929577465,142,0.12792792792792793,1110,6.0,15
overall,MIXED,16.18,ALL,3158,アイオニア ブーツ,142,65,77,0.45774647887323944,142,0.08452380952380953,1680,2.3380281690140845,15
overall,MIXED,15.24,ALL,3111,マーキュリー ブーツ,142,60,82,0.4225352112676056,142,0.08304093567251462,1710,2.5492957746478875,15
overall,MIXED,16.15,ALL,4633,リフトメーカー,141,81,60,0.574468085106383,141,0.03414043583535109,4130,2.198581560283688,15
overall,MIXED,16.9,UTILITY,3364,オラクル レンズ,141,74,67,0.524822695035461,141,0.8924050632911392,158,6.0,15
overall,MIXED,16.15,ALL,6699,ボルテイク サイクロソード,141,71,70,0.5035460992907801,141,0.03414043583535109,4130,1.5177304964539007,15
overall,MIXED,16.17,ALL,3133,コールフィールド ウォーハンマー,141,70,71,0.49645390070921985,141,0.027976190476190477,5040,3.517730496453901,15
overall,MIXED,14.21,ALL,3340,ステルス ワード,141,70,71,0.49645390070921985,141,0.5035714285714286,280,6.0,15
overall,MIXED,16.17,ALL,3172,ガンメタル ブーツ,141,69,72,0.48936170212765956,141,0.027976190476190477,5040,2.3191489361702127,15
overall,MIXED,16.17,MIDDLE,3172,ガンメタル ブーツ,141,69,72,0.48936170212765956,141,0.13988095238095238,1008,2.3191489361702127,15
overall,MIXED,16.15,MIDDLE,6655,ルーデン エコー,141,67,74,0.475177304964539,141,0.17070217917675545,826,2.1134751773049647,15
overall,MIXED,16.7,ALL,1055,ドラン ブレード,141,60,81,0.425531914893617,141,0.18311688311688312,770,1.0354609929078014,15
overall,MIXED,15.14,ALL,3364,オラクル レンズ,140,76,64,0.5428571428571428,140,0.30434782608695654,460,6.0,15
overall,MIXED,16.11,ALL,1056,ドラン リング,140,71,69,0.5071428571428571,140,0.11864406779661017,1180,0.6928571428571428,15
overall,MIXED,16.15,UTILITY,2031,詰め替えポーション,140,58,82,0.4142857142857143,140,0.1694915254237288,826,1.4357142857142857,15
overall,MIXED,16.14,BOTTOM,6676,コレクター,139,79,60,0.5683453237410072,139,0.1997126436781609,696,1.9136690647482015,15
overall,MIXED,16.16,ALL,1054,ドラン シールド,139,77,62,0.5539568345323741,139,0.04174174174174174,3330,0.762589928057554,15
overall,MIXED,16.3,ALL,1055,ドラン ブレード,139,74,65,0.5323741007194245,139,0.15795454545454546,880,0.4748201438848921,15
overall,MIXED,16.13,TOP,3009,スイフトネス ブーツ,139,72,67,0.5179856115107914,139,0.21124620060790272,658,2.5611510791366907,15
overall,MIXED,16.15,MIDDLE,3157,ゾーニャの砂時計,138,72,66,0.5217391304347826,138,0.16707021791767554,826,1.1956521739130435,15
overall,MIXED,16.14,ALL,2523,ヘクスオプティックC44,138,72,66,0.5217391304347826,138,0.039655172413793106,3480,1.8695652173913044,15
overall,MIXED,16.14,JUNGLE,3111,マーキュリー ブーツ,138,69,69,0.5,138,0.19827586206896552,696,2.1159420289855073,15
overall,MIXED,16.17,UTILITY,3020,ソーサラー シューズ,138,68,70,0.4927536231884058,138,0.13690476190476192,1008,2.4420289855072466,15
overall,MIXED,16.17,ALL,2510,黄昏と暁,138,67,71,0.4855072463768116,138,0.02738095238095238,5040,1.9202898550724639,15
overall,MIXED,16.5,ALL,1055,ドラン ブレード,138,62,76,0.4492753623188406,138,0.17037037037037037,810,0.8478260869565217,15
overall,MIXED,15.19,ALL,6653,ライアンドリーの仮面,137,81,56,0.5912408759124088,137,0.1191304347826087,1150,2.2116788321167884,15
overall,MIXED,16.16,BOTTOM,6676,コレクター,137,72,65,0.5255474452554745,137,0.2057057057057057,666,2.1094890510948905,15
overall,MIXED,16.7,ALL,2031,詰め替えポーション,137,69,68,0.5036496350364964,137,0.17792207792207793,770,1.3357664233576643,15
overall,MIXED,16.17,TOP,1054,ドラン シールド,137,68,69,0.49635036496350365,137,0.1359126984126984,1008,0.5401459854014599,15
overall,MIXED,16.13,BOTTOM,6676,コレクター,137,63,74,0.45985401459854014,137,0.20820668693009117,658,1.7737226277372262,15
overall,MIXED,16.15,ALL,3145,ヘクステック オルタネーター,137,57,80,0.41605839416058393,137,0.033171912832929785,4130,3.240875912408759,15
overall,MIXED,16.17,JUNGLE,6333,デス ダンス,136,80,56,0.5882352941176471,136,0.1349206349206349,1008,2.735294117647059,15
overall,MIXED,16.7,TOP,3340,ステルス ワード,136,69,67,0.5073529411764706,136,0.8831168831168831,154,6.0,15
overall,MIXED,16.5,TOP,3340,ステルス ワード,136,65,71,0.47794117647058826,136,0.8395061728395061,162,6.0,15
overall,MIXED,16.15,TOP,2031,詰め替えポーション,136,63,73,0.4632352941176471,136,0.16464891041162227,826,1.3235294117647058,15
overall,MIXED,16.10,ALL,1056,ドラン リング,135,74,61,0.5481481481481482,135,0.12162162162162163,1110,0.7851851851851852,15
overall,MIXED,16.8,ALL,3047,プレート スチールキャップ,135,72,63,0.5333333333333333,135,0.19285714285714287,700,2.2,15
overall,MIXED,16.18,BOTTOM,1086,ドラン ボウ,135,66,69,0.4888888888888889,135,0.4017857142857143,336,0.5407407407407407,15
overall,MIXED,16.17,ALL,1031,チェイン ベスト,135,65,70,0.48148148148148145,135,0.026785714285714284,5040,3.6444444444444444,15
overall,MIXED,16.15,TOP,3111,マーキュリー ブーツ,135,65,70,0.48148148148148145,135,0.16343825665859565,826,2.6666666666666665,15
overall,MIXED,16.14,ALL,3075,ソーンメイル,135,64,71,0.4740740740740741,135,0.03879310344827586,3480,2.8222222222222224,15
overall,MIXED,16.15,ALL,1001,ブーツ,135,48,87,0.35555555555555557,135,0.03268765133171913,4130,2.7111111111111112,15
overall,MIXED,16.17,TOP,3071,ブラック クリーバー,134,78,56,0.582089552238806,134,0.13293650793650794,1008,2.4328358208955225,15
overall,MIXED,16.18,TOP,3047,プレート スチールキャップ,134,71,63,0.5298507462686567,134,0.39880952380952384,336,2.5,15
overall,MIXED,15.17,TOP,3340,ステルス ワード,134,70,64,0.5223880597014925,134,0.8271604938271605,162,6.0,15
overall,MIXED,16.9,TOP,3340,ステルス ワード,134,67,67,0.5,134,0.8481012658227848,158,6.0,15
overall,MIXED,15.10,UTILITY,3364,オラクル レンズ,134,66,68,0.4925373134328358,134,0.9710144927536232,138,6.0,15
overall,MIXED,16.17,BOTTOM,1037,ピッケル,134,65,69,0.48507462686567165,134,0.13293650793650794,1008,3.328358208955224,15
overall,MIXED,16.15,ALL,6673,イモータル シールドボウ,134,64,70,0.47761194029850745,134,0.0324455205811138,4130,2.4029850746268657,15
overall,MIXED,16.10,JUNGLE,3364,オラクル レンズ,134,60,74,0.44776119402985076,134,0.6036036036036037,222,6.0,15
overall,MIXED,15.24,MIDDLE,3020,ソーサラー シューズ,134,57,77,0.4253731343283582,134,0.391812865497076,342,2.6865671641791047,15
overall,MIXED,16.14,ALL,3869,セレスティアル オポジション,133,76,57,0.5714285714285714,133,0.0382183908045977,3480,0.42105263157894735,15
overall,MIXED,16.14,UTILITY,3869,セレスティアル オポジション,133,76,57,0.5714285714285714,133,0.1910919540229885,696,0.42105263157894735,15
overall,MIXED,16.14,ALL,2003,体力ポーション,133,71,62,0.5338345864661654,133,0.0382183908045977,3480,1.0526315789473684,15
overall,MIXED,16.14,BOTTOM,2523,ヘクスオプティックC44,133,68,65,0.5112781954887218,133,0.1910919540229885,696,1.8270676691729324,15
overall,MIXED,16.1,TOP,3340,ステルス ワード,133,65,68,0.48872180451127817,133,0.8636363636363636,154,6.0,15
overall,MIXED,16.18,MIDDLE,1056,ドラン リング,133,60,73,0.45112781954887216,133,0.3958333333333333,336,1.0751879699248121,15
overall,MIXED,16.13,ALL,3152,ヘクステック ロケットベルト,133,58,75,0.43609022556390975,133,0.04042553191489362,3290,1.0451127819548873,15
overall,MIXED,16.17,ALL,3046,ファントム ダンサー,132,82,50,0.6212121212121212,132,0.02619047619047619,5040,2.3863636363636362,15
overall,MIXED,14.22,ALL,3340,ステルス ワード,132,73,59,0.553030303030303,132,0.45517241379310347,290,6.0,15
overall,MIXED,14.24,ALL,3340,ステルス ワード,132,66,66,0.5,132,0.528,250,6.0,15
overall,MIXED,16.16,ALL,2019,スチール シジル,132,62,70,0.4696969696969697,132,0.03963963963963964,3330,3.659090909090909,15
overall,MIXED,15.19,BOTTOM,3363,ファーサイト オルタレーション,132,61,71,0.4621212121212121,132,0.5739130434782609,230,6.0,15
overall,MIXED,15.24,ALL,3158,アイオニア ブーツ,132,58,74,0.4393939393939394,132,0.07719298245614035,1710,2.8484848484848486,15
overall,MIXED,16.17,ALL,1082,ダーク シール,131,72,59,0.549618320610687,131,0.025992063492063493,5040,2.900763358778626,15
overall,MIXED,16.14,UTILITY,3047,プレート スチールキャップ,131,67,64,0.5114503816793893,131,0.1882183908045977,696,2.6259541984732824,15
overall,MIXED,16.8,UTILITY,3364,オラクル レンズ,131,66,65,0.5038167938931297,131,0.9357142857142857,140,6.0,15
overall,MIXED,16.10,ALL,2055,コントロール ワード,131,66,65,0.5038167938931297,131,0.11801801801801802,1110,2.122137404580153,15
overall,MIXED,16.13,ALL,1018,アジリティ クローク,131,64,67,0.48854961832061067,131,0.03981762917933131,3290,3.572519083969466,15
overall,MIXED,16.3,ALL,2031,詰め替えポーション,131,60,71,0.4580152671755725,131,0.14886363636363636,880,1.251908396946565,15
overall,MIXED,15.23,ALL,2055,コントロール ワード,131,57,74,0.4351145038167939,131,0.22586206896551725,580,2.366412213740458,15
overall,MIXED,16.14,UTILITY,3020,ソーサラー シューズ,130,76,54,0.5846153846153846,130,0.1867816091954023,696,2.546153846153846,15
overall,MIXED,16.15,ALL,3084,心の鋼,130,75,55,0.5769230769230769,130,0.031476997578692496,4130,1.5923076923076922,15
overall,MIXED,16.16,ALL,6699,ボルテイク サイクロソード,130,71,59,0.5461538461538461,130,0.03903903903903904,3330,2.076923076923077,15
overall,MIXED,16.17,ALL,3076,ブランブル ベスト,130,69,61,0.5307692307692308,130,0.025793650793650792,5040,3.3230769230769233,15
overall,MIXED,16.15,ALL,2523,ヘクスオプティックC44,130,69,61,0.5307692307692308,130,0.031476997578692496,4130,1.9538461538461538,15
overall,MIXED,16.16,ALL,4633,リフトメーカー,130,68,62,0.5230769230769231,130,0.03903903903903904,3330,2.276923076923077,15
overall,MIXED,16.15,TOP,1055,ドラン ブレード,130,63,67,0.4846153846153846,130,0.15738498789346247,826,0.8461538461538461,15
overall,MIXED,16.17,JUNGLE,1036,ロング ソード,130,62,68,0.47692307692307695,130,0.12896825396825398,1008,3.6769230769230767,15
overall,MIXED,16.18,ALL,1036,ロング ソード,130,60,70,0.46153846153846156,130,0.07738095238095238,1680,4.030769230769231,15
overall,MIXED,16.17,MIDDLE,3363,ファーサイト オルタレーション,130,59,71,0.45384615384615384,130,0.12896825396825398,1008,6.0,15
overall,MIXED,16.13,BOTTOM,2031,詰め替えポーション,130,56,74,0.4307692307692308,130,0.19756838905775076,658,1.376923076923077,15
overall,MIXED,16.15,TOP,1054,ドラン シールド,130,55,75,0.4230769230769231,130,0.15738498789346247,826,0.8307692307692308,15
overall,MIXED,16.13,ALL,3067,キンドルジェム,130,52,78,0.4,130,0.03951367781155015,3290,3.5692307692307694,15
overall,MIXED,16.14,ALL,1018,アジリティ クローク,129,65,64,0.5038759689922481,129,0.03706896551724138,3480,3.627906976744186,15
overall,MIXED,15.13,JUNGLE,3364,オラクル レンズ,129,65,64,0.5038759689922481,129,0.671875,192,6.0,15
overall,MIXED,15.19,UTILITY,2055,コントロール ワード,129,65,64,0.5038759689922481,129,0.5608695652173913,230,2.356589147286822,15
overall,MIXED,16.16,ALL,6610,サンダード スカイ,129,65,64,0.5038759689922481,129,0.03873873873873874,3330,1.6589147286821706,15
overall,MIXED,16.6,TOP,3340,ステルス ワード,129,64,65,0.49612403100775193,129,0.8486842105263158,152,6.0,15
overall,MIXED,16.17,BOTTOM,1018,アジリティ クローク,129,63,66,0.4883720930232558,129,0.12797619047619047,1008,3.5348837209302326,15
overall,MIXED,16.15,MIDDLE,3364,オラクル レンズ,129,63,66,0.4883720930232558,129,0.15617433414043583,826,6.0,15
overall,MIXED,16.1,ALL,1055,ドラン ブレード,129,63,66,0.4883720930232558,129,0.16753246753246753,770,0.6046511627906976,15
overall,MIXED,16.14,UTILITY,2031,詰め替えポーション,129,63,66,0.4883720930232558,129,0.1853448275862069,696,1.5116279069767442,15
overall,MIXED,16.15,MIDDLE,2503,黒炎のトーチ,129,62,67,0.4806201550387597,129,0.15617433414043583,826,2.255813953488372,15
overall,MIXED,16.15,ALL,3152,ヘクステック ロケットベルト,129,60,69,0.46511627906976744,129,0.03123486682808717,4130,1.1472868217054264,15
overall,MIXED,15.19,BOTTOM,1055,ドラン ブレード,129,57,72,0.4418604651162791,129,0.5608695652173913,230,0.7131782945736435,15
overall,MIXED,16.17,BOTTOM,1038,B. F. ソード,128,76,52,0.59375,128,0.12698412698412698,1008,3.2890625,15
overall,MIXED,16.17,MIDDLE,3364,オラクル レンズ,128,74,54,0.578125,128,0.12698412698412698,1008,6.0,15
overall,MIXED,16.17,ALL,3109,騎士の誓い,128,70,58,0.546875,128,0.025396825396825397,5040,2.4296875,15
overall,MIXED,16.17,UTILITY,3109,騎士の誓い,128,70,58,0.546875,128,0.12698412698412698,1008,2.4296875,15
overall,MIXED,15.24,ALL,4645,シャドウフレイム,128,67,61,0.5234375,128,0.07485380116959064,1710,2.6953125,15
overall,MIXED,16.15,BOTTOM,1056,ドラン リング,128,67,61,0.5234375,128,0.1549636803874092,826,0.7578125,15
overall,MIXED,16.15,MIDDLE,1058,ムダニ デカイ ロッド,128,67,61,0.5234375,128,0.1549636803874092,826,2.75,15
overall,MIXED,16.2,UTILITY,3364,オラクル レンズ,128,65,63,0.5078125,128,0.9014084507042254,142,6.0,15
overall,MIXED,16.14,MIDDLE,6655,ルーデン エコー,128,62,66,0.484375,128,0.1839080459770115,696,2.28125,15
overall,MIXED,16.18,ALL,6655,ルーデン エコー,128,62,66,0.484375,128,0.0761904761904762,1680,1.9296875,15
overall,MIXED,16.8,ALL,2031,詰め替えポーション,128,60,68,0.46875,128,0.18285714285714286,700,1.28125,15
overall,MIXED,16.15,BOTTOM,2523,ヘクスオプティックC44,127,68,59,0.5354330708661418,127,0.15375302663438256,826,1.905511811023622,15
overall,MIXED,16.17,JUNGLE,3078,トリニティ フォース,127,63,64,0.49606299212598426,127,0.1259920634920635,1008,1.4251968503937007,15
overall,MIXED,15.13,MIDDLE,3340,ステルス ワード,127,62,65,0.4881889763779528,127,0.6649214659685864,191,6.0,15
overall,MIXED,16.14,TOP,1055,ドラン ブレード,127,58,69,0.4566929133858268,127,0.1824712643678161,696,0.9921259842519685,15
overall,MIXED,16.13,ALL,1038,B. F. ソード,126,73,53,0.5793650793650794,126,0.03829787234042553,3290,3.3174603174603177,15
overall,MIXED,16.13,ALL,3075,ソーンメイル,126,73,53,0.5793650793650794,126,0.03829787234042553,3290,2.7063492063492065,15
overall,MIXED,16.16,UTILITY,3020,ソーサラー シューズ,126,69,57,0.5476190476190477,126,0.1891891891891892,666,2.4761904761904763,15
overall,MIXED,16.17,ALL,3870,ドリーム メーカー,126,69,57,0.5476190476190477,126,0.025,5040,0.2619047619047619,15
overall,MIXED,16.17,UTILITY,3870,ドリーム メーカー,126,69,57,0.5476190476190477,126,0.125,1008,0.2619047619047619,15
overall,MIXED,16.18,ALL,1055,ドラン ブレード,126,67,59,0.5317460317460317,126,0.075,1680,0.7936507936507936,15
overall,MIXED,16.8,TOP,3340,ステルス ワード,126,64,62,0.5079365079365079,126,0.9,140,6.0,15
overall,MIXED,16.17,BOTTOM,3124,グインソー レイジブレード,126,61,65,0.48412698412698413,126,0.125,1008,2.5555555555555554,15
overall,MIXED,16.15,ALL,6692,赤月の刃,126,60,66,0.47619047619047616,126,0.030508474576271188,4130,1.6746031746031746,15
overall,MIXED,15.17,ALL,3047,プレート スチールキャップ,126,51,75,0.40476190476190477,126,0.15555555555555556,810,2.4682539682539684,15
overall,MIXED,16.17,ALL,3032,ユン・タル ワイルドアロー,125,65,60,0.52,125,0.0248015873015873,5040,1.664,15
overall,MIXED,16.17,TOP,3006,バーサーカー ブーツ,125,64,61,0.512,125,0.12400793650793651,1008,2.048,15
overall,MIXED,16.13,MIDDLE,6655,ルーデン エコー,125,64,61,0.512,125,0.1899696048632219,658,2.192,15
overall,MIXED,16.10,BOTTOM,3340,ステルス ワード,125,63,62,0.504,125,0.5630630630630631,222,6.0,15
overall,MIXED,16.18,BOTTOM,3363,ファーサイト オルタレーション,125,62,63,0.496,125,0.37202380952380953,336,6.0,15
overall,MIXED,16.18,JUNGLE,3340,ステルス ワード,125,58,67,0.464,125,0.37202380952380953,336,6.0,15
overall,MIXED,16.17,JUNGLE,3071,ブラック クリーバー,124,68,56,0.5483870967741935,124,0.12301587301587301,1008,1.6612903225806452,15
overall,MIXED,15.22,UTILITY,3364,オラクル レンズ,124,65,59,0.5241935483870968,124,0.9393939393939394,132,6.0,15
overall,MIXED,16.13,ALL,6333,デス ダンス,124,63,61,0.5080645161290323,124,0.03768996960486322,3290,2.967741935483871,15
overall,MIXED,15.20,UTILITY,3364,オラクル レンズ,124,62,62,0.5,124,0.9393939393939394,132,6.0,15
overall,MIXED,16.13,UTILITY,3020,ソーサラー シューズ,124,62,62,0.5,124,0.1887366818873668,657,2.596774193548387,15
overall,MIXED,16.13,TOP,6653,ライアンドリーの仮面,124,62,62,0.5,124,0.1884498480243161,658,1.9274193548387097,15
overall,MIXED,16.14,ALL,6699,ボルテイク サイクロソード,124,61,63,0.49193548387096775,124,0.035632183908045977,3480,1.9112903225806452,15
overall,MIXED,16.7,MIDDLE,3340,ステルス ワード,124,60,64,0.4838709677419355,124,0.8051948051948052,154,6.0,15
overall,MIXED,16.11,BOTTOM,3340,ステルス ワード,124,54,70,0.43548387096774194,124,0.5254237288135594,236,6.0,15
overall,MIXED,15.19,ALL,2031,詰め替えポーション,124,43,81,0.3467741935483871,124,0.10782608695652174,1150,1.2096774193548387,15
overall,MIXED,16.16,ALL,3026,ガーディアン エンジェル,123,77,46,0.6260162601626016,123,0.036936936936936934,3330,3.3089430894308944,15
overall,MIXED,16.8,ALL,1055,ドラン ブレード,123,69,54,0.5609756097560976,123,0.1757142857142857,700,0.6422764227642277,15
overall,MIXED,16.15,ALL,1082,ダーク シール,123,65,58,0.5284552845528455,123,0.029782082324455207,4130,2.707317073170732,15
overall,MIXED,16.12,ALL,3363,ファーサイト オルタレーション,123,63,60,0.5121951219512195,123,0.13820224719101123,890,6.0,15
overall,MIXED,16.16,BOTTOM,2031,詰め替えポーション,123,56,67,0.45528455284552843,123,0.18468468468468469,666,1.2601626016260163,15
overall,MIXED,16.16,ALL,1038,B. F. ソード,122,71,51,0.5819672131147541,122,0.03663663663663664,3330,3.2459016393442623,15
overall,MIXED,16.17,ALL,2022,輝きのモート,122,67,55,0.5491803278688525,122,0.024206349206349207,5040,4.114754098360656,15
overall,MIXED,16.14,ALL,6697,ヒュブリス,122,66,56,0.5409836065573771,122,0.03505747126436782,3480,1.6557377049180328,15
overall,MIXED,16.13,ALL,1082,ダーク シール,122,59,63,0.48360655737704916,122,0.03708206686930091,3290,2.7540983606557377,15
overall,MIXED,15.24,BOTTOM,3006,バーサーカー ブーツ,122,59,63,0.48360655737704916,122,0.35777126099706746,341,2.5081967213114753,15
overall,MIXED,16.15,BOTTOM,6672,クラーケン スレイヤー,122,58,64,0.47540983606557374,122,0.14769975786924938,826,1.7377049180327868,15
overall,MIXED,16.13,ALL,4646,ストームサージ,122,58,64,0.47540983606557374,122,0.03708206686930091,3290,2.6147540983606556,15
overall,MIXED,16.11,ALL,1055,ドラン ブレード,122,55,67,0.45081967213114754,122,0.10338983050847457,1180,0.7295081967213115,15
overall,MIXED,16.16,TOP,2031,詰め替えポーション,122,51,71,0.4180327868852459,122,0.1831831831831832,666,1.3852459016393444,15
overall,MIXED,16.17,ALL,3053,ステラックの篭手,121,74,47,0.6115702479338843,121,0.02400793650793651,5040,2.2479338842975207,15
overall,MIXED,15.24,BOTTOM,3031,インフィニティ エッジ,121,70,51,0.5785123966942148,121,0.3548387096774194,341,2.1983471074380163,15
overall,MIXED,16.13,ALL,3036,ドミニク リガード,121,69,52,0.5702479338842975,121,0.036778115501519756,3290,2.8181818181818183,15
overall,MIXED,16.16,JUNGLE,3111,マーキュリー ブーツ,121,67,54,0.5537190082644629,121,0.1816816816816817,666,2.049586776859504,15
overall,MIXED,16.12,MIDDLE,3340,ステルス ワード,121,65,56,0.5371900826446281,121,0.6797752808988764,178,6.0,15
overall,MIXED,16.16,ALL,6692,赤月の刃,121,60,61,0.49586776859504134,121,0.03633633633633634,3330,1.9669421487603307,15
overall,MIXED,16.14,JUNGLE,2055,コントロール ワード,121,59,62,0.48760330578512395,121,0.17385057471264367,696,2.231404958677686,15
overall,MIXED,16.3,JUNGLE,3364,オラクル レンズ,121,56,65,0.4628099173553719,121,0.6875,176,6.0,15
overall,MIXED,16.14,ALL,2019,スチール シジル,121,56,65,0.4628099173553719,121,0.03477011494252873,3480,3.5785123966942147,15
overall,MIXED,16.17,UTILITY,1029,クロース アーマー,121,51,70,0.4214876033057851,121,0.12003968253968254,1008,3.884297520661157,15
overall,MIXED,16.13,ALL,3145,ヘクステック オルタネーター,121,51,70,0.4214876033057851,121,0.036778115501519756,3290,3.355371900826446,15
overall,MIXED,16.17,MIDDLE,3089,ラバドン デスキャップ,120,74,46,0.6166666666666667,120,0.11904761904761904,1008,2.3666666666666667,15
overall,MIXED,16.5,ALL,3363,ファーサイト オルタレーション,120,67,53,0.5583333333333333,120,0.14814814814814814,810,6.0,15
overall,MIXED,16.17,JUNGLE,3158,アイオニア ブーツ,120,64,56,0.5333333333333333,120,0.11904761904761904,1008,1.9583333333333333,15
overall,MIXED,15.24,ALL,6655,ルーデン エコー,120,63,57,0.525,120,0.07017543859649122,1710,2.1083333333333334,15
overall,MIXED,16.13,JUNGLE,2055,コントロール ワード,120,61,59,0.5083333333333333,120,0.182370820668693,658,2.3333333333333335,15
overall,MIXED,16.2,TOP,3340,ステルス ワード,120,60,60,0.5,120,0.8450704225352113,142,6.0,15
overall,MIXED,16.14,MIDDLE,3157,ゾーニャの砂時計,120,59,61,0.49166666666666664,120,0.1724137931034483,696,1.375,15
overall,MIXED,16.13,ALL,6699,ボルテイク サイクロソード,120,59,61,0.49166666666666664,120,0.0364741641337386,3290,1.7833333333333334,15
overall,MIXED,16.13,ALL,6610,サンダード スカイ,120,58,62,0.48333333333333334,120,0.0364741641337386,3290,1.8416666666666666,15
overall,MIXED,16.14,TOP,3111,マーキュリー ブーツ,120,58,62,0.48333333333333334,120,0.1724137931034483,696,2.558333333333333,15
overall,MIXED,16.13,UTILITY,3047,プレート スチールキャップ,120,55,65,0.4583333333333333,120,0.182648401826484,657,2.3833333333333333,15
overall,MIXED,16.16,ALL,1018,アジリティ クローク,120,53,67,0.44166666666666665,120,0.036036036036036036,3330,3.6083333333333334,15
overall,MIXED,16.18,BOTTOM,3031,インフィニティ エッジ,119,73,46,0.6134453781512605,119,0.3541666666666667,336,2.4453781512605044,15
overall,MIXED,16.18,ALL,6676,コレクター,119,68,51,0.5714285714285714,119,0.07083333333333333,1680,1.5630252100840336,15
overall,MIXED,16.15,ALL,3065,スピリット ビサージュ,119,66,53,0.5546218487394958,119,0.0288135593220339,4130,2.8151260504201683,15
overall,MIXED,15.19,ALL,3111,マーキュリー ブーツ,119,59,60,0.4957983193277311,119,0.10347826086956521,1150,2.546218487394958,15
overall,MIXED,15.8,ALL,2055,コントロール ワード,119,58,61,0.48739495798319327,119,0.18307692307692308,650,2.1512605042016806,15
overall,MIXED,16.14,ALL,1054,ドラン シールド,119,57,62,0.4789915966386555,119,0.034195402298850576,3480,0.8487394957983193,15
overall,MIXED,15.4,ALL,3340,ステルス ワード,119,56,63,0.47058823529411764,119,0.44074074074074077,270,6.0,15
overall,MIXED,16.17,ALL,1001,ブーツ,119,42,77,0.35294117647058826,119,0.02361111111111111,5040,2.831932773109244,15
overall,MIXED,16.17,TOP,3078,トリニティ フォース,118,65,53,0.5508474576271186,118,0.11706349206349206,1008,1.6271186440677967,15
overall,MIXED,16.13,JUNGLE,3111,マーキュリー ブーツ,118,64,54,0.5423728813559322,118,0.17933130699088146,658,1.9830508474576272,15
overall,MIXED,15.20,TOP,3340,ステルス ワード,118,63,55,0.5338983050847458,118,0.8939393939393939,132,6.0,15
overall,MIXED,16.13,TOP,3111,マーキュリー ブーツ,118,62,56,0.5254237288135594,118,0.17933130699088146,658,2.7203389830508473,15
overall,MIXED,15.13,ALL,3006,バーサーカー ブーツ,118,59,59,0.5,118,0.12291666666666666,960,2.440677966101695,15
overall,MIXED,16.13,ALL,3118,マリグナンス,118,58,60,0.4915254237288136,118,0.035866261398176294,3290,1.9406779661016949,15
overall,MIXED,16.17,JUNGLE,3020,ソーサラー シューズ,118,57,61,0.4830508474576271,118,0.11706349206349206,1008,2.4237288135593222,15
overall,MIXED,15.8,ALL,3047,プレート スチールキャップ,118,56,62,0.4745762711864407,118,0.18153846153846154,650,2.4152542372881354,15
overall,MIXED,16.16,ALL,3124,グインソー レイジブレード,118,55,63,0.4661016949152542,118,0.03543543543543543,3330,2.0847457627118646,15
overall,MIXED,16.16,MIDDLE,6655,ルーデン エコー,118,55,63,0.4661016949152542,118,0.17717717717717718,666,2.0084745762711864,15
overall,MIXED,16.15,ALL,3916,忘却のオーブ,118,53,65,0.4491525423728814,118,0.02857142857142857,4130,3.2457627118644066,15
overall,MIXED,15.19,ALL,1056,ドラン リング,118,51,67,0.4322033898305085,118,0.10260869565217391,1150,0.788135593220339,15
overall,MIXED,16.13,MIDDLE,2031,詰め替えポーション,118,51,67,0.4322033898305085,118,0.17933130699088146,658,1.347457627118644,15
overall,MIXED,16.16,MIDDLE,3157,ゾーニャの砂時計,117,64,53,0.5470085470085471,117,0.17567567567567569,666,1.2393162393162394,15
overall,MIXED,16.11,ALL,3031,インフィニティ エッジ,117,63,54,0.5384615384615384,117,0.09915254237288136,1180,2.3675213675213675,15
overall,MIXED,16.17,BOTTOM,1036,ロング ソード,117,63,54,0.5384615384615384,117,0.11607142857142858,1008,3.641025641025641,15
overall,MIXED,16.17,JUNGLE,6672,クラーケン スレイヤー,117,61,56,0.5213675213675214,117,0.11607142857142858,1008,1.4017094017094016,15
overall,MIXED,15.24,ALL,6672,クラーケン スレイヤー,117,60,57,0.5128205128205128,117,0.06842105263157895,1710,1.7264957264957266,15
overall,MIXED,14.22,ALL,3364,オラクル レンズ,117,56,61,0.47863247863247865,117,0.40344827586206894,290,6.0,15
overall,MIXED,16.16,BOTTOM,1055,ドラン ブレード,117,56,61,0.47863247863247865,117,0.17567567567567569,666,0.6239316239316239,15
overall,MIXED,16.18,ALL,6653,ライアンドリーの仮面,117,56,61,0.47863247863247865,117,0.06964285714285715,1680,2.2222222222222223,15
overall,MIXED,16.6,ALL,1055,ドラン ブレード,117,52,65,0.4444444444444444,117,0.15394736842105264,760,0.6410256410256411,15
overall,MIXED,16.17,TOP,1056,ドラン リング,117,52,65,0.4444444444444444,117,0.11607142857142858,1008,0.6581196581196581,15
overall,MIXED,16.17,ALL,1042,ダガー,117,40,77,0.3418803418803419,117,0.023214285714285715,5040,3.6666666666666665,15
overall,MIXED,16.14,TOP,1056,ドラン リング,116,65,51,0.5603448275862069,116,0.16666666666666666,696,0.603448275862069,15
overall,MIXED,16.13,MIDDLE,2503,黒炎のトーチ,116,65,51,0.5603448275862069,116,0.1762917933130699,658,2.0948275862068964,15
overall,MIXED,15.8,UTILITY,3364,オラクル レンズ,116,60,56,0.5172413793103449,116,0.8923076923076924,130,6.0,15
overall,MIXED,16.11,ALL,3175,連呪使いのブーツ,116,60,56,0.5172413793103449,116,0.09830508474576272,1180,2.706896551724138,15
overall,MIXED,16.11,MIDDLE,3175,連呪使いのブーツ,116,60,56,0.5172413793103449,116,0.4915254237288136,236,2.706896551724138,15
overall,MIXED,16.13,MIDDLE,3157,ゾーニャの砂時計,116,59,57,0.5086206896551724,116,0.1762917933130699,658,1.3103448275862069,15
overall,MIXED,15.18,UTILITY,3364,オラクル レンズ,116,56,60,0.4827586206896552,116,0.8923076923076924,130,6.0,15
overall,MIXED,16.5,JUNGLE,3364,オラクル レンズ,116,56,60,0.4827586206896552,116,0.7160493827160493,162,6.0,15
overall,MIXED,15.12,ALL,2055,コントロール ワード,116,55,61,0.47413793103448276,116,0.22745098039215686,510,2.4224137931034484,15
overall,MIXED,16.15,BOTTOM,6655,ルーデン エコー,116,55,61,0.47413793103448276,116,0.14043583535108958,826,2.0517241379310347,15
overall,MIXED,16.15,ALL,3133,コールフィールド ウォーハンマー,116,53,63,0.45689655172413796,116,0.028087167070217918,4130,3.3275862068965516,15
overall,MIXED,16.16,BOTTOM,6672,クラーケン スレイヤー,116,50,66,0.43103448275862066,116,0.17417417417417416,666,1.9051724137931034,15
overall,MIXED,16.16,ALL,3006,バーサーカー ブーツ,116,50,66,0.43103448275862066,116,0.034834834834834835,3330,2.1982758620689653,15
overall,MIXED,16.14,TOP,2031,詰め替えポーション,116,46,70,0.39655172413793105,116,0.16666666666666666,696,1.25,15
overall,MIXED,16.15,ALL,2003,体力ポーション,115,63,52,0.5478260869565217,115,0.02784503631961259,4130,1.1391304347826088,15
overall,MIXED,16.18,ALL,1058,ムダニ デカイ ロッド,115,61,54,0.5304347826086957,115,0.06845238095238096,1680,3.0956521739130434,15
overall,MIXED,16.13,UTILITY,2031,詰め替えポーション,115,59,56,0.5130434782608696,115,0.1750380517503805,657,1.5391304347826087,15
overall,MIXED,15.1,ALL,3340,ステルス ワード,115,57,58,0.4956521739130435,115,0.6052631578947368,190,6.0,15
overall,MIXED,16.16,ALL,6697,ヒュブリス,115,55,60,0.4782608695652174,115,0.03453453453453453,3330,1.7739130434782608,15
overall,MIXED,15.24,BOTTOM,6676,コレクター,115,54,61,0.46956521739130436,115,0.33724340175953077,341,1.991304347826087,15
overall,MIXED,16.16,TOP,3111,マーキュリー ブーツ,115,53,62,0.4608695652173913,115,0.17267267267267267,666,2.582608695652174,15
overall,MIXED,16.18,ALL,3078,トリニティ フォース,114,61,53,0.5350877192982456,114,0.06785714285714285,1680,1.6228070175438596,15
overall,MIXED,16.16,TOP,1054,ドラン シールド,114,61,53,0.5350877192982456,114,0.17117117117117117,666,0.7105263157894737,15
overall,MIXED,16.16,ALL,6631,ストライドブレイカー,114,56,58,0.49122807017543857,114,0.03423423423423423,3330,1.0701754385964912,15
overall,MIXED,16.16,ALL,3876,至点のソリ,114,56,58,0.49122807017543857,114,0.03423423423423423,3330,0.2719298245614035,15
overall,MIXED,16.16,UTILITY,3876,至点のソリ,114,56,58,0.49122807017543857,114,0.17117117117117117,666,0.2719298245614035,15
overall,MIXED,16.9,MIDDLE,3340,ステルス ワード,114,55,59,0.4824561403508772,114,0.7215189873417721,158,6.0,15
overall,MIXED,16.17,ALL,2021,トンネル掘り,114,55,59,0.4824561403508772,114,0.02261904761904762,5040,3.1578947368421053,15
overall,MIXED,16.1,ALL,3363,ファーサイト オルタレーション,114,52,62,0.45614035087719296,114,0.14805194805194805,770,6.0,15
overall,MIXED,16.15,ALL,2021,トンネル掘り,114,51,63,0.4473684210526316,114,0.027602905569007265,4130,3.4035087719298245,15
overall,MIXED,16.9,ALL,2031,詰め替えポーション,114,47,67,0.41228070175438597,114,0.14430379746835442,790,1.2456140350877194,15
overall,MIXED,16.17,TOP,6631,ストライドブレイカー,113,66,47,0.584070796460177,113,0.11210317460317461,1008,1.1061946902654867,15
overall,MIXED,16.17,ALL,3100,リッチ ベイン,113,63,50,0.5575221238938053,113,0.02242063492063492,5040,2.0353982300884956,15
overall,MIXED,16.5,ALL,2031,詰め替えポーション,113,63,50,0.5575221238938053,113,0.13950617283950617,810,1.168141592920354,15
overall,MIXED,15.10,TOP,3340,ステルス ワード,113,58,55,0.5132743362831859,113,0.8188405797101449,138,6.0,15
overall,MIXED,16.3,MIDDLE,3340,ステルス ワード,113,57,56,0.504424778761062,113,0.6420454545454546,176,6.0,15
overall,MIXED,16.13,ALL,6697,ヒュブリス,113,57,56,0.504424778761062,113,0.03434650455927052,3290,1.831858407079646,15
overall,MIXED,16.13,ALL,6631,ストライドブレイカー,113,56,57,0.49557522123893805,113,0.03434650455927052,3290,1.1327433628318584,15
overall,MIXED,15.24,ALL,3190,ソラリのロケット,113,53,60,0.4690265486725664,113,0.06608187134502924,1710,1.4778761061946903,15
overall,MIXED,15.24,UTILITY,3190,ソラリのロケット,113,53,60,0.4690265486725664,113,0.3304093567251462,342,1.4778761061946903,15
overall,MIXED,16.2,ALL,3047,プレート スチールキャップ,113,51,62,0.45132743362831856,113,0.1591549295774648,710,2.2123893805309733,15
overall,MIXED,15.19,BOTTOM,3006,バーサーカー ブーツ,113,49,64,0.4336283185840708,113,0.49130434782608695,230,2.52212389380531,15
overall,MIXED,16.14,ALL,1082,ダーク シール,112,66,46,0.5892857142857143,112,0.03218390804597701,3480,2.642857142857143,15
overall,MIXED,16.13,ALL,4633,リフトメーカー,112,64,48,0.5714285714285714,112,0.03404255319148936,3290,2.3482142857142856,15
overall,MIXED,15.20,ALL,3363,ファーサイト オルタレーション,112,63,49,0.5625,112,0.1696969696969697,660,6.0,15
overall,MIXED,15.24,ALL,3871,ザズ＝ザクのレルムスパイク,112,61,51,0.5446428571428571,112,0.06549707602339182,1710,0.17857142857142858,15
overall,MIXED,15.24,UTILITY,3871,ザズ＝ザクのレルムスパイク,112,61,51,0.5446428571428571,112,0.32748538011695905,342,0.17857142857142858,15
overall,MIXED,16.10,ALL,3031,インフィニティ エッジ,112,58,54,0.5178571428571429,112,0.1009009009009009,1110,2.419642857142857,15
overall,MIXED,16.15,ALL,3877,ブラッドソング,112,58,54,0.5178571428571429,112,0.02711864406779661,4130,0.38392857142857145,15
overall,MIXED,16.15,UTILITY,3877,ブラッドソング,112,58,54,0.5178571428571429,112,0.13559322033898305,826,0.38392857142857145,15
overall,MIXED,16.12,JUNGLE,3364,オラクル レンズ,112,57,55,0.5089285714285714,112,0.6292134831460674,178,6.0,15
overall,MIXED,16.16,ALL,3161,ショウジンの矛,112,57,55,0.5089285714285714,112,0.033633633633633635,3330,2.0892857142857144,15
overall,MIXED,16.14,ALL,3877,ブラッドソング,112,57,55,0.5089285714285714,112,0.03218390804597701,3480,0.26785714285714285,15
overall,MIXED,16.14,UTILITY,3877,ブラッドソング,112,57,55,0.5089285714285714,112,0.16091954022988506,696,0.26785714285714285,15
overall,MIXED,16.14,ALL,1038,B. F. ソード,111,68,43,0.6126126126126126,111,0.03189655172413793,3480,3.045045045045045,15
overall,MIXED,15.16,ALL,2055,コントロール ワード,111,63,48,0.5675675675675675,111,0.20555555555555555,540,2.5675675675675675,15
overall,MIXED,15.17,ALL,3363,ファーサイト オルタレーション,111,63,48,0.5675675675675675,111,0.13703703703703704,810,6.0,15
overall,MIXED,16.17,UTILITY,3111,マーキュリー ブーツ,111,61,50,0.5495495495495496,111,0.11011904761904762,1008,2.4504504504504503,15
overall,MIXED,16.14,ALL,4646,ストームサージ,111,60,51,0.5405405405405406,111,0.03189655172413793,3480,2.7117117117117115,15
overall,MIXED,16.14,ALL,3006,バーサーカー ブーツ,111,58,53,0.5225225225225225,111,0.03189655172413793,3480,2.3783783783783785,15
overall,MIXED,16.15,ALL,3046,ファントム ダンサー,111,53,58,0.4774774774774775,111,0.026876513317191285,4130,2.279279279279279,15
overall,MIXED,16.17,MIDDLE,1052,増魔の書,111,53,58,0.4774774774774775,111,0.11011904761904762,1008,3.675675675675676,15
overall,MIXED,16.2,ALL,3363,ファーサイト オルタレーション,111,52,59,0.46846846846846846,111,0.1563380281690141,710,6.0,15
overall,MIXED,15.9,ALL,2055,コントロール ワード,111,51,60,0.4594594594594595,111,0.25813953488372093,430,2.5855855855855854,15
overall,MIXED,16.13,TOP,3116,リーライ クリスタル セプター,111,50,61,0.45045045045045046,111,0.16869300911854104,658,1.7747747747747749,15
overall,MIXED,16.18,ALL,1052,増魔の書,111,50,61,0.45045045045045046,111,0.06607142857142857,1680,3.6036036036036037,15
overall,MIXED,15.17,ALL,1055,ドラン ブレード,111,47,64,0.42342342342342343,111,0.13703703703703704,810,0.5585585585585585,15
overall,MIXED,16.16,ALL,3046,ファントム ダンサー,110,65,45,0.5909090909090909,110,0.03303303303303303,3330,2.309090909090909,15
overall,MIXED,16.15,ALL,4646,ストームサージ,110,62,48,0.5636363636363636,110,0.026634382566585957,4130,2.5,15
overall,MIXED,15.24,ALL,3071,ブラック クリーバー,110,62,48,0.5636363636363636,110,0.06432748538011696,1710,1.9454545454545455,15
overall,MIXED,16.14,MIDDLE,1058,ムダニ デカイ ロッド,110,61,49,0.5545454545454546,110,0.15804597701149425,696,2.8545454545454545,15
overall,MIXED,16.17,ALL,2003,体力ポーション,110,61,49,0.5545454545454546,110,0.021825396825396824,5040,1.2727272727272727,15
overall,MIXED,16.14,ALL,3142,妖夢の霊剣,110,61,49,0.5545454545454546,110,0.031609195402298854,3480,1.1454545454545455,15
overall,MIXED,16.14,ALL,4633,リフトメーカー,110,60,50,0.5454545454545454,110,0.031609195402298854,3480,2.4363636363636365,15
overall,MIXED,15.4,ALL,3364,オラクル レンズ,110,58,52,0.5272727272727272,110,0.4074074074074074,270,6.0,15
overall,MIXED,16.15,ALL,2510,黄昏と暁,110,58,52,0.5272727272727272,110,0.026634382566585957,4130,1.8818181818181818,15
overall,MIXED,15.17,MIDDLE,3340,ステルス ワード,110,51,59,0.4636363636363636,110,0.6790123456790124,162,6.0,15
overall,MIXED,16.18,ALL,3009,スイフトネス ブーツ,110,49,61,0.44545454545454544,110,0.06547619047619048,1680,2.5090909090909093,15
overall,MIXED,16.6,ALL,2031,詰め替えポーション,110,49,61,0.44545454545454544,110,0.14473684210526316,760,1.3909090909090909,15
overall,MIXED,16.15,BOTTOM,3036,ドミニク リガード,109,63,46,0.5779816513761468,109,0.13196125907990314,826,2.6788990825688073,15
overall,MIXED,16.15,MIDDLE,3153,ルインドキング ブレード,109,62,47,0.5688073394495413,109,0.13196125907990314,826,2.128440366972477,15
overall,MIXED,16.13,TOP,1055,ドラン ブレード,109,59,50,0.5412844036697247,109,0.1656534954407295,658,0.7706422018348624,15
overall,MIXED,15.21,UTILITY,3364,オラクル レンズ,109,56,53,0.5137614678899083,109,0.923728813559322,118,6.0,15
overall,MIXED,16.13,ALL,3046,ファントム ダンサー,109,56,53,0.5137614678899083,109,0.0331306990881459,3290,2.2018348623853212,15
overall,MIXED,15.11,ALL,2055,コントロール ワード,109,55,54,0.5045871559633027,109,0.20566037735849058,530,2.706422018348624,15
overall,MIXED,15.8,TOP,3340,ステルス ワード,109,55,54,0.5045871559633027,109,0.8384615384615385,130,6.0,15
overall,MIXED,16.6,MIDDLE,3340,ステルス ワード,109,55,54,0.5045871559633027,109,0.7171052631578947,152,6.0,15
overall,MIXED,15.17,ALL,2031,詰め替えポーション,109,53,56,0.48623853211009177,109,0.1345679012345679,810,1.3944954128440368,15
overall,MIXED,15.3,ALL,2055,コントロール ワード,109,50,59,0.45871559633027525,109,0.2658536585365854,410,2.2110091743119265,15
overall,MIXED,16.13,ALL,1001,ブーツ,109,46,63,0.42201834862385323,109,0.0331306990881459,3290,2.761467889908257,15
overall,MIXED,16.17,ALL,1011,ジャイアント ベルト,108,66,42,0.6111111111111112,108,0.02142857142857143,5040,3.6666666666666665,15
overall,MIXED,16.13,ALL,2019,スチール シジル,108,64,44,0.5925925925925926,108,0.03282674772036474,3290,3.6018518518518516,15
overall,MIXED,16.11,ALL,4645,シャドウフレイム,108,57,51,0.5277777777777778,108,0.09152542372881356,1180,2.240740740740741,15
overall,MIXED,16.15,ALL,3076,ブランブル ベスト,108,57,51,0.5277777777777778,108,0.026150121065375304,4130,3.4537037037037037,15
overall,MIXED,16.15,TOP,6631,ストライドブレイカー,108,55,53,0.5092592592592593,108,0.13075060532687652,826,1.0833333333333333,15
overall,MIXED,16.17,TOP,6692,赤月の刃,108,55,53,0.5092592592592593,108,0.10714285714285714,1008,1.9814814814814814,15
overall,MIXED,15.19,ALL,6672,クラーケン スレイヤー,108,53,55,0.49074074074074076,108,0.09391304347826086,1150,1.8518518518518519,15
overall,MIXED,15.18,TOP,3340,ステルス ワード,108,53,55,0.49074074074074076,108,0.8307692307692308,130,6.0,15
overall,MIXED,16.16,ALL,3118,マリグナンス,108,53,55,0.49074074074074076,108,0.032432432432432434,3330,2.175925925925926,15
overall,MIXED,15.17,JUNGLE,3364,オラクル レンズ,108,52,56,0.48148148148148145,108,0.6666666666666666,162,6.0,15
overall,MIXED,16.16,MIDDLE,1058,ムダニ デカイ ロッド,108,52,56,0.48148148148148145,108,0.16216216216216217,666,3.138888888888889,15
overall,MIXED,16.15,BOTTOM,1018,アジリティ クローク,108,51,57,0.4722222222222222,108,0.13075060532687652,826,3.611111111111111,15
overall,MIXED,16.11,ALL,2055,コントロール ワード,108,51,57,0.4722222222222222,108,0.09152542372881356,1180,2.6666666666666665,15
overall,MIXED,15.18,ALL,3006,バーサーカー ブーツ,108,51,57,0.4722222222222222,108,0.16615384615384615,650,2.3981481481481484,15
overall,MIXED,15.24,MIDDLE,1056,ドラン リング,108,50,58,0.46296296296296297,108,0.3157894736842105,342,0.5833333333333334,15
overall,MIXED,16.13,ALL,3876,至点のソリ,108,49,59,0.4537037037037037,108,0.03282674772036474,3290,0.35185185185185186,15
overall,MIXED,16.13,UTILITY,3876,至点のソリ,108,49,59,0.4537037037037037,108,0.1643835616438356,657,0.35185185185185186,15
overall,MIXED,15.24,ALL,3153,ルインドキング ブレード,107,68,39,0.6355140186915887,107,0.06257309941520468,1710,1.97196261682243,15
overall,MIXED,16.17,BOTTOM,6697,ヒュブリス,107,64,43,0.5981308411214953,107,0.10615079365079365,1008,1.644859813084112,15
overall,MIXED,16.15,UTILITY,3067,キンドルジェム,107,61,46,0.5700934579439252,107,0.12953995157384987,826,3.7570093457943927,15
overall,MIXED,16.5,MIDDLE,3340,ステルス ワード,107,56,51,0.5233644859813084,107,0.6604938271604939,162,6.0,15
overall,MIXED,15.23,UTILITY,3364,オラクル レンズ,107,55,52,0.514018691588785,107,0.9224137931034483,116,6.0,15
overall,MIXED,16.13,ALL,1054,ドラン シールド,107,55,52,0.514018691588785,107,0.03252279635258359,3290,0.9532710280373832,15
overall,MIXED,16.14,ALL,3145,ヘクステック オルタネーター,107,53,54,0.4953271028037383,107,0.03074712643678161,3480,3.532710280373832,15
overall,MIXED,16.7,BOTTOM,1055,ドラン ブレード,107,50,57,0.4672897196261682,107,0.6948051948051948,154,1.02803738317757,15
overall,MIXED,14.19,ALL,2055,コントロール ワード,107,47,60,0.4392523364485981,107,0.25476190476190474,420,2.0841121495327104,15
overall,MIXED,15.24,JUNGLE,2055,コントロール ワード,107,45,62,0.4205607476635514,107,0.3128654970760234,342,1.8317757009345794,15
overall,MIXED,16.16,MIDDLE,3364,オラクル レンズ,106,64,42,0.6037735849056604,106,0.15915915915915915,666,6.0,15
overall,MIXED,16.16,UTILITY,3009,スイフトネス ブーツ,106,64,42,0.6037735849056604,106,0.15915915915915915,666,2.5,15
overall,MIXED,16.1,MIDDLE,3340,ステルス ワード,106,61,45,0.5754716981132075,106,0.6883116883116883,154,6.0,15
overall,MIXED,15.10,ALL,3363,ファーサイト オルタレーション,106,57,49,0.5377358490566038,106,0.1536231884057971,690,6.0,15
overall,MIXED,16.11,ALL,1086,ドラン ボウ,106,56,50,0.5283018867924528,106,0.08983050847457627,1180,1.0,15
overall,MIXED,15.8,ALL,1055,ドラン ブレード,106,55,51,0.5188679245283019,106,0.16307692307692306,650,0.660377358490566,15
overall,MIXED,16.14,UTILITY,3009,スイフトネス ブーツ,106,53,53,0.5,106,0.15229885057471265,696,2.4245283018867925,15
overall,MIXED,16.17,ALL,3050,ジーク コンバージェンス,106,52,54,0.49056603773584906,106,0.021031746031746033,5040,2.2830188679245285,15
overall,MIXED,16.8,MIDDLE,3340,ステルス ワード,106,51,55,0.4811320754716981,106,0.7571428571428571,140,6.0,15
overall,MIXED,14.19,ALL,3020,ソーサラー シューズ,106,51,55,0.4811320754716981,106,0.2523809523809524,420,2.7264150943396226,15
overall,MIXED,16.14,ALL,3876,至点のソリ,106,49,57,0.46226415094339623,106,0.03045977011494253,3480,0.22641509433962265,15
overall,MIXED,16.14,UTILITY,3876,至点のソリ,106,49,57,0.46226415094339623,106,0.15229885057471265,696,0.22641509433962265,15
overall,MIXED,16.15,ALL,3026,ガーディアン エンジェル,105,67,38,0.638095238095238,105,0.025423728813559324,4130,3.1809523809523808,15
overall,MIXED,16.18,ALL,3020,ソーサラー シューズ,105,63,42,0.6,105,0.0625,1680,2.552380952380952,15
overall,MIXED,16.11,BOTTOM,3363,ファーサイト オルタレーション,105,62,43,0.5904761904761905,105,0.4449152542372881,236,6.0,15
overall,MIXED,16.13,MIDDLE,1058,ムダニ デカイ ロッド,105,58,47,0.5523809523809524,105,0.1595744680851064,658,2.9238095238095236,15
overall,MIXED,16.14,MIDDLE,2503,黒炎のトーチ,105,57,48,0.5428571428571428,105,0.15086206896551724,696,2.323809523809524,15
overall,MIXED,16.13,JUNGLE,3020,ソーサラー シューズ,105,56,49,0.5333333333333333,105,0.1595744680851064,658,2.142857142857143,15
overall,MIXED,16.18,ALL,3190,ソラリのロケット,105,53,52,0.5047619047619047,105,0.0625,1680,1.438095238095238,15
overall,MIXED,16.18,UTILITY,3190,ソラリのロケット,105,53,52,0.5047619047619047,105,0.3125,336,1.438095238095238,15
overall,MIXED,15.20,ALL,1055,ドラン ブレード,105,52,53,0.49523809523809526,105,0.1590909090909091,660,0.8476190476190476,15
overall,MIXED,15.24,ALL,1052,増魔の書,105,50,55,0.47619047619047616,105,0.06140350877192982,1710,3.657142857142857,15
overall,MIXED,14.20,ALL,2055,コントロール ワード,105,48,57,0.45714285714285713,105,0.22826086956521738,460,2.276190476190476,15
overall,MIXED,15.13,BOTTOM,1055,ドラン ブレード,105,48,57,0.45714285714285713,105,0.546875,192,0.44761904761904764,15
overall,MIXED,15.17,ALL,3006,バーサーカー ブーツ,105,45,60,0.42857142857142855,105,0.12962962962962962,810,2.5047619047619047,15
overall,MIXED,15.19,ALL,3158,アイオニア ブーツ,105,40,65,0.38095238095238093,105,0.09130434782608696,1150,2.723809523809524,15
overall,MIXED,16.14,ALL,3026,ガーディアン エンジェル,104,66,38,0.6346153846153846,104,0.029885057471264367,3480,2.9615384615384617,15
overall,MIXED,15.2,ALL,2055,コントロール ワード,104,62,42,0.5961538461538461,104,0.22608695652173913,460,2.673076923076923,15
overall,MIXED,16.15,JUNGLE,3071,ブラック クリーバー,104,58,46,0.5576923076923077,104,0.12590799031476999,826,1.4230769230769231,15
overall,MIXED,15.24,ALL,1037,ピッケル,104,56,48,0.5384615384615384,104,0.0608187134502924,1710,3.423076923076923,15
overall,MIXED,16.17,ALL,2420,シーカー アームガード,104,54,50,0.5192307692307693,104,0.020634920634920634,5040,1.2884615384615385,15
overall,MIXED,16.16,MIDDLE,2503,黒炎のトーチ,104,54,50,0.5192307692307693,104,0.15615615615615616,666,1.8076923076923077,15
overall,MIXED,16.16,TOP,1055,ドラン ブレード,104,52,52,0.5,104,0.15615615615615616,666,0.8173076923076923,15
overall,MIXED,16.12,BOTTOM,3340,ステルス ワード,104,47,57,0.4519230769230769,104,0.5875706214689266,177,6.0,15
overall,MIXED,16.14,BOTTOM,1056,ドラン リング,104,47,57,0.4519230769230769,104,0.14942528735632185,696,1.0096153846153846,15
overall,MIXED,16.17,ALL,3173,チェインレースド クラッシャー,104,45,59,0.4326923076923077,104,0.020634920634920634,5040,2.5673076923076925,15
overall,MIXED,16.17,MIDDLE,3173,チェインレースド クラッシャー,104,45,59,0.4326923076923077,104,0.10317460317460317,1008,2.5673076923076925,15
overall,MIXED,16.15,TOP,3006,バーサーカー ブーツ,104,44,60,0.4230769230769231,104,0.12590799031476999,826,2.298076923076923,15
overall,MIXED,16.17,ALL,3123,エクスキューショナー コーリング,104,37,67,0.3557692307692308,104,0.020634920634920634,5040,2.8076923076923075,15
overall,MIXED,16.15,ALL,3053,ステラックの篭手,103,55,48,0.5339805825242718,103,0.024939467312348668,4130,2.5436893203883497,15
overall,MIXED,16.14,JUNGLE,6610,サンダード スカイ,103,54,49,0.5242718446601942,103,0.14798850574712644,696,1.7475728155339805,15
overall,MIXED,16.10,ALL,3175,連呪使いのブーツ,103,54,49,0.5242718446601942,103,0.09279279279279279,1110,2.9805825242718447,15
overall,MIXED,16.10,MIDDLE,3175,連呪使いのブーツ,103,54,49,0.5242718446601942,103,0.46396396396396394,222,2.9805825242718447,15
overall,MIXED,16.17,TOP,3116,リーライ クリスタル セプター,103,53,50,0.5145631067961165,103,0.10218253968253968,1008,2.0970873786407767,15
overall,MIXED,14.21,ALL,3364,オラクル レンズ,103,52,51,0.5048543689320388,103,0.3678571428571429,280,6.0,15
overall,MIXED,15.17,ALL,3020,ソーサラー シューズ,103,52,51,0.5048543689320388,103,0.1271604938271605,810,2.9320388349514563,15
overall,MIXED,16.15,JUNGLE,3020,ソーサラー シューズ,103,52,51,0.5048543689320388,103,0.12469733656174334,826,2.1359223300970873,15
overall,MIXED,16.15,ALL,3173,チェインレースド クラッシャー,103,51,52,0.49514563106796117,103,0.024939467312348668,4130,2.5145631067961167,15
overall,MIXED,16.15,MIDDLE,3173,チェインレースド クラッシャー,103,51,52,0.49514563106796117,103,0.12469733656174334,826,2.5145631067961167,15
overall,MIXED,15.22,TOP,3340,ステルス ワード,103,50,53,0.4854368932038835,103,0.7803030303030303,132,6.0,15
overall,MIXED,16.2,ALL,1055,ドラン ブレード,103,48,55,0.46601941747572817,103,0.14507042253521127,710,0.7572815533980582,15
overall,MIXED,16.15,JUNGLE,6676,コレクター,103,46,57,0.44660194174757284,103,0.12469733656174334,826,1.2815533980582525,15
overall,MIXED,15.24,ALL,3078,トリニティ フォース,103,45,58,0.4368932038834951,103,0.06023391812865497,1710,1.6504854368932038,15
overall,MIXED,16.17,MIDDLE,2055,コントロール ワード,103,42,61,0.4077669902912621,103,0.10218253968253968,1008,2.2815533980582523,15
overall,MIXED,16.14,ALL,3046,ファントム ダンサー,102,67,35,0.6568627450980392,102,0.029310344827586206,3480,1.9019607843137254,15
overall,MIXED,16.17,JUNGLE,6676,コレクター,102,60,42,0.5882352941176471,102,0.10119047619047619,1008,1.2843137254901962,15
overall,MIXED,16.14,JUNGLE,3071,ブラック クリーバー,102,60,42,0.5882352941176471,102,0.14655172413793102,696,1.7549019607843137,15
overall,MIXED,16.10,ALL,3158,アイオニア ブーツ,102,58,44,0.5686274509803921,102,0.0918918918918919,1110,2.588235294117647,15
overall,MIXED,16.16,ALL,3076,ブランブル ベスト,102,56,46,0.5490196078431373,102,0.03063063063063063,3330,3.303921568627451,15
overall,MIXED,15.19,ALL,3031,インフィニティ エッジ,102,55,47,0.5392156862745098,102,0.08869565217391304,1150,2.0098039215686274,15
overall,MIXED,16.15,MIDDLE,1052,増魔の書,102,51,51,0.5,102,0.1234866828087167,826,3.607843137254902,15
overall,MIXED,15.24,ALL,3157,ゾーニャの砂時計,102,50,52,0.49019607843137253,102,0.05964912280701754,1710,1.4607843137254901,15
overall,MIXED,16.18,JUNGLE,3047,プレート スチールキャップ,102,50,52,0.49019607843137253,102,0.30357142857142855,336,2.0098039215686274,15
overall,MIXED,15.8,ALL,3363,ファーサイト オルタレーション,102,49,53,0.4803921568627451,102,0.15692307692307692,650,6.0,15
overall,MIXED,16.17,ALL,3916,忘却のオーブ,102,49,53,0.4803921568627451,102,0.02023809523809524,5040,3.5,15
overall,MIXED,16.3,ALL,3031,インフィニティ エッジ,101,65,36,0.6435643564356436,101,0.11477272727272728,880,2.01980198019802,15
overall,MIXED,15.10,JUNGLE,3364,オラクル レンズ,101,57,44,0.5643564356435643,101,0.7318840579710145,138,6.0,15
overall,MIXED,15.23,ALL,3363,ファーサイト オルタレーション,101,55,46,0.5445544554455446,101,0.17413793103448275,580,6.0,15
overall,MIXED,16.16,ALL,2021,トンネル掘り,101,53,48,0.5247524752475248,101,0.03033033033033033,3330,3.297029702970297,15
overall,MIXED,16.10,BOTTOM,1055,ドラン ブレード,101,53,48,0.5247524752475248,101,0.45495495495495497,222,0.7227722772277227,15
overall,MIXED,16.3,BOTTOM,1055,ドラン ブレード,101,53,48,0.5247524752475248,101,0.5738636363636364,176,0.5148514851485149,15
overall,MIXED,16.15,ALL,3172,ガンメタル ブーツ,101,52,49,0.5148514851485149,101,0.024455205811138015,4130,2.237623762376238,15
overall,MIXED,16.15,MIDDLE,3172,ガンメタル ブーツ,101,52,49,0.5148514851485149,101,0.12227602905569007,826,2.237623762376238,15
overall,MIXED,15.13,BOTTOM,3363,ファーサイト オルタレーション,101,52,49,0.5148514851485149,101,0.5260416666666666,192,6.0,15
overall,MIXED,15.11,UTILITY,3364,オラクル レンズ,101,51,50,0.504950495049505,101,0.9528301886792453,106,6.0,15
overall,MIXED,16.17,MIDDLE,6653,ライアンドリーの仮面,101,51,50,0.504950495049505,101,0.1001984126984127,1008,2.623762376237624,15
overall,MIXED,16.9,ALL,3363,ファーサイト オルタレーション,101,50,51,0.49504950495049505,101,0.12784810126582277,790,6.0,15
overall,MIXED,15.10,ALL,3020,ソーサラー シューズ,101,47,54,0.46534653465346537,101,0.1463768115942029,690,2.7524752475247523,15
overall,MIXED,16.14,ALL,3133,コールフィールド ウォーハンマー,101,46,55,0.45544554455445546,101,0.029022988505747128,3480,3.495049504950495,15
overall,MIXED,15.10,ALL,3047,プレート スチールキャップ,101,46,55,0.45544554455445546,101,0.1463768115942029,690,2.514851485148515,15
overall,MIXED,16.15,JUNGLE,1036,ロング ソード,101,41,60,0.40594059405940597,101,0.12227602905569007,826,3.514851485148515,15
overall,MIXED,16.17,UTILITY,3340,ステルス ワード,101,40,61,0.39603960396039606,101,0.1001984126984127,1008,6.0,15
overall,MIXED,16.14,ALL,6673,イモータル シールドボウ,100,54,46,0.54,100,0.028735632183908046,3480,2.79,15
overall,MIXED,16.18,ALL,3071,ブラック クリーバー,100,54,46,0.54,100,0.05952380952380952,1680,1.95,15
overall,MIXED,14.20,ALL,3047,プレート スチールキャップ,100,53,47,0.53,100,0.21739130434782608,460,2.52,15
overall,MIXED,16.7,JUNGLE,3364,オラクル レンズ,100,51,49,0.51,100,0.6493506493506493,154,6.0,15
overall,MIXED,16.1,ALL,2055,コントロール ワード,100,51,49,0.51,100,0.12987012987012986,770,2.42,15
overall,MIXED,16.10,ALL,1052,増魔の書,100,51,49,0.51,100,0.09009009009009009,1110,3.6,15
overall,MIXED,16.15,JUNGLE,6333,デス ダンス,100,50,50,0.5,100,0.12106537530266344,826,2.75,15
overall,MIXED,16.15,MIDDLE,3089,ラバドン デスキャップ,100,47,53,0.47,100,0.12106537530266344,826,2.15,15
overall,MIXED,16.16,ALL,3152,ヘクステック ロケットベルト,100,46,54,0.46,100,0.03003003003003003,3330,1.13,15
overall,MIXED,15.24,TOP,3047,プレート スチールキャップ,100,45,55,0.45,100,0.29239766081871343,342,2.48,15
overall,MIXED,15.8,ALL,3020,ソーサラー シューズ,100,43,57,0.43,100,0.15384615384615385,650,2.66,15
overall,MIXED,16.13,TOP,2031,詰め替えポーション,100,43,57,0.43,100,0.1519756838905775,658,1.27,15
overall,MIXED,16.16,MIDDLE,2031,詰め替えポーション,100,40,60,0.4,100,0.15015015015015015,666,1.41,15
overall,MIXED,16.16,BOTTOM,3036,ドミニク リガード,99,65,34,0.6565656565656566,99,0.14864864864864866,666,2.6565656565656566,15
overall,MIXED,16.18,ALL,3869,セレスティアル オポジション,99,54,45,0.5454545454545454,99,0.05892857142857143,1680,0.45454545454545453,15
overall,MIXED,16.18,UTILITY,3869,セレスティアル オポジション,99,54,45,0.5454545454545454,99,0.29464285714285715,336,0.45454545454545453,15
overall,MIXED,16.15,TOP,3071,ブラック クリーバー,99,51,48,0.5151515151515151,99,0.1198547215496368,826,2.1414141414141414,15
overall,MIXED,16.16,ALL,6673,イモータル シールドボウ,99,50,49,0.5050505050505051,99,0.02972972972972973,3330,2.4242424242424243,15
overall,MIXED,16.15,ALL,3124,グインソー レイジブレード,99,49,50,0.494949494949495,99,0.02397094430992736,4130,1.9393939393939394,15
overall,MIXED,14.20,ALL,3020,ソーサラー シューズ,99,49,50,0.494949494949495,99,0.21521739130434783,460,2.919191919191919,15
overall,MIXED,15.10,ALL,1055,ドラン ブレード,99,49,50,0.494949494949495,99,0.14347826086956522,690,0.5656565656565656,15
overall,MIXED,16.17,ALL,3877,ブラッドソング,99,49,50,0.494949494949495,99,0.019642857142857142,5040,0.41414141414141414,15
overall,MIXED,16.17,UTILITY,3877,ブラッドソング,99,49,50,0.494949494949495,99,0.09821428571428571,1008,0.41414141414141414,15
overall,MIXED,15.19,MIDDLE,3020,ソーサラー シューズ,99,48,51,0.48484848484848486,99,0.43043478260869567,230,2.797979797979798,15
overall,MIXED,16.16,ALL,3870,ドリーム メーカー,99,48,51,0.48484848484848486,99,0.02972972972972973,3330,0.32323232323232326,15
overall,MIXED,16.16,UTILITY,3870,ドリーム メーカー,99,48,51,0.48484848484848486,99,0.14864864864864866,666,0.32323232323232326,15
overall,MIXED,15.22,ALL,1055,ドラン ブレード,99,47,52,0.47474747474747475,99,0.15,660,0.6161616161616161,15
overall,MIXED,16.15,MIDDLE,3363,ファーサイト オルタレーション,99,45,54,0.45454545454545453,99,0.1198547215496368,826,6.0,15
overall,MIXED,16.14,TOP,6653,ライアンドリーの仮面,98,63,35,0.6428571428571429,98,0.14080459770114942,696,2.357142857142857,15
overall,MIXED,16.17,ALL,2524,バンドルパイプ,98,59,39,0.6020408163265306,98,0.019444444444444445,5040,3.0306122448979593,15
overall,MIXED,16.14,TOP,3009,スイフトネス ブーツ,98,57,41,0.5816326530612245,98,0.14080459770114942,696,2.877551020408163,15
overall,MIXED,16.14,TOP,3116,リーライ クリスタル セプター,98,55,43,0.5612244897959183,98,0.14080459770114942,696,1.9489795918367347,15
overall,MIXED,16.17,TOP,3153,ルインドキング ブレード,98,55,43,0.5612244897959183,98,0.09722222222222222,1008,1.9489795918367347,15
overall,MIXED,15.24,ALL,1036,ロング ソード,98,54,44,0.5510204081632653,98,0.05730994152046784,1710,3.857142857142857,15
overall,MIXED,16.13,ALL,3142,妖夢の霊剣,98,54,44,0.5510204081632653,98,0.029787234042553193,3290,1.3265306122448979,15
overall,MIXED,16.13,ALL,3006,バーサーカー ブーツ,98,53,45,0.5408163265306123,98,0.029787234042553193,3290,2.183673469387755,15
overall,MIXED,15.22,ALL,3363,ファーサイト オルタレーション,98,52,46,0.5306122448979592,98,0.1484848484848485,660,6.0,15
overall,MIXED,15.22,JUNGLE,3364,オラクル レンズ,98,50,48,0.5102040816326531,98,0.7424242424242424,132,6.0,15
overall,MIXED,16.2,MIDDLE,3340,ステルス ワード,98,50,48,0.5102040816326531,98,0.6901408450704225,142,6.0,15
overall,MIXED,16.10,ALL,1036,ロング ソード,98,48,50,0.4897959183673469,98,0.08828828828828829,1110,3.7551020408163267,15
overall,MIXED,16.17,UTILITY,1052,増魔の書,98,46,52,0.46938775510204084,98,0.09722222222222222,1008,4.010204081632653,15
overall,MIXED,15.22,ALL,2031,詰め替えポーション,98,46,52,0.46938775510204084,98,0.1484848484848485,660,1.316326530612245,15
overall,MIXED,16.17,MIDDLE,3153,ルインドキング ブレード,98,44,54,0.4489795918367347,98,0.09722222222222222,1008,1.7551020408163265,15
overall,MIXED,16.13,ALL,3100,リッチ ベイン,98,40,58,0.40816326530612246,98,0.029787234042553193,3290,2.1122448979591835,15
overall,MIXED,15.13,ALL,2031,詰め替えポーション,98,36,62,0.3673469387755102,98,0.10208333333333333,960,1.4285714285714286,15
overall,MIXED,16.16,ALL,1082,ダーク シール,97,56,41,0.5773195876288659,97,0.029129129129129128,3330,2.7938144329896906,15
overall,MIXED,16.14,ALL,6631,ストライドブレイカー,97,55,42,0.5670103092783505,97,0.027873563218390806,3480,1.309278350515464,15
overall,MIXED,16.13,ALL,3161,ショウジンの矛,97,54,43,0.5567010309278351,97,0.029483282674772036,3290,2.3917525773195876,15
overall,MIXED,16.15,TOP,3009,スイフトネス ブーツ,97,54,43,0.5567010309278351,97,0.11743341404358354,826,2.731958762886598,15
overall,MIXED,16.18,MIDDLE,4645,シャドウフレイム,97,51,46,0.5257731958762887,97,0.28869047619047616,336,2.5257731958762886,15
overall,MIXED,16.18,ALL,1037,ピッケル,97,51,46,0.5257731958762887,97,0.05773809523809524,1680,3.0103092783505154,15
overall,MIXED,16.17,UTILITY,6655,ルーデン エコー,97,51,46,0.5257731958762887,97,0.09623015873015874,1008,1.8969072164948453,15
overall,MIXED,16.18,ALL,2503,黒炎のトーチ,97,51,46,0.5257731958762887,97,0.05773809523809524,1680,1.8762886597938144,15
overall,MIXED,15.16,UTILITY,3364,オラクル レンズ,97,49,48,0.5051546391752577,97,0.8981481481481481,108,6.0,15
overall,MIXED,15.7,ALL,2055,コントロール ワード,97,48,49,0.4948453608247423,97,0.2108695652173913,460,2.536082474226804,15
overall,MIXED,16.9,ALL,1055,ドラン ブレード,97,47,50,0.4845360824742268,97,0.12278481012658228,790,0.5979381443298969,15
overall,MIXED,15.24,ALL,3869,セレスティアル オポジション,97,46,51,0.4742268041237113,97,0.05672514619883041,1710,0.3402061855670103,15
overall,MIXED,15.24,UTILITY,3869,セレスティアル オポジション,97,46,51,0.4742268041237113,97,0.28362573099415206,342,0.3402061855670103,15
overall,MIXED,16.12,ALL,1056,ドラン リング,97,46,51,0.4742268041237113,97,0.10898876404494381,890,0.7319587628865979,15
overall,MIXED,15.24,MIDDLE,2031,詰め替えポーション,97,42,55,0.4329896907216495,97,0.28362573099415206,342,1.443298969072165,15
overall,MIXED,16.17,BOTTOM,3032,ユン・タル ワイルドアロー,96,56,40,0.5833333333333334,96,0.09523809523809523,1008,1.5520833333333333,15
overall,MIXED,16.18,ALL,3153,ルインドキング ブレード,96,54,42,0.5625,96,0.05714285714285714,1680,1.6875,15
overall,MIXED,15.18,ALL,3047,プレート スチールキャップ,96,51,45,0.53125,96,0.1476923076923077,650,2.5520833333333335,15
overall,MIXED,16.17,ALL,3033,モータル リマインダー,96,51,45,0.53125,96,0.01904761904761905,5040,2.5,15
overall,MIXED,16.13,MIDDLE,3364,オラクル レンズ,96,50,46,0.5208333333333334,96,0.1458966565349544,658,6.0,15
overall,MIXED,16.11,ALL,3111,マーキュリー ブーツ,96,50,46,0.5208333333333334,96,0.08135593220338982,1180,2.1041666666666665,15
overall,MIXED,15.12,UTILITY,3364,オラクル レンズ,96,49,47,0.5104166666666666,96,0.9411764705882353,102,6.0,15
overall,MIXED,16.16,ALL,3033,モータル リマインダー,96,49,47,0.5104166666666666,96,0.02882882882882883,3330,2.2916666666666665,15
overall,MIXED,16.17,ALL,3171,真紅のアイオニア ブーツ,96,49,47,0.5104166666666666,96,0.01904761904761905,5040,2.5416666666666665,15
overall,MIXED,16.17,MIDDLE,3171,真紅のアイオニア ブーツ,96,49,47,0.5104166666666666,96,0.09523809523809523,1008,2.5416666666666665,15
overall,MIXED,16.11,MIDDLE,1056,ドラン リング,96,48,48,0.5,96,0.4067796610169492,236,0.875,15
overall,MIXED,16.17,UTILITY,3050,ジーク コンバージェンス,96,47,49,0.4895833333333333,96,0.09523809523809523,1008,2.3333333333333335,15
overall,MIXED,16.11,ALL,6653,ライアンドリーの仮面,96,47,49,0.4895833333333333,96,0.08135593220338982,1180,2.1666666666666665,15
overall,MIXED,15.13,UTILITY,2055,コントロール ワード,96,46,50,0.4791666666666667,96,0.5,192,2.9166666666666665,15
overall,MIXED,15.14,ALL,2055,コントロール ワード,96,46,50,0.4791666666666667,96,0.20869565217391303,460,2.5416666666666665,15
overall,MIXED,15.20,JUNGLE,3364,オラクル レンズ,96,44,52,0.4583333333333333,96,0.7272727272727273,132,6.0,15
overall,MIXED,16.16,TOP,3078,トリニティ フォース,95,57,38,0.6,95,0.14264264264264265,666,1.936842105263158,15
overall,MIXED,16.17,UTILITY,2524,バンドルパイプ,95,57,38,0.6,95,0.09424603174603174,1008,3.0105263157894737,15
overall,MIXED,15.13,ALL,3031,インフィニティ エッジ,95,56,39,0.5894736842105263,95,0.09895833333333333,960,2.0736842105263156,15
overall,MIXED,16.13,ALL,3870,ドリーム メーカー,95,55,40,0.5789473684210527,95,0.028875379939209727,3290,0.2,15
overall,MIXED,16.13,UTILITY,3870,ドリーム メーカー,95,55,40,0.5789473684210527,95,0.1445966514459665,657,0.2,15
overall,MIXED,15.19,BOTTOM,3340,ステルス ワード,95,54,41,0.5684210526315789,95,0.41304347826086957,230,6.0,15
overall,MIXED,16.13,ALL,3026,ガーディアン エンジェル,95,53,42,0.5578947368421052,95,0.028875379939209727,3290,3.1473684210526316,15
overall,MIXED,15.18,ALL,1055,ドラン ブレード,95,52,43,0.5473684210526316,95,0.14615384615384616,650,0.6421052631578947,15
overall,MIXED,15.18,JUNGLE,3364,オラクル レンズ,95,50,45,0.5263157894736842,95,0.7307692307692307,130,6.0,15
overall,MIXED,16.14,ALL,3161,ショウジンの矛,95,50,45,0.5263157894736842,95,0.027298850574712645,3480,2.1789473684210527,15
overall,MIXED,16.15,UTILITY,3111,マーキュリー ブーツ,95,49,46,0.5157894736842106,95,0.11501210653753027,826,2.6,15
overall,MIXED,16.15,BOTTOM,1038,B. F. ソード,95,48,47,0.5052631578947369,95,0.11501210653753027,826,2.9894736842105263,15
overall,MIXED,16.2,JUNGLE,3364,オラクル レンズ,95,48,47,0.5052631578947369,95,0.6690140845070423,142,6.0,15
overall,MIXED,16.10,BOTTOM,3363,ファーサイト オルタレーション,95,48,47,0.5052631578947369,95,0.42792792792792794,222,6.0,15
overall,MIXED,16.11,TOP,3047,プレート スチールキャップ,95,48,47,0.5052631578947369,95,0.4025423728813559,236,2.6842105263157894,15
overall,MIXED,16.18,ALL,1028,ルビー クリスタル,95,48,47,0.5052631578947369,95,0.05654761904761905,1680,3.9157894736842107,15
overall,MIXED,16.14,ALL,3033,モータル リマインダー,95,47,48,0.49473684210526314,95,0.027298850574712645,3480,2.768421052631579,15
overall,MIXED,16.15,TOP,3153,ルインドキング ブレード,95,44,51,0.4631578947368421,95,0.11501210653753027,826,1.8526315789473684,15
overall,MIXED,16.16,ALL,3145,ヘクステック オルタネーター,95,42,53,0.4421052631578947,95,0.028528528528528527,3330,3.221052631578947,15
overall,MIXED,15.20,ALL,3047,プレート スチールキャップ,95,40,55,0.42105263157894735,95,0.14393939393939395,660,2.473684210526316,15
overall,MIXED,16.16,JUNGLE,3071,ブラック クリーバー,94,53,41,0.5638297872340425,94,0.14114114114114115,666,1.7340425531914894,15
overall,MIXED,16.15,TOP,1056,ドラン リング,94,51,43,0.5425531914893617,94,0.11380145278450363,826,0.7340425531914894,15
overall,MIXED,16.15,BOTTOM,6697,ヒュブリス,94,51,43,0.5425531914893617,94,0.11380145278450363,826,1.7765957446808511,15
overall,MIXED,16.17,JUNGLE,3084,心の鋼,94,49,45,0.5212765957446809,94,0.09325396825396826,1008,1.6595744680851063,15
overall,MIXED,16.16,ALL,3173,チェインレースド クラッシャー,94,48,46,0.5106382978723404,94,0.02822822822822823,3330,2.4361702127659575,15
overall,MIXED,16.16,MIDDLE,3173,チェインレースド クラッシャー,94,48,46,0.5106382978723404,94,0.14114114114114115,666,2.4361702127659575,15
overall,MIXED,16.17,TOP,3364,オラクル レンズ,94,47,47,0.5,94,0.09325396825396826,1008,6.0,15
overall,MIXED,15.23,ALL,1055,ドラン ブレード,94,46,48,0.48936170212765956,94,0.16206896551724137,580,0.9042553191489362,15
overall,MIXED,14.23,ALL,3364,オラクル レンズ,94,45,49,0.4787234042553192,94,0.44761904761904764,210,6.0,15
overall,MIXED,16.13,UTILITY,3009,スイフトネス ブーツ,94,45,49,0.4787234042553192,94,0.1430745814307458,657,2.4361702127659575,15
overall,MIXED,16.13,ALL,2510,黄昏と暁,94,45,49,0.4787234042553192,94,0.02857142857142857,3290,1.4148936170212767,15
overall,MIXED,16.15,JUNGLE,3158,アイオニア ブーツ,94,44,50,0.46808510638297873,94,0.11380145278450363,826,2.0106382978723403,15
overall,MIXED,16.15,JUNGLE,6672,クラーケン スレイヤー,94,44,50,0.46808510638297873,94,0.11380145278450363,826,1.4042553191489362,15
overall,MIXED,16.18,ALL,3157,ゾーニャの砂時計,94,43,51,0.4574468085106383,94,0.055952380952380955,1680,1.4042553191489362,15
overall,MIXED,16.1,ALL,2031,詰め替えポーション,94,42,52,0.44680851063829785,94,0.12207792207792208,770,1.351063829787234,15
overall,MIXED,16.13,ALL,3087,スタティック シヴ,93,56,37,0.6021505376344086,93,0.028267477203647418,3290,1.6666666666666667,15
overall,MIXED,16.15,ALL,3040,セラフ エンブレイス,93,55,38,0.5913978494623656,93,0.022518159806295398,4130,1.3870967741935485,15
overall,MIXED,16.11,ALL,3071,ブラック クリーバー,93,54,39,0.5806451612903226,93,0.0788135593220339,1180,2.064516129032258,15
overall,MIXED,16.15,ALL,6657,ロッド オブ エイジス,93,53,40,0.5698924731182796,93,0.022518159806295398,4130,2.021505376344086,15
overall,MIXED,14.23,ALL,3340,ステルス ワード,93,46,47,0.4946236559139785,93,0.44285714285714284,210,6.0,15
overall,MIXED,16.6,ALL,3363,ファーサイト オルタレーション,93,46,47,0.4946236559139785,93,0.12236842105263158,760,6.0,15
overall,MIXED,16.10,ALL,3111,マーキュリー ブーツ,93,46,47,0.4946236559139785,93,0.08378378378378379,1110,2.204301075268817,15
overall,MIXED,16.11,ALL,6655,ルーデン エコー,93,46,47,0.4946236559139785,93,0.0788135593220339,1180,2.096774193548387,15
overall,MIXED,16.5,BOTTOM,1055,ドラン ブレード,93,44,49,0.4731182795698925,93,0.5740740740740741,162,0.6989247311827957,15
overall,MIXED,16.3,ALL,1056,ドラン リング,93,41,52,0.44086021505376344,93,0.10568181818181818,880,0.7634408602150538,15
overall,MIXED,16.17,ALL,3072,ブラッドサースター,92,57,35,0.6195652173913043,92,0.018253968253968255,5040,2.260869565217391,15
overall,MIXED,16.14,ALL,3152,ヘクステック ロケットベルト,92,51,41,0.5543478260869565,92,0.026436781609195402,3480,1.0217391304347827,15
overall,MIXED,16.13,MIDDLE,3363,ファーサイト オルタレーション,92,50,42,0.5434782608695652,92,0.1398176291793313,658,6.0,15
overall,MIXED,16.17,ALL,6620,ヘリアの残響,92,50,42,0.5434782608695652,92,0.018253968253968255,5040,2.0869565217391304,15
overall,MIXED,16.17,UTILITY,6620,ヘリアの残響,92,50,42,0.5434782608695652,92,0.09126984126984126,1008,2.0869565217391304,15
overall,MIXED,16.3,ALL,3175,連呪使いのブーツ,92,50,42,0.5434782608695652,92,0.10454545454545454,880,2.9782608695652173,15
overall,MIXED,16.3,MIDDLE,3175,連呪使いのブーツ,92,50,42,0.5434782608695652,92,0.5227272727272727,176,2.9782608695652173,15
overall,MIXED,15.8,JUNGLE,3364,オラクル レンズ,92,49,43,0.532608695652174,92,0.7076923076923077,130,6.0,15
overall,MIXED,15.24,ALL,3075,ソーンメイル,92,49,43,0.532608695652174,92,0.05380116959064327,1710,2.630434782608696,15
overall,MIXED,16.15,JUNGLE,6610,サンダード スカイ,92,46,46,0.5,92,0.11138014527845036,826,1.7826086956521738,15
overall,MIXED,16.17,ALL,3110,フローズン ハート,92,45,47,0.4891304347826087,92,0.018253968253968255,5040,2.6847826086956523,15
overall,MIXED,16.1,BOTTOM,1055,ドラン ブレード,92,44,48,0.4782608695652174,92,0.5974025974025974,154,0.6413043478260869,15
overall,MIXED,16.13,ALL,2525,プロトプラズム ハーネス,92,44,48,0.4782608695652174,92,0.02796352583586626,3290,2.2065217391304346,15
overall,MIXED,16.6,ALL,2055,コントロール ワード,92,43,49,0.4673913043478261,92,0.12105263157894737,760,2.4130434782608696,15
overall,MIXED,16.6,BOTTOM,1055,ドラン ブレード,92,43,49,0.4673913043478261,92,0.6052631578947368,152,0.5,15
overall,MIXED,16.14,ALL,6692,赤月の刃,92,42,50,0.45652173913043476,92,0.026436781609195402,3480,1.7391304347826086,15
overall,MIXED,16.1,JUNGLE,3364,オラクル レンズ,92,39,53,0.42391304347826086,92,0.5974025974025974,154,6.0,15
overall,MIXED,16.13,ALL,2022,輝きのモート,92,38,54,0.41304347826086957,92,0.02796352583586626,3290,3.9782608695652173,15
overall,MIXED,16.15,ALL,1042,ダガー,92,35,57,0.3804347826086957,92,0.022276029055690073,4130,3.467391304347826,15
overall,MIXED,16.14,ALL,1001,ブーツ,92,33,59,0.358695652173913,92,0.026436781609195402,3480,2.9130434782608696,15
overall,MIXED,16.17,ALL,3035,ラスト ウィスパー,91,54,37,0.5934065934065934,91,0.018055555555555554,5040,3.5494505494505493,15
overall,MIXED,16.17,TOP,3075,ソーンメイル,91,49,42,0.5384615384615384,91,0.09027777777777778,1008,2.8241758241758244,15
overall,MIXED,16.4,TOP,3340,ステルス ワード,91,47,44,0.5164835164835165,91,0.8666666666666667,105,6.0,15
overall,MIXED,16.17,ALL,6675,ナヴォリ フリッカーブレード,91,46,45,0.5054945054945055,91,0.018055555555555554,5040,2.3626373626373627,15
overall,MIXED,16.17,ALL,3508,エッセンス リーバー,91,45,46,0.4945054945054945,91,0.018055555555555554,5040,1.7032967032967032,15
overall,MIXED,15.21,TOP,3340,ステルス ワード,91,45,46,0.4945054945054945,91,0.7711864406779662,118,6.0,15
overall,MIXED,16.14,BOTTOM,6655,ルーデン エコー,91,45,46,0.4945054945054945,91,0.1307471264367816,696,2.043956043956044,15
overall,MIXED,15.24,ALL,2503,黒炎のトーチ,91,45,46,0.4945054945054945,91,0.05321637426900585,1710,2.021978021978022,15
overall,MIXED,16.14,UTILITY,3067,キンドルジェム,91,44,47,0.4835164835164835,91,0.1307471264367816,696,3.802197802197802,15
overall,MIXED,16.6,BOTTOM,3340,ステルス ワード,91,44,47,0.4835164835164835,91,0.5986842105263158,152,6.0,15
overall,MIXED,16.17,ALL,3142,妖夢の霊剣,91,44,47,0.4835164835164835,91,0.018055555555555554,5040,1.0879120879120878,15
overall,MIXED,16.8,JUNGLE,3364,オラクル レンズ,91,43,48,0.4725274725274725,91,0.65,140,6.0,15
overall,MIXED,16.5,ALL,2055,コントロール ワード,91,43,48,0.4725274725274725,91,0.11234567901234568,810,2.197802197802198,15
overall,MIXED,16.16,ALL,3100,リッチ ベイン,91,42,49,0.46153846153846156,91,0.027327327327327327,3330,2.1868131868131866,15
overall,MIXED,16.16,ALL,1001,ブーツ,91,36,55,0.3956043956043956,91,0.027327327327327327,3330,2.659340659340659,15
overall,MIXED,15.18,ALL,6653,ライアンドリーの仮面,90,56,34,0.6222222222222222,90,0.13846153846153847,650,2.588888888888889,15
overall,MIXED,15.24,JUNGLE,3340,ステルス ワード,90,51,39,0.5666666666666667,90,0.2631578947368421,342,6.0,15
overall,MIXED,16.10,ALL,6653,ライアンドリーの仮面,90,48,42,0.5333333333333333,90,0.08108108108108109,1110,2.022222222222222,15
overall,MIXED,16.15,ALL,3123,エクスキューショナー コーリング,90,47,43,0.5222222222222223,90,0.021791767554479417,4130,3.3333333333333335,15
overall,MIXED,15.8,MIDDLE,3340,ステルス ワード,90,46,44,0.5111111111111111,90,0.6923076923076923,130,6.0,15
overall,MIXED,16.4,UTILITY,3364,オラクル レンズ,90,45,45,0.5,90,0.8490566037735849,106,6.0,15
overall,MIXED,16.18,ALL,3871,ザズ＝ザクのレルムスパイク,90,45,45,0.5,90,0.05357142857142857,1680,0.34444444444444444,15
overall,MIXED,16.18,UTILITY,3871,ザズ＝ザクのレルムスパイク,90,45,45,0.5,90,0.26785714285714285,336,0.34444444444444444,15
overall,MIXED,15.18,ALL,3363,ファーサイト オルタレーション,90,45,45,0.5,90,0.13846153846153847,650,6.0,15
overall,MIXED,15.23,ALL,3020,ソーサラー シューズ,90,44,46,0.4888888888888889,90,0.15517241379310345,580,2.7333333333333334,15
overall,MIXED,16.16,MIDDLE,3363,ファーサイト オルタレーション,90,44,46,0.4888888888888889,90,0.13513513513513514,666,6.0,15
overall,MIXED,16.15,UTILITY,6655,ルーデン エコー,90,44,46,0.4888888888888889,90,0.1089588377723971,826,1.788888888888889,15
overall,MIXED,16.14,TOP,1054,ドラン シールド,90,43,47,0.4777777777777778,90,0.12931034482758622,696,0.8777777777777778,15
overall,MIXED,15.23,TOP,3340,ステルス ワード,90,41,49,0.45555555555555555,90,0.7758620689655172,116,6.0,15
overall,MIXED,16.15,ALL,2022,輝きのモート,90,41,49,0.45555555555555555,90,0.021791767554479417,4130,3.988888888888889,15
overall,MIXED,15.13,MIDDLE,3020,ソーサラー シューズ,90,39,51,0.43333333333333335,90,0.4712041884816754,191,2.7111111111111112,15
overall,MIXED,15.20,ALL,3020,ソーサラー シューズ,90,38,52,0.4222222222222222,90,0.13636363636363635,660,2.7222222222222223,15
overall,MIXED,15.12,ALL,3047,プレート スチールキャップ,90,36,54,0.4,90,0.17647058823529413,510,2.688888888888889,15
overall,MIXED,16.16,UTILITY,2031,詰め替えポーション,90,34,56,0.37777777777777777,90,0.13513513513513514,666,1.5333333333333334,15
overall,MIXED,16.16,UTILITY,3067,キンドルジェム,89,56,33,0.6292134831460674,89,0.13363363363363365,666,3.955056179775281,15
overall,MIXED,16.17,ALL,3094,ラピッド ファイアキャノン,89,56,33,0.6292134831460674,89,0.01765873015873016,5040,2.943820224719101,15
overall,MIXED,16.14,JUNGLE,6333,デス ダンス,89,55,34,0.6179775280898876,89,0.1278735632183908,696,2.9213483146067416,15
overall,MIXED,16.7,ALL,3363,ファーサイト オルタレーション,89,53,36,0.5955056179775281,89,0.11558441558441558,770,6.0,15
overall,MIXED,16.1,ALL,3031,インフィニティ エッジ,89,52,37,0.5842696629213483,89,0.11558441558441558,770,2.168539325842697,15
overall,MIXED,16.2,ALL,3111,マーキュリー ブーツ,89,52,37,0.5842696629213483,89,0.12535211267605634,710,2.393258426966292,15
overall,MIXED,16.3,BOTTOM,3363,ファーサイト オルタレーション,89,51,38,0.5730337078651685,89,0.5056818181818182,176,6.0,15
overall,MIXED,16.17,UTILITY,1028,ルビー クリスタル,89,48,41,0.5393258426966292,89,0.0882936507936508,1008,4.235955056179775,15
overall,MIXED,16.14,UTILITY,6655,ルーデン エコー,89,48,41,0.5393258426966292,89,0.1278735632183908,696,1.7865168539325842,15
overall,MIXED,16.15,BOTTOM,4645,シャドウフレイム,89,47,42,0.5280898876404494,89,0.10774818401937046,826,2.4831460674157304,15
overall,MIXED,15.7,UTILITY,3364,オラクル レンズ,89,46,43,0.5168539325842697,89,0.967391304347826,92,6.0,15
overall,MIXED,16.17,JUNGLE,6699,ボルテイク サイクロソード,89,45,44,0.5056179775280899,89,0.0882936507936508,1008,1.8314606741573034,15
overall,MIXED,15.15,ALL,2055,コントロール ワード,89,44,45,0.4943820224719101,89,0.21707317073170732,410,2.595505617977528,15
overall,MIXED,15.23,ALL,2031,詰め替えポーション,89,44,45,0.4943820224719101,89,0.15344827586206897,580,1.247191011235955,15
overall,MIXED,15.18,ALL,3020,ソーサラー シューズ,89,43,46,0.48314606741573035,89,0.13692307692307693,650,2.9213483146067416,15
overall,MIXED,15.13,ALL,1056,ドラン リング,89,43,46,0.48314606741573035,89,0.09270833333333334,960,1.0,15
overall,MIXED,16.16,ALL,3123,エクスキューショナー コーリング,89,42,47,0.47191011235955055,89,0.026726726726726727,3330,3.3146067415730336,15
overall,MIXED,15.21,JUNGLE,3364,オラクル レンズ,89,42,47,0.47191011235955055,89,0.7542372881355932,118,6.0,15
overall,MIXED,16.15,BOTTOM,1037,ピッケル,89,42,47,0.47191011235955055,89,0.10774818401937046,826,3.5730337078651684,15
overall,MIXED,15.13,ALL,6653,ライアンドリーの仮面,89,42,47,0.47191011235955055,89,0.09270833333333334,960,1.9775280898876404,15
overall,MIXED,16.15,BOTTOM,1036,ロング ソード,89,41,48,0.4606741573033708,89,0.10774818401937046,826,4.0,15
overall,MIXED,16.14,ALL,3084,心の鋼,89,41,48,0.4606741573033708,89,0.025574712643678162,3480,1.5280898876404494,15
overall,MIXED,16.9,ALL,3175,連呪使いのブーツ,89,41,48,0.4606741573033708,89,0.11265822784810127,790,2.865168539325843,15
overall,MIXED,16.9,MIDDLE,3175,連呪使いのブーツ,89,41,48,0.4606741573033708,89,0.5632911392405063,158,2.865168539325843,15
overall,MIXED,16.9,JUNGLE,3364,オラクル レンズ,89,40,49,0.449438202247191,89,0.5632911392405063,158,6.0,15
overall,MIXED,15.21,ALL,3047,プレート スチールキャップ,89,28,61,0.3146067415730337,89,0.15084745762711865,590,2.460674157303371,15
overall,MIXED,16.16,ALL,3065,スピリット ビサージュ,88,57,31,0.6477272727272727,88,0.026426426426426425,3330,2.7386363636363638,15
overall,MIXED,16.13,ALL,3065,スピリット ビサージュ,88,56,32,0.6363636363636364,88,0.026747720364741642,3290,2.875,15
overall,MIXED,16.16,ALL,4646,ストームサージ,88,54,34,0.6136363636363636,88,0.026426426426426425,3330,2.715909090909091,15
overall,MIXED,15.24,ALL,1058,ムダニ デカイ ロッド,88,53,35,0.6022727272727273,88,0.05146198830409357,1710,3.102272727272727,15
overall,MIXED,16.15,TOP,3364,オラクル レンズ,88,52,36,0.5909090909090909,88,0.10653753026634383,826,6.0,15
overall,MIXED,16.17,TOP,6333,デス ダンス,88,52,36,0.5909090909090909,88,0.0873015873015873,1008,2.215909090909091,15
overall,MIXED,16.17,MIDDLE,3118,マリグナンス,88,51,37,0.5795454545454546,88,0.0873015873015873,1008,1.8409090909090908,15
overall,MIXED,16.14,BOTTOM,1018,アジリティ クローク,88,48,40,0.5454545454545454,88,0.12643678160919541,696,3.590909090909091,15
overall,MIXED,16.16,TOP,3071,ブラック クリーバー,88,48,40,0.5454545454545454,88,0.13213213213213212,666,2.3181818181818183,15
overall,MIXED,16.10,MIDDLE,1056,ドラン リング,88,47,41,0.5340909090909091,88,0.3963963963963964,222,0.9772727272727273,15
overall,MIXED,16.3,ALL,3111,マーキュリー ブーツ,88,47,41,0.5340909090909091,88,0.1,880,2.125,15
overall,MIXED,16.17,TOP,6653,ライアンドリーの仮面,88,47,41,0.5340909090909091,88,0.0873015873015873,1008,2.602272727272727,15
overall,MIXED,16.4,MIDDLE,3340,ステルス ワード,88,44,44,0.5,88,0.8301886792452831,106,6.0,15
overall,MIXED,16.13,UTILITY,6655,ルーデン エコー,88,44,44,0.5,88,0.1339421613394216,657,1.8636363636363635,15
overall,MIXED,16.16,UTILITY,6655,ルーデン エコー,88,44,44,0.5,88,0.13213213213213212,666,1.9090909090909092,15
overall,MIXED,16.14,MIDDLE,3089,ラバドン デスキャップ,88,43,45,0.48863636363636365,88,0.12643678160919541,696,2.3636363636363638,15
overall,MIXED,15.10,ALL,3158,アイオニア ブーツ,88,42,46,0.4772727272727273,88,0.12753623188405797,690,2.727272727272727,15
overall,MIXED,16.3,ALL,6653,ライアンドリーの仮面,88,42,46,0.4772727272727273,88,0.1,880,2.4886363636363638,15
overall,MIXED,16.15,UTILITY,1029,クロース アーマー,88,41,47,0.4659090909090909,88,0.10653753026634383,826,4.25,15
overall,MIXED,15.24,ALL,3118,マリグナンス,88,41,47,0.4659090909090909,88,0.05146198830409357,1710,2.0,15
overall,MIXED,16.17,JUNGLE,1037,ピッケル,88,40,48,0.45454545454545453,88,0.0873015873015873,1008,3.522727272727273,15
overall,MIXED,16.17,MIDDLE,3145,ヘクステック オルタネーター,88,40,48,0.45454545454545453,88,0.0873015873015873,1008,3.4545454545454546,15
overall,MIXED,16.18,ALL,3116,リーライ クリスタル セプター,88,39,49,0.4431818181818182,88,0.05238095238095238,1680,2.0681818181818183,15
overall,MIXED,15.13,ALL,3158,アイオニア ブーツ,88,38,50,0.4318181818181818,88,0.09166666666666666,960,2.659090909090909,15
overall,MIXED,16.14,ALL,3076,ブランブル ベスト,88,35,53,0.3977272727272727,88,0.02528735632183908,3480,3.2045454545454546,15
overall,MIXED,16.14,BOTTOM,3036,ドミニク リガード,87,51,36,0.5862068965517241,87,0.125,696,2.9310344827586206,15
overall,MIXED,16.13,ALL,3133,コールフィールド ウォーハンマー,87,49,38,0.5632183908045977,87,0.026443768996960486,3290,3.3908045977011496,15
overall,MIXED,16.17,JUNGLE,2019,スチール シジル,87,49,38,0.5632183908045977,87,0.08630952380952381,1008,3.4942528735632186,15
overall,MIXED,15.16,TOP,3340,ステルス ワード,87,45,42,0.5172413793103449,87,0.8055555555555556,108,6.0,15
overall,MIXED,15.14,TOP,3340,ステルス ワード,87,44,43,0.5057471264367817,87,0.9456521739130435,92,6.0,15
overall,MIXED,16.17,ALL,3742,デッド マン プレート,87,44,43,0.5057471264367817,87,0.017261904761904763,5040,2.413793103448276,15
overall,MIXED,16.13,BOTTOM,1037,ピッケル,87,44,43,0.5057471264367817,87,0.13221884498480244,658,3.4827586206896552,15
overall,MIXED,15.22,ALL,3047,プレート スチールキャップ,87,44,43,0.5057471264367817,87,0.1318181818181818,660,2.5977011494252875,15
overall,MIXED,16.17,TOP,3161,ショウジンの矛,87,42,45,0.4827586206896552,87,0.08630952380952381,1008,2.471264367816092,15
overall,MIXED,14.24,ALL,3364,オラクル レンズ,87,41,46,0.47126436781609193,87,0.348,250,6.0,15
overall,MIXED,15.13,BOTTOM,3340,ステルス ワード,87,41,46,0.47126436781609193,87,0.453125,192,6.0,15
overall,MIXED,15.17,ALL,3153,ルインドキング ブレード,87,41,46,0.47126436781609193,87,0.10740740740740741,810,1.8045977011494252,15
overall,MIXED,15.21,ALL,1055,ドラン ブレード,87,40,47,0.45977011494252873,87,0.14745762711864407,590,0.7931034482758621,15
overall,MIXED,16.17,ALL,6670,ヌーンクィヴァー,87,40,47,0.45977011494252873,87,0.017261904761904763,5040,3.4942528735632186,15
overall,MIXED,16.16,BOTTOM,3124,グインソー レイジブレード,87,38,49,0.4367816091954023,87,0.13063063063063063,666,2.3448275862068964,15
overall,MIXED,15.17,ALL,1056,ドラン リング,87,37,50,0.42528735632183906,87,0.10740740740740741,810,0.9080459770114943,15
overall,MIXED,16.18,ALL,1029,クロース アーマー,87,33,54,0.3793103448275862,87,0.05178571428571429,1680,3.8620689655172415,15
overall,MIXED,16.7,ALL,1056,ドラン リング,86,50,36,0.5813953488372093,86,0.11168831168831168,770,0.5,15
overall,MIXED,16.10,BOTTOM,3031,インフィニティ エッジ,86,48,38,0.5581395348837209,86,0.38738738738738737,222,2.395348837209302,15
overall,MIXED,16.5,BOTTOM,3363,ファーサイト オルタレーション,86,47,39,0.5465116279069767,86,0.5308641975308642,162,6.0,15
overall,MIXED,16.13,ALL,3171,真紅のアイオニア ブーツ,86,47,39,0.5465116279069767,86,0.026139817629179333,3290,2.686046511627907,15
overall,MIXED,16.13,MIDDLE,3171,真紅のアイオニア ブーツ,86,47,39,0.5465116279069767,86,0.13069908814589665,658,2.686046511627907,15
overall,MIXED,16.15,MIDDLE,2055,コントロール ワード,86,46,40,0.5348837209302325,86,0.10411622276029056,826,2.244186046511628,15
overall,MIXED,16.12,ALL,3175,連呪使いのブーツ,86,46,40,0.5348837209302325,86,0.09662921348314607,890,2.7209302325581395,15
overall,MIXED,16.12,MIDDLE,3175,連呪使いのブーツ,86,46,40,0.5348837209302325,86,0.48314606741573035,178,2.7209302325581395,15
overall,MIXED,16.11,BOTTOM,3031,インフィニティ エッジ,86,45,41,0.5232558139534884,86,0.3644067796610169,236,2.36046511627907,15
overall,MIXED,16.17,MIDDLE,3100,リッチ ベイン,86,45,41,0.5232558139534884,86,0.08531746031746032,1008,2.1627906976744184,15
overall,MIXED,16.17,MIDDLE,6673,イモータル シールドボウ,86,43,43,0.5,86,0.08531746031746032,1008,2.5930232558139537,15
overall,MIXED,16.17,ALL,3040,セラフ エンブレイス,86,43,43,0.5,86,0.017063492063492062,5040,1.4651162790697674,15
overall,MIXED,16.13,BOTTOM,1018,アジリティ クローク,86,42,44,0.4883720930232558,86,0.13069908814589665,658,3.5697674418604652,15
overall,MIXED,15.11,TOP,3340,ステルス ワード,86,42,44,0.4883720930232558,86,0.8113207547169812,106,6.0,15
overall,MIXED,16.9,BOTTOM,3340,ステルス ワード,86,42,44,0.4883720930232558,86,0.5443037974683544,158,6.0,15
overall,MIXED,16.18,ALL,3075,ソーンメイル,86,42,44,0.4883720930232558,86,0.05119047619047619,1680,2.5930232558139537,15
overall,MIXED,16.5,ALL,1056,ドラン リング,86,42,44,0.4883720930232558,86,0.10617283950617284,810,0.9767441860465116,15
overall,MIXED,15.17,BOTTOM,3340,ステルス ワード,86,41,45,0.47674418604651164,86,0.5308641975308642,162,6.0,15
overall,MIXED,16.8,ALL,1056,ドラン リング,86,40,46,0.46511627906976744,86,0.12285714285714286,700,0.7441860465116279,15
overall,MIXED,16.2,ALL,6653,ライアンドリーの仮面,86,40,46,0.46511627906976744,86,0.12112676056338029,710,2.116279069767442,15
overall,MIXED,16.16,MIDDLE,1052,増魔の書,86,40,46,0.46511627906976744,86,0.12912912912912913,666,3.372093023255814,15
overall,MIXED,15.19,ALL,3009,スイフトネス ブーツ,86,39,47,0.45348837209302323,86,0.07478260869565218,1150,2.941860465116279,15
overall,MIXED,16.17,JUNGLE,6610,サンダード スカイ,86,38,48,0.4418604651162791,86,0.08531746031746032,1008,1.3255813953488371,15
overall,MIXED,15.21,ALL,3363,ファーサイト オルタレーション,86,38,48,0.4418604651162791,86,0.14576271186440679,590,6.0,15
overall,MIXED,16.2,ALL,2031,詰め替えポーション,86,38,48,0.4418604651162791,86,0.12112676056338029,710,1.372093023255814,15
overall,MIXED,16.14,ALL,2510,黄昏と暁,85,50,35,0.5882352941176471,85,0.02442528735632184,3480,1.7058823529411764,15
overall,MIXED,16.15,ALL,1011,ジャイアント ベルト,85,48,37,0.5647058823529412,85,0.020581113801452784,4130,3.6588235294117646,15
overall,MIXED,16.16,ALL,3084,心の鋼,85,48,37,0.5647058823529412,85,0.025525525525525526,3330,1.7294117647058824,15
overall,MIXED,15.19,ALL,3153,ルインドキング ブレード,85,46,39,0.5411764705882353,85,0.07391304347826087,1150,1.5294117647058822,15
overall,MIXED,16.17,JUNGLE,3161,ショウジンの矛,85,44,41,0.5176470588235295,85,0.08432539682539683,1008,1.035294117647059,15
overall,MIXED,16.12,ALL,1086,ドラン ボウ,85,44,41,0.5176470588235295,85,0.09550561797752809,890,0.6235294117647059,15
overall,MIXED,16.8,ALL,3363,ファーサイト オルタレーション,85,44,41,0.5176470588235295,85,0.12142857142857143,700,6.0,15
overall,MIXED,15.9,UTILITY,3364,オラクル レンズ,85,43,42,0.5058823529411764,85,0.9883720930232558,86,6.0,15
overall,MIXED,16.11,ALL,6676,コレクター,85,43,42,0.5058823529411764,85,0.07203389830508475,1180,1.5294117647058822,15
overall,MIXED,14.20,TOP,3340,ステルス ワード,85,43,42,0.5058823529411764,85,0.9239130434782609,92,6.0,15
overall,MIXED,16.6,ALL,3175,連呪使いのブーツ,85,43,42,0.5058823529411764,85,0.1118421052631579,760,2.9529411764705884,15
overall,MIXED,16.6,MIDDLE,3175,連呪使いのブーツ,85,43,42,0.5058823529411764,85,0.5592105263157895,152,2.9529411764705884,15
overall,MIXED,16.14,JUNGLE,6676,コレクター,85,42,43,0.49411764705882355,85,0.1221264367816092,696,1.0,15
overall,MIXED,16.17,TOP,3009,スイフトネス ブーツ,85,42,43,0.49411764705882355,85,0.08432539682539683,1008,2.5176470588235293,15
overall,MIXED,15.20,MIDDLE,3340,ステルス ワード,85,41,44,0.4823529411764706,85,0.648854961832061,131,6.0,15
overall,MIXED,15.13,ALL,3111,マーキュリー ブーツ,85,41,44,0.4823529411764706,85,0.08854166666666667,960,2.552941176470588,15
overall,MIXED,16.11,ALL,1037,ピッケル,85,39,46,0.4588235294117647,85,0.07203389830508475,1180,3.447058823529412,15
overall,MIXED,16.15,ALL,6675,ナヴォリ フリッカーブレード,85,38,47,0.4470588235294118,85,0.020581113801452784,4130,2.0352941176470587,15
overall,MIXED,15.19,ALL,1037,ピッケル,85,37,48,0.43529411764705883,85,0.07391304347826087,1150,3.4352941176470586,15
overall,MIXED,16.7,BOTTOM,3340,ステルス ワード,85,35,50,0.4117647058823529,85,0.551948051948052,154,6.0,15
overall,MIXED,16.14,ALL,2022,輝きのモート,85,33,52,0.38823529411764707,85,0.02442528735632184,3480,4.105882352941176,15
overall,MIXED,16.13,MIDDLE,3089,ラバドン デスキャップ,84,49,35,0.5833333333333334,84,0.1276595744680851,658,2.2142857142857144,15
overall,MIXED,16.17,ALL,6696,アクシオム アーク,84,47,37,0.5595238095238095,84,0.016666666666666666,5040,2.511904761904762,15
overall,MIXED,16.5,ALL,3031,インフィニティ エッジ,84,47,37,0.5595238095238095,84,0.1037037037037037,810,2.1666666666666665,15
overall,MIXED,16.18,ALL,6333,デス ダンス,84,45,39,0.5357142857142857,84,0.05,1680,2.6904761904761907,15
overall,MIXED,16.15,ALL,1031,チェイン ベスト,84,44,40,0.5238095238095238,84,0.020338983050847456,4130,3.7738095238095237,15
overall,MIXED,16.14,ALL,2021,トンネル掘り,84,44,40,0.5238095238095238,84,0.02413793103448276,3480,3.5595238095238093,15
overall,MIXED,16.8,BOTTOM,1055,ドラン ブレード,84,43,41,0.5119047619047619,84,0.6,140,0.35714285714285715,15
overall,MIXED,16.2,ALL,3175,連呪使いのブーツ,84,43,41,0.5119047619047619,84,0.11830985915492957,710,2.857142857142857,15
overall,MIXED,16.2,MIDDLE,3175,連呪使いのブーツ,84,43,41,0.5119047619047619,84,0.5915492957746479,142,2.857142857142857,15
overall,MIXED,15.24,BOTTOM,3009,スイフトネス ブーツ,84,42,42,0.5,84,0.24633431085043989,341,2.5357142857142856,15
overall,MIXED,16.16,ALL,3916,忘却のオーブ,84,42,42,0.5,84,0.025225225225225224,3330,3.880952380952381,15
overall,MIXED,15.18,MIDDLE,3340,ステルス ワード,84,41,43,0.4880952380952381,84,0.6461538461538462,130,6.0,15
overall,MIXED,16.9,ALL,1056,ドラン リング,84,41,43,0.4880952380952381,84,0.10632911392405063,790,0.5476190476190477,15
overall,MIXED,16.10,TOP,3047,プレート スチールキャップ,84,41,43,0.4880952380952381,84,0.3783783783783784,222,2.488095238095238,15
overall,MIXED,16.1,BOTTOM,3363,ファーサイト オルタレーション,84,39,45,0.4642857142857143,84,0.5454545454545454,154,6.0,15
overall,MIXED,16.16,ALL,2510,黄昏と暁,84,39,45,0.4642857142857143,84,0.025225225225225224,3330,1.5595238095238095,15
overall,MIXED,15.19,ALL,3869,セレスティアル オポジション,84,37,47,0.44047619047619047,84,0.07304347826086957,1150,0.15476190476190477,15
overall,MIXED,15.19,UTILITY,3869,セレスティアル オポジション,84,37,47,0.44047619047619047,84,0.3652173913043478,230,0.15476190476190477,15
overall,MIXED,16.17,TOP,1036,ロング ソード,84,37,47,0.44047619047619047,84,0.08333333333333333,1008,4.178571428571429,15
overall,MIXED,16.3,BOTTOM,3340,ステルス ワード,84,36,48,0.42857142857142855,84,0.4772727272727273,176,6.0,15
overall,MIXED,16.14,MIDDLE,3153,ルインドキング ブレード,83,51,32,0.6144578313253012,83,0.11925287356321838,696,2.1566265060240966,15
overall,MIXED,15.24,ALL,1054,ドラン シールド,83,49,34,0.5903614457831325,83,0.048538011695906436,1710,0.6746987951807228,15
overall,MIXED,16.17,UTILITY,3116,リーライ クリスタル セプター,83,49,34,0.5903614457831325,83,0.08234126984126984,1008,2.3012048192771086,15
overall,MIXED,15.2,ALL,3020,ソーサラー シューズ,83,47,36,0.5662650602409639,83,0.18043478260869567,460,2.4819277108433737,15
overall,MIXED,16.11,ALL,3158,アイオニア ブーツ,83,44,39,0.5301204819277109,83,0.07033898305084746,1180,2.4578313253012047,15
overall,MIXED,15.19,BOTTOM,3031,インフィニティ エッジ,83,44,39,0.5301204819277109,83,0.36086956521739133,230,1.9518072289156627,15
overall,MIXED,16.14,MIDDLE,3364,オラクル レンズ,83,44,39,0.5301204819277109,83,0.11925287356321838,696,6.0,15
overall,MIXED,14.20,UTILITY,3364,オラクル レンズ,83,41,42,0.4939759036144578,83,0.9021739130434783,92,6.0,15
overall,MIXED,16.6,JUNGLE,3364,オラクル レンズ,83,41,42,0.4939759036144578,83,0.5460526315789473,152,6.0,15
overall,MIXED,15.10,MIDDLE,3340,ステルス ワード,83,41,42,0.4939759036144578,83,0.6014492753623188,138,6.0,15
overall,MIXED,15.22,MIDDLE,3340,ステルス ワード,83,41,42,0.4939759036144578,83,0.6287878787878788,132,6.0,15
overall,MIXED,16.15,ALL,3870,ドリーム メーカー,83,41,42,0.4939759036144578,83,0.02009685230024213,4130,0.30120481927710846,15
overall,MIXED,16.15,UTILITY,3870,ドリーム メーカー,83,41,42,0.4939759036144578,83,0.10048426150121065,826,0.30120481927710846,15
overall,MIXED,16.15,ALL,3171,真紅のアイオニア ブーツ,83,38,45,0.4578313253012048,83,0.02009685230024213,4130,2.8313253012048194,15
overall,MIXED,16.15,MIDDLE,3171,真紅のアイオニア ブーツ,83,38,45,0.4578313253012048,83,0.10048426150121065,826,2.8313253012048194,15
overall,MIXED,16.17,ALL,6657,ロッド オブ エイジス,83,35,48,0.42168674698795183,83,0.01646825396825397,5040,2.108433734939759,15
overall,MIXED,16.14,ALL,3053,ステラックの篭手,82,48,34,0.5853658536585366,82,0.023563218390804597,3480,2.5609756097560976,15
overall,MIXED,16.14,ALL,3916,忘却のオーブ,82,47,35,0.573170731707317,82,0.023563218390804597,3480,3.4146341463414633,15
overall,MIXED,16.2,ALL,2055,コントロール ワード,82,46,36,0.5609756097560976,82,0.11549295774647887,710,2.073170731707317,15
overall,MIXED,16.15,ALL,3100,リッチ ベイン,82,46,36,0.5609756097560976,82,0.019854721549636804,4130,2.1341463414634148,15
overall,MIXED,15.17,ALL,6653,ライアンドリーの仮面,82,45,37,0.5487804878048781,82,0.10123456790123457,810,2.182926829268293,15
overall,MIXED,16.16,JUNGLE,6333,デス ダンス,82,44,38,0.5365853658536586,82,0.12312312312312312,666,3.158536585365854,15
overall,MIXED,16.11,BOTTOM,1086,ドラン ボウ,82,43,39,0.524390243902439,82,0.3474576271186441,236,1.0,15
overall,MIXED,15.11,ALL,3363,ファーサイト オルタレーション,82,42,40,0.5121951219512195,82,0.15471698113207547,530,6.0,15
overall,MIXED,16.17,TOP,1037,ピッケル,82,41,41,0.5,82,0.08134920634920635,1008,3.3292682926829267,15
overall,MIXED,15.13,BOTTOM,3006,バーサーカー ブーツ,82,40,42,0.4878048780487805,82,0.4270833333333333,192,2.5853658536585367,15
overall,MIXED,16.17,ALL,3087,スタティック シヴ,82,39,43,0.47560975609756095,82,0.01626984126984127,5040,1.7682926829268293,15
overall,MIXED,15.20,ALL,3006,バーサーカー ブーツ,82,39,43,0.47560975609756095,82,0.12424242424242424,660,2.4634146341463414,15
overall,MIXED,14.19,ALL,3047,プレート スチールキャップ,82,39,43,0.47560975609756095,82,0.19523809523809524,420,2.5365853658536586,15
overall,MIXED,16.14,ALL,3065,スピリット ビサージュ,82,38,44,0.4634146341463415,82,0.023563218390804597,3480,2.926829268292683,15
overall,MIXED,16.15,UTILITY,3340,ステルス ワード,82,36,46,0.43902439024390244,82,0.09927360774818401,826,6.0,15
overall,MIXED,16.2,BOTTOM,1055,ドラン ブレード,82,36,46,0.43902439024390244,82,0.5774647887323944,142,0.7439024390243902,15
overall,MIXED,15.8,ALL,3006,バーサーカー ブーツ,82,36,46,0.43902439024390244,82,0.12615384615384614,650,1.9634146341463414,15
overall,MIXED,16.16,ALL,6620,ヘリアの残響,82,36,46,0.43902439024390244,82,0.024624624624624624,3330,1.9634146341463414,15
overall,MIXED,16.5,ALL,3175,連呪使いのブーツ,82,36,46,0.43902439024390244,82,0.10123456790123457,810,2.9146341463414633,15
overall,MIXED,16.5,MIDDLE,3175,連呪使いのブーツ,82,36,46,0.43902439024390244,82,0.5061728395061729,162,2.9146341463414633,15
overall,MIXED,16.18,ALL,3067,キンドルジェム,82,34,48,0.4146341463414634,82,0.04880952380952381,1680,3.4634146341463414,15
overall,MIXED,15.19,MIDDLE,1056,ドラン リング,82,33,49,0.4024390243902439,82,0.3565217391304348,230,0.8170731707317073,15
overall,MIXED,16.17,ALL,1033,ヌルマジック マント,82,32,50,0.3902439024390244,82,0.01626984126984127,5040,3.7804878048780486,15
overall,MIXED,16.13,ALL,3076,ブランブル ベスト,82,28,54,0.34146341463414637,82,0.02492401215805471,3290,3.231707317073171,15
overall,MIXED,16.14,ALL,3742,デッド マン プレート,81,49,32,0.6049382716049383,81,0.02327586206896552,3480,2.654320987654321,15
overall,MIXED,16.13,ALL,6673,イモータル シールドボウ,81,47,34,0.5802469135802469,81,0.024620060790273558,3290,2.3950617283950617,15
overall,MIXED,15.10,BOTTOM,3363,ファーサイト オルタレーション,81,45,36,0.5555555555555556,81,0.5869565217391305,138,6.0,15
overall,MIXED,16.11,ALL,3157,ゾーニャの砂時計,81,44,37,0.5432098765432098,81,0.06864406779661017,1180,1.3950617283950617,15
overall,MIXED,16.12,ALL,1055,ドラン ブレード,81,43,38,0.5308641975308642,81,0.09101123595505618,890,0.654320987654321,15
overall,MIXED,15.8,ALL,6653,ライアンドリーの仮面,81,43,38,0.5308641975308642,81,0.12461538461538461,650,2.1604938271604937,15
overall,MIXED,15.24,MIDDLE,4645,シャドウフレイム,81,42,39,0.5185185185185185,81,0.23684210526315788,342,2.765432098765432,15
overall,MIXED,15.10,ALL,3006,バーサーカー ブーツ,81,42,39,0.5185185185185185,81,0.11739130434782609,690,2.3209876543209877,15
overall,MIXED,16.15,MIDDLE,6653,ライアンドリーの仮面,81,42,39,0.5185185185185185,81,0.09806295399515738,826,2.962962962962963,15
overall,MIXED,15.20,ALL,3111,マーキュリー ブーツ,81,40,41,0.49382716049382713,81,0.12272727272727273,660,2.2962962962962963,15
overall,MIXED,16.13,ALL,3173,チェインレースド クラッシャー,81,38,43,0.4691358024691358,81,0.024620060790273558,3290,2.6296296296296298,15
overall,MIXED,16.13,MIDDLE,3173,チェインレースド クラッシャー,81,38,43,0.4691358024691358,81,0.12310030395136778,658,2.6296296296296298,15
overall,MIXED,16.13,ALL,3916,忘却のオーブ,81,38,43,0.4691358024691358,81,0.024620060790273558,3290,3.382716049382716,15
overall,MIXED,15.23,MIDDLE,3340,ステルス ワード,81,36,45,0.4444444444444444,81,0.6982758620689655,116,6.0,15
overall,MIXED,16.16,UTILITY,6620,ヘリアの残響,81,36,45,0.4444444444444444,81,0.12162162162162163,666,1.9382716049382716,15
overall,MIXED,15.24,JUNGLE,3047,プレート スチールキャップ,81,34,47,0.41975308641975306,81,0.23684210526315788,342,2.1728395061728394,15
overall,MIXED,16.16,BOTTOM,1038,B. F. ソード,80,44,36,0.55,80,0.12012012012012012,666,3.2125,15
overall,MIXED,16.13,ALL,2021,トンネル掘り,80,44,36,0.55,80,0.0243161094224924,3290,3.1875,15
overall,MIXED,15.22,ALL,3020,ソーサラー シューズ,80,43,37,0.5375,80,0.12121212121212122,660,2.7125,15
overall,MIXED,16.14,MIDDLE,1052,増魔の書,80,43,37,0.5375,80,0.11494252873563218,696,3.175,15
overall,MIXED,16.16,ALL,3142,妖夢の霊剣,80,42,38,0.525,80,0.024024024024024024,3330,1.1,15
overall,MIXED,15.23,JUNGLE,3364,オラクル レンズ,80,41,39,0.5125,80,0.6896551724137931,116,6.0,15
overall,MIXED,16.10,ALL,6655,ルーデン エコー,80,41,39,0.5125,80,0.07207207207207207,1110,2.15,15
overall,MIXED,15.2,UTILITY,3364,オラクル レンズ,80,40,40,0.5,80,0.8695652173913043,92,6.0,15
overall,MIXED,16.16,JUNGLE,6610,サンダード スカイ,80,40,40,0.5,80,0.12012012012012012,666,1.3,15
overall,MIXED,16.13,JUNGLE,6610,サンダード スカイ,80,39,41,0.4875,80,0.12158054711246201,658,1.725,15
overall,MIXED,16.13,TOP,1054,ドラン シールド,80,39,41,0.4875,80,0.12158054711246201,658,0.975,15
overall,MIXED,15.12,ALL,1055,ドラン ブレード,80,39,41,0.4875,80,0.1568627450980392,510,0.7375,15
overall,MIXED,15.10,UTILITY,2055,コントロール ワード,80,38,42,0.475,80,0.5797101449275363,138,2.5125,15
overall,MIXED,16.16,BOTTOM,1036,ロング ソード,80,38,42,0.475,80,0.12012012012012012,666,3.8,15
overall,MIXED,16.17,TOP,1028,ルビー クリスタル,80,37,43,0.4625,80,0.07936507936507936,1008,3.775,15
overall,MIXED,15.12,TOP,3340,ステルス ワード,80,36,44,0.45,80,0.7843137254901961,102,6.0,15
overall,MIXED,15.23,ALL,3047,プレート スチールキャップ,80,33,47,0.4125,80,0.13793103448275862,580,2.4875,15
overall,MIXED,15.11,ALL,3047,プレート スチールキャップ,80,30,50,0.375,80,0.1509433962264151,530,2.35,15
overall,MIXED,16.3,BOTTOM,3031,インフィニティ エッジ,79,52,27,0.6582278481012658,79,0.44886363636363635,176,1.9873417721518987,15
overall,MIXED,16.13,JUNGLE,3071,ブラック クリーバー,79,48,31,0.6075949367088608,79,0.12006079027355623,658,1.7088607594936709,15
overall,MIXED,16.17,BOTTOM,3094,ラピッド ファイアキャノン,79,48,31,0.6075949367088608,79,0.07837301587301587,1008,2.9367088607594938,15
overall,MIXED,16.14,ALL,3172,ガンメタル ブーツ,79,47,32,0.5949367088607594,79,0.022701149425287358,3480,2.607594936708861,15
overall,MIXED,16.14,MIDDLE,3172,ガンメタル ブーツ,79,47,32,0.5949367088607594,79,0.11350574712643678,696,2.607594936708861,15
overall,MIXED,16.10,JUNGLE,3340,ステルス ワード,79,47,32,0.5949367088607594,79,0.35585585585585583,222,6.0,15
overall,MIXED,16.2,ALL,4645,シャドウフレイム,79,44,35,0.5569620253164557,79,0.11126760563380282,710,2.2658227848101267,15
overall,MIXED,16.10,ALL,6672,クラーケン スレイヤー,79,43,36,0.5443037974683544,79,0.07117117117117117,1110,1.9367088607594938,15
overall,MIXED,16.13,JUNGLE,6676,コレクター,79,43,36,0.5443037974683544,79,0.12006079027355623,658,1.4683544303797469,15
overall,MIXED,16.17,MIDDLE,1082,ダーク シール,79,43,36,0.5443037974683544,79,0.07837301587301587,1008,2.9873417721518987,15
overall,MIXED,16.17,ALL,3302,テルミヌス,79,43,36,0.5443037974683544,79,0.015674603174603174,5040,2.7721518987341773,15
overall,MIXED,16.13,ALL,3084,心の鋼,79,43,36,0.5443037974683544,79,0.024012158054711245,3290,1.620253164556962,15
overall,MIXED,16.5,ALL,6653,ライアンドリーの仮面,79,42,37,0.5316455696202531,79,0.09753086419753086,810,2.151898734177215,15
overall,MIXED,16.15,ALL,3142,妖夢の霊剣,79,42,37,0.5316455696202531,79,0.019128329297820823,4130,1.2658227848101267,15
overall,MIXED,16.16,MIDDLE,3153,ルインドキング ブレード,79,41,38,0.5189873417721519,79,0.11861861861861862,666,1.7721518987341771,15
overall,MIXED,14.19,UTILITY,3364,オラクル レンズ,79,40,39,0.5063291139240507,79,0.9404761904761905,84,6.0,15
overall,MIXED,16.16,JUNGLE,3020,ソーサラー シューズ,79,40,39,0.5063291139240507,79,0.11861861861861862,666,2.3544303797468356,15
overall,MIXED,15.19,ALL,1054,ドラン シールド,79,39,40,0.4936708860759494,79,0.06869565217391305,1150,0.8607594936708861,15
overall,MIXED,16.16,BOTTOM,1018,アジリティ クローク,79,38,41,0.4810126582278481,79,0.11861861861861862,666,3.4936708860759493,15
overall,MIXED,16.16,ALL,3133,コールフィールド ウォーハンマー,79,38,41,0.4810126582278481,79,0.023723723723723725,3330,3.2658227848101267,15
overall,MIXED,15.19,ALL,1052,増魔の書,79,38,41,0.4810126582278481,79,0.06869565217391305,1150,3.5063291139240507,15
overall,MIXED,16.6,ALL,1056,ドラン リング,79,37,42,0.46835443037974683,79,0.10394736842105264,760,0.35443037974683544,15
overall,MIXED,16.16,BOTTOM,1037,ピッケル,79,37,42,0.46835443037974683,79,0.11861861861861862,666,3.2531645569620253,15
overall,MIXED,16.15,UTILITY,1028,ルビー クリスタル,79,37,42,0.46835443037974683,79,0.09564164648910412,826,4.189873417721519,15
overall,MIXED,15.18,ALL,2031,詰め替えポーション,79,37,42,0.46835443037974683,79,0.12153846153846154,650,1.3417721518987342,15
overall,MIXED,16.17,UTILITY,3075,ソーンメイル,79,36,43,0.45569620253164556,79,0.07837301587301587,1008,2.9367088607594938,15
overall,MIXED,15.17,BOTTOM,1055,ドラン ブレード,79,35,44,0.4430379746835443,79,0.4876543209876543,162,0.4810126582278481,15
overall,MIXED,16.11,ALL,1052,増魔の書,79,34,45,0.43037974683544306,79,0.06694915254237288,1180,3.7341772151898733,15
overall,MIXED,15.24,ALL,1028,ルビー クリスタル,79,33,46,0.4177215189873418,79,0.046198830409356725,1710,3.8734177215189876,15
overall,MIXED,16.13,ALL,3742,デッド マン プレート,78,46,32,0.5897435897435898,78,0.02370820668693009,3290,2.5128205128205128,15
overall,MIXED,16.15,ALL,3109,騎士の誓い,78,46,32,0.5897435897435898,78,0.018886198547215495,4130,2.41025641025641,15
overall,MIXED,16.15,UTILITY,3109,騎士の誓い,78,46,32,0.5897435897435898,78,0.09443099273607748,826,2.41025641025641,15
overall,MIXED,15.13,BOTTOM,3031,インフィニティ エッジ,78,45,33,0.5769230769230769,78,0.40625,192,2.1025641025641026,15
overall,MIXED,16.14,BOTTOM,6697,ヒュブリス,78,45,33,0.5769230769230769,78,0.11206896551724138,696,1.6282051282051282,15
overall,MIXED,16.14,ALL,2420,シーカー アームガード,78,44,34,0.5641025641025641,78,0.022413793103448276,3480,1.6282051282051282,15
overall,MIXED,16.14,ALL,6665,変幻自在のジャック＝ショー,78,44,34,0.5641025641025641,78,0.022413793103448276,3480,2.4615384615384617,15
overall,MIXED,15.20,BOTTOM,3363,ファーサイト オルタレーション,78,43,35,0.5512820512820513,78,0.5909090909090909,132,6.0,15
overall,MIXED,16.17,MIDDLE,4646,ストームサージ,78,42,36,0.5384615384615384,78,0.07738095238095238,1008,2.282051282051282,15
overall,MIXED,16.17,JUNGLE,6653,ライアンドリーの仮面,78,42,36,0.5384615384615384,78,0.07738095238095238,1008,1.9615384615384615,15
overall,MIXED,16.13,ALL,2003,体力ポーション,78,41,37,0.5256410256410257,78,0.02370820668693009,3290,1.3076923076923077,15
overall,MIXED,16.11,ALL,3009,スイフトネス ブーツ,78,40,38,0.5128205128205128,78,0.06610169491525424,1180,2.3333333333333335,15
overall,MIXED,16.13,MIDDLE,1052,増魔の書,78,40,38,0.5128205128205128,78,0.11854103343465046,658,3.4615384615384617,15
overall,MIXED,15.21,ALL,2031,詰め替えポーション,78,40,38,0.5128205128205128,78,0.13220338983050847,590,1.3461538461538463,15
overall,MIXED,16.12,ALL,2055,コントロール ワード,78,39,39,0.5,78,0.08764044943820225,890,2.282051282051282,15
overall,MIXED,16.14,ALL,3870,ドリーム メーカー,78,39,39,0.5,78,0.022413793103448276,3480,0.20512820512820512,15
overall,MIXED,16.14,UTILITY,3870,ドリーム メーカー,78,39,39,0.5,78,0.11206896551724138,696,0.20512820512820512,15
overall,MIXED,15.24,ALL,1001,ブーツ,78,39,39,0.5,78,0.0456140350877193,1710,2.8461538461538463,15
overall,MIXED,16.15,MIDDLE,3118,マリグナンス,78,39,39,0.5,78,0.09443099273607748,826,2.269230769230769,15
overall,MIXED,15.3,UTILITY,3364,オラクル レンズ,78,38,40,0.48717948717948717,78,0.9512195121951219,82,6.0,15
overall,MIXED,16.8,BOTTOM,3340,ステルス ワード,78,38,40,0.48717948717948717,78,0.5571428571428572,140,6.0,15
overall,MIXED,15.11,ALL,1055,ドラン ブレード,78,38,40,0.48717948717948717,78,0.1471698113207547,530,1.0128205128205128,15
overall,MIXED,15.20,ALL,2031,詰め替えポーション,78,38,40,0.48717948717948717,78,0.11818181818181818,660,1.3974358974358974,15
overall,MIXED,16.13,ALL,3053,ステラックの篭手,78,37,41,0.47435897435897434,78,0.02370820668693009,3290,2.6538461538461537,15
overall,MIXED,15.11,ALL,3020,ソーサラー シューズ,78,37,41,0.47435897435897434,78,0.1471698113207547,530,2.641025641025641,15
overall,MIXED,16.15,UTILITY,1052,増魔の書,78,37,41,0.47435897435897434,78,0.09443099273607748,826,3.871794871794872,15
overall,MIXED,15.19,JUNGLE,2055,コントロール ワード,78,34,44,0.4358974358974359,78,0.33766233766233766,231,1.8974358974358974,15
overall,MIXED,15.7,ALL,3047,プレート スチールキャップ,78,34,44,0.4358974358974359,78,0.16956521739130434,460,2.6025641025641026,15
overall,MIXED,16.16,JUNGLE,6672,クラーケン スレイヤー,78,33,45,0.4230769230769231,78,0.11711711711711711,666,1.2179487179487178,15
overall,MIXED,16.13,TOP,1056,ドラン リング,78,33,45,0.4230769230769231,78,0.11854103343465046,658,0.3974358974358974,15
overall,MIXED,16.18,UTILITY,3158,アイオニア ブーツ,78,31,47,0.3974358974358974,78,0.23214285714285715,336,2.4358974358974357,15
overall,MIXED,16.13,ALL,6692,赤月の刃,78,30,48,0.38461538461538464,78,0.02370820668693009,3290,1.6538461538461537,15
overall,MIXED,16.17,BOTTOM,3072,ブラッドサースター,77,48,29,0.6233766233766234,77,0.0763888888888889,1008,2.25974025974026,15
overall,MIXED,15.24,ALL,3116,リーライ クリスタル セプター,77,48,29,0.6233766233766234,77,0.04502923976608187,1710,2.2337662337662336,15
overall,MIXED,16.10,ALL,4645,シャドウフレイム,77,45,32,0.5844155844155844,77,0.06936936936936937,1110,2.5714285714285716,15
overall,MIXED,16.6,ALL,3031,インフィニティ エッジ,77,43,34,0.5584415584415584,77,0.1013157894736842,760,2.4675324675324677,15
overall,MIXED,16.13,BOTTOM,3036,ドミニク リガード,77,41,36,0.5324675324675324,77,0.11702127659574468,658,2.909090909090909,15
overall,MIXED,15.15,UTILITY,3364,オラクル レンズ,77,40,37,0.5194805194805194,77,0.9390243902439024,82,6.0,15
overall,MIXED,16.11,JUNGLE,3340,ステルス ワード,77,40,37,0.5194805194805194,77,0.326271186440678,236,6.0,15
overall,MIXED,16.4,ALL,3047,プレート スチールキャップ,77,40,37,0.5194805194805194,77,0.14528301886792452,530,2.4285714285714284,15
overall,MIXED,16.7,ALL,2055,コントロール ワード,77,37,40,0.4805194805194805,77,0.1,770,2.155844155844156,15
overall,MIXED,16.13,ALL,1011,ジャイアント ベルト,77,37,40,0.4805194805194805,77,0.023404255319148935,3290,3.5974025974025974,15
overall,MIXED,15.7,TOP,3340,ステルス ワード,77,37,40,0.4805194805194805,77,0.8369565217391305,92,6.0,15
overall,MIXED,15.20,BOTTOM,1055,ドラン ブレード,77,37,40,0.4805194805194805,77,0.5833333333333334,132,0.7402597402597403,15
overall,MIXED,15.22,ALL,3006,バーサーカー ブーツ,77,37,40,0.4805194805194805,77,0.11666666666666667,660,2.4415584415584415,15
overall,MIXED,16.14,MIDDLE,2055,コントロール ワード,77,32,45,0.4155844155844156,77,0.11063218390804598,696,1.9090909090909092,15
overall,MIXED,16.16,JUNGLE,1036,ロング ソード,77,32,45,0.4155844155844156,77,0.11561561561561562,666,3.5584415584415585,15
overall,MIXED,16.14,ALL,1031,チェイン ベスト,77,31,46,0.4025974025974026,77,0.022126436781609197,3480,3.4285714285714284,15
overall,MIXED,15.24,ALL,3175,連呪使いのブーツ,76,51,25,0.6710526315789473,76,0.044444444444444446,1710,2.9210526315789473,15
overall,MIXED,16.12,ALL,3031,インフィニティ エッジ,76,43,33,0.5657894736842105,76,0.0853932584269663,890,2.263157894736842,15
overall,MIXED,16.17,ALL,6665,変幻自在のジャック＝ショー,76,43,33,0.5657894736842105,76,0.01507936507936508,5040,3.0,15
overall,MIXED,16.7,ALL,3175,連呪使いのブーツ,76,42,34,0.5526315789473685,76,0.0987012987012987,770,2.6447368421052633,15
overall,MIXED,16.7,MIDDLE,3175,連呪使いのブーツ,76,42,34,0.5526315789473685,76,0.4935064935064935,154,2.6447368421052633,15
overall,MIXED,16.14,JUNGLE,3020,ソーサラー シューズ,76,41,35,0.5394736842105263,76,0.10919540229885058,696,1.894736842105263,15
overall,MIXED,16.11,JUNGLE,3047,プレート スチールキャップ,76,41,35,0.5394736842105263,76,0.3220338983050847,236,2.1973684210526314,15
overall,MIXED,16.14,ALL,2525,プロトプラズム ハーネス,76,41,35,0.5394736842105263,76,0.021839080459770115,3480,2.263157894736842,15
overall,MIXED,16.14,BOTTOM,1036,ロング ソード,76,41,35,0.5394736842105263,76,0.10919540229885058,696,3.9342105263157894,15
overall,MIXED,16.15,ALL,6665,変幻自在のジャック＝ショー,76,40,36,0.5263157894736842,76,0.018401937046004842,4130,2.789473684210526,15
overall,MIXED,15.2,TOP,3340,ステルス ワード,76,39,37,0.5131578947368421,76,0.8260869565217391,92,6.0,15
overall,MIXED,15.14,UTILITY,3364,オラクル レンズ,76,38,38,0.5,76,0.8260869565217391,92,6.0,15
overall,MIXED,16.16,TOP,1056,ドラン リング,76,38,38,0.5,76,0.11411411411411411,666,0.75,15
overall,MIXED,14.20,ALL,1055,ドラン ブレード,76,37,39,0.4868421052631579,76,0.16521739130434782,460,0.7368421052631579,15
overall,MIXED,16.13,UTILITY,3067,キンドルジェム,76,36,40,0.47368421052631576,76,0.1156773211567732,657,3.763157894736842,15
overall,MIXED,15.19,ALL,4645,シャドウフレイム,76,36,40,0.47368421052631576,76,0.06608695652173913,1150,2.3684210526315788,15
overall,MIXED,16.13,BOTTOM,3046,ファントム ダンサー,76,36,40,0.47368421052631576,76,0.11550151975683891,658,2.0789473684210527,15
overall,MIXED,16.16,TOP,3006,バーサーカー ブーツ,76,33,43,0.4342105263157895,76,0.11411411411411411,666,2.4473684210526314,15
overall,MIXED,15.17,ALL,3031,インフィニティ エッジ,76,32,44,0.42105263157894735,76,0.09382716049382717,810,1.9210526315789473,15
overall,MIXED,16.17,ALL,3070,女神の涙,76,30,46,0.39473684210526316,76,0.01507936507936508,5040,2.0,15
overall,MIXED,16.13,BOTTOM,1036,ロング ソード,76,29,47,0.3815789473684211,76,0.11550151975683891,658,3.8684210526315788,15
overall,MIXED,15.24,ALL,3174,装甲強化の進撃,75,54,21,0.72,75,0.043859649122807015,1710,2.72,15
overall,MIXED,16.13,ALL,6620,ヘリアの残響,75,44,31,0.5866666666666667,75,0.022796352583586626,3290,2.026666666666667,15
overall,MIXED,16.13,UTILITY,6620,ヘリアの残響,75,44,31,0.5866666666666667,75,0.1141552511415525,657,2.026666666666667,15
overall,MIXED,16.14,MIDDLE,6653,ライアンドリーの仮面,75,44,31,0.5866666666666667,75,0.10775862068965517,696,2.6533333333333333,15
overall,MIXED,16.16,JUNGLE,6676,コレクター,75,40,35,0.5333333333333333,75,0.11261261261261261,666,1.5333333333333334,15
overall,MIXED,16.11,ALL,6672,クラーケン スレイヤー,75,39,36,0.52,75,0.0635593220338983,1180,1.6133333333333333,15
overall,MIXED,16.4,ALL,2031,詰め替えポーション,75,39,36,0.52,75,0.14150943396226415,530,1.2133333333333334,15
overall,MIXED,16.10,ALL,3020,ソーサラー シューズ,75,38,37,0.5066666666666667,75,0.06756756756756757,1110,2.48,15
overall,MIXED,15.20,ALL,1056,ドラン リング,75,38,37,0.5066666666666667,75,0.11363636363636363,660,1.0,15
overall,MIXED,16.18,ALL,3006,バーサーカー ブーツ,75,38,37,0.5066666666666667,75,0.044642857142857144,1680,2.2,15
overall,MIXED,15.15,TOP,3340,ステルス ワード,75,37,38,0.49333333333333335,75,0.9146341463414634,82,6.0,15
overall,MIXED,16.14,MIDDLE,3363,ファーサイト オルタレーション,75,36,39,0.48,75,0.10775862068965517,696,6.0,15
overall,MIXED,16.10,JUNGLE,3047,プレート スチールキャップ,75,36,39,0.48,75,0.33783783783783783,222,1.9733333333333334,15
overall,MIXED,16.17,ALL,3147,悲愴な仮面,75,36,39,0.48,75,0.01488095238095238,5040,2.973333333333333,15
overall,MIXED,16.18,ALL,3161,ショウジンの矛,75,35,40,0.4666666666666667,75,0.044642857142857144,1680,1.76,15
overall,MIXED,16.16,UTILITY,1052,増魔の書,75,34,41,0.4533333333333333,75,0.11261261261261261,666,3.5866666666666664,15
overall,MIXED,16.14,ALL,1042,ダガー,75,33,42,0.44,75,0.021551724137931036,3480,3.506666666666667,15
overall,MIXED,16.16,ALL,3171,真紅のアイオニア ブーツ,75,32,43,0.4266666666666667,75,0.02252252252252252,3330,2.7066666666666666,15
overall,MIXED,16.16,MIDDLE,3171,真紅のアイオニア ブーツ,75,32,43,0.4266666666666667,75,0.11261261261261261,666,2.7066666666666666,15
overall,MIXED,15.8,ALL,2031,詰め替えポーション,75,32,43,0.4266666666666667,75,0.11538461538461539,650,1.3333333333333333,15
overall,MIXED,16.18,TOP,2031,詰め替えポーション,75,32,43,0.4266666666666667,75,0.22321428571428573,336,1.1866666666666668,15
overall,MIXED,16.15,ALL,3508,エッセンス リーバー,75,31,44,0.41333333333333333,75,0.018159806295399514,4130,1.7333333333333334,15
overall,MIXED,15.21,ALL,3020,ソーサラー シューズ,75,30,45,0.4,75,0.1271186440677966,590,2.8133333333333335,15
overall,MIXED,16.18,ALL,3036,ドミニク リガード,74,50,24,0.6756756756756757,74,0.04404761904761905,1680,2.7162162162162162,15
overall,MIXED,16.17,ALL,2502,終わりなき絶望,74,47,27,0.6351351351351351,74,0.014682539682539682,5040,1.9594594594594594,15
overall,MIXED,16.16,ALL,3110,フローズン ハート,74,46,28,0.6216216216216216,74,0.022222222222222223,3330,2.7162162162162162,15
overall,MIXED,16.14,ALL,1011,ジャイアント ベルト,74,41,33,0.5540540540540541,74,0.021264367816091954,3480,3.5675675675675675,15
overall,MIXED,15.21,MIDDLE,3340,ステルス ワード,74,40,34,0.5405405405405406,74,0.6271186440677966,118,6.0,15
overall,MIXED,16.13,BOTTOM,1038,B. F. ソード,74,39,35,0.527027027027027,74,0.11246200607902736,658,3.135135135135135,15
overall,MIXED,15.13,ALL,3190,ソラリのロケット,74,39,35,0.527027027027027,74,0.07708333333333334,960,1.2702702702702702,15
overall,MIXED,15.13,UTILITY,3190,ソラリのロケット,74,39,35,0.527027027027027,74,0.3854166666666667,192,1.2702702702702702,15
overall,MIXED,16.16,TOP,6692,赤月の刃,74,38,36,0.5135135135135135,74,0.1111111111111111,666,1.9324324324324325,15
overall,MIXED,16.8,ALL,3175,連呪使いのブーツ,74,38,36,0.5135135135135135,74,0.10571428571428572,700,2.7837837837837838,15
overall,MIXED,16.8,MIDDLE,3175,連呪使いのブーツ,74,38,36,0.5135135135135135,74,0.5285714285714286,140,2.7837837837837838,15
overall,MIXED,14.19,TOP,3340,ステルス ワード,74,37,37,0.5,74,0.8809523809523809,84,6.0,15
overall,MIXED,15.19,ALL,3190,ソラリのロケット,74,37,37,0.5,74,0.06434782608695652,1150,1.3513513513513513,15
overall,MIXED,15.19,UTILITY,3190,ソラリのロケット,74,37,37,0.5,74,0.3217391304347826,230,1.3513513513513513,15
overall,MIXED,16.2,ALL,3031,インフィニティ エッジ,74,36,38,0.4864864864864865,74,0.10422535211267606,710,2.1621621621621623,15
overall,MIXED,16.16,ALL,2420,シーカー アームガード,74,36,38,0.4864864864864865,74,0.022222222222222223,3330,1.527027027027027,15
overall,MIXED,16.16,MIDDLE,3089,ラバドン デスキャップ,74,36,38,0.4864864864864865,74,0.1111111111111111,666,2.3378378378378377,15
overall,MIXED,15.17,UTILITY,2055,コントロール ワード,74,35,39,0.47297297297297297,74,0.45962732919254656,161,2.3783783783783785,15
overall,MIXED,16.16,ALL,3040,セラフ エンブレイス,74,35,39,0.47297297297297297,74,0.022222222222222223,3330,1.554054054054054,15
overall,MIXED,16.5,BOTTOM,3340,ステルス ワード,74,34,40,0.4594594594594595,74,0.4567901234567901,162,6.0,15
overall,MIXED,16.3,ALL,3020,ソーサラー シューズ,74,34,40,0.4594594594594595,74,0.08409090909090909,880,2.2567567567567566,15
overall,MIXED,16.9,ALL,2055,コントロール ワード,74,33,41,0.44594594594594594,74,0.09367088607594937,790,2.391891891891892,15
overall,MIXED,16.18,ALL,1018,アジリティ クローク,74,29,45,0.3918918918918919,74,0.04404761904761905,1680,3.554054054054054,15
overall,MIXED,15.19,TOP,3047,プレート スチールキャップ,74,29,45,0.3918918918918919,74,0.3231441048034934,229,2.4054054054054053,15
overall,MIXED,16.1,BOTTOM,3031,インフィニティ エッジ,73,47,26,0.6438356164383562,73,0.474025974025974,154,2.041095890410959,15
overall,MIXED,16.14,BOTTOM,4645,シャドウフレイム,73,44,29,0.6027397260273972,73,0.10488505747126436,696,2.6575342465753424,15
overall,MIXED,15.18,ALL,3031,インフィニティ エッジ,73,43,30,0.589041095890411,73,0.1123076923076923,650,2.3424657534246576,15
overall,MIXED,16.17,TOP,3065,スピリット ビサージュ,73,43,30,0.589041095890411,73,0.07242063492063493,1008,2.7945205479452055,15
overall,MIXED,16.10,UTILITY,3158,アイオニア ブーツ,73,42,31,0.5753424657534246,73,0.32882882882882886,222,2.835616438356164,15
overall,MIXED,15.19,ALL,6676,コレクター,73,41,32,0.5616438356164384,73,0.06347826086956522,1150,1.821917808219178,15
overall,MIXED,16.13,ALL,1120,ドラン ヘルム,73,41,32,0.5616438356164384,73,0.022188449848024316,3290,0.5616438356164384,15
overall,MIXED,16.10,ALL,3157,ゾーニャの砂時計,73,40,33,0.547945205479452,73,0.06576576576576576,1110,1.4246575342465753,15
overall,MIXED,16.16,JUNGLE,3078,トリニティ フォース,73,40,33,0.547945205479452,73,0.10960960960960961,666,1.6986301369863013,15
overall,MIXED,16.15,ALL,6696,アクシオム アーク,73,39,34,0.5342465753424658,73,0.017675544794188862,4130,1.6986301369863013,15
overall,MIXED,15.24,BOTTOM,6672,クラーケン スレイヤー,73,39,34,0.5342465753424658,73,0.21407624633431085,341,1.7534246575342465,15
overall,MIXED,16.12,ALL,3111,マーキュリー ブーツ,73,39,34,0.5342465753424658,73,0.08202247191011236,890,2.2739726027397262,15
overall,MIXED,16.16,TOP,3364,オラクル レンズ,73,38,35,0.5205479452054794,73,0.10960960960960961,666,6.0,15
overall,MIXED,16.17,MIDDLE,3152,ヘクステック ロケットベルト,73,38,35,0.5205479452054794,73,0.07242063492063493,1008,1.1917808219178083,15
overall,MIXED,15.19,BOTTOM,6672,クラーケン スレイヤー,73,37,36,0.5068493150684932,73,0.3173913043478261,230,1.8356164383561644,15
overall,MIXED,16.17,ALL,1057,ネガトロン クローク,73,37,36,0.5068493150684932,73,0.014484126984126985,5040,3.6986301369863015,15
overall,MIXED,15.23,ALL,3006,バーサーカー ブーツ,73,37,36,0.5068493150684932,73,0.12586206896551724,580,2.287671232876712,15
overall,MIXED,15.12,JUNGLE,3364,オラクル レンズ,73,36,37,0.4931506849315068,73,0.7156862745098039,102,6.0,15
overall,MIXED,16.11,MIDDLE,4645,シャドウフレイム,73,36,37,0.4931506849315068,73,0.3093220338983051,236,2.3424657534246576,15
overall,MIXED,16.15,TOP,1028,ルビー クリスタル,73,36,37,0.4931506849315068,73,0.08837772397094432,826,4.054794520547945,15
overall,MIXED,16.14,ALL,6696,アクシオム アーク,73,35,38,0.4794520547945205,73,0.020977011494252875,3480,1.6164383561643836,15
overall,MIXED,16.16,TOP,6631,ストライドブレイカー,73,35,38,0.4794520547945205,73,0.10960960960960961,666,1.0684931506849316,15
overall,MIXED,16.14,JUNGLE,1036,ロング ソード,73,35,38,0.4794520547945205,73,0.10488505747126436,696,3.9178082191780823,15
overall,MIXED,15.3,ALL,3047,プレート スチールキャップ,73,34,39,0.4657534246575342,73,0.17804878048780487,410,2.5205479452054793,15
overall,MIXED,16.16,UTILITY,1029,クロース アーマー,73,33,40,0.4520547945205479,73,0.10960960960960961,666,4.1506849315068495,15
overall,MIXED,16.15,TOP,3078,トリニティ フォース,73,32,41,0.4383561643835616,73,0.08837772397094432,826,1.7945205479452055,15
overall,MIXED,15.14,MIDDLE,3340,ステルス ワード,73,31,42,0.4246575342465753,73,0.7934782608695652,92,6.0,15
overall,MIXED,15.16,ALL,3020,ソーサラー シューズ,73,31,42,0.4246575342465753,73,0.13518518518518519,540,2.863013698630137,15
overall,MIXED,16.16,ALL,1042,ダガー,73,31,42,0.4246575342465753,73,0.02192192192192192,3330,3.7945205479452055,15
overall,MIXED,15.14,ALL,2031,詰め替えポーション,73,31,42,0.4246575342465753,73,0.15869565217391304,460,1.36986301369863,15
overall,MIXED,16.15,TOP,3116,リーライ クリスタル セプター,72,46,26,0.6388888888888888,72,0.08716707021791767,826,2.236111111111111,15
overall,MIXED,16.1,ALL,3175,連呪使いのブーツ,72,42,30,0.5833333333333334,72,0.09350649350649351,770,2.8194444444444446,15
overall,MIXED,16.1,MIDDLE,3175,連呪使いのブーツ,72,42,30,0.5833333333333334,72,0.4675324675324675,154,2.8194444444444446,15
overall,MIXED,16.16,ALL,3172,ガンメタル ブーツ,72,41,31,0.5694444444444444,72,0.021621621621621623,3330,2.2777777777777777,15
overall,MIXED,16.16,MIDDLE,3172,ガンメタル ブーツ,72,41,31,0.5694444444444444,72,0.10810810810810811,666,2.2777777777777777,15
overall,MIXED,16.1,ALL,6653,ライアンドリーの仮面,72,41,31,0.5694444444444444,72,0.09350649350649351,770,1.8888888888888888,15
overall,MIXED,16.18,BOTTOM,6672,クラーケン スレイヤー,72,39,33,0.5416666666666666,72,0.21428571428571427,336,1.4166666666666667,15
overall,MIXED,15.24,ALL,6610,サンダード スカイ,72,39,33,0.5416666666666666,72,0.042105263157894736,1710,1.8194444444444444,15
overall,MIXED,15.7,ALL,3020,ソーサラー シューズ,72,38,34,0.5277777777777778,72,0.1565217391304348,460,2.486111111111111,15
overall,MIXED,16.17,ALL,3115,ナッシャー トゥース,72,38,34,0.5277777777777778,72,0.014285714285714285,5040,2.0972222222222223,15
overall,MIXED,16.17,BOTTOM,3157,ゾーニャの砂時計,72,37,35,0.5138888888888888,72,0.07142857142857142,1008,1.2638888888888888,15
overall,MIXED,16.4,ALL,1055,ドラン ブレード,72,37,35,0.5138888888888888,72,0.13584905660377358,530,0.7777777777777778,15
overall,MIXED,15.15,ALL,3047,プレート スチールキャップ,72,37,35,0.5138888888888888,72,0.17560975609756097,410,2.625,15
overall,MIXED,16.14,JUNGLE,6653,ライアンドリーの仮面,72,37,35,0.5138888888888888,72,0.10344827586206896,696,1.7361111111111112,15
overall,MIXED,15.24,ALL,3161,ショウジンの矛,72,36,36,0.5,72,0.042105263157894736,1710,2.375,15
overall,MIXED,15.11,JUNGLE,3364,オラクル レンズ,72,35,37,0.4861111111111111,72,0.6792452830188679,106,6.0,15
overall,MIXED,16.13,MIDDLE,2055,コントロール ワード,72,35,37,0.4861111111111111,72,0.1094224924012158,658,2.1527777777777777,15
overall,MIXED,15.16,MIDDLE,3340,ステルス ワード,72,35,37,0.4861111111111111,72,0.6666666666666666,108,6.0,15
overall,MIXED,15.8,BOTTOM,1055,ドラン ブレード,72,35,37,0.4861111111111111,72,0.5538461538461539,130,0.5416666666666666,15
overall,MIXED,15.8,ALL,1056,ドラン リング,72,35,37,0.4861111111111111,72,0.11076923076923077,650,0.625,15
overall,MIXED,16.11,ALL,3153,ルインドキング ブレード,72,35,37,0.4861111111111111,72,0.061016949152542375,1180,1.9583333333333333,15
overall,MIXED,16.14,UTILITY,3340,ステルス ワード,72,34,38,0.4722222222222222,72,0.10344827586206896,696,6.0,15
overall,MIXED,16.11,ALL,3190,ソラリのロケット,72,34,38,0.4722222222222222,72,0.061016949152542375,1180,1.4027777777777777,15
overall,MIXED,16.11,UTILITY,3190,ソラリのロケット,72,34,38,0.4722222222222222,72,0.3050847457627119,236,1.4027777777777777,15
overall,MIXED,15.16,ALL,3047,プレート スチールキャップ,72,34,38,0.4722222222222222,72,0.13333333333333333,540,2.5416666666666665,15
overall,MIXED,16.1,TOP,3047,プレート スチールキャップ,72,34,38,0.4722222222222222,72,0.4675324675324675,154,2.625,15
overall,MIXED,16.3,ALL,1036,ロング ソード,72,33,39,0.4583333333333333,72,0.08181818181818182,880,3.9166666666666665,15
overall,MIXED,15.9,TOP,3340,ステルス ワード,72,32,40,0.4444444444444444,72,0.8372093023255814,86,6.0,15
overall,MIXED,16.8,ALL,2055,コントロール ワード,72,31,41,0.4305555555555556,72,0.10285714285714286,700,1.75,15
overall,MIXED,16.18,BOTTOM,2031,詰め替えポーション,72,31,41,0.4305555555555556,72,0.21428571428571427,336,1.4166666666666667,15
overall,MIXED,15.17,BOTTOM,3006,バーサーカー ブーツ,72,30,42,0.4166666666666667,72,0.4444444444444444,162,2.625,15
overall,MIXED,16.3,ALL,2055,コントロール ワード,72,29,43,0.4027777777777778,72,0.08181818181818182,880,2.3055555555555554,15
overall,MIXED,16.14,BOTTOM,6672,クラーケン スレイヤー,72,27,45,0.375,72,0.10344827586206896,696,1.6111111111111112,15
overall,MIXED,15.24,ALL,1029,クロース アーマー,72,27,45,0.375,72,0.042105263157894736,1710,3.875,15
overall,MIXED,16.14,MIDDLE,3118,マリグナンス,72,26,46,0.3611111111111111,72,0.10344827586206896,696,2.4027777777777777,15
overall,MIXED,16.6,ALL,6653,ライアンドリーの仮面,71,44,27,0.6197183098591549,71,0.09342105263157895,760,2.2253521126760565,15
overall,MIXED,16.17,BOTTOM,3046,ファントム ダンサー,71,43,28,0.6056338028169014,71,0.07043650793650794,1008,2.2816901408450705,15
overall,MIXED,16.10,ALL,3078,トリニティ フォース,71,42,29,0.5915492957746479,71,0.06396396396396396,1110,1.4929577464788732,15
overall,MIXED,15.16,JUNGLE,3364,オラクル レンズ,71,41,30,0.5774647887323944,71,0.6574074074074074,108,6.0,15
overall,MIXED,16.15,ALL,3073,実験的ヘクスプレート,71,41,30,0.5774647887323944,71,0.01719128329297821,4130,2.5211267605633805,15
overall,MIXED,16.16,BOTTOM,3046,ファントム ダンサー,71,40,31,0.5633802816901409,71,0.1066066066066066,666,2.436619718309859,15
overall,MIXED,16.15,TOP,6653,ライアンドリーの仮面,71,40,31,0.5633802816901409,71,0.08595641646489104,826,2.5211267605633805,15
overall,MIXED,15.17,BOTTOM,3363,ファーサイト オルタレーション,71,39,32,0.5492957746478874,71,0.4382716049382716,162,6.0,15
overall,MIXED,15.19,ALL,2503,黒炎のトーチ,71,39,32,0.5492957746478874,71,0.06173913043478261,1150,1.971830985915493,15
overall,MIXED,16.9,BOTTOM,3363,ファーサイト オルタレーション,71,37,34,0.5211267605633803,71,0.44936708860759494,158,6.0,15
overall,MIXED,16.13,ALL,1031,チェイン ベスト,71,35,36,0.49295774647887325,71,0.021580547112462007,3290,3.408450704225352,15
overall,MIXED,16.9,BOTTOM,1055,ドラン ブレード,71,35,36,0.49295774647887325,71,0.44936708860759494,158,0.5633802816901409,15
overall,MIXED,16.15,UTILITY,6653,ライアンドリーの仮面,71,35,36,0.49295774647887325,71,0.08595641646489104,826,2.464788732394366,15
overall,MIXED,16.14,ALL,3100,リッチ ベイン,71,35,36,0.49295774647887325,71,0.020402298850574714,3480,2.1690140845070425,15
overall,MIXED,16.13,MIDDLE,4646,ストームサージ,71,34,37,0.4788732394366197,71,0.10790273556231003,658,2.619718309859155,15
overall,MIXED,16.15,ALL,1033,ヌルマジック マント,71,34,37,0.4788732394366197,71,0.01719128329297821,4130,3.7183098591549295,15
overall,MIXED,16.13,JUNGLE,6672,クラーケン スレイヤー,71,33,38,0.4647887323943662,71,0.10790273556231003,658,1.2253521126760563,15
overall,MIXED,16.18,JUNGLE,2055,コントロール ワード,71,33,38,0.4647887323943662,71,0.2113095238095238,336,1.9295774647887325,15
overall,MIXED,15.24,ALL,6631,ストライドブレイカー,71,33,38,0.4647887323943662,71,0.04152046783625731,1710,1.2394366197183098,15
overall,MIXED,16.15,ALL,6620,ヘリアの残響,71,33,38,0.4647887323943662,71,0.01719128329297821,4130,2.028169014084507,15
overall,MIXED,16.15,UTILITY,6620,ヘリアの残響,71,33,38,0.4647887323943662,71,0.08595641646489104,826,2.028169014084507,15
overall,MIXED,16.13,BOTTOM,6672,クラーケン スレイヤー,71,32,39,0.4507042253521127,71,0.10790273556231003,658,1.5633802816901408,15
overall,MIXED,16.10,ALL,6676,コレクター,71,32,39,0.4507042253521127,71,0.06396396396396396,1110,1.7887323943661972,15
overall,MIXED,15.18,UTILITY,2055,コントロール ワード,71,32,39,0.4507042253521127,71,0.5461538461538461,130,2.3661971830985915,15
overall,MIXED,15.20,UTILITY,2055,コントロール ワード,71,32,39,0.4507042253521127,71,0.5378787878787878,132,2.4788732394366195,15
overall,MIXED,15.2,MIDDLE,3340,ステルス ワード,71,32,39,0.4507042253521127,71,0.7717391304347826,92,6.0,15
overall,MIXED,16.11,ALL,3020,ソーサラー シューズ,71,32,39,0.4507042253521127,71,0.06016949152542373,1180,2.1549295774647885,15
overall,MIXED,16.11,ALL,1058,ムダニ デカイ ロッド,70,44,26,0.6285714285714286,70,0.059322033898305086,1180,3.3142857142857145,15
overall,MIXED,16.15,ALL,2420,シーカー アームガード,70,42,28,0.6,70,0.01694915254237288,4130,1.7714285714285714,15
overall,MIXED,16.13,ALL,3033,モータル リマインダー,70,40,30,0.5714285714285714,70,0.02127659574468085,3290,3.1,15
overall,MIXED,16.14,ALL,3173,チェインレースド クラッシャー,70,38,32,0.5428571428571428,70,0.020114942528735632,3480,2.5285714285714285,15
overall,MIXED,16.14,MIDDLE,3173,チェインレースド クラッシャー,70,38,32,0.5428571428571428,70,0.10057471264367816,696,2.5285714285714285,15
overall,MIXED,15.7,ALL,3363,ファーサイト オルタレーション,70,38,32,0.5428571428571428,70,0.15217391304347827,460,6.0,15
overall,MIXED,15.22,ALL,3111,マーキュリー ブーツ,70,38,32,0.5428571428571428,70,0.10606060606060606,660,2.4,15
overall,MIXED,16.17,ALL,4005,帝国の指令,70,37,33,0.5285714285714286,70,0.013888888888888888,5040,2.6285714285714286,15
overall,MIXED,15.22,UTILITY,2055,コントロール ワード,70,36,34,0.5142857142857142,70,0.5303030303030303,132,2.4285714285714284,15
overall,MIXED,16.15,BOTTOM,3089,ラバドン デスキャップ,70,36,34,0.5142857142857142,70,0.0847457627118644,826,2.8285714285714287,15
overall,MIXED,16.9,ALL,3031,インフィニティ エッジ,70,35,35,0.5,70,0.08860759493670886,790,2.2714285714285714,15
overall,MIXED,16.17,JUNGLE,1028,ルビー クリスタル,70,35,35,0.5,70,0.06944444444444445,1008,3.9285714285714284,15
overall,MIXED,16.2,BOTTOM,3363,ファーサイト オルタレーション,70,34,36,0.4857142857142857,70,0.49295774647887325,142,6.0,15
overall,MIXED,15.21,ALL,3111,マーキュリー ブーツ,70,34,36,0.4857142857142857,70,0.11864406779661017,590,2.2142857142857144,15
overall,MIXED,15.13,ALL,3153,ルインドキング ブレード,70,34,36,0.4857142857142857,70,0.07291666666666667,960,1.8,15
overall,MIXED,16.3,ALL,4645,シャドウフレイム,70,33,37,0.4714285714285714,70,0.07954545454545454,880,2.5,15
overall,MIXED,16.1,ALL,3020,ソーサラー シューズ,70,33,37,0.4714285714285714,70,0.09090909090909091,770,2.4571428571428573,15
overall,MIXED,16.15,TOP,3075,ソーンメイル,70,33,37,0.4714285714285714,70,0.0847457627118644,826,2.4714285714285715,15
overall,MIXED,16.15,JUNGLE,3078,トリニティ フォース,70,32,38,0.45714285714285713,70,0.0847457627118644,826,1.2428571428571429,15
overall,MIXED,16.17,ALL,1120,ドラン ヘルム,70,32,38,0.45714285714285713,70,0.013888888888888888,5040,0.8285714285714286,15
overall,MIXED,16.17,MIDDLE,1086,ドラン ボウ,70,32,38,0.45714285714285713,70,0.06944444444444445,1008,0.5571428571428572,15
overall,MIXED,16.13,JUNGLE,1036,ロング ソード,70,28,42,0.4,70,0.10638297872340426,658,3.842857142857143,15
overall,MIXED,16.17,ALL,3041,メジャイ ソウルスティーラー,69,60,9,0.8695652173913043,69,0.01369047619047619,5040,2.4782608695652173,15
overall,MIXED,16.14,BOTTOM,3046,ファントム ダンサー,69,42,27,0.6086956521739131,69,0.09913793103448276,696,2.0144927536231885,15
overall,MIXED,16.7,BOTTOM,3363,ファーサイト オルタレーション,69,42,27,0.6086956521739131,69,0.44805194805194803,154,6.0,15
overall,MIXED,16.15,ALL,2502,終わりなき絶望,69,42,27,0.6086956521739131,69,0.016707021791767553,4130,2.217391304347826,15
overall,MIXED,16.18,BOTTOM,6676,コレクター,69,41,28,0.5942028985507246,69,0.20535714285714285,336,1.6666666666666667,15
overall,MIXED,15.16,ALL,3363,ファーサイト オルタレーション,69,41,28,0.5942028985507246,69,0.12777777777777777,540,6.0,15
overall,MIXED,16.16,ALL,3877,ブラッドソング,69,41,28,0.5942028985507246,69,0.02072072072072072,3330,0.4927536231884058,15
overall,MIXED,16.16,UTILITY,3877,ブラッドソング,69,41,28,0.5942028985507246,69,0.1036036036036036,666,0.4927536231884058,15
overall,MIXED,16.3,ALL,3158,アイオニア ブーツ,69,40,29,0.5797101449275363,69,0.07840909090909091,880,2.5217391304347827,15
overall,MIXED,16.14,MIDDLE,1082,ダーク シール,69,40,29,0.5797101449275363,69,0.09913793103448276,696,2.652173913043478,15
overall,MIXED,16.17,JUNGLE,6697,ヒュブリス,69,40,29,0.5797101449275363,69,0.06845238095238096,1008,1.681159420289855,15
overall,MIXED,16.12,BOTTOM,3363,ファーサイト オルタレーション,69,40,29,0.5797101449275363,69,0.3898305084745763,177,6.0,15
overall,MIXED,16.16,ALL,1031,チェイン ベスト,69,39,30,0.5652173913043478,69,0.02072072072072072,3330,3.5217391304347827,15
overall,MIXED,16.15,MIDDLE,6657,ロッド オブ エイジス,69,38,31,0.5507246376811594,69,0.08353510895883777,826,2.072463768115942,15
overall,MIXED,15.13,JUNGLE,2055,コントロール ワード,69,37,32,0.5362318840579711,69,0.359375,192,2.4782608695652173,15
overall,MIXED,16.1,BOTTOM,3340,ステルス ワード,69,37,32,0.5362318840579711,69,0.44805194805194803,154,6.0,15
overall,MIXED,15.16,ALL,1055,ドラン ブレード,69,37,32,0.5362318840579711,69,0.12777777777777777,540,0.5797101449275363,15
overall,MIXED,16.18,UTILITY,3047,プレート スチールキャップ,69,37,32,0.5362318840579711,69,0.20535714285714285,336,2.536231884057971,15
overall,MIXED,16.13,MIDDLE,6653,ライアンドリーの仮面,69,37,32,0.5362318840579711,69,0.10486322188449848,658,2.5072463768115942,15
overall,MIXED,16.17,TOP,4633,リフトメーカー,69,37,32,0.5362318840579711,69,0.06845238095238096,1008,2.2028985507246377,15
overall,MIXED,16.1,ALL,4645,シャドウフレイム,69,36,33,0.5217391304347826,69,0.08961038961038961,770,2.5072463768115942,15
overall,MIXED,16.2,BOTTOM,3340,ステルス ワード,69,36,33,0.5217391304347826,69,0.4859154929577465,142,6.0,15
overall,MIXED,16.16,MIDDLE,6653,ライアンドリーの仮面,69,36,33,0.5217391304347826,69,0.1036036036036036,666,2.6231884057971016,15
overall,MIXED,16.17,MIDDLE,3031,インフィニティ エッジ,69,35,34,0.5072463768115942,69,0.06845238095238096,1008,2.0144927536231885,15
overall,MIXED,15.18,BOTTOM,1055,ドラン ブレード,69,35,34,0.5072463768115942,69,0.5307692307692308,130,0.5652173913043478,15
overall,MIXED,16.16,ALL,3035,ラスト ウィスパー,69,35,34,0.5072463768115942,69,0.02072072072072072,3330,3.420289855072464,15
overall,MIXED,15.7,ALL,3006,バーサーカー ブーツ,69,34,35,0.4927536231884058,69,0.15,460,2.1739130434782608,15
overall,MIXED,15.8,BOTTOM,3363,ファーサイト オルタレーション,69,34,35,0.4927536231884058,69,0.5307692307692308,130,6.0,15
overall,MIXED,16.4,ALL,3031,インフィニティ エッジ,69,33,36,0.4782608695652174,69,0.13018867924528302,530,2.0869565217391304,15
overall,MIXED,15.24,ALL,4646,ストームサージ,69,33,36,0.4782608695652174,69,0.04035087719298246,1710,2.4347826086956523,15
overall,MIXED,15.4,ALL,2055,コントロール ワード,69,32,37,0.463768115942029,69,0.25555555555555554,270,2.449275362318841,15
overall,MIXED,16.15,JUNGLE,2019,スチール シジル,69,32,37,0.463768115942029,69,0.08353510895883777,826,3.739130434782609,15
overall,MIXED,16.16,TOP,3153,ルインドキング ブレード,69,32,37,0.463768115942029,69,0.1036036036036036,666,1.608695652173913,15
overall,MIXED,15.24,MIDDLE,6655,ルーデン エコー,69,32,37,0.463768115942029,69,0.20175438596491227,342,2.028985507246377,15
overall,MIXED,15.17,ALL,3009,スイフトネス ブーツ,69,31,38,0.4492753623188406,69,0.08518518518518518,810,2.8260869565217392,15
overall,MIXED,15.14,ALL,3047,プレート スチールキャップ,69,31,38,0.4492753623188406,69,0.15,460,2.1449275362318843,15
overall,MIXED,16.14,ALL,6620,ヘリアの残響,69,29,40,0.42028985507246375,69,0.019827586206896553,3480,2.1449275362318843,15
overall,MIXED,16.14,UTILITY,6620,ヘリアの残響,69,29,40,0.42028985507246375,69,0.09913793103448276,696,2.1449275362318843,15
overall,MIXED,16.17,BOTTOM,6655,ルーデン エコー,69,25,44,0.36231884057971014,69,0.06845238095238096,1008,1.7971014492753623,15
overall,MIXED,16.17,TOP,3053,ステラックの篭手,68,49,19,0.7205882352941176,68,0.06746031746031746,1008,2.3970588235294117,15
overall,MIXED,16.15,ALL,3035,ラスト ウィスパー,68,48,20,0.7058823529411765,68,0.01646489104116223,4130,3.4705882352941178,15
overall,MIXED,16.18,ALL,1038,B. F. ソード,68,44,24,0.6470588235294118,68,0.04047619047619048,1680,3.5441176470588234,15
overall,MIXED,16.16,JUNGLE,6699,ボルテイク サイクロソード,68,43,25,0.6323529411764706,68,0.1021021021021021,666,1.8529411764705883,15
overall,MIXED,15.10,ALL,3031,インフィニティ エッジ,68,40,28,0.5882352941176471,68,0.09855072463768116,690,2.1176470588235294,15
overall,MIXED,15.18,ALL,1056,ドラン リング,68,40,28,0.5882352941176471,68,0.10461538461538461,650,0.6470588235294118,15
overall,MIXED,15.20,ALL,6653,ライアンドリーの仮面,68,40,28,0.5882352941176471,68,0.10303030303030303,660,2.2941176470588234,15
overall,MIXED,16.6,ALL,3111,マーキュリー ブーツ,68,38,30,0.5588235294117647,68,0.08947368421052632,760,2.014705882352941,15
overall,MIXED,16.9,ALL,3158,アイオニア ブーツ,68,37,31,0.5441176470588235,68,0.08607594936708861,790,2.323529411764706,15
overall,MIXED,16.16,ALL,1011,ジャイアント ベルト,68,37,31,0.5441176470588235,68,0.02042042042042042,3330,3.7941176470588234,15
overall,MIXED,16.16,ALL,3742,デッド マン プレート,68,36,32,0.5294117647058824,68,0.02042042042042042,3330,2.3529411764705883,15
overall,MIXED,16.1,ALL,3111,マーキュリー ブーツ,68,36,32,0.5294117647058824,68,0.08831168831168831,770,2.2058823529411766,15
overall,MIXED,14.20,MIDDLE,3340,ステルス ワード,68,34,34,0.5,68,0.7391304347826086,92,6.0,15
overall,MIXED,16.3,ALL,3157,ゾーニャの砂時計,68,34,34,0.5,68,0.07727272727272727,880,1.3235294117647058,15
overall,MIXED,15.23,BOTTOM,3363,ファーサイト オルタレーション,68,34,34,0.5,68,0.5862068965517241,116,6.0,15
overall,MIXED,16.14,ALL,3087,スタティック シヴ,68,33,35,0.4852941176470588,68,0.01954022988505747,3480,1.911764705882353,15
overall,MIXED,16.13,TOP,3071,ブラック クリーバー,68,33,35,0.4852941176470588,68,0.1033434650455927,658,2.0588235294117645,15
overall,MIXED,16.5,ALL,3111,マーキュリー ブーツ,68,33,35,0.4852941176470588,68,0.08395061728395062,810,2.4411764705882355,15
overall,MIXED,15.7,ALL,6653,ライアンドリーの仮面,68,33,35,0.4852941176470588,68,0.14782608695652175,460,2.073529411764706,15
overall,MIXED,16.15,TOP,6692,赤月の刃,68,33,35,0.4852941176470588,68,0.08232445520581114,826,1.5294117647058822,15
overall,MIXED,15.23,BOTTOM,1055,ドラン ブレード,68,32,36,0.47058823529411764,68,0.5862068965517241,116,0.9117647058823529,15
overall,MIXED,15.21,ALL,3006,バーサーカー ブーツ,68,32,36,0.47058823529411764,68,0.1152542372881356,590,2.676470588235294,15
overall,MIXED,16.14,BOTTOM,1037,ピッケル,68,32,36,0.47058823529411764,68,0.09770114942528736,696,3.25,15
overall,MIXED,15.12,ALL,3020,ソーサラー シューズ,68,31,37,0.45588235294117646,68,0.13333333333333333,510,2.735294117647059,15
overall,MIXED,16.15,ALL,1120,ドラン ヘルム,68,31,37,0.45588235294117646,68,0.01646489104116223,4130,0.9558823529411765,15
overall,MIXED,16.17,ALL,3044,ファージ,68,31,37,0.45588235294117646,68,0.013492063492063493,5040,2.838235294117647,15
overall,MIXED,15.24,UTILITY,3047,プレート スチールキャップ,68,30,38,0.4411764705882353,68,0.19883040935672514,342,2.838235294117647,15
overall,MIXED,16.11,ALL,1036,ロング ソード,68,30,38,0.4411764705882353,68,0.0576271186440678,1180,3.911764705882353,15
overall,MIXED,15.24,ALL,2021,トンネル掘り,68,29,39,0.4264705882352941,68,0.03976608187134503,1710,3.088235294117647,15
overall,MIXED,15.22,ALL,3158,アイオニア ブーツ,68,28,40,0.4117647058823529,68,0.10303030303030303,660,2.676470588235294,15
overall,MIXED,16.15,ALL,3070,女神の涙,68,28,40,0.4117647058823529,68,0.01646489104116223,4130,1.911764705882353,15
overall,MIXED,16.14,UTILITY,1028,ルビー クリスタル,68,23,45,0.3382352941176471,68,0.09770114942528736,696,4.205882352941177,15
overall,MIXED,16.10,ALL,3071,ブラック クリーバー,67,44,23,0.6567164179104478,67,0.06036036036036036,1110,2.044776119402985,15
overall,MIXED,16.14,BOTTOM,1038,B. F. ソード,67,40,27,0.5970149253731343,67,0.09626436781609195,696,2.8507462686567164,15
overall,MIXED,15.10,ALL,6653,ライアンドリーの仮面,67,40,27,0.5970149253731343,67,0.09710144927536232,690,2.1492537313432836,15
overall,MIXED,16.14,TOP,3053,ステラックの篭手,67,39,28,0.582089552238806,67,0.09626436781609195,696,2.611940298507463,15
overall,MIXED,16.7,TOP,3047,プレート スチールキャップ,67,37,30,0.5522388059701493,67,0.43506493506493504,154,2.298507462686567,15
overall,MIXED,16.1,ALL,1056,ドラン リング,67,36,31,0.5373134328358209,67,0.08701298701298701,770,0.6268656716417911,15
overall,MIXED,15.22,BOTTOM,3363,ファーサイト オルタレーション,67,36,31,0.5373134328358209,67,0.5075757575757576,132,6.0,15
overall,MIXED,16.13,TOP,3153,ルインドキング ブレード,67,36,31,0.5373134328358209,67,0.10182370820668693,658,2.1044776119402986,15
overall,MIXED,16.17,ALL,3068,サンファイア イージス,67,35,32,0.5223880597014925,67,0.013293650793650793,5040,1.5671641791044777,15
overall,MIXED,16.15,TOP,3053,ステラックの篭手,67,35,32,0.5223880597014925,67,0.0811138014527845,826,2.4477611940298507,15
overall,MIXED,15.22,BOTTOM,1055,ドラン ブレード,67,35,32,0.5223880597014925,67,0.5075757575757576,132,0.4626865671641791,15
overall,MIXED,16.10,ALL,1086,ドラン ボウ,67,35,32,0.5223880597014925,67,0.06036036036036036,1110,0.5970149253731343,15
overall,MIXED,16.2,BOTTOM,3031,インフィニティ エッジ,67,34,33,0.5074626865671642,67,0.47183098591549294,142,2.1641791044776117,15
overall,MIXED,15.18,BOTTOM,3363,ファーサイト オルタレーション,67,34,33,0.5074626865671642,67,0.5153846153846153,130,6.0,15
overall,MIXED,16.12,ALL,3071,ブラック クリーバー,67,34,33,0.5074626865671642,67,0.07528089887640449,890,2.283582089552239,15
overall,MIXED,15.12,MIDDLE,3340,ステルス ワード,67,33,34,0.4925373134328358,67,0.6568627450980392,102,6.0,15
overall,MIXED,16.12,MIDDLE,1056,ドラン リング,67,33,34,0.4925373134328358,67,0.37640449438202245,178,0.835820895522388,15
overall,MIXED,16.14,TOP,3006,バーサーカー ブーツ,67,33,34,0.4925373134328358,67,0.09626436781609195,696,2.6865671641791047,15
overall,MIXED,16.7,ALL,3111,マーキュリー ブーツ,67,33,34,0.4925373134328358,67,0.08701298701298701,770,1.9104477611940298,15
overall,MIXED,16.7,JUNGLE,3047,プレート スチールキャップ,67,32,35,0.47761194029850745,67,0.43506493506493504,154,1.9701492537313432,15
overall,MIXED,16.15,ALL,3033,モータル リマインダー,67,32,35,0.47761194029850745,67,0.0162227602905569,4130,2.582089552238806,15
overall,MIXED,16.14,TOP,3071,ブラック クリーバー,67,31,36,0.4626865671641791,67,0.09626436781609195,696,2.1492537313432836,15
overall,MIXED,15.7,JUNGLE,3364,オラクル レンズ,67,30,37,0.44776119402985076,67,0.7282608695652174,92,6.0,15
overall,MIXED,15.9,ALL,3020,ソーサラー シューズ,67,30,37,0.44776119402985076,67,0.1558139534883721,430,2.4925373134328357,15
overall,MIXED,16.13,JUNGLE,6333,デス ダンス,67,30,37,0.44776119402985076,67,0.10182370820668693,658,3.0,15
overall,MIXED,16.2,ALL,1056,ドラン リング,67,28,39,0.417910447761194,67,0.09436619718309859,710,0.582089552238806,15
overall,MIXED,16.13,MIDDLE,3152,ヘクステック ロケットベルト,67,28,39,0.417910447761194,67,0.10182370820668693,658,1.044776119402985,15
overall,MIXED,16.17,ALL,1043,リカーブ ボウ,67,16,51,0.23880597014925373,67,0.013293650793650793,5040,3.343283582089552,15
overall,MIXED,16.13,ALL,2420,シーカー アームガード,66,41,25,0.6212121212121212,66,0.02006079027355623,3290,1.6666666666666667,15
overall,MIXED,16.15,JUNGLE,6653,ライアンドリーの仮面,66,40,26,0.6060606060606061,66,0.07990314769975787,826,1.8636363636363635,15
overall,MIXED,16.17,ALL,3073,実験的ヘクスプレート,66,40,26,0.6060606060606061,66,0.013095238095238096,5040,1.893939393939394,15
overall,MIXED,15.17,ALL,4645,シャドウフレイム,66,39,27,0.5909090909090909,66,0.08148148148148149,810,2.5,15
overall,MIXED,16.18,ALL,3084,心の鋼,66,39,27,0.5909090909090909,66,0.039285714285714285,1680,1.4696969696969697,15
overall,MIXED,16.7,ALL,3031,インフィニティ エッジ,66,37,29,0.5606060606060606,66,0.08571428571428572,770,2.6666666666666665,15
overall,MIXED,16.15,ALL,3087,スタティック シヴ,66,37,29,0.5606060606060606,66,0.015980629539951573,4130,1.6363636363636365,15
overall,MIXED,15.17,ALL,6672,クラーケン スレイヤー,66,36,30,0.5454545454545454,66,0.08148148148148149,810,1.6818181818181819,15
overall,MIXED,16.5,TOP,3047,プレート スチールキャップ,66,36,30,0.5454545454545454,66,0.4074074074074074,162,2.606060606060606,15
overall,MIXED,16.13,ALL,3035,ラスト ウィスパー,66,36,30,0.5454545454545454,66,0.02006079027355623,3290,3.5454545454545454,15
overall,MIXED,16.16,JUNGLE,3158,アイオニア ブーツ,66,35,31,0.5303030303030303,66,0.0990990990990991,666,2.1818181818181817,15
overall,MIXED,15.19,ALL,3075,ソーンメイル,66,35,31,0.5303030303030303,66,0.057391304347826085,1150,2.5303030303030303,15
overall,MIXED,16.14,ALL,3072,ブラッドサースター,66,35,31,0.5303030303030303,66,0.01896551724137931,3480,2.121212121212121,15
overall,MIXED,16.18,ALL,3089,ラバドン デスキャップ,66,35,31,0.5303030303030303,66,0.039285714285714285,1680,2.772727272727273,15
overall,MIXED,16.7,ALL,6655,ルーデン エコー,66,35,31,0.5303030303030303,66,0.08571428571428572,770,2.1515151515151514,15
overall,MIXED,15.24,ALL,3067,キンドルジェム,66,34,32,0.5151515151515151,66,0.03859649122807018,1710,3.8181818181818183,15
overall,MIXED,16.15,JUNGLE,3161,ショウジンの矛,66,33,33,0.5,66,0.07990314769975787,826,1.5606060606060606,15
overall,MIXED,16.13,TOP,6631,ストライドブレイカー,66,33,33,0.5,66,0.10030395136778116,658,1.1363636363636365,15
overall,MIXED,15.14,ALL,1056,ドラン リング,66,33,33,0.5,66,0.14347826086956522,460,0.5151515151515151,15
overall,MIXED,16.13,TOP,3006,バーサーカー ブーツ,66,33,33,0.5,66,0.10030395136778116,658,2.212121212121212,15
overall,MIXED,16.9,TOP,3047,プレート スチールキャップ,66,33,33,0.5,66,0.4177215189873418,158,2.4242424242424243,15
overall,MIXED,16.17,JUNGLE,2510,黄昏と暁,66,33,33,0.5,66,0.06547619047619048,1008,1.8181818181818181,15
overall,MIXED,15.3,TOP,3340,ステルス ワード,66,32,34,0.48484848484848486,66,0.8048780487804879,82,6.0,15
overall,MIXED,15.10,MIDDLE,3020,ソーサラー シューズ,66,32,34,0.48484848484848486,66,0.4782608695652174,138,2.787878787878788,15
overall,MIXED,16.15,ALL,3742,デッド マン プレート,66,32,34,0.48484848484848486,66,0.015980629539951573,4130,2.0757575757575757,15
overall,MIXED,16.11,ALL,3078,トリニティ フォース,66,32,34,0.48484848484848486,66,0.05593220338983051,1180,1.3484848484848484,15
overall,MIXED,16.11,BOTTOM,1055,ドラン ブレード,66,32,34,0.48484848484848486,66,0.2796610169491525,236,0.696969696969697,15
overall,MIXED,14.19,ALL,3006,バーサーカー ブーツ,66,32,34,0.48484848484848486,66,0.15714285714285714,420,2.3484848484848486,15
overall,MIXED,16.15,JUNGLE,6699,ボルテイク サイクロソード,66,32,34,0.48484848484848486,66,0.07990314769975787,826,1.7121212121212122,15
overall,MIXED,15.19,ALL,1058,ムダニ デカイ ロッド,66,32,34,0.48484848484848486,66,0.057391304347826085,1150,3.0606060606060606,15
overall,MIXED,16.14,UTILITY,3116,リーライ クリスタル セプター,66,32,34,0.48484848484848486,66,0.09482758620689655,696,2.757575757575758,15
overall,MIXED,16.4,JUNGLE,3364,オラクル レンズ,66,31,35,0.4696969696969697,66,0.6226415094339622,106,6.0,15
overall,MIXED,16.14,ALL,3123,エクスキューショナー コーリング,66,30,36,0.45454545454545453,66,0.01896551724137931,3480,3.1666666666666665,15
overall,MIXED,16.13,JUNGLE,6699,ボルテイク サイクロソード,66,30,36,0.45454545454545453,66,0.10030395136778116,658,1.4242424242424243,15
overall,MIXED,16.18,MIDDLE,2031,詰め替えポーション,66,30,36,0.45454545454545453,66,0.19642857142857142,336,1.3636363636363635,15
overall,MIXED,16.13,ALL,6696,アクシオム アーク,66,29,37,0.4393939393939394,66,0.02006079027355623,3290,1.9848484848484849,15
overall,MIXED,16.16,MIDDLE,3100,リッチ ベイン,66,29,37,0.4393939393939394,66,0.0990990990990991,666,2.4242424242424243,15
overall,MIXED,16.16,ALL,3508,エッセンス リーバー,66,28,38,0.42424242424242425,66,0.01981981981981982,3330,1.6666666666666667,15
overall,MIXED,16.15,BOTTOM,3124,グインソー レイジブレード,66,28,38,0.42424242424242425,66,0.07990314769975787,826,2.3333333333333335,15
overall,MIXED,15.10,ALL,3009,スイフトネス ブーツ,66,28,38,0.42424242424242425,66,0.09565217391304348,690,2.484848484848485,15
overall,MIXED,15.24,BOTTOM,2031,詰め替えポーション,66,28,38,0.42424242424242425,66,0.1935483870967742,341,1.196969696969697,15
overall,MIXED,16.15,BOTTOM,3046,ファントム ダンサー,66,27,39,0.4090909090909091,66,0.07990314769975787,826,2.106060606060606,15
overall,MIXED,16.4,ALL,3111,マーキュリー ブーツ,66,27,39,0.4090909090909091,66,0.12452830188679245,530,2.0454545454545454,15
overall,MIXED,15.15,ALL,3020,ソーサラー シューズ,66,26,40,0.3939393939393939,66,0.16097560975609757,410,2.6666666666666665,15
overall,MIXED,15.19,ALL,3157,ゾーニャの砂時計,65,43,22,0.6615384615384615,65,0.05652173913043478,1150,1.6307692307692307,15
overall,MIXED,16.17,BOTTOM,3026,ガーディアン エンジェル,65,40,25,0.6153846153846154,65,0.06448412698412699,1008,2.2615384615384615,15
overall,MIXED,16.15,ALL,3050,ジーク コンバージェンス,65,40,25,0.6153846153846154,65,0.015738498789346248,4130,2.3692307692307693,15
overall,MIXED,15.19,ALL,3078,トリニティ フォース,65,38,27,0.5846153846153846,65,0.05652173913043478,1150,2.0,15
overall,MIXED,16.9,ALL,3111,マーキュリー ブーツ,65,37,28,0.5692307692307692,65,0.08227848101265822,790,2.1846153846153844,15
overall,MIXED,16.16,ALL,6665,変幻自在のジャック＝ショー,65,37,28,0.5692307692307692,65,0.01951951951951952,3330,2.3230769230769233,15
overall,MIXED,16.15,ALL,3094,ラピッド ファイアキャノン,65,36,29,0.5538461538461539,65,0.015738498789346248,4130,2.9384615384615387,15
overall,MIXED,15.13,ALL,3009,スイフトネス ブーツ,65,35,30,0.5384615384615384,65,0.06770833333333333,960,2.1538461538461537,15
overall,MIXED,16.17,BOTTOM,6675,ナヴォリ フリッカーブレード,65,35,30,0.5384615384615384,65,0.06448412698412699,1008,2.3076923076923075,15
overall,MIXED,16.3,TOP,3047,プレート スチールキャップ,65,35,30,0.5384615384615384,65,0.3693181818181818,176,2.707692307692308,15
overall,MIXED,16.16,JUNGLE,6653,ライアンドリーの仮面,65,35,30,0.5384615384615384,65,0.09759759759759759,666,1.9230769230769231,15
overall,MIXED,16.12,BOTTOM,1086,ドラン ボウ,65,34,31,0.5230769230769231,65,0.3672316384180791,177,0.676923076923077,15
overall,MIXED,14.24,ALL,3047,プレート スチールキャップ,65,34,31,0.5230769230769231,65,0.26,250,2.5076923076923077,15
overall,MIXED,16.13,UTILITY,1052,増魔の書,65,34,31,0.5230769230769231,65,0.0989345509893455,657,3.9384615384615387,15
overall,MIXED,16.16,ALL,2022,輝きのモート,65,34,31,0.5230769230769231,65,0.01951951951951952,3330,4.046153846153846,15
overall,MIXED,15.8,ALL,3009,スイフトネス ブーツ,65,33,32,0.5076923076923077,65,0.1,650,2.4461538461538463,15
overall,MIXED,14.20,BOTTOM,3340,ステルス ワード,65,33,32,0.5076923076923077,65,0.7065217391304348,92,6.0,15
overall,MIXED,15.11,MIDDLE,3340,ステルス ワード,65,33,32,0.5076923076923077,65,0.6132075471698113,106,6.0,15
overall,MIXED,15.10,BOTTOM,1055,ドラン ブレード,65,32,33,0.49230769230769234,65,0.47101449275362317,138,0.3384615384615385,15
overall,MIXED,16.7,ALL,1037,ピッケル,65,32,33,0.49230769230769234,65,0.08441558441558442,770,3.5692307692307694,15
overall,MIXED,16.2,ALL,2510,黄昏と暁,65,32,33,0.49230769230769234,65,0.09154929577464789,710,1.5846153846153845,15
overall,MIXED,15.13,MIDDLE,1056,ドラン リング,65,31,34,0.47692307692307695,65,0.3403141361256545,191,1.0461538461538462,15
overall,MIXED,15.21,BOTTOM,3363,ファーサイト オルタレーション,65,31,34,0.47692307692307695,65,0.5555555555555556,117,6.0,15
overall,MIXED,16.18,JUNGLE,6672,クラーケン スレイヤー,65,30,35,0.46153846153846156,65,0.19345238095238096,336,1.3846153846153846,15
overall,MIXED,15.17,BOTTOM,3031,インフィニティ エッジ,65,29,36,0.4461538461538462,65,0.4012345679012346,162,1.8615384615384616,15
overall,MIXED,16.13,UTILITY,3340,ステルス ワード,65,29,36,0.4461538461538462,65,0.0989345509893455,657,6.0,15
overall,MIXED,16.15,BOTTOM,3157,ゾーニャの砂時計,65,29,36,0.4461538461538462,65,0.07869249394673124,826,1.2,15
overall,MIXED,15.18,BOTTOM,3006,バーサーカー ブーツ,65,29,36,0.4461538461538462,65,0.5,130,2.523076923076923,15
overall,MIXED,16.17,MIDDLE,6657,ロッド オブ エイジス,65,29,36,0.4461538461538462,65,0.06448412698412699,1008,2.0923076923076924,15
overall,MIXED,16.4,BOTTOM,3340,ステルス ワード,65,28,37,0.4307692307692308,65,0.6132075471698113,106,6.0,15
overall,MIXED,16.14,ALL,3040,セラフ エンブレイス,64,39,25,0.609375,64,0.01839080459770115,3480,1.984375,15
overall,MIXED,15.24,ALL,1038,B. F. ソード,64,38,26,0.59375,64,0.03742690058479532,1710,3.515625,15
overall,MIXED,16.17,JUNGLE,3153,ルインドキング ブレード,64,38,26,0.59375,64,0.06349206349206349,1008,1.71875,15
overall,MIXED,15.22,ALL,1056,ドラン リング,64,36,28,0.5625,64,0.09696969696969697,660,1.234375,15
overall,MIXED,16.14,ALL,3073,実験的ヘクスプレート,64,36,28,0.5625,64,0.01839080459770115,3480,1.796875,15
overall,MIXED,16.5,BOTTOM,3031,インフィニティ エッジ,64,35,29,0.546875,64,0.3950617283950617,162,2.21875,15
overall,MIXED,16.16,ALL,3087,スタティック シヴ,64,35,29,0.546875,64,0.01921921921921922,3330,1.9375,15
overall,MIXED,15.9,ALL,3363,ファーサイト オルタレーション,64,35,29,0.546875,64,0.14883720930232558,430,6.0,15
overall,MIXED,16.15,ALL,3110,フローズン ハート,64,35,29,0.546875,64,0.01549636803874092,4130,2.96875,15
overall,MIXED,14.22,ALL,3020,ソーサラー シューズ,64,34,30,0.53125,64,0.2206896551724138,290,2.734375,15
overall,MIXED,15.17,ALL,3075,ソーンメイル,64,34,30,0.53125,64,0.07901234567901234,810,3.0625,15
overall,MIXED,15.13,ALL,1054,ドラン シールド,64,33,31,0.515625,64,0.06666666666666667,960,0.796875,15
overall,MIXED,16.13,ALL,2524,バンドルパイプ,64,33,31,0.515625,64,0.019452887537993922,3290,2.90625,15
overall,MIXED,16.18,UTILITY,3009,スイフトネス ブーツ,64,32,32,0.5,64,0.19047619047619047,336,2.71875,15
overall,MIXED,16.17,JUNGLE,3075,ソーンメイル,64,32,32,0.5,64,0.06349206349206349,1008,2.8125,15
overall,MIXED,15.15,ALL,1055,ドラン ブレード,64,32,32,0.5,64,0.15609756097560976,410,0.46875,15
overall,MIXED,15.7,ALL,1055,ドラン ブレード,64,32,32,0.5,64,0.1391304347826087,460,0.515625,15
overall,MIXED,16.13,BOTTOM,1056,ドラン リング,64,32,32,0.5,64,0.0972644376899696,658,0.390625,15
overall,MIXED,16.10,ALL,1037,ピッケル,64,32,32,0.5,64,0.05765765765765766,1110,3.34375,15
overall,MIXED,15.12,ALL,3363,ファーサイト オルタレーション,64,32,32,0.5,64,0.12549019607843137,510,6.0,15
overall,MIXED,16.14,TOP,3153,ルインドキング ブレード,64,32,32,0.5,64,0.09195402298850575,696,1.734375,15
overall,MIXED,15.13,ALL,1036,ロング ソード,64,32,32,0.5,64,0.06666666666666667,960,3.765625,15
overall,MIXED,15.24,ALL,6692,赤月の刃,64,32,32,0.5,64,0.03742690058479532,1710,1.5,15
overall,MIXED,16.17,JUNGLE,3152,ヘクステック ロケットベルト,64,31,33,0.484375,64,0.06349206349206349,1008,1.1875,15
overall,MIXED,16.17,TOP,1029,クロース アーマー,64,30,34,0.46875,64,0.06349206349206349,1008,3.34375,15
overall,MIXED,16.15,JUNGLE,1037,ピッケル,64,30,34,0.46875,64,0.0774818401937046,826,3.40625,15
overall,MIXED,16.17,JUNGLE,3006,バーサーカー ブーツ,64,29,35,0.453125,64,0.06349206349206349,1008,1.75,15
overall,MIXED,16.13,ALL,3877,ブラッドソング,64,29,35,0.453125,64,0.019452887537993922,3290,0.3125,15
overall,MIXED,16.13,UTILITY,3877,ブラッドソング,64,29,35,0.453125,64,0.0974124809741248,657,0.3125,15
overall,MIXED,16.11,ALL,1028,ルビー クリスタル,64,29,35,0.453125,64,0.05423728813559322,1180,4.046875,15
overall,MIXED,15.16,ALL,3006,バーサーカー ブーツ,64,26,38,0.40625,64,0.11851851851851852,540,2.59375,15
overall,MIXED,16.3,ALL,6655,ルーデン エコー,64,25,39,0.390625,64,0.07272727272727272,880,2.078125,15
overall,MIXED,15.13,TOP,3047,プレート スチールキャップ,64,24,40,0.375,64,0.3333333333333333,192,2.5625,15
overall,MIXED,16.7,ALL,1028,ルビー クリスタル,64,23,41,0.359375,64,0.08311688311688312,770,3.8125,15
overall,MIXED,16.15,ALL,3008,グラトナス ブーツ,63,41,22,0.6507936507936508,63,0.015254237288135594,4130,1.9682539682539681,15
overall,MIXED,16.13,ALL,6665,変幻自在のジャック＝ショー,63,41,22,0.6507936507936508,63,0.019148936170212766,3290,2.6666666666666665,15
overall,MIXED,16.15,TOP,3161,ショウジンの矛,63,39,24,0.6190476190476191,63,0.07627118644067797,826,2.142857142857143,15
overall,MIXED,16.18,MIDDLE,1058,ムダニ デカイ ロッド,63,38,25,0.6031746031746031,63,0.1875,336,2.857142857142857,15
overall,MIXED,16.17,UTILITY,6653,ライアンドリーの仮面,63,38,25,0.6031746031746031,63,0.0625,1008,2.5238095238095237,15
overall,MIXED,16.14,TOP,3142,妖夢の霊剣,63,38,25,0.6031746031746031,63,0.09051724137931035,696,0.9682539682539683,15
overall,MIXED,16.16,ALL,3053,ステラックの篭手,63,37,26,0.5873015873015873,63,0.01891891891891892,3330,2.7142857142857144,15
overall,MIXED,16.5,ALL,3020,ソーサラー シューズ,63,37,26,0.5873015873015873,63,0.07777777777777778,810,2.2857142857142856,15
overall,MIXED,16.15,BOTTOM,2503,黒炎のトーチ,63,37,26,0.5873015873015873,63,0.07627118644067797,826,2.0,15
overall,MIXED,16.1,ALL,3158,アイオニア ブーツ,63,36,27,0.5714285714285714,63,0.08181818181818182,770,2.634920634920635,15
overall,MIXED,16.16,ALL,3094,ラピッド ファイアキャノン,63,36,27,0.5714285714285714,63,0.01891891891891892,3330,2.9682539682539684,15
overall,MIXED,15.8,ALL,3031,インフィニティ エッジ,63,35,28,0.5555555555555556,63,0.09692307692307692,650,2.4761904761904763,15
overall,MIXED,15.13,ALL,4645,シャドウフレイム,63,35,28,0.5555555555555556,63,0.065625,960,2.5238095238095237,15
overall,MIXED,16.13,BOTTOM,6697,ヒュブリス,63,35,28,0.5555555555555556,63,0.09574468085106383,658,1.9682539682539681,15
overall,MIXED,16.6,JUNGLE,3047,プレート スチールキャップ,63,35,28,0.5555555555555556,63,0.4144736842105263,152,1.7936507936507937,15
overall,MIXED,16.6,ALL,4645,シャドウフレイム,63,34,29,0.5396825396825397,63,0.08289473684210526,760,2.253968253968254,15
overall,MIXED,16.7,ALL,3158,アイオニア ブーツ,63,33,30,0.5238095238095238,63,0.08181818181818182,770,2.6507936507936507,15
overall,MIXED,16.14,ALL,3508,エッセンス リーバー,63,33,30,0.5238095238095238,63,0.01810344827586207,3480,1.8571428571428572,15
overall,MIXED,16.16,TOP,3075,ソーンメイル,63,33,30,0.5238095238095238,63,0.0945945945945946,666,2.4603174603174605,15
overall,MIXED,16.15,MIDDLE,3152,ヘクステック ロケットベルト,63,33,30,0.5238095238095238,63,0.07627118644067797,826,1.1746031746031746,15
overall,MIXED,16.13,ALL,3070,女神の涙,63,33,30,0.5238095238095238,63,0.019148936170212766,3290,2.0,15
overall,MIXED,15.15,JUNGLE,3364,オラクル レンズ,63,32,31,0.5079365079365079,63,0.7682926829268293,82,6.0,15
overall,MIXED,15.19,ALL,3071,ブラック クリーバー,63,32,31,0.5079365079365079,63,0.05478260869565217,1150,1.9047619047619047,15
overall,MIXED,16.18,ALL,6699,ボルテイク サイクロソード,63,32,31,0.5079365079365079,63,0.0375,1680,1.6984126984126984,15
overall,MIXED,16.16,ALL,6657,ロッド オブ エイジス,63,32,31,0.5079365079365079,63,0.01891891891891892,3330,1.9682539682539681,15
overall,MIXED,15.23,UTILITY,2055,コントロール ワード,63,30,33,0.47619047619047616,63,0.5431034482758621,116,2.6507936507936507,15
overall,MIXED,15.22,BOTTOM,3340,ステルス ワード,63,30,33,0.47619047619047616,63,0.4772727272727273,132,6.0,15
overall,MIXED,15.8,MIDDLE,3020,ソーサラー シューズ,63,30,33,0.47619047619047616,63,0.4846153846153846,130,2.619047619047619,15
overall,MIXED,16.2,ALL,3157,ゾーニャの砂時計,63,30,33,0.47619047619047616,63,0.08873239436619719,710,1.5396825396825398,15
overall,MIXED,16.14,ALL,2524,バンドルパイプ,63,30,33,0.47619047619047616,63,0.01810344827586207,3480,2.9365079365079363,15
overall,MIXED,15.24,ALL,3107,リデンプション,63,30,33,0.47619047619047616,63,0.03684210526315789,1710,1.7142857142857142,15
overall,MIXED,15.24,UTILITY,3107,リデンプション,63,30,33,0.47619047619047616,63,0.18421052631578946,342,1.7142857142857142,15
overall,MIXED,16.14,UTILITY,1029,クロース アーマー,63,29,34,0.4603174603174603,63,0.09051724137931035,696,4.0,15
overall,MIXED,15.9,ALL,1055,ドラン ブレード,63,29,34,0.4603174603174603,63,0.14651162790697675,430,0.9206349206349206,15
overall,MIXED,16.14,ALL,1033,ヌルマジック マント,63,29,34,0.4603174603174603,63,0.01810344827586207,3480,3.7142857142857144,15
overall,MIXED,16.5,ALL,1036,ロング ソード,63,29,34,0.4603174603174603,63,0.07777777777777778,810,3.5873015873015874,15
overall,MIXED,16.14,ALL,3068,サンファイア イージス,63,28,35,0.4444444444444444,63,0.01810344827586207,3480,2.0634920634920637,15
overall,MIXED,16.9,ALL,4645,シャドウフレイム,63,28,35,0.4444444444444444,63,0.07974683544303797,790,2.5238095238095237,15
overall,MIXED,15.19,TOP,1054,ドラン シールド,63,28,35,0.4444444444444444,63,0.27510917030567683,229,0.9047619047619048,15
overall,MIXED,16.17,ALL,3108,フィンディッシュの古書,63,28,35,0.4444444444444444,63,0.0125,5040,3.5873015873015874,15
overall,MIXED,15.16,ALL,6653,ライアンドリーの仮面,63,28,35,0.4444444444444444,63,0.11666666666666667,540,2.3492063492063493,15
overall,MIXED,16.15,BOTTOM,3508,エッセンス リーバー,63,27,36,0.42857142857142855,63,0.07627118644067797,826,1.6666666666666667,15
overall,MIXED,15.24,TOP,1055,ドラン ブレード,63,27,36,0.42857142857142855,63,0.18421052631578946,342,0.9206349206349206,15
overall,MIXED,16.5,ALL,6672,クラーケン スレイヤー,63,24,39,0.38095238095238093,63,0.07777777777777778,810,1.9523809523809523,15
overall,MIXED,15.14,ALL,3020,ソーサラー シューズ,63,24,39,0.38095238095238093,63,0.13695652173913042,460,2.5714285714285716,15
overall,MIXED,15.24,ALL,3145,ヘクステック オルタネーター,63,24,39,0.38095238095238093,63,0.03684210526315789,1710,3.4285714285714284,15
overall,MIXED,16.16,ALL,3068,サンファイア イージス,62,40,22,0.6451612903225806,62,0.018618618618618618,3330,1.5806451612903225,15
overall,MIXED,15.24,ALL,4633,リフトメーカー,62,40,22,0.6451612903225806,62,0.03625730994152047,1710,1.7096774193548387,15
overall,MIXED,16.17,ALL,3211,スペクター カウル,62,37,25,0.5967741935483871,62,0.012301587301587301,5040,3.403225806451613,15
overall,MIXED,16.7,MIDDLE,1056,ドラン リング,62,37,25,0.5967741935483871,62,0.4025974025974026,154,0.3870967741935484,15
overall,MIXED,16.10,ALL,1028,ルビー クリスタル,62,36,26,0.5806451612903226,62,0.055855855855855854,1110,4.032258064516129,15
overall,MIXED,16.12,BOTTOM,3031,インフィニティ エッジ,62,35,27,0.5645161290322581,62,0.3502824858757062,177,2.2096774193548385,15
overall,MIXED,16.10,ALL,6610,サンダード スカイ,62,35,27,0.5645161290322581,62,0.055855855855855854,1110,1.6612903225806452,15
overall,MIXED,16.16,UTILITY,3116,リーライ クリスタル セプター,62,35,27,0.5645161290322581,62,0.09309309309309309,666,2.4838709677419355,15
overall,MIXED,16.13,ALL,3073,実験的ヘクスプレート,62,35,27,0.5645161290322581,62,0.01884498480243161,3290,1.967741935483871,15
overall,MIXED,16.2,ALL,3020,ソーサラー シューズ,62,33,29,0.532258064516129,62,0.08732394366197183,710,2.1451612903225805,15
overall,MIXED,16.6,JUNGLE,3340,ステルス ワード,62,32,30,0.5161290322580645,62,0.40789473684210525,152,6.0,15
overall,MIXED,16.15,MIDDLE,1082,ダーク シール,62,32,30,0.5161290322580645,62,0.07506053268765134,826,2.693548387096774,15
overall,MIXED,16.14,ALL,1057,ネガトロン クローク,62,32,30,0.5161290322580645,62,0.017816091954022988,3480,3.370967741935484,15
overall,MIXED,16.13,UTILITY,2524,バンドルパイプ,62,32,30,0.5161290322580645,62,0.0943683409436834,657,2.903225806451613,15
overall,MIXED,16.15,ALL,3044,ファージ,62,32,30,0.5161290322580645,62,0.015012106537530266,4130,2.903225806451613,15
overall,MIXED,16.18,ALL,3085,ルナーン ハリケーン,62,32,30,0.5161290322580645,62,0.036904761904761905,1680,1.8548387096774193,15
overall,MIXED,16.15,TOP,2055,コントロール ワード,62,31,31,0.5,62,0.07506053268765134,826,2.3870967741935485,15
overall,MIXED,16.13,TOP,3053,ステラックの篭手,62,31,31,0.5,62,0.09422492401215805,658,2.532258064516129,15
overall,MIXED,14.22,ALL,3047,プレート スチールキャップ,62,31,31,0.5,62,0.21379310344827587,290,2.306451612903226,15
overall,MIXED,16.11,ALL,3116,リーライ クリスタル セプター,62,31,31,0.5,62,0.05254237288135593,1180,2.629032258064516,15
overall,MIXED,16.8,ALL,3158,アイオニア ブーツ,62,30,32,0.4838709677419355,62,0.08857142857142856,700,2.467741935483871,15
overall,MIXED,15.13,ALL,1037,ピッケル,62,30,32,0.4838709677419355,62,0.06458333333333334,960,3.5,15
overall,MIXED,16.3,ALL,3116,リーライ クリスタル セプター,62,30,32,0.4838709677419355,62,0.07045454545454545,880,2.0161290322580645,15
overall,MIXED,16.15,ALL,3115,ナッシャー トゥース,62,29,33,0.46774193548387094,62,0.015012106537530266,4130,2.467741935483871,15
overall,MIXED,16.16,TOP,3116,リーライ クリスタル セプター,62,29,33,0.46774193548387094,62,0.09309309309309309,666,1.7096774193548387,15
overall,MIXED,16.14,ALL,6657,ロッド オブ エイジス,62,29,33,0.46774193548387094,62,0.017816091954022988,3480,2.0483870967741935,15
overall,MIXED,16.3,JUNGLE,3047,プレート スチールキャップ,62,28,34,0.45161290322580644,62,0.3522727272727273,176,1.7741935483870968,15
overall,MIXED,15.13,ALL,1028,ルビー クリスタル,62,28,34,0.45161290322580644,62,0.06458333333333334,960,3.629032258064516,15
overall,MIXED,16.17,JUNGLE,3009,スイフトネス ブーツ,62,27,35,0.43548387096774194,62,0.061507936507936505,1008,2.1451612903225805,15
overall,MIXED,16.15,BOTTOM,6675,ナヴォリ フリッカーブレード,62,27,35,0.43548387096774194,62,0.07506053268765134,826,2.2096774193548385,15
overall,MIXED,16.15,TOP,2021,トンネル掘り,62,26,36,0.41935483870967744,62,0.07506053268765134,826,3.435483870967742,15
overall,MIXED,16.18,UTILITY,3067,キンドルジェム,62,25,37,0.4032258064516129,62,0.18452380952380953,336,3.7096774193548385,15
overall,MIXED,16.17,ALL,3086,ジール,62,25,37,0.4032258064516129,62,0.012301587301587301,5040,3.0161290322580645,15
overall,MIXED,16.9,ALL,1036,ロング ソード,62,25,37,0.4032258064516129,62,0.07848101265822785,790,3.596774193548387,15
overall,MIXED,16.13,JUNGLE,3158,アイオニア ブーツ,62,24,38,0.3870967741935484,62,0.09422492401215805,658,2.3870967741935485,15
overall,MIXED,16.12,ALL,1036,ロング ソード,62,23,39,0.3709677419354839,62,0.0696629213483146,890,3.435483870967742,15
overall,MIXED,16.18,ALL,1001,ブーツ,62,22,40,0.3548387096774194,62,0.036904761904761905,1680,2.596774193548387,15
overall,MIXED,16.17,JUNGLE,3026,ガーディアン エンジェル,61,42,19,0.6885245901639344,61,0.060515873015873016,1008,3.262295081967213,15
overall,MIXED,16.13,BOTTOM,3087,スタティック シヴ,61,40,21,0.6557377049180327,61,0.09270516717325228,658,1.4918032786885247,15
overall,MIXED,15.20,ALL,3031,インフィニティ エッジ,61,37,24,0.6065573770491803,61,0.09242424242424242,660,2.278688524590164,15
overall,MIXED,16.16,ALL,1033,ヌルマジック マント,61,35,26,0.5737704918032787,61,0.01831831831831832,3330,4.049180327868853,15
overall,MIXED,16.14,ALL,3147,悲愴な仮面,61,35,26,0.5737704918032787,61,0.01752873563218391,3480,3.1475409836065573,15
overall,MIXED,16.18,ALL,2019,スチール シジル,61,34,27,0.5573770491803278,61,0.03630952380952381,1680,3.5245901639344264,15
overall,MIXED,15.14,ALL,1055,ドラン ブレード,61,34,27,0.5573770491803278,61,0.13260869565217392,460,0.8524590163934426,15
overall,MIXED,16.13,ALL,3094,ラピッド ファイアキャノン,61,34,27,0.5573770491803278,61,0.018541033434650456,3290,2.8360655737704916,15
overall,MIXED,16.14,ALL,3094,ラピッド ファイアキャノン,61,34,27,0.5573770491803278,61,0.01752873563218391,3480,2.9672131147540983,15
overall,MIXED,16.11,ALL,2523,ヘクスオプティックC44,61,32,29,0.5245901639344263,61,0.051694915254237285,1180,1.6721311475409837,15
overall,MIXED,16.9,ALL,6653,ライアンドリーの仮面,61,32,29,0.5245901639344263,61,0.07721518987341772,790,2.2295081967213113,15
overall,MIXED,16.15,ALL,1026,ブラスティング ワンド,61,31,30,0.5081967213114754,61,0.01476997578692494,4130,3.278688524590164,15
overall,MIXED,16.14,BOTTOM,3072,ブラッドサースター,61,31,30,0.5081967213114754,61,0.08764367816091954,696,1.9836065573770492,15
overall,MIXED,16.17,ALL,6698,プロフェイン ハイドラ,61,31,30,0.5081967213114754,61,0.012103174603174604,5040,1.0655737704918034,15
overall,MIXED,16.18,BOTTOM,3085,ルナーン ハリケーン,61,31,30,0.5081967213114754,61,0.18154761904761904,336,1.8688524590163935,15
overall,MIXED,15.18,BOTTOM,3340,ステルス ワード,61,30,31,0.4918032786885246,61,0.46923076923076923,130,6.0,15
overall,MIXED,15.20,BOTTOM,3006,バーサーカー ブーツ,61,30,31,0.4918032786885246,61,0.4621212121212121,132,2.557377049180328,15
overall,MIXED,15.13,ALL,6692,赤月の刃,61,30,31,0.4918032786885246,61,0.06354166666666666,960,1.7377049180327868,15
overall,MIXED,16.13,MIDDLE,1082,ダーク シール,61,29,32,0.47540983606557374,61,0.09270516717325228,658,2.6557377049180326,15
overall,MIXED,16.14,UTILITY,2524,バンドルパイプ,61,29,32,0.47540983606557374,61,0.08764367816091954,696,2.901639344262295,15
overall,MIXED,16.18,ALL,6697,ヒュブリス,61,29,32,0.47540983606557374,61,0.03630952380952381,1680,1.8032786885245902,15
overall,MIXED,15.19,ALL,1028,ルビー クリスタル,61,28,33,0.45901639344262296,61,0.05304347826086957,1150,3.737704918032787,15
overall,MIXED,16.18,UTILITY,2031,詰め替えポーション,61,28,33,0.45901639344262296,61,0.18154761904761904,336,1.3770491803278688,15
overall,MIXED,15.10,ALL,1056,ドラン リング,61,27,34,0.4426229508196721,61,0.08840579710144927,690,0.9836065573770492,15
overall,MIXED,15.9,ALL,3047,プレート スチールキャップ,61,27,34,0.4426229508196721,61,0.14186046511627906,430,2.4754098360655736,15
overall,MIXED,16.16,BOTTOM,6697,ヒュブリス,61,26,35,0.4262295081967213,61,0.0915915915915916,666,1.7868852459016393,15
overall,MIXED,16.3,ALL,1028,ルビー クリスタル,61,26,35,0.4262295081967213,61,0.06931818181818182,880,3.8360655737704916,15
overall,MIXED,16.13,ALL,6675,ナヴォリ フリッカーブレード,61,25,36,0.4098360655737705,61,0.018541033434650456,3290,1.4918032786885247,15
overall,MIXED,15.2,ALL,1055,ドラン ブレード,61,24,37,0.39344262295081966,61,0.13260869565217392,460,0.2459016393442623,15
overall,MIXED,16.12,JUNGLE,3047,プレート スチールキャップ,61,23,38,0.3770491803278688,61,0.34269662921348315,178,2.278688524590164,15
overall,MIXED,16.17,BOTTOM,3035,ラスト ウィスパー,60,41,19,0.6833333333333333,60,0.05952380952380952,1008,3.466666666666667,15
overall,MIXED,16.18,ALL,6673,イモータル シールドボウ,60,38,22,0.6333333333333333,60,0.03571428571428571,1680,2.4166666666666665,15
overall,MIXED,16.7,ALL,1052,増魔の書,60,38,22,0.6333333333333333,60,0.07792207792207792,770,3.6166666666666667,15
overall,MIXED,16.10,ALL,3871,ザズ＝ザクのレルムスパイク,60,35,25,0.5833333333333334,60,0.05405405405405406,1110,0.21666666666666667,15
overall,MIXED,16.10,UTILITY,3871,ザズ＝ザクのレルムスパイク,60,35,25,0.5833333333333334,60,0.2702702702702703,222,0.21666666666666667,15
overall,MIXED,16.12,ALL,6653,ライアンドリーの仮面,60,35,25,0.5833333333333334,60,0.06741573033707865,890,2.033333333333333,15
overall,MIXED,16.14,UTILITY,6653,ライアンドリーの仮面,60,35,25,0.5833333333333334,60,0.08620689655172414,696,2.533333333333333,15
overall,MIXED,16.4,ALL,6653,ライアンドリーの仮面,60,35,25,0.5833333333333334,60,0.11320754716981132,530,2.65,15
overall,MIXED,16.17,BOTTOM,3302,テルミヌス,60,34,26,0.5666666666666667,60,0.05952380952380952,1008,2.8666666666666667,15
overall,MIXED,15.18,ALL,3153,ルインドキング ブレード,60,34,26,0.5666666666666667,60,0.09230769230769231,650,1.85,15
overall,MIXED,16.3,ALL,6676,コレクター,60,33,27,0.55,60,0.06818181818181818,880,2.066666666666667,15
overall,MIXED,16.15,TOP,1036,ロング ソード,60,32,28,0.5333333333333333,60,0.07263922518159806,826,3.966666666666667,15
overall,MIXED,16.11,ALL,2003,体力ポーション,60,32,28,0.5333333333333333,60,0.05084745762711865,1180,1.0833333333333333,15
overall,MIXED,16.11,ALL,2503,黒炎のトーチ,60,32,28,0.5333333333333333,60,0.05084745762711865,1180,1.9,15
overall,MIXED,15.16,ALL,3031,インフィニティ エッジ,60,31,29,0.5166666666666667,60,0.1111111111111111,540,2.25,15
overall,MIXED,15.8,BOTTOM,3340,ステルス ワード,60,31,29,0.5166666666666667,60,0.46153846153846156,130,6.0,15
overall,MIXED,16.17,JUNGLE,4633,リフトメーカー,60,31,29,0.5166666666666667,60,0.05952380952380952,1008,2.3,15
overall,MIXED,16.16,UTILITY,1028,ルビー クリスタル,60,31,29,0.5166666666666667,60,0.09009009009009009,666,4.166666666666667,15
overall,MIXED,16.18,MIDDLE,6655,ルーデン エコー,60,31,29,0.5166666666666667,60,0.17857142857142858,336,2.05,15
overall,MIXED,16.11,ALL,3871,ザズ＝ザクのレルムスパイク,60,30,30,0.5,60,0.05084745762711865,1180,0.2833333333333333,15
overall,MIXED,16.11,UTILITY,3871,ザズ＝ザクのレルムスパイク,60,30,30,0.5,60,0.2542372881355932,236,0.2833333333333333,15
overall,MIXED,15.16,ALL,4645,シャドウフレイム,60,30,30,0.5,60,0.1111111111111111,540,2.683333333333333,15
overall,MIXED,16.7,ALL,4645,シャドウフレイム,60,30,30,0.5,60,0.07792207792207792,770,2.283333333333333,15
overall,MIXED,16.14,JUNGLE,3009,スイフトネス ブーツ,60,30,30,0.5,60,0.08620689655172414,696,1.9333333333333333,15
overall,MIXED,16.6,ALL,6655,ルーデン エコー,60,29,31,0.48333333333333334,60,0.07894736842105263,760,2.066666666666667,15
overall,MIXED,15.11,ALL,3158,アイオニア ブーツ,60,28,32,0.4666666666666667,60,0.11320754716981132,530,2.8333333333333335,15
overall,MIXED,16.14,JUNGLE,3158,アイオニア ブーツ,60,28,32,0.4666666666666667,60,0.08620689655172414,696,2.3,15
overall,MIXED,15.1,ALL,3364,オラクル レンズ,60,28,32,0.4666666666666667,60,0.3157894736842105,190,6.0,15
overall,MIXED,15.9,JUNGLE,3364,オラクル レンズ,60,28,32,0.4666666666666667,60,0.6976744186046512,86,6.0,15
overall,MIXED,16.16,JUNGLE,2019,スチール シジル,60,28,32,0.4666666666666667,60,0.09009009009009009,666,3.683333333333333,15
overall,MIXED,16.15,UTILITY,3116,リーライ クリスタル セプター,60,28,32,0.4666666666666667,60,0.07263922518159806,826,2.533333333333333,15
overall,MIXED,15.13,ALL,6655,ルーデン エコー,60,28,32,0.4666666666666667,60,0.0625,960,2.0,15
overall,MIXED,16.6,ALL,3158,アイオニア ブーツ,60,27,33,0.45,60,0.07894736842105263,760,2.45,15
overall,MIXED,15.19,ALL,1036,ロング ソード,60,26,34,0.43333333333333335,60,0.05217391304347826,1150,3.75,15
overall,MIXED,14.20,ALL,2031,詰め替えポーション,60,26,34,0.43333333333333335,60,0.13043478260869565,460,1.4166666666666667,15
overall,MIXED,16.13,JUNGLE,4645,シャドウフレイム,60,24,36,0.4,60,0.0911854103343465,658,1.9833333333333334,15
overall,MIXED,16.16,TOP,3009,スイフトネス ブーツ,60,24,36,0.4,60,0.09009009009009009,666,2.5166666666666666,15
overall,MIXED,15.3,ALL,3020,ソーサラー シューズ,60,24,36,0.4,60,0.14634146341463414,410,2.75,15
overall,MIXED,16.16,UTILITY,3075,ソーンメイル,60,24,36,0.4,60,0.09009009009009009,666,3.066666666666667,15
overall,MIXED,16.14,ALL,3070,女神の涙,60,19,41,0.31666666666666665,60,0.017241379310344827,3480,1.9,15
overall,MIXED,16.17,BOTTOM,1042,ダガー,60,18,42,0.3,60,0.05952380952380952,1008,3.7333333333333334,15
overall,MIXED,16.15,UTILITY,3050,ジーク コンバージェンス,59,38,21,0.6440677966101694,59,0.07142857142857142,826,2.4745762711864407,15
overall,MIXED,16.1,JUNGLE,3340,ステルス ワード,59,37,22,0.6271186440677966,59,0.38311688311688313,154,6.0,15
overall,MIXED,16.13,ALL,3508,エッセンス リーバー,59,36,23,0.6101694915254238,59,0.017933130699088147,3290,1.4745762711864407,15
overall,MIXED,15.24,ALL,3046,ファントム ダンサー,59,36,23,0.6101694915254238,59,0.03450292397660819,1710,2.6440677966101696,15
overall,MIXED,15.24,JUNGLE,3071,ブラック クリーバー,59,36,23,0.6101694915254238,59,0.17251461988304093,342,1.728813559322034,15
overall,MIXED,16.18,BOTTOM,1055,ドラン ブレード,59,35,24,0.5932203389830508,59,0.17559523809523808,336,0.5932203389830508,15
overall,MIXED,14.20,JUNGLE,3364,オラクル レンズ,59,34,25,0.576271186440678,59,0.6413043478260869,92,6.0,15
overall,MIXED,15.15,ALL,3363,ファーサイト オルタレーション,59,34,25,0.576271186440678,59,0.14390243902439023,410,6.0,15
overall,MIXED,16.14,ALL,3035,ラスト ウィスパー,59,34,25,0.576271186440678,59,0.01695402298850575,3480,3.610169491525424,15
overall,MIXED,16.15,BOTTOM,3094,ラピッド ファイアキャノン,59,34,25,0.576271186440678,59,0.07142857142857142,826,2.9152542372881354,15
overall,MIXED,16.16,ALL,6696,アクシオム アーク,59,33,26,0.559322033898305,59,0.017717717717717716,3330,2.3559322033898304,15
overall,MIXED,16.15,JUNGLE,3009,スイフトネス ブーツ,59,32,27,0.5423728813559322,59,0.07142857142857142,826,2.1864406779661016,15
overall,MIXED,14.21,ALL,3020,ソーサラー シューズ,59,31,28,0.5254237288135594,59,0.21071428571428572,280,2.830508474576271,15
overall,MIXED,16.16,ALL,2524,バンドルパイプ,59,31,28,0.5254237288135594,59,0.017717717717717716,3330,2.983050847457627,15
overall,MIXED,15.11,BOTTOM,3363,ファーサイト オルタレーション,59,31,28,0.5254237288135594,59,0.5566037735849056,106,6.0,15
overall,MIXED,16.6,BOTTOM,3363,ファーサイト オルタレーション,59,31,28,0.5254237288135594,59,0.3881578947368421,152,6.0,15
overall,MIXED,16.9,BOTTOM,3031,インフィニティ エッジ,59,30,29,0.5084745762711864,59,0.37341772151898733,158,2.305084745762712,15
overall,MIXED,16.6,ALL,6676,コレクター,59,30,29,0.5084745762711864,59,0.07763157894736843,760,1.7457627118644068,15
overall,MIXED,16.17,TOP,2055,コントロール ワード,59,30,29,0.5084745762711864,59,0.05853174603174603,1008,2.016949152542373,15
overall,MIXED,16.16,ALL,3302,テルミヌス,59,30,29,0.5084745762711864,59,0.017717717717717716,3330,3.1016949152542375,15
overall,MIXED,16.18,ALL,1054,ドラン シールド,59,30,29,0.5084745762711864,59,0.03511904761904762,1680,0.7457627118644068,15
overall,MIXED,16.8,BOTTOM,3363,ファーサイト オルタレーション,59,30,29,0.5084745762711864,59,0.42142857142857143,140,6.0,15
overall,MIXED,16.11,BOTTOM,2523,ヘクスオプティックC44,59,30,29,0.5084745762711864,59,0.25,236,1.576271186440678,15
overall,MIXED,16.13,UTILITY,3116,リーライ クリスタル セプター,59,30,29,0.5084745762711864,59,0.0898021308980213,657,2.389830508474576,15
overall,MIXED,15.3,JUNGLE,3364,オラクル レンズ,59,29,30,0.4915254237288136,59,0.7195121951219512,82,6.0,15
overall,MIXED,16.16,MIDDLE,2055,コントロール ワード,59,29,30,0.4915254237288136,59,0.08858858858858859,666,2.3728813559322033,15
overall,MIXED,16.17,TOP,1086,ドラン ボウ,59,29,30,0.4915254237288136,59,0.05853174603174603,1008,1.1694915254237288,15
overall,MIXED,15.24,TOP,2031,詰め替えポーション,59,29,30,0.4915254237288136,59,0.17251461988304093,342,1.3559322033898304,15
overall,MIXED,16.5,ALL,3009,スイフトネス ブーツ,59,28,31,0.4745762711864407,59,0.0728395061728395,810,2.6271186440677967,15
overall,MIXED,16.12,ALL,3157,ゾーニャの砂時計,59,28,31,0.4745762711864407,59,0.06629213483146068,890,1.5254237288135593,15
overall,MIXED,16.13,TOP,3078,トリニティ フォース,59,28,31,0.4745762711864407,59,0.08966565349544073,658,1.5254237288135593,15
overall,MIXED,16.12,JUNGLE,3340,ステルス ワード,59,27,32,0.4576271186440678,59,0.33146067415730335,178,6.0,15
overall,MIXED,16.17,TOP,2021,トンネル掘り,59,27,32,0.4576271186440678,59,0.05853174603174603,1008,3.3559322033898304,15
overall,MIXED,15.12,BOTTOM,1055,ドラン ブレード,59,27,32,0.4576271186440678,59,0.5841584158415841,101,0.6610169491525424,15
overall,MIXED,16.10,MIDDLE,2031,詰め替えポーション,59,27,32,0.4576271186440678,59,0.26576576576576577,222,1.2033898305084745,15
overall,MIXED,16.17,ALL,2508,運命の灰,59,27,32,0.4576271186440678,59,0.011706349206349206,5040,3.457627118644068,15
overall,MIXED,16.14,JUNGLE,6699,ボルテイク サイクロソード,59,25,34,0.423728813559322,59,0.08477011494252873,696,1.3220338983050848,15
overall,MIXED,15.16,BOTTOM,3340,ステルス ワード,59,24,35,0.4067796610169492,59,0.5514018691588785,107,6.0,15
overall,MIXED,14.20,ALL,1056,ドラン リング,59,24,35,0.4067796610169492,59,0.1282608695652174,460,0.8305084745762712,15
overall,MIXED,16.17,ALL,3113,エーテル ウィスプ,59,23,36,0.3898305084745763,59,0.011706349206349206,5040,3.3389830508474576,15
overall,MIXED,16.13,ALL,1042,ダガー,59,23,36,0.3898305084745763,59,0.017933130699088147,3290,3.711864406779661,15
overall,MIXED,15.11,ALL,3006,バーサーカー ブーツ,59,23,36,0.3898305084745763,59,0.11132075471698114,530,2.169491525423729,15
overall,MIXED,15.18,ALL,3111,マーキュリー ブーツ,59,23,36,0.3898305084745763,59,0.09076923076923077,650,2.847457627118644,15
overall,MIXED,16.12,ALL,4645,シャドウフレイム,58,38,20,0.6551724137931034,58,0.0651685393258427,890,2.6724137931034484,15
overall,MIXED,16.15,ALL,3072,ブラッドサースター,58,37,21,0.6379310344827587,58,0.014043583535108959,4130,1.9137931034482758,15
overall,MIXED,16.5,ALL,3157,ゾーニャの砂時計,58,36,22,0.6206896551724138,58,0.07160493827160494,810,1.3793103448275863,15
overall,MIXED,15.11,ALL,3031,インフィニティ エッジ,58,35,23,0.603448275862069,58,0.10943396226415095,530,2.3793103448275863,15
overall,MIXED,16.14,ALL,6694,セリルダの怨恨,58,34,24,0.5862068965517241,58,0.016666666666666666,3480,2.8448275862068964,15
overall,MIXED,16.3,ALL,3869,セレスティアル オポジション,58,34,24,0.5862068965517241,58,0.0659090909090909,880,0.29310344827586204,15
overall,MIXED,16.3,UTILITY,3869,セレスティアル オポジション,58,34,24,0.5862068965517241,58,0.32954545454545453,176,0.29310344827586204,15
overall,MIXED,16.16,BOTTOM,3094,ラピッド ファイアキャノン,58,34,24,0.5862068965517241,58,0.08708708708708708,666,3.0,15
overall,MIXED,16.15,MIDDLE,6673,イモータル シールドボウ,58,33,25,0.5689655172413793,58,0.07021791767554479,826,2.1551724137931036,15
overall,MIXED,16.6,BOTTOM,3031,インフィニティ エッジ,58,33,25,0.5689655172413793,58,0.3815789473684211,152,2.4655172413793105,15
overall,MIXED,16.14,JUNGLE,6672,クラーケン スレイヤー,58,33,25,0.5689655172413793,58,0.08333333333333333,696,1.603448275862069,15
overall,MIXED,16.13,ALL,6694,セリルダの怨恨,58,33,25,0.5689655172413793,58,0.01762917933130699,3290,2.3275862068965516,15
overall,MIXED,16.8,TOP,3047,プレート スチールキャップ,58,33,25,0.5689655172413793,58,0.4142857142857143,140,2.4482758620689653,15
overall,MIXED,16.17,BOTTOM,3508,エッセンス リーバー,58,32,26,0.5517241379310345,58,0.057539682539682536,1008,1.5862068965517242,15
overall,MIXED,16.15,JUNGLE,3065,スピリット ビサージュ,58,32,26,0.5517241379310345,58,0.07021791767554479,826,2.6724137931034484,15
overall,MIXED,16.2,ALL,2524,バンドルパイプ,58,32,26,0.5517241379310345,58,0.08169014084507042,710,2.310344827586207,15
overall,MIXED,16.9,ALL,2503,黒炎のトーチ,58,32,26,0.5517241379310345,58,0.07341772151898734,790,2.0689655172413794,15
overall,MIXED,16.17,JUNGLE,6696,アクシオム アーク,58,31,27,0.5344827586206896,58,0.057539682539682536,1008,2.310344827586207,15
overall,MIXED,15.12,BOTTOM,3340,ステルス ワード,58,31,27,0.5344827586206896,58,0.5742574257425742,101,6.0,15
overall,MIXED,16.9,ALL,3157,ゾーニャの砂時計,58,31,27,0.5344827586206896,58,0.07341772151898734,790,1.1379310344827587,15
overall,MIXED,16.13,TOP,3742,デッド マン プレート,58,31,27,0.5344827586206896,58,0.08814589665653495,658,2.6551724137931036,15
overall,MIXED,16.3,MIDDLE,1056,ドラン リング,58,31,27,0.5344827586206896,58,0.32954545454545453,176,0.7586206896551724,15
overall,MIXED,16.16,ALL,6675,ナヴォリ フリッカーブレード,58,31,27,0.5344827586206896,58,0.017417417417417418,3330,2.2241379310344827,15
overall,MIXED,16.18,JUNGLE,3111,マーキュリー ブーツ,58,31,27,0.5344827586206896,58,0.17261904761904762,336,1.896551724137931,15
overall,MIXED,16.16,ALL,3050,ジーク コンバージェンス,58,30,28,0.5172413793103449,58,0.017417417417417418,3330,2.396551724137931,15
overall,MIXED,15.13,ALL,3157,ゾーニャの砂時計,58,30,28,0.5172413793103449,58,0.06041666666666667,960,1.4310344827586208,15
overall,MIXED,15.2,ALL,1056,ドラン リング,58,30,28,0.5172413793103449,58,0.12608695652173912,460,0.5689655172413793,15
overall,MIXED,16.15,JUNGLE,6697,ヒュブリス,58,30,28,0.5172413793103449,58,0.07021791767554479,826,1.4482758620689655,15
overall,MIXED,16.7,ALL,6653,ライアンドリーの仮面,58,30,28,0.5172413793103449,58,0.07532467532467532,770,2.189655172413793,15
overall,MIXED,16.7,ALL,6672,クラーケン スレイヤー,58,29,29,0.5,58,0.07532467532467532,770,1.5172413793103448,15
overall,MIXED,16.2,ALL,6676,コレクター,58,29,29,0.5,58,0.08169014084507042,710,2.0172413793103448,15
overall,MIXED,14.20,ALL,3006,バーサーカー ブーツ,58,29,29,0.5,58,0.12608695652173912,460,2.2241379310344827,15
overall,MIXED,16.18,MIDDLE,3363,ファーサイト オルタレーション,58,29,29,0.5,58,0.17261904761904762,336,6.0,15
overall,MIXED,14.21,ALL,3047,プレート スチールキャップ,58,29,29,0.5,58,0.20714285714285716,280,2.2413793103448274,15
overall,MIXED,16.6,TOP,3047,プレート スチールキャップ,58,29,29,0.5,58,0.3815789473684211,152,2.2758620689655173,15
overall,MIXED,16.16,ALL,3073,実験的ヘクスプレート,58,29,29,0.5,58,0.017417417417417418,3330,1.8448275862068966,15
overall,MIXED,16.15,ALL,2504,ケイニック ルーケルン,58,28,30,0.4827586206896552,58,0.014043583535108959,4130,2.5344827586206895,15
overall,MIXED,14.19,BOTTOM,3340,ステルス ワード,58,28,30,0.4827586206896552,58,0.6904761904761905,84,6.0,15
overall,MIXED,16.13,BOTTOM,6655,ルーデン エコー,58,28,30,0.4827586206896552,58,0.08814589665653495,658,2.189655172413793,15
overall,MIXED,15.18,ALL,3009,スイフトネス ブーツ,58,27,31,0.46551724137931033,58,0.08923076923076922,650,2.810344827586207,15
overall,MIXED,16.12,ALL,3020,ソーサラー シューズ,58,27,31,0.46551724137931033,58,0.0651685393258427,890,2.1551724137931036,15
overall,MIXED,16.17,UTILITY,3118,マリグナンス,58,27,31,0.46551724137931033,58,0.057539682539682536,1008,2.0172413793103448,15
overall,MIXED,15.24,ALL,3089,ラバドン デスキャップ,58,27,31,0.46551724137931033,58,0.03391812865497076,1710,2.5,15
overall,MIXED,15.22,ALL,3031,インフィニティ エッジ,58,26,32,0.4482758620689655,58,0.08787878787878788,660,2.5,15
overall,MIXED,14.22,ALL,2055,コントロール ワード,58,26,32,0.4482758620689655,58,0.2,290,2.396551724137931,15
overall,MIXED,16.15,TOP,1037,ピッケル,58,26,32,0.4482758620689655,58,0.07021791767554479,826,3.5517241379310347,15
overall,MIXED,16.18,TOP,3111,マーキュリー ブーツ,58,26,32,0.4482758620689655,58,0.17261904761904762,336,2.5517241379310347,15
overall,MIXED,16.6,ALL,1052,増魔の書,58,26,32,0.4482758620689655,58,0.07631578947368421,760,3.6724137931034484,15
overall,MIXED,16.16,ALL,3109,騎士の誓い,58,26,32,0.4482758620689655,58,0.017417417417417418,3330,2.2758620689655173,15
overall,MIXED,16.16,UTILITY,3109,騎士の誓い,58,26,32,0.4482758620689655,58,0.08708708708708708,666,2.2758620689655173,15
overall,MIXED,16.15,ALL,3108,フィンディッシュの古書,58,25,33,0.43103448275862066,58,0.014043583535108959,4130,3.4482758620689653,15
overall,MIXED,15.12,ALL,2031,詰め替えポーション,58,25,33,0.43103448275862066,58,0.11372549019607843,510,1.4827586206896552,15
overall,MIXED,16.15,JUNGLE,2510,黄昏と暁,58,25,33,0.43103448275862066,58,0.07021791767554479,826,1.6379310344827587,15
overall,MIXED,16.11,ALL,1018,アジリティ クローク,58,24,34,0.41379310344827586,58,0.04915254237288136,1180,3.3620689655172415,15
overall,MIXED,15.12,ALL,3006,バーサーカー ブーツ,58,24,34,0.41379310344827586,58,0.11372549019607843,510,2.310344827586207,15
overall,MIXED,16.13,MIDDLE,3145,ヘクステック オルタネーター,58,24,34,0.41379310344827586,58,0.08814589665653495,658,3.2758620689655173,15
overall,MIXED,16.2,ALL,6655,ルーデン エコー,58,24,34,0.41379310344827586,58,0.08169014084507042,710,2.0344827586206895,15
overall,MIXED,16.3,ALL,1052,増魔の書,58,24,34,0.41379310344827586,58,0.0659090909090909,880,3.5344827586206895,15
overall,MIXED,16.13,UTILITY,1029,クロース アーマー,58,16,42,0.27586206896551724,58,0.0882800608828006,657,4.241379310344827,15
overall,MIXED,15.17,ALL,3111,マーキュリー ブーツ,58,15,43,0.25862068965517243,58,0.07160493827160494,810,2.4827586206896552,15
overall,MIXED,16.15,ALL,6664,ホロウ レディアンス,57,35,22,0.6140350877192983,57,0.013801452784503633,4130,2.087719298245614,15
overall,MIXED,14.21,ALL,2055,コントロール ワード,57,33,24,0.5789473684210527,57,0.20357142857142857,280,2.1052631578947367,15
overall,MIXED,16.16,JUNGLE,3026,ガーディアン エンジェル,57,32,25,0.5614035087719298,57,0.08558558558558559,666,3.5964912280701755,15
overall,MIXED,16.15,BOTTOM,1058,ムダニ デカイ ロッド,57,32,25,0.5614035087719298,57,0.06900726392251816,826,2.8771929824561404,15
overall,MIXED,16.16,TOP,4633,リフトメーカー,57,32,25,0.5614035087719298,57,0.08558558558558559,666,2.245614035087719,15
overall,MIXED,16.7,BOTTOM,3031,インフィニティ エッジ,57,31,26,0.543859649122807,57,0.37012987012987014,154,2.6315789473684212,15
overall,MIXED,14.19,ALL,1055,ドラン ブレード,57,31,26,0.543859649122807,57,0.1357142857142857,420,0.9473684210526315,15
overall,MIXED,16.14,TOP,1028,ルビー クリスタル,57,30,27,0.5263157894736842,57,0.08189655172413793,696,3.754385964912281,15
overall,MIXED,16.13,ALL,3040,セラフ エンブレイス,57,29,28,0.5087719298245614,57,0.017325227963525838,3290,1.3859649122807018,15
overall,MIXED,15.24,ALL,3076,ブランブル ベスト,57,29,28,0.5087719298245614,57,0.03333333333333333,1710,3.508771929824561,15
overall,MIXED,15.24,MIDDLE,2503,黒炎のトーチ,57,29,28,0.5087719298245614,57,0.16666666666666666,342,2.0701754385964914,15
overall,MIXED,14.22,UTILITY,3364,オラクル レンズ,57,28,29,0.49122807017543857,57,0.9827586206896551,58,6.0,15
overall,MIXED,16.17,TOP,3020,ソーサラー シューズ,57,28,29,0.49122807017543857,57,0.05654761904761905,1008,2.6315789473684212,15
overall,MIXED,16.16,ALL,3085,ルナーン ハリケーン,57,28,29,0.49122807017543857,57,0.017117117117117116,3330,2.491228070175439,15
overall,MIXED,16.10,ALL,2503,黒炎のトーチ,57,28,29,0.49122807017543857,57,0.051351351351351354,1110,1.9824561403508771,15
overall,MIXED,15.2,JUNGLE,3364,オラクル レンズ,57,27,30,0.47368421052631576,57,0.6195652173913043,92,6.0,15
overall,MIXED,16.12,TOP,3047,プレート スチールキャップ,57,27,30,0.47368421052631576,57,0.3202247191011236,178,2.508771929824561,15
overall,MIXED,15.23,ALL,3111,マーキュリー ブーツ,57,27,30,0.47368421052631576,57,0.09827586206896552,580,2.6491228070175437,15
overall,MIXED,16.9,ALL,6655,ルーデン エコー,57,27,30,0.47368421052631576,57,0.07215189873417721,790,1.9473684210526316,15
overall,MIXED,15.16,ALL,2031,詰め替えポーション,57,27,30,0.47368421052631576,57,0.10555555555555556,540,1.3333333333333333,15
overall,MIXED,15.8,BOTTOM,3006,バーサーカー ブーツ,57,26,31,0.45614035087719296,57,0.43846153846153846,130,1.9298245614035088,15
overall,MIXED,16.3,ALL,3153,ルインドキング ブレード,57,26,31,0.45614035087719296,57,0.06477272727272727,880,2.1228070175438596,15
overall,MIXED,15.22,ALL,3009,スイフトネス ブーツ,57,25,32,0.43859649122807015,57,0.08636363636363636,660,2.8947368421052633,15
overall,MIXED,16.11,ALL,3869,セレスティアル オポジション,57,25,32,0.43859649122807015,57,0.048305084745762714,1180,0.24561403508771928,15
overall,MIXED,16.11,UTILITY,3869,セレスティアル オポジション,57,25,32,0.43859649122807015,57,0.24152542372881355,236,0.24561403508771928,15
overall,MIXED,15.19,ALL,6655,ルーデン エコー,57,25,32,0.43859649122807015,57,0.049565217391304345,1150,2.1403508771929824,15
overall,MIXED,16.18,ALL,6692,赤月の刃,57,25,32,0.43859649122807015,57,0.033928571428571426,1680,1.8070175438596492,15
overall,MIXED,15.10,BOTTOM,3340,ステルス ワード,57,24,33,0.42105263157894735,57,0.41304347826086957,138,6.0,15
overall,MIXED,16.1,ALL,3157,ゾーニャの砂時計,57,24,33,0.42105263157894735,57,0.07402597402597402,770,1.5964912280701755,15
overall,MIXED,16.15,MIDDLE,3145,ヘクステック オルタネーター,57,24,33,0.42105263157894735,57,0.06900726392251816,826,3.1403508771929824,15
overall,MIXED,16.17,BOTTOM,1052,増魔の書,57,24,33,0.42105263157894735,57,0.05654761904761905,1008,3.175438596491228,15
overall,MIXED,15.24,JUNGLE,3111,マーキュリー ブーツ,57,22,35,0.38596491228070173,57,0.16666666666666666,342,2.2280701754385963,15
overall,MIXED,16.3,ALL,2524,バンドルパイプ,56,40,16,0.7142857142857143,56,0.06363636363636363,880,2.107142857142857,15
overall,MIXED,16.15,TOP,3020,ソーサラー シューズ,56,38,18,0.6785714285714286,56,0.06779661016949153,826,2.625,15
overall,MIXED,16.15,TOP,4633,リフトメーカー,56,37,19,0.6607142857142857,56,0.06779661016949153,826,2.25,15
overall,MIXED,15.24,ALL,1082,ダーク シール,56,34,22,0.6071428571428571,56,0.03274853801169591,1710,2.5892857142857144,15
overall,MIXED,16.18,ALL,2523,ヘクスオプティックC44,56,34,22,0.6071428571428571,56,0.03333333333333333,1680,1.8571428571428572,15
overall,MIXED,16.16,MIDDLE,1082,ダーク シール,56,33,23,0.5892857142857143,56,0.08408408408408409,666,3.0535714285714284,15
overall,MIXED,16.16,ALL,3179,アンブラル グレイブ,56,31,25,0.5535714285714286,56,0.016816816816816817,3330,2.0892857142857144,15
overall,MIXED,15.13,ALL,6610,サンダード スカイ,56,31,25,0.5535714285714286,56,0.058333333333333334,960,2.017857142857143,15
overall,MIXED,16.9,JUNGLE,3340,ステルス ワード,56,31,25,0.5535714285714286,56,0.35443037974683544,158,6.0,15
overall,MIXED,16.17,JUNGLE,3065,スピリット ビサージュ,56,31,25,0.5535714285714286,56,0.05555555555555555,1008,3.017857142857143,15
overall,MIXED,16.15,JUNGLE,4633,リフトメーカー,56,31,25,0.5535714285714286,56,0.06779661016949153,826,1.8214285714285714,15
overall,MIXED,16.10,ALL,3116,リーライ クリスタル セプター,56,31,25,0.5535714285714286,56,0.05045045045045045,1110,2.2857142857142856,15
overall,MIXED,16.1,ALL,2510,黄昏と暁,56,31,25,0.5535714285714286,56,0.07272727272727272,770,1.6785714285714286,15
overall,MIXED,16.2,ALL,3158,アイオニア ブーツ,56,30,26,0.5357142857142857,56,0.07887323943661972,710,2.5357142857142856,15
overall,MIXED,15.11,UTILITY,2055,コントロール ワード,56,30,26,0.5357142857142857,56,0.5283018867924528,106,2.8214285714285716,15
overall,MIXED,16.17,MIDDLE,3040,セラフ エンブレイス,56,30,26,0.5357142857142857,56,0.05555555555555555,1008,1.6964285714285714,15
overall,MIXED,16.17,MIDDLE,1055,ドラン ブレード,56,30,26,0.5357142857142857,56,0.05555555555555555,1008,0.7142857142857143,15
overall,MIXED,15.13,ALL,3071,ブラック クリーバー,56,30,26,0.5357142857142857,56,0.058333333333333334,960,1.6607142857142858,15
overall,MIXED,15.2,ALL,6653,ライアンドリーの仮面,56,30,26,0.5357142857142857,56,0.12173913043478261,460,2.375,15
overall,MIXED,16.15,JUNGLE,3153,ルインドキング ブレード,56,30,26,0.5357142857142857,56,0.06779661016949153,826,1.7857142857142858,15
overall,MIXED,15.21,UTILITY,2055,コントロール ワード,56,29,27,0.5178571428571429,56,0.4745762711864407,118,2.482142857142857,15
overall,MIXED,16.7,ALL,3020,ソーサラー シューズ,56,29,27,0.5178571428571429,56,0.07272727272727272,770,2.1785714285714284,15
overall,MIXED,16.17,JUNGLE,3157,ゾーニャの砂時計,56,29,27,0.5178571428571429,56,0.05555555555555555,1008,1.4285714285714286,15
overall,MIXED,16.16,TOP,2021,トンネル掘り,56,29,27,0.5178571428571429,56,0.08408408408408409,666,3.4464285714285716,15
overall,MIXED,15.21,ALL,1056,ドラン リング,56,29,27,0.5178571428571429,56,0.09491525423728814,590,0.625,15
overall,MIXED,16.14,MIDDLE,3145,ヘクステック オルタネーター,56,29,27,0.5178571428571429,56,0.08045977011494253,696,3.3214285714285716,15
overall,MIXED,16.13,BOTTOM,3094,ラピッド ファイアキャノン,56,29,27,0.5178571428571429,56,0.0851063829787234,658,2.8392857142857144,15
overall,MIXED,16.17,TOP,3084,心の鋼,56,29,27,0.5178571428571429,56,0.05555555555555555,1008,2.0,15
overall,MIXED,14.19,MIDDLE,3340,ステルス ワード,56,28,28,0.5,56,0.6666666666666666,84,6.0,15
overall,MIXED,16.14,JUNGLE,3078,トリニティ フォース,56,28,28,0.5,56,0.08045977011494253,696,1.3392857142857142,15
overall,MIXED,15.11,BOTTOM,1055,ドラン ブレード,56,28,28,0.5,56,0.5283018867924528,106,0.8928571428571429,15
overall,MIXED,15.10,ALL,3071,ブラック クリーバー,56,28,28,0.5,56,0.08115942028985507,690,1.9107142857142858,15
overall,MIXED,16.17,ALL,2504,ケイニック ルーケルン,56,27,29,0.48214285714285715,56,0.011111111111111112,5040,2.7857142857142856,15
overall,MIXED,16.10,JUNGLE,2055,コントロール ワード,56,27,29,0.48214285714285715,56,0.25225225225225223,222,1.9285714285714286,15
overall,MIXED,16.17,ALL,1026,ブラスティング ワンド,56,27,29,0.48214285714285715,56,0.011111111111111112,5040,3.25,15
overall,MIXED,16.13,TOP,2525,プロトプラズム ハーネス,56,27,29,0.48214285714285715,56,0.0851063829787234,658,2.4285714285714284,15
overall,MIXED,15.23,ALL,6653,ライアンドリーの仮面,56,27,29,0.48214285714285715,56,0.09655172413793103,580,2.107142857142857,15
overall,MIXED,15.24,ALL,3084,心の鋼,56,27,29,0.48214285714285715,56,0.03274853801169591,1710,1.5535714285714286,15
overall,MIXED,15.10,ALL,2031,詰め替えポーション,56,27,29,0.48214285714285715,56,0.08115942028985507,690,1.4285714285714286,15
overall,MIXED,15.11,ALL,2031,詰め替えポーション,56,27,29,0.48214285714285715,56,0.10566037735849057,530,1.4464285714285714,15
overall,MIXED,16.5,ALL,4645,シャドウフレイム,56,26,30,0.4642857142857143,56,0.0691358024691358,810,2.8214285714285716,15
overall,MIXED,15.7,MIDDLE,3340,ステルス ワード,56,26,30,0.4642857142857143,56,0.6086956521739131,92,6.0,15
overall,MIXED,15.24,TOP,1056,ドラン リング,56,26,30,0.4642857142857143,56,0.16374269005847952,342,0.5357142857142857,15
overall,MIXED,16.3,ALL,1058,ムダニ デカイ ロッド,56,26,30,0.4642857142857143,56,0.06363636363636363,880,3.0357142857142856,15
overall,MIXED,16.18,MIDDLE,2503,黒炎のトーチ,56,26,30,0.4642857142857143,56,0.16666666666666666,336,1.9107142857142858,15
overall,MIXED,15.17,JUNGLE,2055,コントロール ワード,56,25,31,0.44642857142857145,56,0.345679012345679,162,1.7678571428571428,15
overall,MIXED,16.14,UTILITY,3111,マーキュリー ブーツ,56,25,31,0.44642857142857145,56,0.08045977011494253,696,2.5714285714285716,15
overall,MIXED,15.2,ALL,2031,詰め替えポーション,56,25,31,0.44642857142857145,56,0.12173913043478261,460,1.4107142857142858,15
overall,MIXED,16.16,ALL,6617,ムーンストーンの再生,56,24,32,0.42857142857142855,56,0.016816816816816817,3330,2.7142857142857144,15
overall,MIXED,15.3,ALL,1055,ドラン ブレード,56,22,34,0.39285714285714285,56,0.13658536585365855,410,0.5535714285714286,15
overall,MIXED,14.19,ALL,1056,ドラン リング,56,22,34,0.39285714285714285,56,0.13333333333333333,420,1.4107142857142858,15
overall,MIXED,16.8,MIDDLE,1056,ドラン リング,56,22,34,0.39285714285714285,56,0.4,140,0.8928571428571429,15
overall,MIXED,16.14,ALL,3171,真紅のアイオニア ブーツ,56,20,36,0.35714285714285715,56,0.016091954022988506,3480,2.892857142857143,15
overall,MIXED,16.14,MIDDLE,3171,真紅のアイオニア ブーツ,56,20,36,0.35714285714285715,56,0.08045977011494253,696,2.892857142857143,15
overall,MIXED,15.19,ALL,3067,キンドルジェム,56,19,37,0.3392857142857143,56,0.04869565217391304,1150,3.4464285714285716,15
overall,MIXED,15.15,ALL,2031,詰め替えポーション,56,19,37,0.3392857142857143,56,0.13658536585365855,410,1.5357142857142858,15
overall,MIXED,15.24,ALL,3123,エクスキューショナー コーリング,56,14,42,0.25,56,0.03274853801169591,1710,3.3214285714285716,15
overall,MIXED,15.24,ALL,3173,チェインレースド クラッシャー,55,37,18,0.6727272727272727,55,0.03216374269005848,1710,2.0727272727272728,15
overall,MIXED,16.13,TOP,3142,妖夢の霊剣,55,34,21,0.6181818181818182,55,0.08358662613981763,658,1.1272727272727272,15
overall,MIXED,16.6,ALL,3020,ソーサラー シューズ,55,33,22,0.6,55,0.07236842105263158,760,2.4545454545454546,15
overall,MIXED,16.6,ALL,3157,ゾーニャの砂時計,55,33,22,0.6,55,0.07236842105263158,760,1.290909090909091,15
overall,MIXED,15.24,TOP,1054,ドラン シールド,55,33,22,0.6,55,0.1608187134502924,342,0.6909090909090909,15
overall,MIXED,16.12,ALL,2523,ヘクスオプティックC44,55,33,22,0.6,55,0.06179775280898876,890,1.9272727272727272,15
overall,MIXED,16.12,BOTTOM,2523,ヘクスオプティックC44,55,33,22,0.6,55,0.3107344632768362,177,1.9272727272727272,15
overall,MIXED,16.18,BOTTOM,2523,ヘクスオプティックC44,55,33,22,0.6,55,0.1636904761904762,336,1.8545454545454545,15
overall,MIXED,16.14,BOTTOM,2055,コントロール ワード,55,32,23,0.5818181818181818,55,0.07902298850574713,696,2.090909090909091,15
overall,MIXED,16.15,ALL,2524,バンドルパイプ,55,32,23,0.5818181818181818,55,0.013317191283292978,4130,2.672727272727273,15
overall,MIXED,16.12,ALL,2503,黒炎のトーチ,55,32,23,0.5818181818181818,55,0.06179775280898876,890,2.3636363636363638,15
overall,MIXED,16.15,TOP,6333,デス ダンス,55,31,24,0.5636363636363636,55,0.06658595641646489,826,2.4727272727272727,15
overall,MIXED,15.14,ALL,3363,ファーサイト オルタレーション,55,30,25,0.5454545454545454,55,0.11956521739130435,460,6.0,15
overall,MIXED,16.5,ALL,3153,ルインドキング ブレード,55,30,25,0.5454545454545454,55,0.06790123456790123,810,1.6,15
overall,MIXED,15.17,MIDDLE,3020,ソーサラー シューズ,55,29,26,0.5272727272727272,55,0.3395061728395062,162,3.109090909090909,15
overall,MIXED,15.13,ALL,3078,トリニティ フォース,55,29,26,0.5272727272727272,55,0.057291666666666664,960,2.018181818181818,15
overall,MIXED,16.14,TOP,3075,ソーンメイル,55,28,27,0.509090909090909,55,0.07902298850574713,696,2.690909090909091,15
overall,MIXED,16.17,BOTTOM,1056,ドラン リング,55,28,27,0.509090909090909,55,0.054563492063492064,1008,0.34545454545454546,15
overall,MIXED,16.17,MIDDLE,3116,リーライ クリスタル セプター,55,28,27,0.509090909090909,55,0.054563492063492064,1008,2.3636363636363638,15
overall,MIXED,16.16,BOTTOM,3085,ルナーン ハリケーン,55,28,27,0.509090909090909,55,0.08258258258258258,666,2.4909090909090907,15
overall,MIXED,16.9,ALL,1028,ルビー クリスタル,55,28,27,0.509090909090909,55,0.06962025316455696,790,3.6,15
overall,MIXED,16.8,ALL,6655,ルーデン エコー,55,28,27,0.509090909090909,55,0.07857142857142857,700,1.8363636363636364,15
overall,MIXED,16.13,ALL,4005,帝国の指令,55,28,27,0.509090909090909,55,0.016717325227963525,3290,2.672727272727273,15
overall,MIXED,16.13,JUNGLE,2510,黄昏と暁,55,28,27,0.509090909090909,55,0.08358662613981763,658,1.2,15
overall,MIXED,15.15,MIDDLE,3340,ステルス ワード,55,27,28,0.4909090909090909,55,0.6707317073170732,82,6.0,15
overall,MIXED,16.14,ALL,3134,セレイテッド ダーク,55,27,28,0.4909090909090909,55,0.015804597701149427,3480,2.6545454545454548,15
overall,MIXED,15.17,ALL,1054,ドラン シールド,55,27,28,0.4909090909090909,55,0.06790123456790123,810,0.5818181818181818,15
overall,MIXED,16.9,MIDDLE,1056,ドラン リング,55,27,28,0.4909090909090909,55,0.34810126582278483,158,0.6181818181818182,15
overall,MIXED,15.9,ALL,3006,バーサーカー ブーツ,55,27,28,0.4909090909090909,55,0.12790697674418605,430,2.418181818181818,15
overall,MIXED,16.4,ALL,3175,連呪使いのブーツ,55,27,28,0.4909090909090909,55,0.10377358490566038,530,2.7454545454545456,15
overall,MIXED,16.4,MIDDLE,3175,連呪使いのブーツ,55,27,28,0.4909090909090909,55,0.5188679245283019,106,2.7454545454545456,15
overall,MIXED,16.17,ALL,3008,グラトナス ブーツ,55,26,29,0.4727272727272727,55,0.010912698412698412,5040,2.036363636363636,15
overall,MIXED,16.14,MIDDLE,4646,ストームサージ,55,26,29,0.4727272727272727,55,0.07902298850574713,696,2.8,15
overall,MIXED,15.21,BOTTOM,1055,ドラン ブレード,55,26,29,0.4727272727272727,55,0.4700854700854701,117,0.8,15
overall,MIXED,16.16,ALL,3115,ナッシャー トゥース,55,26,29,0.4727272727272727,55,0.016516516516516516,3330,2.6,15
overall,MIXED,16.15,ALL,4005,帝国の指令,55,26,29,0.4727272727272727,55,0.013317191283292978,4130,2.109090909090909,15
overall,MIXED,15.24,ALL,3876,至点のソリ,55,26,29,0.4727272727272727,55,0.03216374269005848,1710,0.2,15
overall,MIXED,15.24,UTILITY,3876,至点のソリ,55,26,29,0.4727272727272727,55,0.1608187134502924,342,0.2,15
overall,MIXED,15.24,ALL,1018,アジリティ クローク,55,25,30,0.45454545454545453,55,0.03216374269005848,1710,3.272727272727273,15
overall,MIXED,16.16,UTILITY,6617,ムーンストーンの再生,55,24,31,0.43636363636363634,55,0.08258258258258258,666,2.7636363636363637,15
overall,MIXED,16.12,ALL,1052,増魔の書,55,24,31,0.43636363636363634,55,0.06179775280898876,890,3.4545454545454546,15
overall,MIXED,16.18,ALL,3124,グインソー レイジブレード,55,23,32,0.41818181818181815,55,0.03273809523809524,1680,1.8909090909090909,15
overall,MIXED,15.9,UTILITY,2055,コントロール ワード,55,23,32,0.41818181818181815,55,0.6395348837209303,86,2.8,15
overall,MIXED,15.17,MIDDLE,1056,ドラン リング,55,23,32,0.41818181818181815,55,0.3395061728395062,162,1.018181818181818,15
overall,MIXED,16.5,MIDDLE,1056,ドラン リング,55,23,32,0.41818181818181815,55,0.3395061728395062,162,1.0363636363636364,15
overall,MIXED,15.11,ALL,6653,ライアンドリーの仮面,55,23,32,0.41818181818181815,55,0.10377358490566038,530,2.327272727272727,15
overall,MIXED,16.16,TOP,1036,ロング ソード,55,23,32,0.41818181818181815,55,0.08258258258258258,666,3.9454545454545453,15
overall,MIXED,16.17,UTILITY,1031,チェイン ベスト,55,22,33,0.4,55,0.054563492063492064,1008,3.963636363636364,15
overall,MIXED,16.12,ALL,1037,ピッケル,55,22,33,0.4,55,0.06179775280898876,890,3.309090909090909,15
overall,MIXED,16.17,ALL,2421,砕けたアームガード,55,22,33,0.4,55,0.010912698412698412,5040,1.290909090909091,15
overall,MIXED,16.15,ALL,3041,メジャイ ソウルスティーラー,54,38,16,0.7037037037037037,54,0.013075060532687652,4130,2.3703703703703702,15
overall,MIXED,15.12,ALL,3031,インフィニティ エッジ,54,36,18,0.6666666666666666,54,0.10588235294117647,510,2.3333333333333335,15
overall,MIXED,16.14,JUNGLE,3026,ガーディアン エンジェル,54,36,18,0.6666666666666666,54,0.07758620689655173,696,3.537037037037037,15
overall,MIXED,16.17,UTILITY,2022,輝きのモート,54,35,19,0.6481481481481481,54,0.05357142857142857,1008,4.296296296296297,15
overall,MIXED,16.16,MIDDLE,4646,ストームサージ,54,33,21,0.6111111111111112,54,0.08108108108108109,666,2.6666666666666665,15
overall,MIXED,16.13,JUNGLE,2019,スチール シジル,54,32,22,0.5925925925925926,54,0.08206686930091185,658,3.5925925925925926,15
overall,MIXED,16.15,UTILITY,2524,バンドルパイプ,54,32,22,0.5925925925925926,54,0.06537530266343826,826,2.7037037037037037,15
overall,MIXED,16.9,ALL,1052,増魔の書,54,32,22,0.5925925925925926,54,0.06835443037974684,790,3.8518518518518516,15
overall,MIXED,15.18,BOTTOM,3031,インフィニティ エッジ,54,31,23,0.5740740740740741,54,0.4153846153846154,130,2.314814814814815,15
overall,MIXED,15.8,UTILITY,2055,コントロール ワード,54,31,23,0.5740740740740741,54,0.4153846153846154,130,2.3333333333333335,15
overall,MIXED,15.22,ALL,6655,ルーデン エコー,54,31,23,0.5740740740740741,54,0.08181818181818182,660,2.7037037037037037,15
overall,MIXED,16.13,ALL,3147,悲愴な仮面,54,31,23,0.5740740740740741,54,0.01641337386018237,3290,3.259259259259259,15
overall,MIXED,15.10,BOTTOM,3031,インフィニティ エッジ,54,30,24,0.5555555555555556,54,0.391304347826087,138,2.240740740740741,15
overall,MIXED,16.9,ALL,3020,ソーサラー シューズ,54,30,24,0.5555555555555556,54,0.06835443037974684,790,2.5,15
overall,MIXED,16.15,JUNGLE,1028,ルビー クリスタル,54,30,24,0.5555555555555556,54,0.06537530266343826,826,3.925925925925926,15
overall,MIXED,16.9,ALL,6672,クラーケン スレイヤー,54,29,25,0.5370370370370371,54,0.06835443037974684,790,2.388888888888889,15
overall,MIXED,16.16,UTILITY,3050,ジーク コンバージェンス,54,29,25,0.5370370370370371,54,0.08108108108108109,666,2.4814814814814814,15
overall,MIXED,16.3,ALL,3009,スイフトネス ブーツ,54,29,25,0.5370370370370371,54,0.06136363636363636,880,2.4814814814814814,15
overall,MIXED,15.10,BOTTOM,3006,バーサーカー ブーツ,54,29,25,0.5370370370370371,54,0.391304347826087,138,2.3518518518518516,15
overall,MIXED,16.13,UTILITY,3111,マーキュリー ブーツ,54,29,25,0.5370370370370371,54,0.0821917808219178,657,2.3333333333333335,15
overall,MIXED,15.8,ALL,3032,ユン・タル ワイルドアロー,54,29,25,0.5370370370370371,54,0.08307692307692308,650,1.462962962962963,15
overall,MIXED,16.11,ALL,3089,ラバドン デスキャップ,54,29,25,0.5370370370370371,54,0.04576271186440678,1180,2.425925925925926,15
overall,MIXED,16.13,JUNGLE,3073,実験的ヘクスプレート,54,29,25,0.5370370370370371,54,0.08206686930091185,658,1.8333333333333333,15
overall,MIXED,15.8,BOTTOM,3031,インフィニティ エッジ,54,28,26,0.5185185185185185,54,0.4153846153846154,130,2.574074074074074,15
overall,MIXED,15.8,MIDDLE,1056,ドラン リング,54,28,26,0.5185185185185185,54,0.4153846153846154,130,0.7037037037037037,15
overall,MIXED,15.2,ALL,3047,プレート スチールキャップ,54,28,26,0.5185185185185185,54,0.11739130434782609,460,2.388888888888889,15
overall,MIXED,15.24,ALL,2003,体力ポーション,54,28,26,0.5185185185185185,54,0.031578947368421054,1710,1.0925925925925926,15
overall,MIXED,15.24,MIDDLE,3157,ゾーニャの砂時計,54,27,27,0.5,54,0.15789473684210525,342,1.4074074074074074,15
overall,MIXED,16.4,BOTTOM,1055,ドラン ブレード,54,27,27,0.5,54,0.5094339622641509,106,0.8518518518518519,15
overall,MIXED,16.16,UTILITY,2524,バンドルパイプ,54,27,27,0.5,54,0.08108108108108109,666,2.9074074074074074,15
overall,MIXED,15.22,BOTTOM,3006,バーサーカー ブーツ,54,27,27,0.5,54,0.4090909090909091,132,2.4814814814814814,15
overall,MIXED,16.10,ALL,2523,ヘクスオプティックC44,54,27,27,0.5,54,0.04864864864864865,1110,1.8333333333333333,15
overall,MIXED,16.11,UTILITY,3158,アイオニア ブーツ,54,26,28,0.48148148148148145,54,0.2288135593220339,236,2.3703703703703702,15
overall,MIXED,15.20,ALL,6672,クラーケン スレイヤー,54,26,28,0.48148148148148145,54,0.08181818181818182,660,1.4259259259259258,15
overall,MIXED,16.15,JUNGLE,3036,ドミニク リガード,54,26,28,0.48148148148148145,54,0.06537530266343826,826,2.6666666666666665,15
overall,MIXED,15.21,ALL,6653,ライアンドリーの仮面,54,26,28,0.48148148148148145,54,0.09152542372881356,590,2.2962962962962963,15
overall,MIXED,15.17,ALL,1036,ロング ソード,54,26,28,0.48148148148148145,54,0.06666666666666667,810,3.611111111111111,15
overall,MIXED,16.7,ALL,3067,キンドルジェム,54,25,29,0.46296296296296297,54,0.07012987012987013,770,3.3703703703703702,15
overall,MIXED,16.1,ALL,6672,クラーケン スレイヤー,54,25,29,0.46296296296296297,54,0.07012987012987013,770,1.5555555555555556,15
overall,MIXED,14.24,ALL,2055,コントロール ワード,54,25,29,0.46296296296296297,54,0.216,250,2.425925925925926,15
overall,MIXED,15.13,JUNGLE,3340,ステルス ワード,54,25,29,0.46296296296296297,54,0.28125,192,6.0,15
overall,MIXED,15.20,MIDDLE,3020,ソーサラー シューズ,54,25,29,0.46296296296296297,54,0.4122137404580153,131,2.8703703703703702,15
overall,MIXED,16.13,JUNGLE,3078,トリニティ フォース,54,25,29,0.46296296296296297,54,0.08206686930091185,658,1.3518518518518519,15
overall,MIXED,16.3,ALL,3071,ブラック クリーバー,54,25,29,0.46296296296296297,54,0.06136363636363636,880,1.7962962962962963,15
overall,MIXED,16.16,MIDDLE,3118,マリグナンス,54,25,29,0.46296296296296297,54,0.08108108108108109,666,2.240740740740741,15
overall,MIXED,15.24,ALL,3142,妖夢の霊剣,54,25,29,0.46296296296296297,54,0.031578947368421054,1710,1.3148148148148149,15
overall,MIXED,16.13,ALL,3123,エクスキューショナー コーリング,54,23,31,0.42592592592592593,54,0.01641337386018237,3290,3.537037037037037,15
overall,MIXED,16.16,BOTTOM,3508,エッセンス リーバー,54,23,31,0.42592592592592593,54,0.08108108108108109,666,1.6111111111111112,15
overall,MIXED,15.16,ALL,3111,マーキュリー ブーツ,54,22,32,0.4074074074074074,54,0.1,540,2.4074074074074074,15
overall,MIXED,16.6,ALL,1036,ロング ソード,54,22,32,0.4074074074074074,54,0.07105263157894737,760,4.018518518518518,15
overall,MIXED,16.17,ALL,6694,セリルダの怨恨,54,20,34,0.37037037037037035,54,0.010714285714285714,5040,2.611111111111111,15
overall,MIXED,16.8,ALL,1036,ロング ソード,54,20,34,0.37037037037037035,54,0.07714285714285714,700,3.814814814814815,15
overall,MIXED,15.15,ALL,3006,バーサーカー ブーツ,54,19,35,0.35185185185185186,54,0.13170731707317074,410,2.2962962962962963,15
overall,MIXED,15.8,ALL,3158,アイオニア ブーツ,54,16,38,0.2962962962962963,54,0.08307692307692308,650,2.685185185185185,15
overall,MIXED,16.16,TOP,1028,ルビー クリスタル,54,16,38,0.2962962962962963,54,0.08108108108108109,666,4.166666666666667,15
overall,MIXED,15.19,ALL,3174,装甲強化の進撃,53,38,15,0.7169811320754716,53,0.04608695652173913,1150,2.547169811320755,15
overall,MIXED,16.3,UTILITY,2524,バンドルパイプ,53,37,16,0.6981132075471698,53,0.30113636363636365,176,2.1132075471698113,15
overall,MIXED,16.13,ALL,3124,グインソー レイジブレード,53,36,17,0.6792452830188679,53,0.016109422492401215,3290,1.6226415094339623,15
overall,MIXED,15.21,ALL,3031,インフィニティ エッジ,53,32,21,0.6037735849056604,53,0.08983050847457627,590,2.358490566037736,15
overall,MIXED,16.5,ALL,6655,ルーデン エコー,53,32,21,0.6037735849056604,53,0.0654320987654321,810,2.3962264150943398,15
overall,MIXED,15.20,BOTTOM,3031,インフィニティ エッジ,53,31,22,0.5849056603773585,53,0.4015151515151515,132,2.4339622641509435,15
overall,MIXED,16.18,ALL,3118,マリグナンス,53,31,22,0.5849056603773585,53,0.03154761904761905,1680,2.547169811320755,15
overall,MIXED,16.5,ALL,1052,増魔の書,53,31,22,0.5849056603773585,53,0.0654320987654321,810,3.69811320754717,15
overall,MIXED,16.16,JUNGLE,3157,ゾーニャの砂時計,53,30,23,0.5660377358490566,53,0.07957957957957958,666,1.3584905660377358,15
overall,MIXED,15.24,ALL,3036,ドミニク リガード,53,30,23,0.5660377358490566,53,0.030994152046783626,1710,2.7169811320754715,15
overall,MIXED,16.15,ALL,1057,ネガトロン クローク,53,30,23,0.5660377358490566,53,0.012832929782082324,4130,3.7358490566037736,15
overall,MIXED,16.14,TOP,6631,ストライドブレイカー,53,29,24,0.5471698113207547,53,0.07614942528735633,696,1.1886792452830188,15
overall,MIXED,15.24,MIDDLE,3363,ファーサイト オルタレーション,53,29,24,0.5471698113207547,53,0.15497076023391812,342,6.0,15
overall,MIXED,15.4,ALL,3047,プレート スチールキャップ,53,29,24,0.5471698113207547,53,0.1962962962962963,270,2.547169811320755,15
overall,MIXED,14.19,ALL,3111,マーキュリー ブーツ,53,29,24,0.5471698113207547,53,0.1261904761904762,420,2.3773584905660377,15
overall,MIXED,15.19,ALL,3116,リーライ クリスタル セプター,53,29,24,0.5471698113207547,53,0.04608695652173913,1150,1.9245283018867925,15
overall,MIXED,16.13,TOP,1028,ルビー クリスタル,53,29,24,0.5471698113207547,53,0.08054711246200608,658,3.6792452830188678,15
overall,MIXED,16.8,ALL,4645,シャドウフレイム,53,28,25,0.5283018867924528,53,0.07571428571428572,700,2.811320754716981,15
overall,MIXED,15.12,ALL,1056,ドラン リング,53,28,25,0.5283018867924528,53,0.10392156862745099,510,0.8867924528301887,15
overall,MIXED,16.2,UTILITY,2524,バンドルパイプ,53,28,25,0.5283018867924528,53,0.3732394366197183,142,2.339622641509434,15
overall,MIXED,16.16,UTILITY,3111,マーキュリー ブーツ,53,28,25,0.5283018867924528,53,0.07957957957957958,666,2.6226415094339623,15
overall,MIXED,16.14,BOTTOM,3033,モータル リマインダー,53,28,25,0.5283018867924528,53,0.07614942528735633,696,2.9245283018867925,15
overall,MIXED,16.10,BOTTOM,1086,ドラン ボウ,53,27,26,0.5094339622641509,53,0.23873873873873874,222,0.5283018867924528,15
overall,MIXED,16.15,ALL,3179,アンブラル グレイブ,53,26,27,0.49056603773584906,53,0.012832929782082324,4130,1.8113207547169812,15
overall,MIXED,15.19,MIDDLE,4645,シャドウフレイム,53,26,27,0.49056603773584906,53,0.23043478260869565,230,2.0943396226415096,15
overall,MIXED,16.13,ALL,3050,ジーク コンバージェンス,53,26,27,0.49056603773584906,53,0.016109422492401215,3290,2.452830188679245,15
overall,MIXED,16.10,ALL,3870,ドリーム メーカー,53,26,27,0.49056603773584906,53,0.047747747747747746,1110,0.3018867924528302,15
overall,MIXED,16.10,UTILITY,3870,ドリーム メーカー,53,26,27,0.49056603773584906,53,0.23873873873873874,222,0.3018867924528302,15
overall,MIXED,16.13,UTILITY,6653,ライアンドリーの仮面,53,26,27,0.49056603773584906,53,0.0806697108066971,657,2.4150943396226414,15
overall,MIXED,16.10,ALL,1018,アジリティ クローク,53,25,28,0.4716981132075472,53,0.047747747747747746,1110,3.5283018867924527,15
overall,MIXED,15.2,BOTTOM,3340,ステルス ワード,53,25,28,0.4716981132075472,53,0.5760869565217391,92,6.0,15
overall,MIXED,16.15,JUNGLE,6631,ストライドブレイカー,53,25,28,0.4716981132075472,53,0.06416464891041163,826,1.2264150943396226,15
overall,MIXED,16.6,MIDDLE,1056,ドラン リング,53,25,28,0.4716981132075472,53,0.34868421052631576,152,0.37735849056603776,15
overall,MIXED,15.19,MIDDLE,2503,黒炎のトーチ,53,25,28,0.4716981132075472,53,0.23043478260869565,230,2.1132075471698113,15
overall,MIXED,16.14,ALL,2502,終わりなき絶望,53,24,29,0.4528301886792453,53,0.015229885057471264,3480,2.358490566037736,15
overall,MIXED,14.20,ALL,3158,アイオニア ブーツ,53,23,30,0.4339622641509434,53,0.11521739130434783,460,2.30188679245283,15
overall,MIXED,15.14,ALL,3006,バーサーカー ブーツ,53,23,30,0.4339622641509434,53,0.11521739130434783,460,2.547169811320755,15
overall,MIXED,16.8,ALL,3111,マーキュリー ブーツ,53,22,31,0.41509433962264153,53,0.07571428571428572,700,1.9245283018867925,15
overall,MIXED,16.13,UTILITY,1028,ルビー クリスタル,53,22,31,0.41509433962264153,53,0.0806697108066971,657,3.8679245283018866,15
overall,MIXED,16.14,TOP,1036,ロング ソード,53,22,31,0.41509433962264153,53,0.07614942528735633,696,3.792452830188679,15
overall,MIXED,15.12,UTILITY,2055,コントロール ワード,53,21,32,0.39622641509433965,53,0.5196078431372549,102,2.660377358490566,15
overall,MIXED,16.7,ALL,1036,ロング ソード,53,21,32,0.39622641509433965,53,0.06883116883116883,770,3.7358490566037736,15
overall,MIXED,16.17,BOTTOM,4645,シャドウフレイム,53,20,33,0.37735849056603776,53,0.05257936507936508,1008,2.2830188679245285,15
overall,MIXED,16.11,MIDDLE,6655,ルーデン エコー,53,20,33,0.37735849056603776,53,0.2245762711864407,236,2.0,15
overall,MIXED,16.13,ALL,3041,メジャイ ソウルスティーラー,52,45,7,0.8653846153846154,52,0.015805471124620062,3290,2.3461538461538463,15
overall,MIXED,16.17,ALL,6617,ムーンストーンの再生,52,37,15,0.7115384615384616,52,0.010317460317460317,5040,2.730769230769231,15
overall,MIXED,16.17,JUNGLE,3036,ドミニク リガード,52,36,16,0.6923076923076923,52,0.051587301587301584,1008,2.673076923076923,15
overall,MIXED,16.12,ALL,3190,ソラリのロケット,52,32,20,0.6153846153846154,52,0.058426966292134834,890,1.5,15
overall,MIXED,16.12,UTILITY,3190,ソラリのロケット,52,32,20,0.6153846153846154,52,0.29213483146067415,178,1.5,15
overall,MIXED,15.8,ALL,3071,ブラック クリーバー,52,32,20,0.6153846153846154,52,0.08,650,2.1538461538461537,15
overall,MIXED,16.17,BOTTOM,2055,コントロール ワード,52,31,21,0.5961538461538461,52,0.051587301587301584,1008,2.173076923076923,15
overall,MIXED,16.16,TOP,6653,ライアンドリーの仮面,52,31,21,0.5961538461538461,52,0.07807807807807808,666,2.423076923076923,15
overall,MIXED,16.3,ALL,3067,キンドルジェム,52,30,22,0.5769230769230769,52,0.05909090909090909,880,3.75,15
overall,MIXED,16.17,TOP,3076,ブランブル ベスト,52,30,22,0.5769230769230769,52,0.051587301587301584,1008,2.9038461538461537,15
overall,MIXED,15.19,MIDDLE,6653,ライアンドリーの仮面,52,30,22,0.5769230769230769,52,0.22608695652173913,230,2.076923076923077,15
overall,MIXED,15.24,ALL,3094,ラピッド ファイアキャノン,52,30,22,0.5769230769230769,52,0.0304093567251462,1710,3.4423076923076925,15
overall,MIXED,16.5,ALL,1028,ルビー クリスタル,52,30,22,0.5769230769230769,52,0.06419753086419754,810,3.4423076923076925,15
overall,MIXED,16.15,ALL,3068,サンファイア イージス,52,29,23,0.5576923076923077,52,0.012590799031476998,4130,2.0,15
overall,MIXED,16.10,MIDDLE,4645,シャドウフレイム,52,29,23,0.5576923076923077,52,0.23423423423423423,222,2.2115384615384617,15
overall,MIXED,16.15,MIDDLE,4646,ストームサージ,52,29,23,0.5576923076923077,52,0.06295399515738499,826,2.519230769230769,15
overall,MIXED,16.4,ALL,3363,ファーサイト オルタレーション,52,29,23,0.5576923076923077,52,0.09811320754716982,530,6.0,15
overall,MIXED,16.17,UTILITY,3076,ブランブル ベスト,52,29,23,0.5576923076923077,52,0.051587301587301584,1008,3.730769230769231,15
overall,MIXED,15.24,MIDDLE,1058,ムダニ デカイ ロッド,52,29,23,0.5576923076923077,52,0.15204678362573099,342,2.9038461538461537,15
overall,MIXED,15.3,ALL,6653,ライアンドリーの仮面,52,29,23,0.5576923076923077,52,0.12682926829268293,410,1.7692307692307692,15
overall,MIXED,16.13,MIDDLE,3153,ルインドキング ブレード,52,29,23,0.5576923076923077,52,0.0790273556231003,658,1.9807692307692308,15
overall,MIXED,16.18,ALL,3876,至点のソリ,52,29,23,0.5576923076923077,52,0.030952380952380953,1680,0.21153846153846154,15
overall,MIXED,16.18,UTILITY,3876,至点のソリ,52,29,23,0.5576923076923077,52,0.15476190476190477,336,0.21153846153846154,15
overall,MIXED,15.7,ALL,3158,アイオニア ブーツ,52,28,24,0.5384615384615384,52,0.11304347826086956,460,2.9615384615384617,15
overall,MIXED,16.15,ALL,6694,セリルダの怨恨,52,28,24,0.5384615384615384,52,0.012590799031476998,4130,2.6538461538461537,15
overall,MIXED,16.5,JUNGLE,3047,プレート スチールキャップ,52,28,24,0.5384615384615384,52,0.32098765432098764,162,1.9615384615384615,15
overall,MIXED,16.17,JUNGLE,6698,プロフェイン ハイドラ,52,28,24,0.5384615384615384,52,0.051587301587301584,1008,1.0961538461538463,15
overall,MIXED,16.17,BOTTOM,3033,モータル リマインダー,52,28,24,0.5384615384615384,52,0.051587301587301584,1008,2.5,15
overall,MIXED,15.9,ALL,3031,インフィニティ エッジ,52,27,25,0.5192307692307693,52,0.12093023255813953,430,2.019230769230769,15
overall,MIXED,16.7,ALL,1054,ドラン シールド,52,27,25,0.5192307692307693,52,0.06753246753246753,770,1.1923076923076923,15
overall,MIXED,14.20,BOTTOM,1055,ドラン ブレード,52,27,25,0.5192307692307693,52,0.5652173913043478,92,0.5,15
overall,MIXED,15.16,BOTTOM,1055,ドラン ブレード,52,27,25,0.5192307692307693,52,0.48598130841121495,107,0.6153846153846154,15
overall,MIXED,15.20,MIDDLE,1056,ドラン リング,52,27,25,0.5192307692307693,52,0.3969465648854962,131,1.1730769230769231,15
overall,MIXED,16.11,UTILITY,3047,プレート スチールキャップ,52,27,25,0.5192307692307693,52,0.22033898305084745,236,2.6538461538461537,15
overall,MIXED,15.23,ALL,3158,アイオニア ブーツ,52,26,26,0.5,52,0.0896551724137931,580,2.8846153846153846,15
overall,MIXED,15.18,ALL,6672,クラーケン スレイヤー,52,26,26,0.5,52,0.08,650,1.6730769230769231,15
overall,MIXED,16.10,BOTTOM,2523,ヘクスオプティックC44,52,26,26,0.5,52,0.23423423423423423,222,1.7692307692307692,15
overall,MIXED,15.20,ALL,3158,アイオニア ブーツ,52,25,27,0.4807692307692308,52,0.07878787878787878,660,3.0,15
overall,MIXED,14.19,JUNGLE,3364,オラクル レンズ,52,25,27,0.4807692307692308,52,0.6190476190476191,84,6.0,15
overall,MIXED,16.4,ALL,4645,シャドウフレイム,52,25,27,0.4807692307692308,52,0.09811320754716982,530,2.7884615384615383,15
overall,MIXED,14.19,ALL,3158,アイオニア ブーツ,52,24,28,0.46153846153846156,52,0.12380952380952381,420,2.5384615384615383,15
overall,MIXED,16.17,JUNGLE,3053,ステラックの篭手,52,24,28,0.46153846153846156,52,0.051587301587301584,1008,2.0576923076923075,15
overall,MIXED,14.19,MIDDLE,3020,ソーサラー シューズ,52,24,28,0.46153846153846156,52,0.6190476190476191,84,2.9038461538461537,15
overall,MIXED,15.3,ALL,1056,ドラン リング,52,24,28,0.46153846153846156,52,0.12682926829268293,410,1.75,15
overall,MIXED,15.10,ALL,3078,トリニティ フォース,52,23,29,0.4423076923076923,52,0.07536231884057971,690,2.0576923076923075,15
overall,MIXED,15.3,ALL,3006,バーサーカー ブーツ,52,23,29,0.4423076923076923,52,0.12682926829268293,410,2.173076923076923,15
overall,MIXED,16.16,ALL,3070,女神の涙,52,23,29,0.4423076923076923,52,0.015615615615615615,3330,1.5961538461538463,15
overall,MIXED,16.15,ALL,3147,悲愴な仮面,52,23,29,0.4423076923076923,52,0.012590799031476998,4130,3.25,15
overall,MIXED,14.19,ALL,2031,詰め替えポーション,52,23,29,0.4423076923076923,52,0.12380952380952381,420,1.3461538461538463,15
overall,MIXED,16.5,ALL,6676,コレクター,52,22,30,0.4230769230769231,52,0.06419753086419754,810,1.5192307692307692,15
overall,MIXED,15.17,ALL,1037,ピッケル,52,22,30,0.4230769230769231,52,0.06419753086419754,810,3.6538461538461537,15
overall,MIXED,16.3,ALL,3871,ザズ＝ザクのレルムスパイク,52,21,31,0.40384615384615385,52,0.05909090909090909,880,0.17307692307692307,15
overall,MIXED,16.3,UTILITY,3871,ザズ＝ザクのレルムスパイク,52,21,31,0.40384615384615385,52,0.29545454545454547,176,0.17307692307692307,15
overall,MIXED,16.13,ALL,1033,ヌルマジック マント,52,21,31,0.40384615384615385,52,0.015805471124620062,3290,3.7884615384615383,15
overall,MIXED,16.8,ALL,1052,増魔の書,52,18,34,0.34615384615384615,52,0.07428571428571429,700,3.576923076923077,15
overall,MIXED,15.24,ALL,3172,ガンメタル ブーツ,51,37,14,0.7254901960784313,51,0.02982456140350877,1710,2.019607843137255,15
overall,MIXED,16.14,TOP,3742,デッド マン プレート,51,34,17,0.6666666666666666,51,0.07327586206896551,696,3.0,15
overall,MIXED,15.24,BOTTOM,1038,B. F. ソード,51,33,18,0.6470588235294118,51,0.1495601173020528,341,3.392156862745098,15
overall,MIXED,16.15,JUNGLE,3073,実験的ヘクスプレート,51,33,18,0.6470588235294118,51,0.06174334140435835,826,2.4705882352941178,15
overall,MIXED,16.15,MIDDLE,3040,セラフ エンブレイス,51,32,19,0.6274509803921569,51,0.06174334140435835,826,1.5098039215686274,15
overall,MIXED,16.13,ALL,1026,ブラスティング ワンド,51,32,19,0.6274509803921569,51,0.015501519756838906,3290,3.4313725490196076,15
overall,MIXED,15.13,ALL,3032,ユン・タル ワイルドアロー,51,32,19,0.6274509803921569,51,0.053125,960,1.7843137254901962,15
overall,MIXED,16.14,UTILITY,1052,増魔の書,51,32,19,0.6274509803921569,51,0.07327586206896551,696,3.9215686274509802,15
overall,MIXED,15.17,ALL,6655,ルーデン エコー,51,31,20,0.6078431372549019,51,0.06296296296296296,810,2.235294117647059,15
overall,MIXED,16.7,ALL,3078,トリニティ フォース,51,30,21,0.5882352941176471,51,0.06623376623376623,770,1.5294117647058822,15
overall,MIXED,16.15,ALL,3135,ヴォイド スタッフ,51,30,21,0.5882352941176471,51,0.012348668280871672,4130,2.784313725490196,15
overall,MIXED,16.17,ALL,3134,セレイテッド ダーク,51,28,23,0.5490196078431373,51,0.01011904761904762,5040,2.8627450980392157,15
overall,MIXED,15.4,UTILITY,3364,オラクル レンズ,51,27,24,0.5294117647058824,51,0.9444444444444444,54,6.0,15
overall,MIXED,15.21,BOTTOM,3340,ステルス ワード,51,27,24,0.5294117647058824,51,0.4358974358974359,117,6.0,15
overall,MIXED,16.16,ALL,1026,ブラスティング ワンド,51,27,24,0.5294117647058824,51,0.015315315315315315,3330,3.549019607843137,15
overall,MIXED,16.7,ALL,1058,ムダニ デカイ ロッド,51,27,24,0.5294117647058824,51,0.06623376623376623,770,3.2549019607843137,15
overall,MIXED,14.20,ALL,3153,ルインドキング ブレード,51,27,24,0.5294117647058824,51,0.1108695652173913,460,1.8823529411764706,15
overall,MIXED,16.12,ALL,6655,ルーデン エコー,51,27,24,0.5294117647058824,51,0.05730337078651685,890,2.4705882352941178,15
overall,MIXED,16.15,ALL,3211,スペクター カウル,51,26,25,0.5098039215686274,51,0.012348668280871672,4130,3.6862745098039214,15
overall,MIXED,16.15,JUNGLE,3157,ゾーニャの砂時計,51,26,25,0.5098039215686274,51,0.06174334140435835,826,1.4313725490196079,15
overall,MIXED,15.14,MIDDLE,1056,ドラン リング,51,26,25,0.5098039215686274,51,0.5543478260869565,92,0.5294117647058824,15
overall,MIXED,15.3,ALL,3363,ファーサイト オルタレーション,51,26,25,0.5098039215686274,51,0.12439024390243902,410,6.0,15
overall,MIXED,15.8,BOTTOM,3032,ユン・タル ワイルドアロー,51,26,25,0.5098039215686274,51,0.3923076923076923,130,1.4901960784313726,15
overall,MIXED,16.18,ALL,3100,リッチ ベイン,51,26,25,0.5098039215686274,51,0.030357142857142857,1680,2.2745098039215685,15
overall,MIXED,16.17,JUNGLE,3133,コールフィールド ウォーハンマー,51,25,26,0.49019607843137253,51,0.050595238095238096,1008,3.4901960784313726,15
overall,MIXED,15.24,ALL,3068,サンファイア イージス,51,25,26,0.49019607843137253,51,0.02982456140350877,1710,1.6666666666666667,15
overall,MIXED,16.7,JUNGLE,3340,ステルス ワード,51,25,26,0.49019607843137253,51,0.33116883116883117,154,6.0,15
overall,MIXED,16.12,ALL,3078,トリニティ フォース,51,25,26,0.49019607843137253,51,0.05730337078651685,890,1.7647058823529411,15
overall,MIXED,16.14,MIDDLE,3100,リッチ ベイン,51,25,26,0.49019607843137253,51,0.07327586206896551,696,2.411764705882353,15
overall,MIXED,16.7,ALL,3153,ルインドキング ブレード,51,25,26,0.49019607843137253,51,0.06623376623376623,770,1.9607843137254901,15
overall,MIXED,16.6,ALL,1028,ルビー クリスタル,51,25,26,0.49019607843137253,51,0.06710526315789474,760,3.9411764705882355,15
overall,MIXED,16.16,ALL,2003,体力ポーション,51,25,26,0.49019607843137253,51,0.015315315315315315,3330,1.1764705882352942,15
overall,MIXED,16.14,ALL,3124,グインソー レイジブレード,51,24,27,0.47058823529411764,51,0.014655172413793103,3480,1.8431372549019607,15
overall,MIXED,16.11,JUNGLE,2055,コントロール ワード,51,24,27,0.47058823529411764,51,0.21610169491525424,236,2.5294117647058822,15
overall,MIXED,16.16,BOTTOM,3033,モータル リマインダー,51,24,27,0.47058823529411764,51,0.07657657657657657,666,2.392156862745098,15
overall,MIXED,16.3,ALL,2510,黄昏と暁,51,24,27,0.47058823529411764,51,0.05795454545454545,880,2.0392156862745097,15
overall,MIXED,15.11,ALL,1056,ドラン リング,51,23,28,0.45098039215686275,51,0.09622641509433963,530,1.0392156862745099,15
overall,MIXED,14.19,ALL,6655,ルーデン エコー,51,23,28,0.45098039215686275,51,0.12142857142857143,420,2.3333333333333335,15
overall,MIXED,16.4,ALL,1056,ドラン リング,51,22,29,0.43137254901960786,51,0.09622641509433963,530,0.6470588235294118,15
overall,MIXED,15.20,BOTTOM,3340,ステルス ワード,51,21,30,0.4117647058823529,51,0.38636363636363635,132,6.0,15
overall,MIXED,15.13,ALL,3869,セレスティアル オポジション,51,20,31,0.39215686274509803,51,0.053125,960,0.3333333333333333,15
overall,MIXED,15.13,UTILITY,3869,セレスティアル オポジション,51,20,31,0.39215686274509803,51,0.265625,192,0.3333333333333333,15
overall,MIXED,16.6,ALL,6672,クラーケン スレイヤー,51,16,35,0.3137254901960784,51,0.06710526315789474,760,1.8431372549019607,15
overall,MIXED,16.18,ALL,3026,ガーディアン エンジェル,50,36,14,0.72,50,0.02976190476190476,1680,2.88,15
overall,MIXED,16.18,UTILITY,3020,ソーサラー シューズ,50,32,18,0.64,50,0.1488095238095238,336,2.68,15
overall,MIXED,16.16,TOP,2055,コントロール ワード,50,31,19,0.62,50,0.07507507507507508,666,2.64,15
overall,MIXED,16.13,JUNGLE,6653,ライアンドリーの仮面,50,31,19,0.62,50,0.07598784194528875,658,1.96,15
overall,MIXED,16.14,ALL,3109,騎士の誓い,50,31,19,0.62,50,0.014367816091954023,3480,2.56,15
overall,MIXED,16.14,UTILITY,3109,騎士の誓い,50,31,19,0.62,50,0.07183908045977011,696,2.56,15
overall,MIXED,16.9,ALL,3871,ザズ＝ザクのレルムスパイク,50,30,20,0.6,50,0.06329113924050633,790,0.26,15
overall,MIXED,16.9,UTILITY,3871,ザズ＝ザクのレルムスパイク,50,30,20,0.6,50,0.31645569620253167,158,0.26,15
overall,MIXED,16.15,BOTTOM,3072,ブラッドサースター,50,30,20,0.6,50,0.06053268765133172,826,1.84,15
overall,MIXED,16.14,JUNGLE,3153,ルインドキング ブレード,50,30,20,0.6,50,0.07183908045977011,696,1.76,15
overall,MIXED,16.15,ALL,2501,覇王のブラッドメイル,50,30,20,0.6,50,0.012106537530266344,4130,2.5,15
overall,MIXED,16.13,TOP,3075,ソーンメイル,50,29,21,0.58,50,0.07598784194528875,658,2.7,15
overall,MIXED,16.13,ALL,3072,ブラッドサースター,50,29,21,0.58,50,0.015197568389057751,3290,2.16,15
overall,MIXED,16.10,ALL,3009,スイフトネス ブーツ,50,28,22,0.56,50,0.04504504504504504,1110,2.46,15
overall,MIXED,16.11,ALL,3036,ドミニク リガード,50,28,22,0.56,50,0.0423728813559322,1180,3.0,15
overall,MIXED,16.17,ALL,3814,ナイト エッジ,50,28,22,0.56,50,0.00992063492063492,5040,2.74,15
overall,MIXED,16.9,ALL,3153,ルインドキング ブレード,50,28,22,0.56,50,0.06329113924050633,790,2.08,15
overall,MIXED,16.14,BOTTOM,3508,エッセンス リーバー,50,27,23,0.54,50,0.07183908045977011,696,1.88,15
overall,MIXED,16.15,ALL,3091,ウィッツ エンド,50,26,24,0.52,50,0.012106537530266344,4130,2.32,15
overall,MIXED,15.18,MIDDLE,3020,ソーサラー シューズ,50,26,24,0.52,50,0.38461538461538464,130,2.84,15
overall,MIXED,15.23,MIDDLE,3020,ソーサラー シューズ,50,26,24,0.52,50,0.43103448275862066,116,2.82,15
overall,MIXED,16.15,ALL,6670,ヌーンクィヴァー,50,26,24,0.52,50,0.012106537530266344,4130,3.36,15
overall,MIXED,15.12,ALL,6653,ライアンドリーの仮面,50,26,24,0.52,50,0.09803921568627451,510,2.7,15
overall,MIXED,15.24,JUNGLE,6653,ライアンドリーの仮面,50,26,24,0.52,50,0.14619883040935672,342,2.08,15
overall,MIXED,16.1,ALL,1028,ルビー クリスタル,50,26,24,0.52,50,0.06493506493506493,770,3.96,15
overall,MIXED,15.13,ALL,3067,キンドルジェム,50,25,25,0.5,50,0.052083333333333336,960,3.58,15
overall,MIXED,16.1,MIDDLE,4645,シャドウフレイム,50,25,25,0.5,50,0.3246753246753247,154,2.5,15
overall,MIXED,14.24,ALL,3020,ソーサラー シューズ,50,25,25,0.5,50,0.2,250,2.68,15
overall,MIXED,15.10,ALL,3075,ソーンメイル,50,25,25,0.5,50,0.07246376811594203,690,2.98,15
overall,MIXED,16.18,JUNGLE,6333,デス ダンス,50,25,25,0.5,50,0.1488095238095238,336,2.92,15
overall,MIXED,15.23,ALL,1056,ドラン リング,50,25,25,0.5,50,0.08620689655172414,580,0.9,15
overall,MIXED,15.12,ALL,3071,ブラック クリーバー,50,25,25,0.5,50,0.09803921568627451,510,2.1,15
overall,MIXED,16.8,ALL,1028,ルビー クリスタル,50,25,25,0.5,50,0.07142857142857142,700,3.98,15
overall,MIXED,15.23,ALL,3031,インフィニティ エッジ,50,24,26,0.48,50,0.08620689655172414,580,2.46,15
overall,MIXED,15.19,ALL,1029,クロース アーマー,50,24,26,0.48,50,0.043478260869565216,1150,3.92,15
overall,MIXED,16.1,ALL,6676,コレクター,50,24,26,0.48,50,0.06493506493506493,770,1.54,15
overall,MIXED,16.7,ALL,3871,ザズ＝ザクのレルムスパイク,50,24,26,0.48,50,0.06493506493506493,770,0.22,15
overall,MIXED,16.7,UTILITY,3871,ザズ＝ザクのレルムスパイク,50,24,26,0.48,50,0.3246753246753247,154,0.22,15
overall,MIXED,16.7,ALL,3009,スイフトネス ブーツ,50,24,26,0.48,50,0.06493506493506493,770,2.38,15
overall,MIXED,15.20,ALL,1054,ドラン シールド,50,24,26,0.48,50,0.07575757575757576,660,1.28,15
overall,MIXED,16.17,BOTTOM,6670,ヌーンクィヴァー,50,24,26,0.48,50,0.0496031746031746,1008,3.7,15
overall,MIXED,16.13,MIDDLE,3118,マリグナンス,50,24,26,0.48,50,0.07598784194528875,658,1.96,15
overall,MIXED,16.17,JUNGLE,6692,赤月の刃,50,24,26,0.48,50,0.0496031746031746,1008,1.22,15
overall,MIXED,15.7,BOTTOM,3006,バーサーカー ブーツ,50,23,27,0.46,50,0.5434782608695652,92,2.2,15
overall,MIXED,16.18,ALL,3145,ヘクステック オルタネーター,50,23,27,0.46,50,0.02976190476190476,1680,2.88,15
overall,MIXED,16.16,JUNGLE,1037,ピッケル,50,22,28,0.44,50,0.07507507507507508,666,3.4,15
overall,MIXED,15.17,TOP,3047,プレート スチールキャップ,50,22,28,0.44,50,0.30864197530864196,162,2.34,15
overall,MIXED,16.14,JUNGLE,2019,スチール シジル,50,21,29,0.42,50,0.07183908045977011,696,3.52,15
overall,MIXED,15.11,MIDDLE,3020,ソーサラー シューズ,50,21,29,0.42,50,0.4716981132075472,106,2.66,15
overall,MIXED,14.22,ALL,3006,バーサーカー ブーツ,50,21,29,0.42,50,0.1724137931034483,290,2.4,15
overall,MIXED,15.11,ALL,3111,マーキュリー ブーツ,50,21,29,0.42,50,0.09433962264150944,530,2.58,15
overall,MIXED,15.17,ALL,3158,アイオニア ブーツ,50,20,30,0.4,50,0.06172839506172839,810,2.88,15
overall,MIXED,16.15,UTILITY,3916,忘却のオーブ,50,20,30,0.4,50,0.06053268765133172,826,3.8,15
overall,MIXED,15.24,TOP,6631,ストライドブレイカー,50,19,31,0.38,50,0.14619883040935672,342,1.26,15
overall,MIXED,16.10,ALL,1054,ドラン シールド,50,19,31,0.38,50,0.04504504504504504,1110,1.1,15
overall,MIXED,15.18,ALL,1037,ピッケル,50,16,34,0.32,50,0.07692307692307693,650,3.38,15
overall,MIXED,16.17,UTILITY,6617,ムーンストーンの再生,49,35,14,0.7142857142857143,49,0.04861111111111111,1008,2.836734693877551,15
overall,MIXED,15.13,BOTTOM,3032,ユン・タル ワイルドアロー,49,31,18,0.6326530612244898,49,0.2552083333333333,192,1.7551020408163265,15
overall,MIXED,16.1,ALL,1052,増魔の書,49,31,18,0.6326530612244898,49,0.06363636363636363,770,3.142857142857143,15
overall,MIXED,16.16,ALL,6694,セリルダの怨恨,49,30,19,0.6122448979591837,49,0.014714714714714715,3330,2.7551020408163267,15
overall,MIXED,16.13,ALL,3814,ナイト エッジ,49,29,20,0.5918367346938775,49,0.014893617021276596,3290,3.2244897959183674,15
overall,MIXED,16.18,ALL,3076,ブランブル ベスト,49,29,20,0.5918367346938775,49,0.029166666666666667,1680,3.63265306122449,15
overall,MIXED,16.3,ALL,3089,ラバドン デスキャップ,49,29,20,0.5918367346938775,49,0.05568181818181818,880,2.857142857142857,15
overall,MIXED,16.14,BOTTOM,3094,ラピッド ファイアキャノン,49,29,20,0.5918367346938775,49,0.07040229885057471,696,2.8979591836734695,15
overall,MIXED,16.18,MIDDLE,3364,オラクル レンズ,49,28,21,0.5714285714285714,49,0.14583333333333334,336,6.0,15
overall,MIXED,16.8,ALL,6672,クラーケン スレイヤー,49,28,21,0.5714285714285714,49,0.07,700,1.6938775510204083,15
overall,MIXED,16.5,ALL,3871,ザズ＝ザクのレルムスパイク,49,28,21,0.5714285714285714,49,0.06049382716049383,810,0.4897959183673469,15
overall,MIXED,16.5,UTILITY,3871,ザズ＝ザクのレルムスパイク,49,28,21,0.5714285714285714,49,0.30246913580246915,162,0.4897959183673469,15
overall,MIXED,16.8,ALL,3020,ソーサラー シューズ,49,28,21,0.5714285714285714,49,0.07,700,2.4489795918367347,15
overall,MIXED,16.13,ALL,3109,騎士の誓い,49,28,21,0.5714285714285714,49,0.014893617021276596,3290,2.326530612244898,15
overall,MIXED,16.13,UTILITY,3109,騎士の誓い,49,28,21,0.5714285714285714,49,0.0745814307458143,657,2.326530612244898,15
overall,MIXED,16.16,TOP,3158,アイオニア ブーツ,49,27,22,0.5510204081632653,49,0.07357357357357357,666,2.2244897959183674,15
overall,MIXED,16.14,JUNGLE,6696,アクシオム アーク,49,27,22,0.5510204081632653,49,0.07040229885057471,696,1.0204081632653061,15
overall,MIXED,16.4,BOTTOM,3031,インフィニティ エッジ,49,27,22,0.5510204081632653,49,0.46226415094339623,106,2.183673469387755,15
overall,MIXED,15.14,JUNGLE,3364,オラクル レンズ,49,27,22,0.5510204081632653,49,0.532608695652174,92,6.0,15
overall,MIXED,16.3,ALL,6672,クラーケン スレイヤー,49,27,22,0.5510204081632653,49,0.05568181818181818,880,1.5918367346938775,15
overall,MIXED,15.24,ALL,3170,スイフトマーチ,49,27,22,0.5510204081632653,49,0.02865497076023392,1710,2.3469387755102042,15
overall,MIXED,16.15,UTILITY,3075,ソーンメイル,49,27,22,0.5510204081632653,49,0.059322033898305086,826,2.938775510204082,15
overall,MIXED,15.22,ALL,6653,ライアンドリーの仮面,49,27,22,0.5510204081632653,49,0.07424242424242425,660,2.306122448979592,15
overall,MIXED,16.15,MIDDLE,3100,リッチ ベイン,49,27,22,0.5510204081632653,49,0.059322033898305086,826,2.2448979591836733,15
overall,MIXED,15.16,BOTTOM,3031,インフィニティ エッジ,49,26,23,0.5306122448979592,49,0.45794392523364486,107,2.4081632653061225,15
overall,MIXED,14.24,ALL,1055,ドラン ブレード,49,26,23,0.5306122448979592,49,0.196,250,0.8775510204081632,15
overall,MIXED,16.1,ALL,2524,バンドルパイプ,49,26,23,0.5306122448979592,49,0.06363636363636363,770,2.4285714285714284,15
overall,MIXED,15.8,ALL,3111,マーキュリー ブーツ,49,26,23,0.5306122448979592,49,0.07538461538461538,650,2.4081632653061225,15
overall,MIXED,16.14,BOTTOM,3089,ラバドン デスキャップ,49,26,23,0.5306122448979592,49,0.07040229885057471,696,2.4489795918367347,15
overall,MIXED,16.5,ALL,2003,体力ポーション,49,26,23,0.5306122448979592,49,0.06049382716049383,810,1.1428571428571428,15
overall,MIXED,14.21,TOP,3340,ステルス ワード,49,25,24,0.5102040816326531,49,0.875,56,6.0,15
overall,MIXED,16.14,TOP,3078,トリニティ フォース,49,25,24,0.5102040816326531,49,0.07040229885057471,696,1.7346938775510203,15
overall,MIXED,16.16,ALL,6670,ヌーンクィヴァー,49,25,24,0.5102040816326531,49,0.014714714714714715,3330,3.5510204081632653,15
overall,MIXED,16.15,ALL,2512,フィーンドハンターの矢,49,25,24,0.5102040816326531,49,0.011864406779661017,4130,2.4285714285714284,15
overall,MIXED,16.16,ALL,3072,ブラッドサースター,49,25,24,0.5102040816326531,49,0.014714714714714715,3330,2.142857142857143,15
overall,MIXED,15.13,ALL,1052,増魔の書,49,25,24,0.5102040816326531,49,0.051041666666666666,960,3.7142857142857144,15
overall,MIXED,16.14,ALL,3110,フローズン ハート,49,24,25,0.4897959183673469,49,0.014080459770114942,3480,2.4693877551020407,15
overall,MIXED,16.8,JUNGLE,3047,プレート スチールキャップ,49,24,25,0.4897959183673469,49,0.35,140,1.8979591836734695,15
overall,MIXED,16.9,ALL,6676,コレクター,49,23,26,0.46938775510204084,49,0.0620253164556962,790,1.6122448979591837,15
overall,MIXED,16.9,MIDDLE,4645,シャドウフレイム,49,23,26,0.46938775510204084,49,0.310126582278481,158,2.489795918367347,15
overall,MIXED,15.9,MIDDLE,3340,ステルス ワード,49,23,26,0.46938775510204084,49,0.5697674418604651,86,6.0,15
overall,MIXED,15.13,JUNGLE,3047,プレート スチールキャップ,49,23,26,0.46938775510204084,49,0.2552083333333333,192,2.7755102040816326,15
overall,MIXED,16.12,ALL,3153,ルインドキング ブレード,49,23,26,0.46938775510204084,49,0.0550561797752809,890,1.6122448979591837,15
overall,MIXED,16.17,ALL,3082,ワーデン メイル,49,23,26,0.46938775510204084,49,0.009722222222222222,5040,3.2857142857142856,15
overall,MIXED,15.7,UTILITY,2055,コントロール ワード,49,22,27,0.4489795918367347,49,0.532608695652174,92,2.3877551020408165,15
overall,MIXED,16.16,UTILITY,3340,ステルス ワード,49,22,27,0.4489795918367347,49,0.07357357357357357,666,6.0,15
overall,MIXED,15.24,JUNGLE,3020,ソーサラー シューズ,49,22,27,0.4489795918367347,49,0.14327485380116958,342,2.5714285714285716,15
overall,MIXED,16.11,ALL,3075,ソーンメイル,49,22,27,0.4489795918367347,49,0.04152542372881356,1180,2.2857142857142856,15
overall,MIXED,15.21,BOTTOM,3006,バーサーカー ブーツ,49,22,27,0.4489795918367347,49,0.4188034188034188,117,2.8979591836734695,15
overall,MIXED,15.24,TOP,3111,マーキュリー ブーツ,49,22,27,0.4489795918367347,49,0.14327485380116958,342,2.5306122448979593,15
overall,MIXED,16.16,JUNGLE,1028,ルビー クリスタル,49,22,27,0.4489795918367347,49,0.07357357357357357,666,3.8979591836734695,15
overall,MIXED,15.11,ALL,4645,シャドウフレイム,49,21,28,0.42857142857142855,49,0.09245283018867924,530,2.326530612244898,15
overall,MIXED,15.15,BOTTOM,1055,ドラン ブレード,49,21,28,0.42857142857142855,49,0.5975609756097561,82,0.5510204081632653,15
overall,MIXED,15.10,MIDDLE,1056,ドラン リング,49,21,28,0.42857142857142855,49,0.35507246376811596,138,1.0816326530612246,15
overall,MIXED,16.17,ALL,3146,ヘクステック ガンブレード,49,21,28,0.42857142857142855,49,0.009722222222222222,5040,1.163265306122449,15
overall,MIXED,16.13,MIDDLE,3100,リッチ ベイン,49,21,28,0.42857142857142855,49,0.07446808510638298,658,2.2448979591836733,15
overall,MIXED,16.17,BOTTOM,3086,ジール,49,20,29,0.40816326530612246,49,0.04861111111111111,1008,3.0816326530612246,15
overall,MIXED,16.16,TOP,6333,デス ダンス,49,20,29,0.40816326530612246,49,0.07357357357357357,666,2.1020408163265305,15
overall,MIXED,16.15,TOP,1086,ドラン ボウ,49,20,29,0.40816326530612246,49,0.059322033898305086,826,0.8571428571428571,15
overall,MIXED,16.18,BOTTOM,1018,アジリティ クローク,49,19,30,0.3877551020408163,49,0.14583333333333334,336,3.4489795918367347,15
overall,MIXED,16.17,UTILITY,1033,ヌルマジック マント,49,19,30,0.3877551020408163,49,0.04861111111111111,1008,3.938775510204082,15
overall,MIXED,16.9,UTILITY,3158,アイオニア ブーツ,48,28,20,0.5833333333333334,48,0.3037974683544304,158,2.375,15
overall,MIXED,15.20,ALL,1052,増魔の書,48,28,20,0.5833333333333334,48,0.07272727272727272,660,3.5416666666666665,15
overall,MIXED,15.24,MIDDLE,3364,オラクル レンズ,48,27,21,0.5625,48,0.14035087719298245,342,6.0,15
overall,MIXED,16.13,ALL,3008,グラトナス ブーツ,48,27,21,0.5625,48,0.01458966565349544,3290,2.3541666666666665,15
overall,MIXED,16.13,ALL,1057,ネガトロン クローク,48,27,21,0.5625,48,0.01458966565349544,3290,3.2708333333333335,15
overall,MIXED,16.14,TOP,1037,ピッケル,48,26,22,0.5416666666666666,48,0.06896551724137931,696,3.6041666666666665,15
overall,MIXED,16.16,TOP,1037,ピッケル,48,26,22,0.5416666666666666,48,0.07207207207207207,666,3.4375,15
overall,MIXED,16.5,ALL,1037,ピッケル,48,26,22,0.5416666666666666,48,0.05925925925925926,810,3.5,15
overall,MIXED,16.14,ALL,3050,ジーク コンバージェンス,48,25,23,0.5208333333333334,48,0.013793103448275862,3480,2.0,15
overall,MIXED,16.18,JUNGLE,3158,アイオニア ブーツ,48,24,24,0.5,48,0.14285714285714285,336,2.0,15
overall,MIXED,16.17,ALL,6662,アイスボーン ガントレット,48,24,24,0.5,48,0.009523809523809525,5040,1.9166666666666667,15
overall,MIXED,16.13,UTILITY,3050,ジーク コンバージェンス,48,24,24,0.5,48,0.0730593607305936,657,2.5208333333333335,15
overall,MIXED,16.17,ALL,3748,タイタン ハイドラ,48,24,24,0.5,48,0.009523809523809525,5040,1.3541666666666667,15
overall,MIXED,16.18,TOP,1055,ドラン ブレード,48,24,24,0.5,48,0.14285714285714285,336,1.125,15
overall,MIXED,15.24,ALL,3115,ナッシャー トゥース,48,24,24,0.5,48,0.028070175438596492,1710,2.1458333333333335,15
overall,MIXED,15.7,BOTTOM,3363,ファーサイト オルタレーション,48,24,24,0.5,48,0.5217391304347826,92,6.0,15
overall,MIXED,16.16,JUNGLE,4633,リフトメーカー,48,24,24,0.5,48,0.07207207207207207,666,2.1041666666666665,15
overall,MIXED,16.1,ALL,6655,ルーデン エコー,48,24,24,0.5,48,0.06233766233766234,770,2.4375,15
overall,MIXED,16.17,TOP,6673,イモータル シールドボウ,48,23,25,0.4791666666666667,48,0.047619047619047616,1008,2.125,15
overall,MIXED,16.7,ALL,6610,サンダード スカイ,48,23,25,0.4791666666666667,48,0.06233766233766234,770,1.7916666666666667,15
overall,MIXED,16.13,ALL,2508,運命の灰,48,23,25,0.4791666666666667,48,0.01458966565349544,3290,3.2708333333333335,15
overall,MIXED,16.12,ALL,3158,アイオニア ブーツ,48,22,26,0.4583333333333333,48,0.05393258426966292,890,2.4791666666666665,15
overall,MIXED,16.12,ALL,6672,クラーケン スレイヤー,48,22,26,0.4583333333333333,48,0.05393258426966292,890,1.3958333333333333,15
overall,MIXED,16.11,ALL,1029,クロース アーマー,48,22,26,0.4583333333333333,48,0.04067796610169491,1180,4.104166666666667,15
overall,MIXED,16.11,ALL,3087,スタティック シヴ,48,22,26,0.4583333333333333,48,0.04067796610169491,1180,1.9791666666666667,15
overall,MIXED,15.5,ALL,3340,ステルス ワード,48,22,26,0.4583333333333333,48,0.48,100,6.0,15
overall,MIXED,16.3,ALL,3078,トリニティ フォース,48,22,26,0.4583333333333333,48,0.05454545454545454,880,1.6458333333333333,15
overall,MIXED,15.23,BOTTOM,3006,バーサーカー ブーツ,48,22,26,0.4583333333333333,48,0.41379310344827586,116,2.4375,15
overall,MIXED,16.14,TOP,3363,ファーサイト オルタレーション,48,22,26,0.4583333333333333,48,0.06896551724137931,696,6.0,15
overall,MIXED,15.18,ALL,1028,ルビー クリスタル,48,22,26,0.4583333333333333,48,0.07384615384615385,650,3.5208333333333335,15
overall,MIXED,16.10,BOTTOM,2031,詰め替えポーション,48,22,26,0.4583333333333333,48,0.21621621621621623,222,1.0416666666666667,15
overall,MIXED,15.18,JUNGLE,2055,コントロール ワード,48,21,27,0.4375,48,0.36923076923076925,130,1.8125,15
overall,MIXED,16.12,ALL,1054,ドラン シールド,48,21,27,0.4375,48,0.05393258426966292,890,0.9583333333333334,15
overall,MIXED,15.10,TOP,3047,プレート スチールキャップ,48,21,27,0.4375,48,0.34782608695652173,138,2.3125,15
overall,MIXED,16.9,JUNGLE,3047,プレート スチールキャップ,48,21,27,0.4375,48,0.3037974683544304,158,1.6041666666666667,15
overall,MIXED,16.16,MIDDLE,3152,ヘクステック ロケットベルト,48,21,27,0.4375,48,0.07207207207207207,666,1.0833333333333333,15
overall,MIXED,15.8,ALL,1028,ルビー クリスタル,48,21,27,0.4375,48,0.07384615384615385,650,3.75,15
overall,MIXED,15.10,ALL,6655,ルーデン エコー,48,21,27,0.4375,48,0.06956521739130435,690,1.875,15
overall,MIXED,16.17,TOP,2510,黄昏と暁,48,21,27,0.4375,48,0.047619047619047616,1008,2.1666666666666665,15
overall,MIXED,16.11,TOP,1055,ドラン ブレード,48,20,28,0.4166666666666667,48,0.2033898305084746,236,0.75,15
overall,MIXED,16.18,TOP,1056,ドラン リング,48,20,28,0.4166666666666667,48,0.14285714285714285,336,0.5208333333333334,15
overall,MIXED,15.8,ALL,1036,ロング ソード,48,20,28,0.4166666666666667,48,0.07384615384615385,650,3.6666666666666665,15
overall,MIXED,16.2,TOP,3047,プレート スチールキャップ,48,17,31,0.3541666666666667,48,0.3380281690140845,142,2.5833333333333335,15
overall,MIXED,15.17,ALL,1028,ルビー クリスタル,48,17,31,0.3541666666666667,48,0.05925925925925926,810,3.6875,15
overall,MIXED,15.24,ALL,3171,真紅のアイオニア ブーツ,47,36,11,0.7659574468085106,47,0.027485380116959064,1710,2.574468085106383,15
overall,MIXED,16.3,ALL,3036,ドミニク リガード,47,31,16,0.6595744680851063,47,0.053409090909090906,880,2.6808510638297873,15
overall,MIXED,16.11,ALL,6699,ボルテイク サイクロソード,47,30,17,0.6382978723404256,47,0.03983050847457627,1180,1.7659574468085106,15
overall,MIXED,16.11,ALL,3118,マリグナンス,47,30,17,0.6382978723404256,47,0.03983050847457627,1180,2.404255319148936,15
overall,MIXED,16.16,ALL,2504,ケイニック ルーケルン,47,29,18,0.6170212765957447,47,0.014114114114114115,3330,3.0425531914893615,15
overall,MIXED,16.6,ALL,3078,トリニティ フォース,47,29,18,0.6170212765957447,47,0.06184210526315789,760,1.6808510638297873,15
overall,MIXED,15.7,ALL,3111,マーキュリー ブーツ,47,29,18,0.6170212765957447,47,0.10217391304347827,460,2.617021276595745,15
overall,MIXED,16.5,ALL,3116,リーライ クリスタル セプター,47,29,18,0.6170212765957447,47,0.05802469135802469,810,2.234042553191489,15
overall,MIXED,16.16,MIDDLE,6673,イモータル シールドボウ,47,28,19,0.5957446808510638,47,0.07057057057057058,666,2.234042553191489,15
overall,MIXED,16.13,JUNGLE,3026,ガーディアン エンジェル,47,28,19,0.5957446808510638,47,0.07142857142857142,658,3.297872340425532,15
overall,MIXED,15.2,UTILITY,2055,コントロール ワード,47,28,19,0.5957446808510638,47,0.5108695652173914,92,2.9148936170212765,15
overall,MIXED,16.3,JUNGLE,3340,ステルス ワード,47,28,19,0.5957446808510638,47,0.26704545454545453,176,6.0,15
overall,MIXED,16.14,MIDDLE,1086,ドラン ボウ,47,28,19,0.5957446808510638,47,0.06752873563218391,696,0.48936170212765956,15
overall,MIXED,16.11,ALL,1054,ドラン シールド,47,27,20,0.574468085106383,47,0.03983050847457627,1180,0.7872340425531915,15
overall,MIXED,16.13,BOTTOM,3072,ブラッドサースター,47,27,20,0.574468085106383,47,0.07142857142857142,658,2.0851063829787235,15
overall,MIXED,15.24,ALL,3032,ユン・タル ワイルドアロー,47,27,20,0.574468085106383,47,0.027485380116959064,1710,1.6595744680851063,15
overall,MIXED,15.9,ALL,6653,ライアンドリーの仮面,47,27,20,0.574468085106383,47,0.10930232558139535,430,2.297872340425532,15
overall,MIXED,16.9,ALL,2510,黄昏と暁,47,27,20,0.574468085106383,47,0.05949367088607595,790,1.7872340425531914,15
overall,MIXED,15.17,JUNGLE,3340,ステルス ワード,47,26,21,0.5531914893617021,47,0.29012345679012347,162,6.0,15
overall,MIXED,15.2,ALL,3363,ファーサイト オルタレーション,47,26,21,0.5531914893617021,47,0.10217391304347827,460,6.0,15
overall,MIXED,16.14,ALL,1026,ブラスティング ワンド,47,26,21,0.5531914893617021,47,0.013505747126436781,3480,3.297872340425532,15
overall,MIXED,16.13,ALL,3179,アンブラル グレイブ,47,25,22,0.5319148936170213,47,0.014285714285714285,3290,2.0425531914893615,15
overall,MIXED,16.15,UTILITY,6610,サンダード スカイ,47,25,22,0.5319148936170213,47,0.05690072639225181,826,1.7659574468085106,15
overall,MIXED,15.7,BOTTOM,1055,ドラン ブレード,47,25,22,0.5319148936170213,47,0.5108695652173914,92,0.48936170212765956,15
overall,MIXED,16.15,ALL,3814,ナイト エッジ,47,25,22,0.5319148936170213,47,0.011380145278450363,4130,3.0851063829787235,15
overall,MIXED,16.9,ALL,3116,リーライ クリスタル セプター,47,25,22,0.5319148936170213,47,0.05949367088607595,790,2.0638297872340425,15
overall,MIXED,15.20,ALL,3153,ルインドキング ブレード,47,25,22,0.5319148936170213,47,0.07121212121212121,660,2.127659574468085,15
overall,MIXED,16.12,ALL,3871,ザズ＝ザクのレルムスパイク,47,24,23,0.5106382978723404,47,0.052808988764044947,890,0.5319148936170213,15
overall,MIXED,16.12,UTILITY,3871,ザズ＝ザクのレルムスパイク,47,24,23,0.5106382978723404,47,0.2640449438202247,178,0.5319148936170213,15
overall,MIXED,15.17,ALL,3078,トリニティ フォース,47,24,23,0.5106382978723404,47,0.05802469135802469,810,1.5319148936170213,15
overall,MIXED,16.13,JUNGLE,1037,ピッケル,47,24,23,0.5106382978723404,47,0.07142857142857142,658,3.8297872340425534,15
overall,MIXED,14.20,ALL,3111,マーキュリー ブーツ,47,24,23,0.5106382978723404,47,0.10217391304347827,460,2.6382978723404253,15
overall,MIXED,16.10,ALL,1058,ムダニ デカイ ロッド,47,24,23,0.5106382978723404,47,0.04234234234234234,1110,2.978723404255319,15
overall,MIXED,16.13,ALL,3042,ムラマナ,47,24,23,0.5106382978723404,47,0.014285714285714285,3290,2.0851063829787235,15
overall,MIXED,16.16,BOTTOM,3035,ラスト ウィスパー,47,24,23,0.5106382978723404,47,0.07057057057057058,666,3.574468085106383,15
overall,MIXED,16.14,ALL,3135,ヴォイド スタッフ,47,24,23,0.5106382978723404,47,0.013505747126436781,3480,3.276595744680851,15
overall,MIXED,15.23,BOTTOM,3340,ステルス ワード,47,23,24,0.48936170212765956,47,0.4051724137931034,116,6.0,15
overall,MIXED,15.3,MIDDLE,3340,ステルス ワード,47,23,24,0.48936170212765956,47,0.573170731707317,82,6.0,15
overall,MIXED,15.19,ALL,6657,ロッド オブ エイジス,47,23,24,0.48936170212765956,47,0.0408695652173913,1150,2.148936170212766,15
overall,MIXED,16.14,ALL,6662,アイスボーン ガントレット,47,22,25,0.46808510638297873,47,0.013505747126436781,3480,1.5319148936170213,15
overall,MIXED,16.13,ALL,3172,ガンメタル ブーツ,47,22,25,0.46808510638297873,47,0.014285714285714285,3290,2.25531914893617,15
overall,MIXED,16.13,MIDDLE,3172,ガンメタル ブーツ,47,22,25,0.46808510638297873,47,0.07142857142857142,658,2.25531914893617,15
overall,MIXED,16.14,TOP,2055,コントロール ワード,47,22,25,0.46808510638297873,47,0.06752873563218391,696,2.297872340425532,15
overall,MIXED,15.11,BOTTOM,3340,ステルス ワード,47,22,25,0.46808510638297873,47,0.44339622641509435,106,6.0,15
overall,MIXED,15.9,BOTTOM,1055,ドラン ブレード,47,22,25,0.46808510638297873,47,0.5465116279069767,86,0.9148936170212766,15
overall,MIXED,16.15,ALL,6617,ムーンストーンの再生,47,22,25,0.46808510638297873,47,0.011380145278450363,4130,2.702127659574468,15
overall,MIXED,16.10,MIDDLE,6655,ルーデン エコー,47,22,25,0.46808510638297873,47,0.21171171171171171,222,2.0851063829787235,15
overall,MIXED,16.16,ALL,3086,ジール,47,21,26,0.44680851063829785,47,0.014114114114114115,3330,2.765957446808511,15
overall,MIXED,15.21,ALL,3009,スイフトネス ブーツ,47,21,26,0.44680851063829785,47,0.07966101694915254,590,2.9574468085106385,15
overall,MIXED,16.16,MIDDLE,3040,セラフ エンブレイス,47,21,26,0.44680851063829785,47,0.07057057057057058,666,1.7446808510638299,15
overall,MIXED,16.2,ALL,3075,ソーンメイル,47,21,26,0.44680851063829785,47,0.06619718309859154,710,2.9148936170212765,15
overall,MIXED,16.12,ALL,2003,体力ポーション,47,21,26,0.44680851063829785,47,0.052808988764044947,890,1.0425531914893618,15
overall,MIXED,16.11,TOP,2031,詰め替えポーション,47,21,26,0.44680851063829785,47,0.19915254237288135,236,1.3617021276595744,15
overall,MIXED,16.14,TOP,6692,赤月の刃,47,21,26,0.44680851063829785,47,0.06752873563218391,696,1.7872340425531914,15
overall,MIXED,15.21,ALL,3158,アイオニア ブーツ,47,20,27,0.425531914893617,47,0.07966101694915254,590,2.893617021276596,15
overall,MIXED,16.8,ALL,1037,ピッケル,47,20,27,0.425531914893617,47,0.06714285714285714,700,3.382978723404255,15
overall,MIXED,16.16,MIDDLE,3145,ヘクステック オルタネーター,47,20,27,0.425531914893617,47,0.07057057057057058,666,3.0425531914893615,15
overall,MIXED,16.17,BOTTOM,3089,ラバドン デスキャップ,47,20,27,0.425531914893617,47,0.04662698412698413,1008,2.425531914893617,15
overall,MIXED,15.13,ALL,3871,ザズ＝ザクのレルムスパイク,47,19,28,0.40425531914893614,47,0.04895833333333333,960,0.5531914893617021,15
overall,MIXED,15.13,UTILITY,3871,ザズ＝ザクのレルムスパイク,47,19,28,0.40425531914893614,47,0.24479166666666666,192,0.5531914893617021,15
overall,MIXED,15.12,ALL,3009,スイフトネス ブーツ,47,19,28,0.40425531914893614,47,0.09215686274509804,510,2.74468085106383,15
overall,MIXED,15.10,ALL,1037,ピッケル,47,19,28,0.40425531914893614,47,0.06811594202898551,690,3.6595744680851063,15
overall,MIXED,16.16,ALL,1053,ヴァンパイア セプター,47,17,30,0.3617021276595745,47,0.014114114114114115,3330,3.6595744680851063,15
overall,MIXED,16.13,ALL,3044,ファージ,47,16,31,0.3404255319148936,47,0.014285714285714285,3290,2.765957446808511,15
overall,MIXED,16.16,ALL,3147,悲愴な仮面,47,12,35,0.2553191489361702,47,0.014114114114114115,3330,3.148936170212766,15
overall,MIXED,16.13,ALL,6664,ホロウ レディアンス,46,33,13,0.717391304347826,46,0.01398176291793313,3290,2.260869565217391,15
overall,MIXED,16.13,BOTTOM,3071,ブラック クリーバー,46,31,15,0.6739130434782609,46,0.06990881458966565,658,2.0217391304347827,15
overall,MIXED,16.2,ALL,1028,ルビー クリスタル,46,31,15,0.6739130434782609,46,0.0647887323943662,710,3.891304347826087,15
overall,MIXED,15.16,BOTTOM,3363,ファーサイト オルタレーション,46,29,17,0.6304347826086957,46,0.42990654205607476,107,6.0,15
overall,MIXED,16.14,JUNGLE,3073,実験的ヘクスプレート,46,28,18,0.6086956521739131,46,0.06609195402298851,696,1.6956521739130435,15
overall,MIXED,15.11,BOTTOM,3031,インフィニティ エッジ,46,27,19,0.5869565217391305,46,0.4339622641509434,106,2.4130434782608696,15
overall,MIXED,15.19,ALL,3871,ザズ＝ザクのレルムスパイク,46,27,19,0.5869565217391305,46,0.04,1150,0.391304347826087,15
overall,MIXED,15.19,UTILITY,3871,ザズ＝ザクのレルムスパイク,46,27,19,0.5869565217391305,46,0.2,230,0.391304347826087,15
overall,MIXED,15.24,ALL,3053,ステラックの篭手,46,27,19,0.5869565217391305,46,0.026900584795321637,1710,2.9130434782608696,15
overall,MIXED,14.23,ALL,3020,ソーサラー シューズ,46,27,19,0.5869565217391305,46,0.21904761904761905,210,3.0652173913043477,15
overall,MIXED,15.18,ALL,3075,ソーンメイル,46,27,19,0.5869565217391305,46,0.07076923076923076,650,2.9565217391304346,15
overall,MIXED,16.9,ALL,3071,ブラック クリーバー,46,27,19,0.5869565217391305,46,0.05822784810126582,790,2.217391304347826,15
overall,MIXED,16.16,UTILITY,3076,ブランブル ベスト,46,27,19,0.5869565217391305,46,0.06906906906906907,666,3.891304347826087,15
overall,MIXED,16.15,MIDDLE,3031,インフィニティ エッジ,46,26,20,0.5652173913043478,46,0.05569007263922518,826,2.4130434782608696,15
overall,MIXED,15.14,UTILITY,2055,コントロール ワード,46,26,20,0.5652173913043478,46,0.5,92,2.782608695652174,15
overall,MIXED,15.2,ALL,3871,ザズ＝ザクのレルムスパイク,46,26,20,0.5652173913043478,46,0.1,460,0.043478260869565216,15
overall,MIXED,15.2,UTILITY,3871,ザズ＝ザクのレルムスパイク,46,26,20,0.5652173913043478,46,0.5,92,0.043478260869565216,15
overall,MIXED,16.12,BOTTOM,1055,ドラン ブレード,46,26,20,0.5652173913043478,46,0.2598870056497175,177,0.6304347826086957,15
overall,MIXED,15.17,ALL,1052,増魔の書,46,26,20,0.5652173913043478,46,0.056790123456790124,810,3.630434782608696,15
overall,MIXED,16.10,ALL,3161,ショウジンの矛,46,25,21,0.5434782608695652,46,0.04144144144144144,1110,2.4565217391304346,15
overall,MIXED,16.1,ALL,3009,スイフトネス ブーツ,46,25,21,0.5434782608695652,46,0.05974025974025974,770,2.4565217391304346,15
overall,MIXED,15.22,MIDDLE,1056,ドラン リング,46,25,21,0.5434782608695652,46,0.3484848484848485,132,1.4130434782608696,15
overall,MIXED,16.16,BOTTOM,6675,ナヴォリ フリッカーブレード,46,25,21,0.5434782608695652,46,0.06906906906906907,666,2.260869565217391,15
overall,MIXED,15.13,ALL,1058,ムダニ デカイ ロッド,46,25,21,0.5434782608695652,46,0.04791666666666667,960,3.152173913043478,15
overall,MIXED,16.17,TOP,3031,インフィニティ エッジ,46,24,22,0.5217391304347826,46,0.04563492063492063,1008,2.0217391304347827,15
overall,MIXED,16.14,ALL,3008,グラトナス ブーツ,46,24,22,0.5217391304347826,46,0.013218390804597701,3480,2.3260869565217392,15
overall,MIXED,14.22,TOP,3340,ステルス ワード,46,24,22,0.5217391304347826,46,0.7931034482758621,58,6.0,15
overall,MIXED,16.16,BOTTOM,3302,テルミヌス,46,24,22,0.5217391304347826,46,0.06906906906906907,666,3.130434782608696,15
overall,MIXED,15.24,TOP,3078,トリニティ フォース,46,24,22,0.5217391304347826,46,0.13450292397660818,342,1.6521739130434783,15
overall,MIXED,15.11,ALL,3071,ブラック クリーバー,46,24,22,0.5217391304347826,46,0.08679245283018867,530,1.891304347826087,15
overall,MIXED,16.16,UTILITY,6653,ライアンドリーの仮面,46,24,22,0.5217391304347826,46,0.06906906906906907,666,2.4130434782608696,15
overall,MIXED,15.21,ALL,6672,クラーケン スレイヤー,46,23,23,0.5,46,0.07796610169491526,590,1.6521739130434783,15
overall,MIXED,15.3,UTILITY,2055,コントロール ワード,46,23,23,0.5,46,0.5609756097560976,82,2.391304347826087,15
overall,MIXED,15.19,ALL,6610,サンダード スカイ,46,23,23,0.5,46,0.04,1150,1.6956521739130435,15
overall,MIXED,15.10,ALL,3871,ザズ＝ザクのレルムスパイク,46,23,23,0.5,46,0.06666666666666667,690,0.3695652173913043,15
overall,MIXED,15.10,UTILITY,3871,ザズ＝ザクのレルムスパイク,46,23,23,0.5,46,0.3333333333333333,138,0.3695652173913043,15
overall,MIXED,16.2,ALL,3871,ザズ＝ザクのレルムスパイク,46,23,23,0.5,46,0.0647887323943662,710,0.30434782608695654,15
overall,MIXED,16.2,UTILITY,3871,ザズ＝ザクのレルムスパイク,46,23,23,0.5,46,0.323943661971831,142,0.30434782608695654,15
overall,MIXED,16.17,JUNGLE,4645,シャドウフレイム,46,23,23,0.5,46,0.04563492063492063,1008,1.9782608695652173,15
overall,MIXED,16.6,MIDDLE,4645,シャドウフレイム,46,23,23,0.5,46,0.3026315789473684,152,2.0652173913043477,15
overall,MIXED,15.14,BOTTOM,3340,ステルス ワード,46,23,23,0.5,46,0.5,92,6.0,15
overall,MIXED,16.16,ALL,3044,ファージ,46,23,23,0.5,46,0.013813813813813814,3330,2.608695652173913,15
overall,MIXED,16.16,BOTTOM,3072,ブラッドサースター,46,23,23,0.5,46,0.06906906906906907,666,2.1739130434782608,15
overall,MIXED,16.15,ALL,4628,ホライゾン フォーカス,46,23,23,0.5,46,0.011138014527845037,4130,2.4347826086956523,15
overall,MIXED,15.17,ALL,3869,セレスティアル オポジション,46,22,24,0.4782608695652174,46,0.056790123456790124,810,0.043478260869565216,15
overall,MIXED,15.17,UTILITY,3869,セレスティアル オポジション,46,22,24,0.4782608695652174,46,0.2857142857142857,161,0.043478260869565216,15
overall,MIXED,15.18,ALL,3869,セレスティアル オポジション,46,22,24,0.4782608695652174,46,0.07076923076923076,650,0.1956521739130435,15
overall,MIXED,15.18,UTILITY,3869,セレスティアル オポジション,46,22,24,0.4782608695652174,46,0.35384615384615387,130,0.1956521739130435,15
overall,MIXED,16.18,TOP,3078,トリニティ フォース,46,22,24,0.4782608695652174,46,0.13690476190476192,336,1.7608695652173914,15
overall,MIXED,16.8,ALL,1054,ドラン シールド,46,22,24,0.4782608695652174,46,0.06571428571428571,700,0.8478260869565217,15
overall,MIXED,16.18,ALL,1033,ヌルマジック マント,46,22,24,0.4782608695652174,46,0.02738095238095238,1680,3.891304347826087,15
overall,MIXED,15.8,ALL,6655,ルーデン エコー,46,22,24,0.4782608695652174,46,0.07076923076923076,650,2.0,15
overall,MIXED,16.17,ALL,1053,ヴァンパイア セプター,46,22,24,0.4782608695652174,46,0.009126984126984128,5040,3.652173913043478,15
overall,MIXED,16.5,ALL,3158,アイオニア ブーツ,46,21,25,0.45652173913043476,46,0.056790123456790124,810,2.5,15
overall,MIXED,16.15,UTILITY,6617,ムーンストーンの再生,46,21,25,0.45652173913043476,46,0.05569007263922518,826,2.717391304347826,15
overall,MIXED,16.17,ALL,3179,アンブラル グレイブ,46,20,26,0.43478260869565216,46,0.009126984126984128,5040,1.9130434782608696,15
overall,MIXED,14.23,ALL,2055,コントロール ワード,46,20,26,0.43478260869565216,46,0.21904761904761905,210,2.369565217391304,15
overall,MIXED,16.5,JUNGLE,2055,コントロール ワード,46,20,26,0.43478260869565216,46,0.2839506172839506,162,2.260869565217391,15
overall,MIXED,16.14,JUNGLE,1028,ルビー クリスタル,46,20,26,0.43478260869565216,46,0.06609195402298851,696,3.6739130434782608,15
overall,MIXED,16.17,ALL,2530,旋律のダイアデム,46,20,26,0.43478260869565216,46,0.009126984126984128,5040,1.6521739130434783,15
overall,MIXED,16.17,UTILITY,2530,旋律のダイアデム,46,20,26,0.43478260869565216,46,0.04563492063492063,1008,1.6521739130434783,15
overall,MIXED,15.13,ALL,2021,トンネル掘り,46,18,28,0.391304347826087,46,0.04791666666666667,960,2.760869565217391,15
overall,MIXED,16.17,BOTTOM,3087,スタティック シヴ,46,17,29,0.3695652173913043,46,0.04563492063492063,1008,1.6521739130434783,15
overall,MIXED,16.17,ALL,3802,ロスト チャプター,46,17,29,0.3695652173913043,46,0.009126984126984128,5040,2.4565217391304346,15
overall,MIXED,16.16,ALL,1043,リカーブ ボウ,46,15,31,0.32608695652173914,46,0.013813813813813814,3330,3.369565217391304,15
overall,MIXED,16.15,UTILITY,1001,ブーツ,46,13,33,0.2826086956521739,46,0.05569007263922518,826,2.8043478260869565,15
overall,MIXED,16.17,ALL,3144,偵察兵のパチンコ,46,13,33,0.2826086956521739,46,0.009126984126984128,5040,3.5434782608695654,15
overall,MIXED,16.16,BOTTOM,3026,ガーディアン エンジェル,45,32,13,0.7111111111111111,45,0.06756756756756757,666,3.1333333333333333,15
overall,MIXED,16.18,BOTTOM,3036,ドミニク リガード,45,30,15,0.6666666666666666,45,0.13392857142857142,336,2.7333333333333334,15
overall,MIXED,16.14,ALL,6675,ナヴォリ フリッカーブレード,45,30,15,0.6666666666666666,45,0.01293103448275862,3480,2.3555555555555556,15
overall,MIXED,15.13,ALL,3174,装甲強化の進撃,45,29,16,0.6444444444444445,45,0.046875,960,2.7111111111111112,15
overall,MIXED,15.18,ALL,4645,シャドウフレイム,45,28,17,0.6222222222222222,45,0.06923076923076923,650,2.022222222222222,15
overall,MIXED,16.13,TOP,3161,ショウジンの矛,45,28,17,0.6222222222222222,45,0.06838905775075987,658,2.3777777777777778,15
overall,MIXED,16.14,TOP,6333,デス ダンス,45,28,17,0.6222222222222222,45,0.06465517241379311,696,2.1777777777777776,15
overall,MIXED,16.6,ALL,3116,リーライ クリスタル セプター,45,28,17,0.6222222222222222,45,0.05921052631578947,760,2.111111111111111,15
overall,MIXED,15.11,ALL,3009,スイフトネス ブーツ,45,27,18,0.6,45,0.08490566037735849,530,2.4444444444444446,15
overall,MIXED,16.3,ALL,3075,ソーンメイル,45,27,18,0.6,45,0.05113636363636364,880,2.6666666666666665,15
overall,MIXED,15.9,BOTTOM,3363,ファーサイト オルタレーション,45,27,18,0.6,45,0.5232558139534884,86,6.0,15
overall,MIXED,16.15,ALL,3156,マルモティウスの胃袋,45,27,18,0.6,45,0.010895883777239709,4130,2.8,15
overall,MIXED,16.14,MIDDLE,6673,イモータル シールドボウ,45,26,19,0.5777777777777777,45,0.06465517241379311,696,2.8222222222222224,15
overall,MIXED,16.9,ALL,3078,トリニティ フォース,45,26,19,0.5777777777777777,45,0.056962025316455694,790,1.8222222222222222,15
overall,MIXED,15.14,BOTTOM,1055,ドラン ブレード,45,26,19,0.5777777777777777,45,0.4891304347826087,92,0.8444444444444444,15
overall,MIXED,16.1,UTILITY,2524,バンドルパイプ,45,26,19,0.5777777777777777,45,0.29411764705882354,153,2.422222222222222,15
overall,MIXED,15.8,ALL,1037,ピッケル,45,26,19,0.5777777777777777,45,0.06923076923076923,650,3.511111111111111,15
overall,MIXED,16.14,MIDDLE,3152,ヘクステック ロケットベルト,45,26,19,0.5777777777777777,45,0.06465517241379311,696,1.0444444444444445,15
overall,MIXED,16.18,ALL,4633,リフトメーカー,45,26,19,0.5777777777777777,45,0.026785714285714284,1680,2.2888888888888888,15
overall,MIXED,16.15,UTILITY,4645,シャドウフレイム,45,25,20,0.5555555555555556,45,0.05447941888619855,826,3.466666666666667,15
overall,MIXED,16.15,TOP,3065,スピリット ビサージュ,45,25,20,0.5555555555555556,45,0.05447941888619855,826,2.888888888888889,15
overall,MIXED,16.4,ALL,3020,ソーサラー シューズ,45,25,20,0.5555555555555556,45,0.08490566037735849,530,2.088888888888889,15
overall,MIXED,15.8,TOP,3047,プレート スチールキャップ,45,25,20,0.5555555555555556,45,0.34615384615384615,130,2.466666666666667,15
overall,MIXED,16.15,ALL,3146,ヘクステック ガンブレード,45,25,20,0.5555555555555556,45,0.010895883777239709,4130,1.3111111111111111,15
overall,MIXED,16.7,MIDDLE,6655,ルーデン エコー,45,25,20,0.5555555555555556,45,0.2922077922077922,154,2.088888888888889,15
overall,MIXED,16.15,TOP,3084,心の鋼,45,25,20,0.5555555555555556,45,0.05447941888619855,826,1.8222222222222222,15
overall,MIXED,14.24,UTILITY,3364,オラクル レンズ,45,24,21,0.5333333333333333,45,0.9,50,6.0,15
overall,MIXED,15.4,JUNGLE,3364,オラクル レンズ,45,24,21,0.5333333333333333,45,0.8333333333333334,54,6.0,15
overall,MIXED,16.15,BOTTOM,2055,コントロール ワード,45,24,21,0.5333333333333333,45,0.05447941888619855,826,2.8,15
overall,MIXED,16.2,MIDDLE,4645,シャドウフレイム,45,24,21,0.5333333333333333,45,0.31690140845070425,142,2.3333333333333335,15
overall,MIXED,16.14,TOP,3161,ショウジンの矛,45,24,21,0.5333333333333333,45,0.06465517241379311,696,2.2444444444444445,15
overall,MIXED,16.16,TOP,3053,ステラックの篭手,45,24,21,0.5333333333333333,45,0.06756756756756757,666,2.511111111111111,15
overall,MIXED,16.1,ALL,3190,ソラリのロケット,45,24,21,0.5333333333333333,45,0.05844155844155844,770,1.2,15
overall,MIXED,16.1,UTILITY,3190,ソラリのロケット,45,24,21,0.5333333333333333,45,0.29411764705882354,153,1.2,15
overall,MIXED,15.22,MIDDLE,3020,ソーサラー シューズ,45,24,21,0.5333333333333333,45,0.3409090909090909,132,2.7555555555555555,15
overall,MIXED,16.6,ALL,1058,ムダニ デカイ ロッド,45,24,21,0.5333333333333333,45,0.05921052631578947,760,3.022222222222222,15
overall,MIXED,16.10,ALL,3153,ルインドキング ブレード,45,24,21,0.5333333333333333,45,0.04054054054054054,1110,1.5555555555555556,15
overall,MIXED,15.15,ALL,3031,インフィニティ エッジ,45,23,22,0.5111111111111111,45,0.10975609756097561,410,2.2666666666666666,15
overall,MIXED,15.22,ALL,4645,シャドウフレイム,45,23,22,0.5111111111111111,45,0.06818181818181818,660,2.311111111111111,15
overall,MIXED,15.4,TOP,3340,ステルス ワード,45,23,22,0.5111111111111111,45,0.8333333333333334,54,6.0,15
overall,MIXED,16.13,TOP,6333,デス ダンス,45,23,22,0.5111111111111111,45,0.06838905775075987,658,2.8444444444444446,15
overall,MIXED,16.13,ALL,6670,ヌーンクィヴァー,45,23,22,0.5111111111111111,45,0.013677811550151976,3290,3.488888888888889,15
overall,MIXED,15.19,JUNGLE,6653,ライアンドリーの仮面,45,23,22,0.5111111111111111,45,0.19480519480519481,231,2.0,15
overall,MIXED,16.14,TOP,4633,リフトメーカー,45,23,22,0.5111111111111111,45,0.06465517241379311,696,2.8222222222222224,15
overall,MIXED,16.16,JUNGLE,2510,黄昏と暁,45,23,22,0.5111111111111111,45,0.06756756756756757,666,1.488888888888889,15
overall,MIXED,15.22,BOTTOM,3031,インフィニティ エッジ,45,22,23,0.4888888888888889,45,0.3409090909090909,132,2.488888888888889,15
overall,MIXED,15.24,UTILITY,3067,キンドルジェム,45,22,23,0.4888888888888889,45,0.13157894736842105,342,3.8444444444444446,15
overall,MIXED,15.20,ALL,3190,ソラリのロケット,45,22,23,0.4888888888888889,45,0.06818181818181818,660,1.4,15
overall,MIXED,15.20,UTILITY,3190,ソラリのロケット,45,22,23,0.4888888888888889,45,0.3409090909090909,132,1.4,15
overall,MIXED,15.19,ALL,2021,トンネル掘り,45,22,23,0.4888888888888889,45,0.0391304347826087,1150,3.066666666666667,15
overall,MIXED,16.1,ALL,4633,リフトメーカー,45,22,23,0.4888888888888889,45,0.05844155844155844,770,1.8444444444444446,15
overall,MIXED,16.2,ALL,1052,増魔の書,45,22,23,0.4888888888888889,45,0.06338028169014084,710,3.7777777777777777,15
overall,MIXED,15.9,ALL,3158,アイオニア ブーツ,45,21,24,0.4666666666666667,45,0.10465116279069768,430,2.9555555555555557,15
overall,MIXED,16.9,ALL,3190,ソラリのロケット,45,21,24,0.4666666666666667,45,0.056962025316455694,790,1.4666666666666666,15
overall,MIXED,16.9,UTILITY,3190,ソラリのロケット,45,21,24,0.4666666666666667,45,0.2848101265822785,158,1.4666666666666666,15
overall,MIXED,16.18,MIDDLE,3157,ゾーニャの砂時計,45,21,24,0.4666666666666667,45,0.13392857142857142,336,1.6,15
overall,MIXED,15.9,ALL,1056,ドラン リング,45,21,24,0.4666666666666667,45,0.10465116279069768,430,0.6222222222222222,15
overall,MIXED,16.18,ALL,3877,ブラッドソング,45,21,24,0.4666666666666667,45,0.026785714285714284,1680,0.26666666666666666,15
overall,MIXED,16.18,UTILITY,3877,ブラッドソング,45,21,24,0.4666666666666667,45,0.13392857142857142,336,0.26666666666666666,15
overall,MIXED,15.12,ALL,3158,アイオニア ブーツ,45,20,25,0.4444444444444444,45,0.08823529411764706,510,2.8,15
overall,MIXED,16.16,MIDDLE,2420,シーカー アームガード,45,20,25,0.4444444444444444,45,0.06756756756756757,666,1.5777777777777777,15
overall,MIXED,16.14,ALL,3115,ナッシャー トゥース,45,20,25,0.4444444444444444,45,0.01293103448275862,3480,2.466666666666667,15
overall,MIXED,16.14,ALL,6670,ヌーンクィヴァー,45,20,25,0.4444444444444444,45,0.01293103448275862,3480,3.4,15
overall,MIXED,15.20,TOP,3047,プレート スチールキャップ,45,20,25,0.4444444444444444,45,0.3409090909090909,132,2.2444444444444445,15
overall,MIXED,15.19,ALL,1038,B. F. ソード,45,19,26,0.4222222222222222,45,0.0391304347826087,1150,2.7777777777777777,15
overall,MIXED,15.14,ALL,3158,アイオニア ブーツ,45,19,26,0.4222222222222222,45,0.09782608695652174,460,2.6666666666666665,15
overall,MIXED,16.15,TOP,3133,コールフィールド ウォーハンマー,45,18,27,0.4,45,0.05447941888619855,826,3.4,15
overall,MIXED,15.3,ALL,2031,詰め替えポーション,45,18,27,0.4,45,0.10975609756097561,410,1.4666666666666666,15
overall,MIXED,15.18,ALL,3158,アイオニア ブーツ,45,17,28,0.37777777777777777,45,0.06923076923076923,650,2.6444444444444444,15
overall,MIXED,15.19,UTILITY,3047,プレート スチールキャップ,45,16,29,0.35555555555555557,45,0.1956521739130435,230,2.7777777777777777,15
overall,MIXED,16.5,ALL,3118,マリグナンス,45,16,29,0.35555555555555557,45,0.05555555555555555,810,1.9555555555555555,15
overall,MIXED,16.17,ALL,3135,ヴォイド スタッフ,45,14,31,0.3111111111111111,45,0.008928571428571428,5040,2.5555555555555554,15
overall,MIXED,15.19,ALL,3172,ガンメタル ブーツ,44,33,11,0.75,44,0.03826086956521739,1150,2.3181818181818183,15
overall,MIXED,16.8,ALL,6653,ライアンドリーの仮面,44,30,14,0.6818181818181818,44,0.06285714285714286,700,2.022727272727273,15
overall,MIXED,16.15,BOTTOM,3035,ラスト ウィスパー,44,30,14,0.6818181818181818,44,0.053268765133171914,826,3.522727272727273,15
overall,MIXED,15.13,ALL,3876,至点のソリ,44,30,14,0.6818181818181818,44,0.04583333333333333,960,0.6136363636363636,15
overall,MIXED,15.13,UTILITY,3876,至点のソリ,44,30,14,0.6818181818181818,44,0.22916666666666666,192,0.6136363636363636,15
overall,MIXED,15.19,ALL,3175,連呪使いのブーツ,44,30,14,0.6818181818181818,44,0.03826086956521739,1150,2.8863636363636362,15
overall,MIXED,16.4,ALL,3157,ゾーニャの砂時計,44,29,15,0.6590909090909091,44,0.0830188679245283,530,1.3863636363636365,15
overall,MIXED,16.13,ALL,2502,終わりなき絶望,44,29,15,0.6590909090909091,44,0.013373860182370821,3290,2.9318181818181817,15
overall,MIXED,16.18,ALL,3065,スピリット ビサージュ,44,28,16,0.6363636363636364,44,0.02619047619047619,1680,2.840909090909091,15
overall,MIXED,16.15,ALL,2421,砕けたアームガード,44,28,16,0.6363636363636364,44,0.010653753026634382,4130,1.0681818181818181,15
overall,MIXED,16.18,ALL,3172,ガンメタル ブーツ,44,27,17,0.6136363636363636,44,0.02619047619047619,1680,2.4318181818181817,15
overall,MIXED,16.18,MIDDLE,3172,ガンメタル ブーツ,44,27,17,0.6136363636363636,44,0.13095238095238096,336,2.4318181818181817,15
overall,MIXED,15.21,BOTTOM,3031,インフィニティ エッジ,44,26,18,0.5909090909090909,44,0.37606837606837606,117,2.5,15
overall,MIXED,15.7,ALL,3031,インフィニティ エッジ,44,26,18,0.5909090909090909,44,0.09565217391304348,460,2.3636363636363638,15
overall,MIXED,15.12,ALL,4645,シャドウフレイム,44,26,18,0.5909090909090909,44,0.08627450980392157,510,2.477272727272727,15
overall,MIXED,16.17,MIDDLE,2420,シーカー アームガード,44,26,18,0.5909090909090909,44,0.04365079365079365,1008,1.1818181818181819,15
overall,MIXED,15.9,ALL,3009,スイフトネス ブーツ,44,26,18,0.5909090909090909,44,0.10232558139534884,430,2.7954545454545454,15
overall,MIXED,15.24,BOTTOM,3094,ラピッド ファイアキャノン,44,26,18,0.5909090909090909,44,0.12903225806451613,341,3.477272727272727,15
overall,MIXED,16.2,ALL,6672,クラーケン スレイヤー,44,25,19,0.5681818181818182,44,0.061971830985915494,710,1.6136363636363635,15
overall,MIXED,16.16,TOP,3161,ショウジンの矛,44,25,19,0.5681818181818182,44,0.06606606606606606,666,2.3181818181818183,15
overall,MIXED,15.18,MIDDLE,1056,ドラン リング,44,25,19,0.5681818181818182,44,0.3384615384615385,130,0.6363636363636364,15
overall,MIXED,15.15,BOTTOM,3363,ファーサイト オルタレーション,44,25,19,0.5681818181818182,44,0.5365853658536586,82,6.0,15
overall,MIXED,16.13,BOTTOM,3035,ラスト ウィスパー,44,25,19,0.5681818181818182,44,0.0668693009118541,658,3.4545454545454546,15
overall,MIXED,16.16,JUNGLE,3153,ルインドキング ブレード,44,25,19,0.5681818181818182,44,0.06606606606606606,666,1.5681818181818181,15
overall,MIXED,16.7,UTILITY,3158,アイオニア ブーツ,44,24,20,0.5454545454545454,44,0.2857142857142857,154,2.6818181818181817,15
overall,MIXED,15.19,JUNGLE,3340,ステルス ワード,44,24,20,0.5454545454545454,44,0.19047619047619047,231,6.0,15
overall,MIXED,15.10,ALL,3111,マーキュリー ブーツ,44,24,20,0.5454545454545454,44,0.06376811594202898,690,2.227272727272727,15
overall,MIXED,14.19,ALL,6653,ライアンドリーの仮面,44,24,20,0.5454545454545454,44,0.10476190476190476,420,2.2045454545454546,15
overall,MIXED,16.14,JUNGLE,4633,リフトメーカー,44,24,20,0.5454545454545454,44,0.06321839080459771,696,1.9090909090909092,15
overall,MIXED,15.8,ALL,3153,ルインドキング ブレード,44,24,20,0.5454545454545454,44,0.06769230769230769,650,1.5454545454545454,15
overall,MIXED,16.11,ALL,2510,黄昏と暁,44,24,20,0.5454545454545454,44,0.03728813559322034,1180,2.159090909090909,15
overall,MIXED,16.2,JUNGLE,2510,黄昏と暁,44,24,20,0.5454545454545454,44,0.30985915492957744,142,1.4545454545454546,15
overall,MIXED,16.11,ALL,1038,B. F. ソード,44,23,21,0.5227272727272727,44,0.03728813559322034,1180,3.75,15
overall,MIXED,14.20,ALL,3009,スイフトネス ブーツ,44,23,21,0.5227272727272727,44,0.09565217391304348,460,1.9318181818181819,15
overall,MIXED,16.8,JUNGLE,3340,ステルス ワード,44,23,21,0.5227272727272727,44,0.3142857142857143,140,6.0,15
overall,MIXED,14.20,ALL,1054,ドラン シールド,44,23,21,0.5227272727272727,44,0.09565217391304348,460,0.6818181818181818,15
overall,MIXED,16.16,BOTTOM,1056,ドラン リング,44,23,21,0.5227272727272727,44,0.06606606606606606,666,0.9318181818181818,15
overall,MIXED,16.3,JUNGLE,3111,マーキュリー ブーツ,44,23,21,0.5227272727272727,44,0.25,176,1.8409090909090908,15
overall,MIXED,15.10,ALL,3032,ユン・タル ワイルドアロー,44,23,21,0.5227272727272727,44,0.06376811594202898,690,1.4772727272727273,15
overall,MIXED,16.14,ALL,2504,ケイニック ルーケルン,44,22,22,0.5,44,0.01264367816091954,3480,3.0681818181818183,15
overall,MIXED,16.13,JUNGLE,3157,ゾーニャの砂時計,44,22,22,0.5,44,0.0668693009118541,658,1.5,15
overall,MIXED,15.17,ALL,3071,ブラック クリーバー,44,22,22,0.5,44,0.05432098765432099,810,2.1363636363636362,15
overall,MIXED,16.7,ALL,3071,ブラック クリーバー,44,22,22,0.5,44,0.05714285714285714,770,2.0454545454545454,15
overall,MIXED,16.18,ALL,3033,モータル リマインダー,44,22,22,0.5,44,0.02619047619047619,1680,2.7954545454545454,15
overall,MIXED,14.20,ALL,6653,ライアンドリーの仮面,44,22,22,0.5,44,0.09565217391304348,460,1.7954545454545454,15
overall,MIXED,15.13,MIDDLE,6655,ルーデン エコー,44,22,22,0.5,44,0.23036649214659685,191,2.25,15
overall,MIXED,14.21,UTILITY,3364,オラクル レンズ,44,21,23,0.4772727272727273,44,0.7857142857142857,56,6.0,15
overall,MIXED,15.17,ALL,6676,コレクター,44,21,23,0.4772727272727273,44,0.05432098765432099,810,1.9545454545454546,15
overall,MIXED,15.23,ALL,6676,コレクター,44,21,23,0.4772727272727273,44,0.07586206896551724,580,2.522727272727273,15
overall,MIXED,16.11,BOTTOM,6676,コレクター,44,21,23,0.4772727272727273,44,0.1864406779661017,236,1.8636363636363635,15
overall,MIXED,16.8,ALL,6676,コレクター,44,21,23,0.4772727272727273,44,0.06285714285714286,700,1.5681818181818181,15
overall,MIXED,14.20,UTILITY,2055,コントロール ワード,44,21,23,0.4772727272727273,44,0.4782608695652174,92,2.2954545454545454,15
overall,MIXED,15.20,JUNGLE,2055,コントロール ワード,44,21,23,0.4772727272727273,44,0.3333333333333333,132,1.6136363636363635,15
overall,MIXED,15.24,MIDDLE,2055,コントロール ワード,44,21,23,0.4772727272727273,44,0.1286549707602339,342,2.3636363636363638,15
overall,MIXED,15.3,BOTTOM,3340,ステルス ワード,44,21,23,0.4772727272727273,44,0.5365853658536586,82,6.0,15
overall,MIXED,15.16,ALL,1056,ドラン リング,44,21,23,0.4772727272727273,44,0.08148148148148149,540,0.3409090909090909,15
overall,MIXED,15.7,ALL,1056,ドラン リング,44,21,23,0.4772727272727273,44,0.09565217391304348,460,1.0909090909090908,15
overall,MIXED,15.20,ALL,1037,ピッケル,44,21,23,0.4772727272727273,44,0.06666666666666667,660,3.6363636363636362,15
overall,MIXED,16.2,ALL,1058,ムダニ デカイ ロッド,44,21,23,0.4772727272727273,44,0.061971830985915494,710,3.4318181818181817,15
overall,MIXED,16.4,ALL,3116,リーライ クリスタル セプター,44,21,23,0.4772727272727273,44,0.0830188679245283,530,2.227272727272727,15
overall,MIXED,16.6,MIDDLE,6655,ルーデン エコー,44,21,23,0.4772727272727273,44,0.2894736842105263,152,2.159090909090909,15
overall,MIXED,16.12,MIDDLE,2031,詰め替えポーション,44,21,23,0.4772727272727273,44,0.24719101123595505,178,0.9545454545454546,15
overall,MIXED,16.17,JUNGLE,1029,クロース アーマー,44,20,24,0.45454545454545453,44,0.04365079365079365,1008,3.8181818181818183,15
overall,MIXED,14.21,ALL,1055,ドラン ブレード,44,20,24,0.45454545454545453,44,0.15714285714285714,280,0.5909090909090909,15
overall,MIXED,16.16,MIDDLE,6657,ロッド オブ エイジス,44,20,24,0.45454545454545453,44,0.06606606606606606,666,2.1363636363636362,15
overall,MIXED,16.10,TOP,2031,詰め替えポーション,44,20,24,0.45454545454545453,44,0.1981981981981982,222,1.3409090909090908,15
overall,MIXED,16.14,ALL,2422,ちょっとだけ魔法がかった靴,44,19,25,0.4318181818181818,44,0.01264367816091954,3480,3.4318181818181817,15
overall,MIXED,16.16,JUNGLE,3161,ショウジンの矛,44,19,25,0.4318181818181818,44,0.06606606606606606,666,1.4772727272727273,15
overall,MIXED,16.14,BOTTOM,1052,増魔の書,44,19,25,0.4318181818181818,44,0.06321839080459771,696,3.6136363636363638,15
overall,MIXED,16.17,TOP,3158,アイオニア ブーツ,44,18,26,0.4090909090909091,44,0.04365079365079365,1008,2.1818181818181817,15
overall,MIXED,16.7,ALL,6676,コレクター,44,18,26,0.4090909090909091,44,0.05714285714285714,770,1.3636363636363635,15
overall,MIXED,15.10,JUNGLE,2055,コントロール ワード,44,18,26,0.4090909090909091,44,0.3188405797101449,138,2.2045454545454546,15
overall,MIXED,16.15,ALL,3134,セレイテッド ダーク,44,18,26,0.4090909090909091,44,0.010653753026634382,4130,2.977272727272727,15
overall,MIXED,16.3,ALL,1037,ピッケル,44,18,26,0.4090909090909091,44,0.05,880,3.590909090909091,15
overall,MIXED,16.14,ALL,3044,ファージ,44,18,26,0.4090909090909091,44,0.01264367816091954,3480,2.7954545454545454,15
overall,MIXED,15.19,ALL,3032,ユン・タル ワイルドアロー,44,18,26,0.4090909090909091,44,0.03826086956521739,1150,1.6136363636363635,15
overall,MIXED,16.18,JUNGLE,1036,ロング ソード,44,18,26,0.4090909090909091,44,0.13095238095238096,336,3.8181818181818183,15
overall,MIXED,16.13,ALL,3091,ウィッツ エンド,44,17,27,0.38636363636363635,44,0.013373860182370821,3290,2.8636363636363638,15
overall,MIXED,15.10,ALL,6692,赤月の刃,44,16,28,0.36363636363636365,44,0.06376811594202898,690,1.5227272727272727,15
overall,MIXED,16.16,ALL,3108,フィンディッシュの古書,44,14,30,0.3181818181818182,44,0.013213213213213212,3330,3.4545454545454546,15
overall,MIXED,15.19,ALL,3173,チェインレースド クラッシャー,43,36,7,0.8372093023255814,43,0.03739130434782609,1150,2.511627906976744,15
overall,MIXED,16.15,ALL,2517,終わりなき飢え,43,32,11,0.7441860465116279,43,0.010411622276029056,4130,2.7209302325581395,15
overall,MIXED,16.13,JUNGLE,3065,スピリット ビサージュ,43,31,12,0.7209302325581395,43,0.06534954407294832,658,2.627906976744186,15
overall,MIXED,15.12,BOTTOM,3031,インフィニティ エッジ,43,30,13,0.6976744186046512,43,0.42574257425742573,101,2.395348837209302,15
overall,MIXED,15.17,ALL,3172,ガンメタル ブーツ,43,29,14,0.6744186046511628,43,0.05308641975308642,810,2.2325581395348837,15
overall,MIXED,15.22,ALL,3071,ブラック クリーバー,43,29,14,0.6744186046511628,43,0.06515151515151515,660,1.744186046511628,15
overall,MIXED,16.13,ALL,6662,アイスボーン ガントレット,43,27,16,0.627906976744186,43,0.013069908814589666,3290,1.9767441860465116,15
overall,MIXED,16.15,JUNGLE,3026,ガーディアン エンジェル,43,27,16,0.627906976744186,43,0.05205811138014528,826,3.5813953488372094,15
overall,MIXED,16.16,BOTTOM,2055,コントロール ワード,43,27,16,0.627906976744186,43,0.06456456456456457,666,2.0930232558139537,15
overall,MIXED,16.12,MIDDLE,4645,シャドウフレイム,43,27,16,0.627906976744186,43,0.24157303370786518,178,2.86046511627907,15
overall,MIXED,16.11,MIDDLE,1058,ムダニ デカイ ロッド,43,27,16,0.627906976744186,43,0.18220338983050846,236,3.255813953488372,15
overall,MIXED,16.12,ALL,1028,ルビー クリスタル,43,27,16,0.627906976744186,43,0.048314606741573035,890,3.4651162790697674,15
overall,MIXED,15.10,ALL,3174,装甲強化の進撃,43,27,16,0.627906976744186,43,0.06231884057971015,690,2.4651162790697674,15
overall,MIXED,16.18,BOTTOM,1038,B. F. ソード,43,26,17,0.6046511627906976,43,0.12797619047619047,336,3.6511627906976742,15
overall,MIXED,16.13,BOTTOM,3508,エッセンス リーバー,43,26,17,0.6046511627906976,43,0.06534954407294832,658,1.4651162790697674,15
overall,MIXED,15.24,ALL,6673,イモータル シールドボウ,43,25,18,0.5813953488372093,43,0.025146198830409357,1710,2.7209302325581395,15
overall,MIXED,16.14,TOP,3364,オラクル レンズ,43,25,18,0.5813953488372093,43,0.0617816091954023,696,6.0,15
overall,MIXED,15.18,TOP,3047,プレート スチールキャップ,43,25,18,0.5813953488372093,43,0.33076923076923076,130,2.441860465116279,15
overall,MIXED,16.3,ALL,2503,黒炎のトーチ,43,25,18,0.5813953488372093,43,0.048863636363636366,880,2.7209302325581395,15
overall,MIXED,15.19,ALL,3161,ショウジンの矛,43,24,19,0.5581395348837209,43,0.03739130434782609,1150,1.8372093023255813,15
overall,MIXED,14.19,ALL,3009,スイフトネス ブーツ,43,24,19,0.5581395348837209,43,0.10238095238095238,420,2.441860465116279,15
overall,MIXED,16.15,MIDDLE,1086,ドラン ボウ,43,24,19,0.5581395348837209,43,0.05205811138014528,826,1.1627906976744187,15
overall,MIXED,16.15,TOP,2501,覇王のブラッドメイル,43,24,19,0.5581395348837209,43,0.05205811138014528,826,2.441860465116279,15
overall,MIXED,16.5,ALL,6631,ストライドブレイカー,43,23,20,0.5348837209302325,43,0.05308641975308642,810,0.9302325581395349,15
overall,MIXED,15.18,ALL,1058,ムダニ デカイ ロッド,43,23,20,0.5348837209302325,43,0.06615384615384616,650,3.3488372093023258,15
overall,MIXED,15.10,BOTTOM,3032,ユン・タル ワイルドアロー,43,23,20,0.5348837209302325,43,0.3115942028985507,138,1.5116279069767442,15
overall,MIXED,16.11,ALL,4633,リフトメーカー,43,23,20,0.5348837209302325,43,0.036440677966101696,1180,2.13953488372093,15
overall,MIXED,15.18,ALL,3116,リーライ クリスタル セプター,43,23,20,0.5348837209302325,43,0.06615384615384616,650,2.116279069767442,15
overall,MIXED,16.13,JUNGLE,3153,ルインドキング ブレード,43,23,20,0.5348837209302325,43,0.06534954407294832,658,1.5813953488372092,15
overall,MIXED,15.9,BOTTOM,3031,インフィニティ エッジ,43,22,21,0.5116279069767442,43,0.5,86,2.0697674418604652,15
overall,MIXED,15.5,ALL,3364,オラクル レンズ,43,22,21,0.5116279069767442,43,0.43,100,6.0,15
overall,MIXED,15.22,ALL,6676,コレクター,43,22,21,0.5116279069767442,43,0.06515151515151515,660,1.697674418604651,15
overall,MIXED,16.13,BOTTOM,4645,シャドウフレイム,43,22,21,0.5116279069767442,43,0.06534954407294832,658,2.9767441860465116,15
overall,MIXED,16.18,ALL,1031,チェイン ベスト,43,22,21,0.5116279069767442,43,0.025595238095238095,1680,3.813953488372093,15
overall,MIXED,16.1,MIDDLE,1056,ドラン リング,43,22,21,0.5116279069767442,43,0.2792207792207792,154,0.7441860465116279,15
overall,MIXED,15.19,ALL,3046,ファントム ダンサー,43,22,21,0.5116279069767442,43,0.03739130434782609,1150,2.5813953488372094,15
overall,MIXED,15.14,BOTTOM,3363,ファーサイト オルタレーション,43,22,21,0.5116279069767442,43,0.4673913043478261,92,6.0,15
overall,MIXED,16.15,UTILITY,3076,ブランブル ベスト,43,22,21,0.5116279069767442,43,0.05205811138014528,826,3.6511627906976742,15
overall,MIXED,16.17,UTILITY,3916,忘却のオーブ,43,22,21,0.5116279069767442,43,0.04265873015873016,1008,3.8372093023255816,15
overall,MIXED,16.15,JUNGLE,6696,アクシオム アーク,43,21,22,0.4883720930232558,43,0.05205811138014528,826,1.1162790697674418,15
overall,MIXED,15.15,UTILITY,2055,コントロール ワード,43,21,22,0.4883720930232558,43,0.524390243902439,82,2.5348837209302326,15
overall,MIXED,16.10,ALL,3190,ソラリのロケット,43,21,22,0.4883720930232558,43,0.03873873873873874,1110,1.4186046511627908,15
overall,MIXED,16.10,UTILITY,3190,ソラリのロケット,43,21,22,0.4883720930232558,43,0.19369369369369369,222,1.4186046511627908,15
overall,MIXED,16.17,JUNGLE,1031,チェイン ベスト,43,21,22,0.4883720930232558,43,0.04265873015873016,1008,3.6511627906976742,15
overall,MIXED,16.6,ALL,1054,ドラン シールド,43,21,22,0.4883720930232558,43,0.056578947368421055,760,0.9069767441860465,15
overall,MIXED,16.13,UTILITY,1001,ブーツ,43,21,22,0.4883720930232558,43,0.0654490106544901,657,2.6744186046511627,15
overall,MIXED,14.19,ALL,3153,ルインドキング ブレード,43,21,22,0.4883720930232558,43,0.10238095238095238,420,1.6744186046511629,15
overall,MIXED,15.16,ALL,6655,ルーデン エコー,43,21,22,0.4883720930232558,43,0.07962962962962963,540,2.1627906976744184,15
overall,MIXED,16.16,ALL,2421,砕けたアームガード,43,21,22,0.4883720930232558,43,0.012912912912912912,3330,1.0465116279069768,15
overall,MIXED,16.12,ALL,3067,キンドルジェム,43,20,23,0.46511627906976744,43,0.048314606741573035,890,3.395348837209302,15
overall,MIXED,16.12,ALL,6676,コレクター,43,20,23,0.46511627906976744,43,0.048314606741573035,890,1.744186046511628,15
overall,MIXED,15.24,MIDDLE,4646,ストームサージ,43,20,23,0.46511627906976744,43,0.12573099415204678,342,2.441860465116279,15
overall,MIXED,16.14,ALL,6698,プロフェイン ハイドラ,43,20,23,0.46511627906976744,43,0.01235632183908046,3480,1.1162790697674418,15
overall,MIXED,16.1,ALL,1036,ロング ソード,43,20,23,0.46511627906976744,43,0.05584415584415584,770,3.883720930232558,15
overall,MIXED,15.22,ALL,1037,ピッケル,43,19,24,0.4418604651162791,43,0.06515151515151515,660,3.4186046511627906,15
overall,MIXED,15.24,BOTTOM,1018,アジリティ クローク,43,18,25,0.4186046511627907,43,0.12609970674486803,341,3.2093023255813953,15
overall,MIXED,14.20,MIDDLE,3020,ソーサラー シューズ,43,18,25,0.4186046511627907,43,0.4673913043478261,92,3.2325581395348837,15
overall,MIXED,16.18,TOP,1054,ドラン シールド,43,18,25,0.4186046511627907,43,0.12797619047619047,336,0.7906976744186046,15
overall,MIXED,15.19,BOTTOM,3032,ユン・タル ワイルドアロー,43,18,25,0.4186046511627907,43,0.18695652173913044,230,1.6511627906976745,15
overall,MIXED,16.13,TOP,1036,ロング ソード,43,18,25,0.4186046511627907,43,0.06534954407294832,658,3.5813953488372094,15
overall,MIXED,16.16,JUNGLE,3009,スイフトネス ブーツ,43,17,26,0.3953488372093023,43,0.06456456456456457,666,2.4186046511627906,15
overall,MIXED,15.3,BOTTOM,1055,ドラン ブレード,43,17,26,0.3953488372093023,43,0.524390243902439,82,0.5116279069767442,15
overall,MIXED,15.15,ALL,1056,ドラン リング,43,17,26,0.3953488372093023,43,0.1048780487804878,410,0.8604651162790697,15
overall,MIXED,16.17,UTILITY,1001,ブーツ,43,16,27,0.37209302325581395,43,0.04265873015873016,1008,3.1627906976744184,15
overall,MIXED,16.2,ALL,1036,ロング ソード,43,13,30,0.3023255813953488,43,0.06056338028169014,710,4.162790697674419,15
overall,MIXED,16.17,JUNGLE,3067,キンドルジェム,43,12,31,0.27906976744186046,43,0.04265873015873016,1008,3.0930232558139537,15
overall,MIXED,16.17,MIDDLE,3041,メジャイ ソウルスティーラー,42,36,6,0.8571428571428571,42,0.041666666666666664,1008,2.8095238095238093,15
overall,MIXED,15.19,ALL,3124,グインソー レイジブレード,42,28,14,0.6666666666666666,42,0.036521739130434785,1150,2.5,15
overall,MIXED,16.16,TOP,3065,スピリット ビサージュ,42,28,14,0.6666666666666666,42,0.06306306306306306,666,2.5,15
overall,MIXED,16.9,ALL,1058,ムダニ デカイ ロッド,42,27,15,0.6428571428571429,42,0.053164556962025315,790,3.857142857142857,15
overall,MIXED,16.15,JUNGLE,3008,グラトナス ブーツ,42,26,16,0.6190476190476191,42,0.05084745762711865,826,1.8571428571428572,15
overall,MIXED,16.18,ALL,3046,ファントム ダンサー,42,26,16,0.6190476190476191,42,0.025,1680,2.4047619047619047,15
overall,MIXED,15.13,ALL,3175,連呪使いのブーツ,42,26,16,0.6190476190476191,42,0.04375,960,2.5714285714285716,15
overall,MIXED,15.21,ALL,4645,シャドウフレイム,42,25,17,0.5952380952380952,42,0.0711864406779661,590,2.880952380952381,15
overall,MIXED,16.11,MIDDLE,3157,ゾーニャの砂時計,42,25,17,0.5952380952380952,42,0.17796610169491525,236,1.3095238095238095,15
overall,MIXED,15.17,ALL,3871,ザズ＝ザクのレルムスパイク,42,24,18,0.5714285714285714,42,0.05185185185185185,810,0.38095238095238093,15
overall,MIXED,15.17,UTILITY,3871,ザズ＝ザクのレルムスパイク,42,24,18,0.5714285714285714,42,0.2608695652173913,161,0.38095238095238093,15
overall,MIXED,15.13,MIDDLE,4645,シャドウフレイム,42,24,18,0.5714285714285714,42,0.2198952879581152,191,2.6904761904761907,15
overall,MIXED,16.18,ALL,2021,トンネル掘り,42,24,18,0.5714285714285714,42,0.025,1680,3.261904761904762,15
overall,MIXED,16.12,ALL,1001,ブーツ,42,24,18,0.5714285714285714,42,0.04719101123595506,890,2.5,15
overall,MIXED,16.14,TOP,6665,変幻自在のジャック＝ショー,42,24,18,0.5714285714285714,42,0.0603448275862069,696,1.9285714285714286,15
overall,MIXED,16.7,MIDDLE,4645,シャドウフレイム,42,23,19,0.5476190476190477,42,0.2727272727272727,154,2.0714285714285716,15
overall,MIXED,16.15,MIDDLE,1054,ドラン シールド,42,23,19,0.5476190476190477,42,0.05084745762711865,826,0.9523809523809523,15
overall,MIXED,15.10,ALL,1058,ムダニ デカイ ロッド,42,23,19,0.5476190476190477,42,0.06086956521739131,690,2.6904761904761907,15
overall,MIXED,16.12,ALL,3116,リーライ クリスタル セプター,42,23,19,0.5476190476190477,42,0.04719101123595506,890,2.5952380952380953,15
overall,MIXED,15.20,ALL,1036,ロング ソード,42,23,19,0.5476190476190477,42,0.06363636363636363,660,3.5238095238095237,15
overall,MIXED,16.17,TOP,6610,サンダード スカイ,42,22,20,0.5238095238095238,42,0.041666666666666664,1008,2.5952380952380953,15
overall,MIXED,15.10,ALL,3161,ショウジンの矛,42,22,20,0.5238095238095238,42,0.06086956521739131,690,2.142857142857143,15
overall,MIXED,16.13,UTILITY,3075,ソーンメイル,42,22,20,0.5238095238095238,42,0.0639269406392694,657,2.6904761904761907,15
overall,MIXED,16.10,JUNGLE,3111,マーキュリー ブーツ,42,22,20,0.5238095238095238,42,0.1891891891891892,222,1.8571428571428572,15
overall,MIXED,15.19,ALL,4633,リフトメーカー,42,22,20,0.5238095238095238,42,0.036521739130434785,1150,2.4761904761904763,15
overall,MIXED,15.20,ALL,6676,コレクター,42,21,21,0.5,42,0.06363636363636363,660,1.9523809523809523,15
overall,MIXED,16.2,BOTTOM,6676,コレクター,42,21,21,0.5,42,0.29577464788732394,142,2.2142857142857144,15
overall,MIXED,16.18,ALL,3133,コールフィールド ウォーハンマー,42,21,21,0.5,42,0.025,1680,3.9285714285714284,15
overall,MIXED,16.15,JUNGLE,4645,シャドウフレイム,42,21,21,0.5,42,0.05084745762711865,826,1.7857142857142858,15
overall,MIXED,14.24,TOP,3340,ステルス ワード,42,21,21,0.5,42,0.84,50,6.0,15
overall,MIXED,16.13,JUNGLE,6631,ストライドブレイカー,42,21,21,0.5,42,0.06382978723404255,658,1.1428571428571428,15
overall,MIXED,15.13,ALL,3075,ソーンメイル,42,21,21,0.5,42,0.04375,960,2.5952380952380953,15
overall,MIXED,15.11,ALL,1037,ピッケル,42,21,21,0.5,42,0.07924528301886792,530,3.5,15
overall,MIXED,16.5,ALL,3071,ブラック クリーバー,42,21,21,0.5,42,0.05185185185185185,810,2.0238095238095237,15
overall,MIXED,15.22,TOP,3047,プレート スチールキャップ,42,21,21,0.5,42,0.3181818181818182,132,2.642857142857143,15
overall,MIXED,16.15,MIDDLE,6699,ボルテイク サイクロソード,42,21,21,0.5,42,0.05084745762711865,826,1.0476190476190477,15
overall,MIXED,16.7,ALL,3118,マリグナンス,42,21,21,0.5,42,0.05454545454545454,770,2.1904761904761907,15
overall,MIXED,15.16,ALL,3153,ルインドキング ブレード,42,21,21,0.5,42,0.07777777777777778,540,1.6428571428571428,15
overall,MIXED,16.10,ALL,3067,キンドルジェム,42,20,22,0.47619047619047616,42,0.03783783783783784,1110,3.4047619047619047,15
overall,MIXED,16.17,TOP,3133,コールフィールド ウォーハンマー,42,20,22,0.47619047619047616,42,0.041666666666666664,1008,3.857142857142857,15
overall,MIXED,16.3,MIDDLE,4645,シャドウフレイム,42,20,22,0.47619047619047616,42,0.23863636363636365,176,2.5952380952380953,15
overall,MIXED,16.15,TOP,2019,スチール シジル,42,20,22,0.47619047619047616,42,0.05084745762711865,826,3.5,15
overall,MIXED,15.20,TOP,1054,ドラン シールド,42,20,22,0.47619047619047616,42,0.3181818181818182,132,1.2380952380952381,15
overall,MIXED,16.14,JUNGLE,1037,ピッケル,42,20,22,0.47619047619047616,42,0.0603448275862069,696,3.5,15
overall,MIXED,15.22,ALL,3153,ルインドキング ブレード,42,20,22,0.47619047619047616,42,0.06363636363636363,660,1.8333333333333333,15
overall,MIXED,16.13,ALL,6657,ロッド オブ エイジス,42,20,22,0.47619047619047616,42,0.01276595744680851,3290,2.1666666666666665,15
overall,MIXED,16.11,BOTTOM,2031,詰め替えポーション,42,20,22,0.47619047619047616,42,0.17796610169491525,236,1.2619047619047619,15
overall,MIXED,16.13,JUNGLE,6696,アクシオム アーク,42,19,23,0.4523809523809524,42,0.06382978723404255,658,1.3571428571428572,15
overall,MIXED,16.11,ALL,3067,キンドルジェム,42,19,23,0.4523809523809524,42,0.03559322033898305,1180,3.642857142857143,15
overall,MIXED,16.2,ALL,3009,スイフトネス ブーツ,42,19,23,0.4523809523809524,42,0.059154929577464786,710,2.3095238095238093,15
overall,MIXED,16.2,JUNGLE,3340,ステルス ワード,42,19,23,0.4523809523809524,42,0.29577464788732394,142,6.0,15
overall,MIXED,15.9,MIDDLE,3020,ソーサラー シューズ,42,19,23,0.4523809523809524,42,0.4883720930232558,86,2.5,15
overall,MIXED,16.5,ALL,3078,トリニティ フォース,42,19,23,0.4523809523809524,42,0.05185185185185185,810,1.4523809523809523,15
overall,MIXED,15.19,ALL,3870,ドリーム メーカー,42,19,23,0.4523809523809524,42,0.036521739130434785,1150,0.47619047619047616,15
overall,MIXED,15.19,UTILITY,3870,ドリーム メーカー,42,19,23,0.4523809523809524,42,0.1826086956521739,230,0.47619047619047616,15
overall,MIXED,15.12,BOTTOM,3363,ファーサイト オルタレーション,42,19,23,0.4523809523809524,42,0.4158415841584158,101,6.0,15
overall,MIXED,16.13,BOTTOM,3033,モータル リマインダー,42,19,23,0.4523809523809524,42,0.06382978723404255,658,2.9761904761904763,15
overall,MIXED,16.15,ALL,3802,ロスト チャプター,42,19,23,0.4523809523809524,42,0.010169491525423728,4130,2.642857142857143,15
overall,MIXED,16.14,ALL,2508,運命の灰,42,19,23,0.4523809523809524,42,0.01206896551724138,3480,3.1666666666666665,15
overall,MIXED,16.6,UTILITY,3158,アイオニア ブーツ,42,18,24,0.42857142857142855,42,0.2781456953642384,151,2.3095238095238093,15
overall,MIXED,15.22,ALL,6672,クラーケン スレイヤー,42,18,24,0.42857142857142855,42,0.06363636363636363,660,1.8571428571428572,15
overall,MIXED,16.5,BOTTOM,6672,クラーケン スレイヤー,42,18,24,0.42857142857142855,42,0.25925925925925924,162,2.0952380952380953,15
overall,MIXED,16.7,ALL,1029,クロース アーマー,42,18,24,0.42857142857142855,42,0.05454545454545454,770,3.8333333333333335,15
overall,MIXED,16.8,ALL,1029,クロース アーマー,42,18,24,0.42857142857142855,42,0.06,700,3.7142857142857144,15
overall,MIXED,16.8,ALL,3871,ザズ＝ザクのレルムスパイク,42,18,24,0.42857142857142855,42,0.06,700,0.35714285714285715,15
overall,MIXED,16.8,UTILITY,3871,ザズ＝ザクのレルムスパイク,42,18,24,0.42857142857142855,42,0.3,140,0.35714285714285715,15
overall,MIXED,16.5,MIDDLE,4645,シャドウフレイム,42,18,24,0.42857142857142855,42,0.25925925925925924,162,2.7142857142857144,15
overall,MIXED,16.14,TOP,3065,スピリット ビサージュ,42,18,24,0.42857142857142855,42,0.0603448275862069,696,3.0,15
overall,MIXED,15.12,MIDDLE,3020,ソーサラー シューズ,42,18,24,0.42857142857142855,42,0.4117647058823529,102,2.619047619047619,15
overall,MIXED,16.17,MIDDLE,1054,ドラン シールド,42,18,24,0.42857142857142855,42,0.041666666666666664,1008,1.1666666666666667,15
overall,MIXED,16.16,ALL,1057,ネガトロン クローク,42,18,24,0.42857142857142855,42,0.012612612612612612,3330,3.4523809523809526,15
overall,MIXED,15.3,BOTTOM,3006,バーサーカー ブーツ,42,18,24,0.42857142857142855,42,0.5121951219512195,82,2.238095238095238,15
overall,MIXED,16.16,JUNGLE,3073,実験的ヘクスプレート,42,18,24,0.42857142857142855,42,0.06306306306306306,666,1.7619047619047619,15
overall,MIXED,16.18,UTILITY,1029,クロース アーマー,42,17,25,0.40476190476190477,42,0.125,336,4.166666666666667,15
overall,MIXED,16.10,BOTTOM,6676,コレクター,42,17,25,0.40476190476190477,42,0.1891891891891892,222,1.880952380952381,15
overall,MIXED,15.20,ALL,3869,セレスティアル オポジション,42,17,25,0.40476190476190477,42,0.06363636363636363,660,0.30952380952380953,15
overall,MIXED,15.20,UTILITY,3869,セレスティアル オポジション,42,17,25,0.40476190476190477,42,0.3181818181818182,132,0.30952380952380953,15
overall,MIXED,16.15,TOP,1120,ドラン ヘルム,42,17,25,0.40476190476190477,42,0.05084745762711865,826,0.7857142857142857,15
overall,MIXED,15.8,JUNGLE,3047,プレート スチールキャップ,42,17,25,0.40476190476190477,42,0.3230769230769231,130,2.4523809523809526,15
overall,MIXED,15.12,ALL,3111,マーキュリー ブーツ,42,17,25,0.40476190476190477,42,0.08235294117647059,510,2.3333333333333335,15
overall,MIXED,15.19,MIDDLE,2031,詰め替えポーション,42,17,25,0.40476190476190477,42,0.1826086956521739,230,1.0238095238095237,15
overall,MIXED,16.1,ALL,1054,ドラン シールド,42,16,26,0.38095238095238093,42,0.05454545454545454,770,0.8333333333333334,15
overall,MIXED,15.19,UTILITY,3158,アイオニア ブーツ,42,15,27,0.35714285714285715,42,0.1826086956521739,230,2.7857142857142856,15
overall,MIXED,15.2,ALL,3006,バーサーカー ブーツ,42,15,27,0.35714285714285715,42,0.09130434782608696,460,2.6666666666666665,15
overall,MIXED,16.18,MIDDLE,1052,増魔の書,42,15,27,0.35714285714285715,42,0.125,336,3.3095238095238093,15
overall,MIXED,15.20,ALL,3009,スイフトネス ブーツ,42,14,28,0.3333333333333333,42,0.06363636363636363,660,2.8095238095238093,15
overall,MIXED,15.11,BOTTOM,3006,バーサーカー ブーツ,42,14,28,0.3333333333333333,42,0.39622641509433965,106,2.238095238095238,15
overall,MIXED,15.17,ALL,3174,装甲強化の進撃,41,29,12,0.7073170731707317,41,0.050617283950617285,810,2.5609756097560976,15
overall,MIXED,16.12,ALL,3009,スイフトネス ブーツ,41,28,13,0.6829268292682927,41,0.046067415730337076,890,2.658536585365854,15
overall,MIXED,16.16,MIDDLE,3031,インフィニティ エッジ,41,27,14,0.6585365853658537,41,0.06156156156156156,666,2.1463414634146343,15
overall,MIXED,16.13,JUNGLE,4633,リフトメーカー,41,27,14,0.6585365853658537,41,0.06231003039513678,658,1.6341463414634145,15
overall,MIXED,16.7,ALL,3116,リーライ クリスタル セプター,41,27,14,0.6585365853658537,41,0.053246753246753244,770,1.7073170731707317,15
overall,MIXED,16.15,ALL,3174,装甲強化の進撃,41,27,14,0.6585365853658537,41,0.009927360774818402,4130,2.7560975609756095,15
overall,MIXED,16.15,MIDDLE,3174,装甲強化の進撃,41,27,14,0.6585365853658537,41,0.04963680387409201,826,2.7560975609756095,15
overall,MIXED,16.3,ALL,3190,ソラリのロケット,41,26,15,0.6341463414634146,41,0.04659090909090909,880,1.6341463414634145,15
overall,MIXED,16.3,UTILITY,3190,ソラリのロケット,41,26,15,0.6341463414634146,41,0.23295454545454544,176,1.6341463414634145,15
overall,MIXED,15.24,BOTTOM,3046,ファントム ダンサー,41,26,15,0.6341463414634146,41,0.12023460410557185,341,2.8292682926829267,15
overall,MIXED,16.10,ALL,6699,ボルテイク サイクロソード,41,26,15,0.6341463414634146,41,0.036936936936936934,1110,1.7560975609756098,15
overall,MIXED,16.6,ALL,2503,黒炎のトーチ,41,26,15,0.6341463414634146,41,0.05394736842105263,760,2.2195121951219514,15
overall,MIXED,15.17,MIDDLE,4645,シャドウフレイム,41,25,16,0.6097560975609756,41,0.25308641975308643,162,2.6097560975609757,15
overall,MIXED,16.15,ALL,3086,ジール,41,25,16,0.6097560975609756,41,0.009927360774818402,4130,2.6341463414634148,15
overall,MIXED,16.17,TOP,2019,スチール シジル,41,25,16,0.6097560975609756,41,0.040674603174603176,1008,3.8048780487804876,15
overall,MIXED,15.19,ALL,3036,ドミニク リガード,41,25,16,0.6097560975609756,41,0.035652173913043476,1150,2.4390243902439024,15
overall,MIXED,16.1,ALL,3071,ブラック クリーバー,41,25,16,0.6097560975609756,41,0.053246753246753244,770,2.4634146341463414,15
overall,MIXED,15.17,ALL,1058,ムダニ デカイ ロッド,41,25,16,0.6097560975609756,41,0.050617283950617285,810,3.1951219512195124,15
overall,MIXED,16.16,ALL,3032,ユン・タル ワイルドアロー,41,25,16,0.6097560975609756,41,0.012312312312312312,3330,1.6097560975609757,15
overall,MIXED,15.22,ALL,1052,増魔の書,41,25,16,0.6097560975609756,41,0.06212121212121212,660,3.3902439024390243,15
overall,MIXED,16.17,ALL,2517,終わりなき飢え,41,25,16,0.6097560975609756,41,0.008134920634920636,5040,2.5365853658536586,15
overall,MIXED,16.17,ALL,3174,装甲強化の進撃,41,25,16,0.6097560975609756,41,0.008134920634920636,5040,2.4390243902439024,15
overall,MIXED,16.17,MIDDLE,3174,装甲強化の進撃,41,25,16,0.6097560975609756,41,0.040674603174603176,1008,2.4390243902439024,15
overall,MIXED,16.18,JUNGLE,6676,コレクター,41,24,17,0.5853658536585366,41,0.12202380952380952,336,1.170731707317073,15
overall,MIXED,15.17,ALL,3157,ゾーニャの砂時計,41,24,17,0.5853658536585366,41,0.050617283950617285,810,1.5121951219512195,15
overall,MIXED,16.17,UTILITY,3157,ゾーニャの砂時計,41,24,17,0.5853658536585366,41,0.040674603174603176,1008,1.5609756097560976,15
overall,MIXED,15.19,ALL,3076,ブランブル ベスト,41,24,17,0.5853658536585366,41,0.035652173913043476,1150,3.024390243902439,15
overall,MIXED,16.18,ALL,3109,騎士の誓い,41,24,17,0.5853658536585366,41,0.024404761904761905,1680,2.073170731707317,15
overall,MIXED,16.18,UTILITY,3109,騎士の誓い,41,24,17,0.5853658536585366,41,0.12202380952380952,336,2.073170731707317,15
overall,MIXED,16.5,ALL,1029,クロース アーマー,41,23,18,0.5609756097560976,41,0.050617283950617285,810,4.170731707317073,15
overall,MIXED,15.13,ALL,6676,コレクター,41,23,18,0.5609756097560976,41,0.042708333333333334,960,1.5121951219512195,15
overall,MIXED,16.5,ALL,6610,サンダード スカイ,41,23,18,0.5609756097560976,41,0.050617283950617285,810,1.8780487804878048,15
overall,MIXED,16.2,ALL,3869,セレスティアル オポジション,41,23,18,0.5609756097560976,41,0.057746478873239436,710,0.2926829268292683,15
overall,MIXED,16.2,UTILITY,3869,セレスティアル オポジション,41,23,18,0.5609756097560976,41,0.2887323943661972,142,0.2926829268292683,15
overall,MIXED,16.12,ALL,3075,ソーンメイル,41,23,18,0.5609756097560976,41,0.046067415730337076,890,2.5365853658536586,15
overall,MIXED,16.14,JUNGLE,3036,ドミニク リガード,41,23,18,0.5609756097560976,41,0.05890804597701149,696,2.5853658536585367,15
overall,MIXED,16.2,ALL,3036,ドミニク リガード,41,23,18,0.5609756097560976,41,0.057746478873239436,710,2.6097560975609757,15
overall,MIXED,14.19,ALL,3363,ファーサイト オルタレーション,41,23,18,0.5609756097560976,41,0.09761904761904762,420,6.0,15
overall,MIXED,15.17,ALL,3116,リーライ クリスタル セプター,41,23,18,0.5609756097560976,41,0.050617283950617285,810,2.341463414634146,15
overall,MIXED,15.19,MIDDLE,3364,オラクル レンズ,41,22,19,0.5365853658536586,41,0.1782608695652174,230,6.0,15
overall,MIXED,15.16,UTILITY,2055,コントロール ワード,41,22,19,0.5365853658536586,41,0.37962962962962965,108,2.4146341463414633,15
overall,MIXED,16.3,ALL,3161,ショウジンの矛,41,22,19,0.5365853658536586,41,0.04659090909090909,880,2.2439024390243905,15
overall,MIXED,16.14,UTILITY,3050,ジーク コンバージェンス,41,22,19,0.5365853658536586,41,0.05890804597701149,696,2.1951219512195124,15
overall,MIXED,16.13,JUNGLE,3009,スイフトネス ブーツ,41,22,19,0.5365853658536586,41,0.06231003039513678,658,2.5853658536585367,15
overall,MIXED,16.14,ALL,3211,スペクター カウル,41,22,19,0.5365853658536586,41,0.011781609195402299,3480,3.2439024390243905,15
overall,MIXED,15.22,ALL,3075,ソーンメイル,41,22,19,0.5365853658536586,41,0.06212121212121212,660,3.024390243902439,15
overall,MIXED,16.18,JUNGLE,3078,トリニティ フォース,41,22,19,0.5365853658536586,41,0.12202380952380952,336,1.2439024390243902,15
overall,MIXED,16.18,TOP,3006,バーサーカー ブーツ,41,22,19,0.5365853658536586,41,0.12202380952380952,336,2.3902439024390243,15
overall,MIXED,16.17,ALL,3066,翼のムーンプレート,41,22,19,0.5365853658536586,41,0.008134920634920636,5040,3.1219512195121952,15
overall,MIXED,16.8,BOTTOM,2031,詰め替えポーション,41,22,19,0.5365853658536586,41,0.29285714285714287,140,1.1951219512195121,15
overall,MIXED,16.17,TOP,6662,アイスボーン ガントレット,41,21,20,0.5121951219512195,41,0.040674603174603176,1008,1.9024390243902438,15
overall,MIXED,16.10,BOTTOM,6672,クラーケン スレイヤー,41,21,20,0.5121951219512195,41,0.18468468468468469,222,2.2195121951219514,15
overall,MIXED,16.4,ALL,2055,コントロール ワード,41,21,20,0.5121951219512195,41,0.07735849056603773,530,1.975609756097561,15
overall,MIXED,15.23,ALL,3009,スイフトネス ブーツ,41,21,20,0.5121951219512195,41,0.0706896551724138,580,2.682926829268293,15
overall,MIXED,16.14,ALL,1120,ドラン ヘルム,41,21,20,0.5121951219512195,41,0.011781609195402299,3480,0.43902439024390244,15
overall,MIXED,16.8,ALL,3071,ブラック クリーバー,41,21,20,0.5121951219512195,41,0.05857142857142857,700,1.7317073170731707,15
overall,MIXED,16.16,BOTTOM,6655,ルーデン エコー,41,21,20,0.5121951219512195,41,0.06156156156156156,666,2.1707317073170733,15
overall,MIXED,16.13,ALL,3135,ヴォイド スタッフ,41,21,20,0.5121951219512195,41,0.012462006079027355,3290,2.8292682926829267,15
overall,MIXED,14.22,JUNGLE,3364,オラクル レンズ,41,20,21,0.4878048780487805,41,0.7068965517241379,58,6.0,15
overall,MIXED,14.23,UTILITY,3364,オラクル レンズ,41,20,21,0.4878048780487805,41,0.9761904761904762,42,6.0,15
overall,MIXED,16.3,BOTTOM,6676,コレクター,41,20,21,0.4878048780487805,41,0.23295454545454544,176,2.1951219512195124,15
overall,MIXED,16.12,JUNGLE,2055,コントロール ワード,41,20,21,0.4878048780487805,41,0.2303370786516854,178,1.829268292682927,15
overall,MIXED,16.3,ALL,6610,サンダード スカイ,41,20,21,0.4878048780487805,41,0.04659090909090909,880,1.3414634146341464,15
overall,MIXED,14.24,MIDDLE,3340,ステルス ワード,41,20,21,0.4878048780487805,41,0.82,50,6.0,15
overall,MIXED,15.7,BOTTOM,3340,ステルス ワード,41,20,21,0.4878048780487805,41,0.44565217391304346,92,6.0,15
overall,MIXED,16.6,ALL,3869,セレスティアル オポジション,41,20,21,0.4878048780487805,41,0.05394736842105263,760,0.3902439024390244,15
overall,MIXED,16.6,UTILITY,3869,セレスティアル オポジション,41,20,21,0.4878048780487805,41,0.271523178807947,151,0.3902439024390244,15
overall,MIXED,15.24,UTILITY,3020,ソーサラー シューズ,41,20,21,0.4878048780487805,41,0.11988304093567251,342,3.024390243902439,15
overall,MIXED,15.12,MIDDLE,1056,ドラン リング,41,20,21,0.4878048780487805,41,0.4019607843137255,102,1.1219512195121952,15
overall,MIXED,16.15,ALL,2525,プロトプラズム ハーネス,41,20,21,0.4878048780487805,41,0.009927360774818402,4130,2.682926829268293,15
overall,MIXED,16.3,ALL,3118,マリグナンス,41,20,21,0.4878048780487805,41,0.04659090909090909,880,2.3902439024390243,15
overall,MIXED,15.24,MIDDLE,1052,増魔の書,41,20,21,0.4878048780487805,41,0.11988304093567251,342,3.682926829268293,15
overall,MIXED,15.24,JUNGLE,6610,サンダード スカイ,41,19,22,0.4634146341463415,41,0.11988304093567251,342,1.4146341463414633,15
overall,MIXED,15.19,ALL,4646,ストームサージ,41,19,22,0.4634146341463415,41,0.035652173913043476,1150,2.4390243902439024,15
overall,MIXED,15.19,ALL,1082,ダーク シール,41,19,22,0.4634146341463415,41,0.035652173913043476,1150,2.951219512195122,15
overall,MIXED,15.13,TOP,1054,ドラン シールド,41,19,22,0.4634146341463415,41,0.21354166666666666,192,1.024390243902439,15
overall,MIXED,15.8,ALL,1054,ドラン シールド,41,19,22,0.4634146341463415,41,0.06307692307692307,650,0.8292682926829268,15
overall,MIXED,15.21,ALL,3071,ブラック クリーバー,41,19,22,0.4634146341463415,41,0.06949152542372881,590,2.292682926829268,15
overall,MIXED,15.19,MIDDLE,1058,ムダニ デカイ ロッド,41,19,22,0.4634146341463415,41,0.1782608695652174,230,3.1707317073170733,15
overall,MIXED,16.14,ALL,6617,ムーンストーンの再生,41,19,22,0.4634146341463415,41,0.011781609195402299,3480,3.048780487804878,15
overall,MIXED,16.6,ALL,3153,ルインドキング ブレード,41,19,22,0.4634146341463415,41,0.05394736842105263,760,1.5121951219512195,15
overall,MIXED,16.13,TOP,2055,コントロール ワード,41,18,23,0.43902439024390244,41,0.06231003039513678,658,2.1707317073170733,15
overall,MIXED,16.14,TOP,1031,チェイン ベスト,41,18,23,0.43902439024390244,41,0.05890804597701149,696,3.097560975609756,15
overall,MIXED,16.13,ALL,3115,ナッシャー トゥース,41,18,23,0.43902439024390244,41,0.012462006079027355,3290,2.0,15
overall,MIXED,15.13,UTILITY,3158,アイオニア ブーツ,41,17,24,0.4146341463414634,41,0.21354166666666666,192,2.926829268292683,15
overall,MIXED,16.14,ALL,3108,フィンディッシュの古書,41,17,24,0.4146341463414634,41,0.011781609195402299,3480,3.4634146341463414,15
overall,MIXED,16.15,BOTTOM,1052,増魔の書,41,17,24,0.4146341463414634,41,0.04963680387409201,826,3.5365853658536586,15
overall,MIXED,15.15,MIDDLE,3020,ソーサラー シューズ,41,16,25,0.3902439024390244,41,0.5,82,2.707317073170732,15
overall,MIXED,14.22,ALL,3363,ファーサイト オルタレーション,41,16,25,0.3902439024390244,41,0.1413793103448276,290,6.0,15
overall,MIXED,16.17,ALL,3042,ムラマナ,41,16,25,0.3902439024390244,41,0.008134920634920636,5040,2.0,15
overall,MIXED,15.2,BOTTOM,1055,ドラン ブレード,41,15,26,0.36585365853658536,41,0.44565217391304346,92,0.36585365853658536,15
overall,MIXED,15.15,ALL,3111,マーキュリー ブーツ,41,15,26,0.36585365853658536,41,0.1,410,2.5609756097560976,15
overall,MIXED,15.19,JUNGLE,3047,プレート スチールキャップ,41,14,27,0.34146341463414637,41,0.1774891774891775,231,2.5853658536585367,15
overall,MIXED,16.14,ALL,1053,ヴァンパイア セプター,41,14,27,0.34146341463414637,41,0.011781609195402299,3480,3.4634146341463414,15
overall,MIXED,16.10,ALL,1001,ブーツ,41,13,28,0.3170731707317073,41,0.036936936936936934,1110,3.1463414634146343,15
overall,MIXED,16.15,TOP,6610,サンダード スカイ,40,27,13,0.675,40,0.048426150121065374,826,2.525,15
overall,MIXED,16.12,ALL,3869,セレスティアル オポジション,40,27,13,0.675,40,0.0449438202247191,890,0.05,15
overall,MIXED,16.12,UTILITY,3869,セレスティアル オポジション,40,27,13,0.675,40,0.2247191011235955,178,0.05,15
overall,MIXED,15.19,ALL,3089,ラバドン デスキャップ,40,27,13,0.675,40,0.034782608695652174,1150,2.775,15
overall,MIXED,15.24,UTILITY,6655,ルーデン エコー,40,27,13,0.675,40,0.11695906432748537,342,2.2,15
overall,MIXED,16.14,JUNGLE,2510,黄昏と暁,40,27,13,0.675,40,0.05747126436781609,696,1.4,15
overall,MIXED,16.12,ALL,3046,ファントム ダンサー,40,26,14,0.65,40,0.0449438202247191,890,2.65,15
overall,MIXED,15.20,ALL,1058,ムダニ デカイ ロッド,40,26,14,0.65,40,0.06060606060606061,660,3.075,15
overall,MIXED,16.16,JUNGLE,6696,アクシオム アーク,40,25,15,0.625,40,0.06006006006006006,666,2.375,15
overall,MIXED,16.14,BOTTOM,3026,ガーディアン エンジェル,40,25,15,0.625,40,0.05747126436781609,696,2.625,15
overall,MIXED,15.23,ALL,6672,クラーケン スレイヤー,40,25,15,0.625,40,0.06896551724137931,580,1.825,15
overall,MIXED,16.8,ALL,3009,スイフトネス ブーツ,40,25,15,0.625,40,0.05714285714285714,700,2.125,15
overall,MIXED,16.16,ALL,3814,ナイト エッジ,40,25,15,0.625,40,0.012012012012012012,3330,2.775,15
overall,MIXED,16.14,BOTTOM,6675,ナヴォリ フリッカーブレード,40,25,15,0.625,40,0.05747126436781609,696,2.475,15
overall,MIXED,16.9,ALL,4633,リフトメーカー,40,25,15,0.625,40,0.05063291139240506,790,2.425,15
overall,MIXED,16.16,ALL,4005,帝国の指令,40,25,15,0.625,40,0.012012012012012012,3330,3.1,15
overall,MIXED,16.10,JUNGLE,6610,サンダード スカイ,40,23,17,0.575,40,0.18018018018018017,222,1.3,15
overall,MIXED,16.7,ALL,3036,ドミニク リガード,40,23,17,0.575,40,0.05194805194805195,770,2.775,15
overall,MIXED,15.19,TOP,3111,マーキュリー ブーツ,40,23,17,0.575,40,0.17467248908296942,229,2.475,15
overall,MIXED,15.24,BOTTOM,3032,ユン・タル ワイルドアロー,40,23,17,0.575,40,0.11730205278592376,341,1.45,15
overall,MIXED,15.8,ALL,4633,リフトメーカー,40,23,17,0.575,40,0.06153846153846154,650,2.25,15
overall,MIXED,16.14,JUNGLE,6631,ストライドブレイカー,40,22,18,0.55,40,0.05747126436781609,696,1.475,15
overall,MIXED,16.6,ALL,3075,ソーンメイル,40,22,18,0.55,40,0.05263157894736842,760,2.325,15
overall,MIXED,16.14,TOP,2021,トンネル掘り,40,22,18,0.55,40,0.05747126436781609,696,3.775,15
overall,MIXED,16.16,JUNGLE,6697,ヒュブリス,40,22,18,0.55,40,0.06006006006006006,666,1.7,15
overall,MIXED,14.23,ALL,3047,プレート スチールキャップ,40,22,18,0.55,40,0.19047619047619047,210,2.375,15
overall,MIXED,15.24,ALL,4628,ホライゾン フォーカス,40,22,18,0.55,40,0.023391812865497075,1710,2.65,15
overall,MIXED,16.5,ALL,1058,ムダニ デカイ ロッド,40,22,18,0.55,40,0.04938271604938271,810,2.825,15
overall,MIXED,16.13,ALL,6617,ムーンストーンの再生,40,22,18,0.55,40,0.0121580547112462,3290,3.175,15
overall,MIXED,15.10,ALL,3153,ルインドキング ブレード,40,22,18,0.55,40,0.057971014492753624,690,1.825,15
overall,MIXED,16.16,ALL,2502,終わりなき絶望,40,22,18,0.55,40,0.012012012012012012,3330,2.5,15
overall,MIXED,16.3,ALL,1018,アジリティ クローク,40,21,19,0.525,40,0.045454545454545456,880,3.175,15
overall,MIXED,16.12,ALL,6610,サンダード スカイ,40,21,19,0.525,40,0.0449438202247191,890,1.4,15
overall,MIXED,15.10,ALL,3190,ソラリのロケット,40,21,19,0.525,40,0.057971014492753624,690,1.275,15
overall,MIXED,15.10,UTILITY,3190,ソラリのロケット,40,21,19,0.525,40,0.2898550724637681,138,1.275,15
overall,MIXED,16.10,ALL,3036,ドミニク リガード,40,21,19,0.525,40,0.036036036036036036,1110,2.675,15
overall,MIXED,16.9,ALL,3036,ドミニク リガード,40,21,19,0.525,40,0.05063291139240506,790,2.65,15
overall,MIXED,15.24,BOTTOM,1037,ピッケル,40,21,19,0.525,40,0.11730205278592376,341,3.375,15
overall,MIXED,15.19,MIDDLE,3363,ファーサイト オルタレーション,40,21,19,0.525,40,0.17391304347826086,230,6.0,15
overall,MIXED,16.15,BOTTOM,2512,フィーンドハンターの矢,40,21,19,0.525,40,0.048426150121065374,826,2.55,15
overall,MIXED,16.1,ALL,1058,ムダニ デカイ ロッド,40,21,19,0.525,40,0.05194805194805195,770,3.025,15
overall,MIXED,15.13,ALL,4633,リフトメーカー,40,21,19,0.525,40,0.041666666666666664,960,2.65,15
overall,MIXED,16.1,ALL,3116,リーライ クリスタル セプター,40,21,19,0.525,40,0.05194805194805195,770,2.05,15
overall,MIXED,16.2,ALL,3116,リーライ クリスタル セプター,40,21,19,0.525,40,0.056338028169014086,710,2.3,15
overall,MIXED,16.14,TOP,3084,心の鋼,40,21,19,0.525,40,0.05747126436781609,696,1.5,15
overall,MIXED,16.11,ALL,3876,至点のソリ,40,21,19,0.525,40,0.03389830508474576,1180,0.425,15
overall,MIXED,16.11,UTILITY,3876,至点のソリ,40,21,19,0.525,40,0.1694915254237288,236,0.425,15
overall,MIXED,16.12,BOTTOM,2031,詰め替えポーション,40,21,19,0.525,40,0.22598870056497175,177,1.325,15
overall,MIXED,16.2,ALL,2503,黒炎のトーチ,40,21,19,0.525,40,0.056338028169014086,710,2.2,15
overall,MIXED,16.16,TOP,3123,エクスキューショナー コーリング,40,20,20,0.5,40,0.06006006006006006,666,3.3,15
overall,MIXED,16.14,MIDDLE,6657,ロッド オブ エイジス,40,20,20,0.5,40,0.05747126436781609,696,2.2,15
overall,MIXED,16.16,ALL,3082,ワーデン メイル,40,20,20,0.5,40,0.012012012012012012,3330,3.125,15
overall,MIXED,15.22,MIDDLE,2031,詰め替えポーション,40,20,20,0.5,40,0.30303030303030304,132,0.975,15
overall,MIXED,16.8,UTILITY,3158,アイオニア ブーツ,40,19,21,0.475,40,0.2857142857142857,140,2.775,15
overall,MIXED,15.10,ALL,4645,シャドウフレイム,40,19,21,0.475,40,0.057971014492753624,690,2.325,15
overall,MIXED,16.14,JUNGLE,3075,ソーンメイル,40,19,21,0.475,40,0.05747126436781609,696,2.95,15
overall,MIXED,16.16,BOTTOM,3157,ゾーニャの砂時計,40,19,21,0.475,40,0.06006006006006006,666,1.0,15
overall,MIXED,16.15,TOP,3076,ブランブル ベスト,40,19,21,0.475,40,0.048426150121065374,826,3.125,15
overall,MIXED,16.14,UTILITY,6617,ムーンストーンの再生,40,19,21,0.475,40,0.05747126436781609,696,3.125,15
overall,MIXED,16.15,ALL,1043,リカーブ ボウ,40,19,21,0.475,40,0.009685230024213076,4130,3.25,15
overall,MIXED,16.18,BOTTOM,1036,ロング ソード,40,19,21,0.475,40,0.11904761904761904,336,4.125,15
overall,MIXED,15.13,ALL,3161,ショウジンの矛,40,18,22,0.45,40,0.041666666666666664,960,2.475,15
overall,MIXED,16.18,ALL,2420,シーカー アームガード,40,18,22,0.45,40,0.023809523809523808,1680,1.6,15
overall,MIXED,16.13,ALL,3134,セレイテッド ダーク,40,18,22,0.45,40,0.0121580547112462,3290,2.7,15
overall,MIXED,15.17,ALL,3190,ソラリのロケット,40,18,22,0.45,40,0.04938271604938271,810,1.45,15
overall,MIXED,15.17,UTILITY,3190,ソラリのロケット,40,18,22,0.45,40,0.2484472049689441,161,1.45,15
overall,MIXED,16.18,ALL,1082,ダーク シール,40,18,22,0.45,40,0.023809523809523808,1680,2.85,15
overall,MIXED,16.16,ALL,1120,ドラン ヘルム,40,18,22,0.45,40,0.012012012012012012,3330,0.775,15
overall,MIXED,15.24,TOP,3071,ブラック クリーバー,40,18,22,0.45,40,0.11695906432748537,342,2.225,15
overall,MIXED,15.24,MIDDLE,3118,マリグナンス,40,18,22,0.45,40,0.11695906432748537,342,2.5,15
overall,MIXED,16.17,TOP,3142,妖夢の霊剣,40,18,22,0.45,40,0.03968253968253968,1008,1.075,15
overall,MIXED,16.10,ALL,6692,赤月の刃,40,18,22,0.45,40,0.036036036036036036,1110,1.8,15
overall,MIXED,16.11,BOTTOM,1018,アジリティ クローク,40,17,23,0.425,40,0.1694915254237288,236,3.125,15
overall,MIXED,16.17,BOTTOM,3078,トリニティ フォース,40,17,23,0.425,40,0.03968253968253968,1008,1.875,15
overall,MIXED,16.17,TOP,1120,ドラン ヘルム,40,17,23,0.425,40,0.03968253968253968,1008,0.7,15
overall,MIXED,15.2,ALL,6655,ルーデン エコー,40,17,23,0.425,40,0.08695652173913043,460,2.175,15
overall,MIXED,16.3,MIDDLE,6655,ルーデン エコー,40,17,23,0.425,40,0.22727272727272727,176,2.2,15
overall,MIXED,16.15,ALL,1053,ヴァンパイア セプター,40,17,23,0.425,40,0.009685230024213076,4130,3.275,15
overall,MIXED,16.17,BOTTOM,3123,エクスキューショナー コーリング,40,16,24,0.4,40,0.03968253968253968,1008,2.85,15
overall,MIXED,16.10,ALL,3075,ソーンメイル,40,16,24,0.4,40,0.036036036036036036,1110,2.85,15
overall,MIXED,16.3,ALL,1054,ドラン シールド,40,16,24,0.4,40,0.045454545454545456,880,0.55,15
overall,MIXED,16.11,ALL,3046,ファントム ダンサー,40,16,24,0.4,40,0.03389830508474576,1180,2.1,15
overall,MIXED,15.18,ALL,1052,増魔の書,40,16,24,0.4,40,0.06153846153846154,650,3.725,15
overall,MIXED,16.10,ALL,6631,ストライドブレイカー,40,15,25,0.375,40,0.036036036036036036,1110,0.95,15
overall,MIXED,16.18,ALL,3032,ユン・タル ワイルドアロー,40,15,25,0.375,40,0.023809523809523808,1680,1.525,15
overall,MIXED,16.16,ALL,3211,スペクター カウル,40,14,26,0.35,40,0.012012012012012012,3330,3.4,15
overall,MIXED,16.14,BOTTOM,1042,ダガー,40,14,26,0.35,40,0.05747126436781609,696,3.425,15
overall,MIXED,16.18,ALL,3152,ヘクステック ロケットベルト,40,14,26,0.35,40,0.023809523809523808,1680,1.025,15
overall,MIXED,15.24,ALL,2022,輝きのモート,40,14,26,0.35,40,0.023391812865497075,1710,3.925,15
overall,MIXED,16.15,TOP,6673,イモータル シールドボウ,40,13,27,0.325,40,0.048426150121065374,826,2.425,15
overall,MIXED,16.14,ALL,1043,リカーブ ボウ,40,9,31,0.225,40,0.011494252873563218,3480,3.1,15
overall,MIXED,16.14,ALL,3041,メジャイ ソウルスティーラー,39,31,8,0.7948717948717948,39,0.011206896551724138,3480,2.3846153846153846,15
overall,MIXED,16.5,ALL,3075,ソーンメイル,39,25,14,0.6410256410256411,39,0.04814814814814815,810,2.4358974358974357,15
overall,MIXED,16.15,ALL,3748,タイタン ハイドラ,39,24,15,0.6153846153846154,39,0.009443099273607748,4130,1.1538461538461537,15
overall,MIXED,16.17,TOP,3742,デッド マン プレート,39,24,15,0.6153846153846154,39,0.03869047619047619,1008,2.5384615384615383,15
overall,MIXED,15.24,BOTTOM,3036,ドミニク リガード,39,24,15,0.6153846153846154,39,0.11436950146627566,341,2.7948717948717947,15
overall,MIXED,15.8,ALL,3871,ザズ＝ザクのレルムスパイク,39,23,16,0.5897435897435898,39,0.06,650,0.1282051282051282,15
overall,MIXED,15.8,UTILITY,3871,ザズ＝ザクのレルムスパイク,39,23,16,0.5897435897435898,39,0.3,130,0.1282051282051282,15
overall,MIXED,14.22,MIDDLE,3340,ステルス ワード,39,23,16,0.5897435897435898,39,0.6724137931034483,58,6.0,15
overall,MIXED,16.1,ALL,3075,ソーンメイル,39,23,16,0.5897435897435898,39,0.05064935064935065,770,2.4358974358974357,15
overall,MIXED,15.21,ALL,3157,ゾーニャの砂時計,39,23,16,0.5897435897435898,39,0.06610169491525424,590,1.1794871794871795,15
overall,MIXED,16.13,BOTTOM,3157,ゾーニャの砂時計,39,23,16,0.5897435897435898,39,0.05927051671732523,658,1.1794871794871795,15
overall,MIXED,16.7,ALL,3157,ゾーニャの砂時計,39,23,16,0.5897435897435898,39,0.05064935064935065,770,1.3333333333333333,15
overall,MIXED,16.7,TOP,1054,ドラン シールド,39,23,16,0.5897435897435898,39,0.2532467532467532,154,1.1282051282051282,15
overall,MIXED,16.4,BOTTOM,3363,ファーサイト オルタレーション,39,23,16,0.5897435897435898,39,0.36792452830188677,106,6.0,15
overall,MIXED,16.15,JUNGLE,3084,心の鋼,39,23,16,0.5897435897435898,39,0.04721549636803874,826,1.2820512820512822,15
overall,MIXED,16.10,ALL,3508,エッセンス リーバー,39,22,17,0.5641025641025641,39,0.03513513513513514,1110,1.641025641025641,15
overall,MIXED,15.24,TOP,3364,オラクル レンズ,39,22,17,0.5641025641025641,39,0.11403508771929824,342,6.0,15
overall,MIXED,16.13,ALL,2504,ケイニック ルーケルン,39,22,17,0.5641025641025641,39,0.011854103343465046,3290,2.641025641025641,15
overall,MIXED,16.13,UTILITY,4645,シャドウフレイム,39,22,17,0.5641025641025641,39,0.0593607305936073,657,3.1025641025641026,15
overall,MIXED,16.17,UTILITY,4646,ストームサージ,39,22,17,0.5641025641025641,39,0.03869047619047619,1008,2.717948717948718,15
overall,MIXED,16.18,ALL,4646,ストームサージ,39,22,17,0.5641025641025641,39,0.023214285714285715,1680,2.871794871794872,15
overall,MIXED,16.13,BOTTOM,3078,トリニティ フォース,39,22,17,0.5641025641025641,39,0.05927051671732523,658,1.8461538461538463,15
overall,MIXED,16.12,ALL,3036,ドミニク リガード,39,22,17,0.5641025641025641,39,0.043820224719101124,890,2.58974358974359,15
overall,MIXED,16.17,ALL,3181,ハルブレイカー,39,22,17,0.5641025641025641,39,0.007738095238095238,5040,2.58974358974359,15
overall,MIXED,16.18,UTILITY,6655,ルーデン エコー,39,22,17,0.5641025641025641,39,0.11607142857142858,336,1.8205128205128205,15
overall,MIXED,16.3,UTILITY,3158,アイオニア ブーツ,39,21,18,0.5384615384615384,39,0.2215909090909091,176,2.7435897435897436,15
overall,MIXED,15.2,ALL,6676,コレクター,39,21,18,0.5384615384615384,39,0.08478260869565217,460,2.1794871794871793,15
overall,MIXED,15.7,ALL,3009,スイフトネス ブーツ,39,21,18,0.5384615384615384,39,0.08478260869565217,460,2.769230769230769,15
overall,MIXED,16.11,ALL,4646,ストームサージ,39,21,18,0.5384615384615384,39,0.03305084745762712,1180,2.4358974358974357,15
overall,MIXED,16.14,MIDDLE,3040,セラフ エンブレイス,39,21,18,0.5384615384615384,39,0.05603448275862069,696,1.9743589743589745,15
overall,MIXED,15.7,MIDDLE,3020,ソーサラー シューズ,39,21,18,0.5384615384615384,39,0.42391304347826086,92,2.58974358974359,15
overall,MIXED,15.23,ALL,3157,ゾーニャの砂時計,39,21,18,0.5384615384615384,39,0.06724137931034482,580,1.435897435897436,15
overall,MIXED,16.10,TOP,1056,ドラン リング,39,21,18,0.5384615384615384,39,0.17567567567567569,222,0.5128205128205128,15
overall,MIXED,16.4,TOP,3047,プレート スチールキャップ,39,21,18,0.5384615384615384,39,0.37142857142857144,105,2.641025641025641,15
overall,MIXED,16.2,JUNGLE,3111,マーキュリー ブーツ,39,21,18,0.5384615384615384,39,0.2746478873239437,142,2.1025641025641026,15
overall,MIXED,16.13,BOTTOM,3042,ムラマナ,39,21,18,0.5384615384615384,39,0.05927051671732523,658,2.1025641025641026,15
overall,MIXED,16.13,UTILITY,6617,ムーンストーンの再生,39,21,18,0.5384615384615384,39,0.0593607305936073,657,3.1538461538461537,15
overall,MIXED,15.14,ALL,6653,ライアンドリーの仮面,39,21,18,0.5384615384615384,39,0.08478260869565217,460,2.3846153846153846,15
overall,MIXED,15.24,MIDDLE,6653,ライアンドリーの仮面,39,21,18,0.5384615384615384,39,0.11403508771929824,342,2.641025641025641,15
overall,MIXED,15.19,ALL,3107,リデンプション,39,21,18,0.5384615384615384,39,0.03391304347826087,1150,1.435897435897436,15
overall,MIXED,15.19,UTILITY,3107,リデンプション,39,21,18,0.5384615384615384,39,0.16956521739130434,230,1.435897435897436,15
overall,MIXED,16.10,ALL,2510,黄昏と暁,39,21,18,0.5384615384615384,39,0.03513513513513514,1110,1.4102564102564104,15
overall,MIXED,14.21,JUNGLE,3364,オラクル レンズ,39,20,19,0.5128205128205128,39,0.6964285714285714,56,6.0,15
overall,MIXED,15.10,MIDDLE,3364,オラクル レンズ,39,20,19,0.5128205128205128,39,0.2826086956521739,138,6.0,15
overall,MIXED,16.10,ALL,1029,クロース アーマー,39,20,19,0.5128205128205128,39,0.03513513513513514,1110,3.7435897435897436,15
overall,MIXED,16.1,BOTTOM,6676,コレクター,39,20,19,0.5128205128205128,39,0.2532467532467532,154,1.641025641025641,15
overall,MIXED,16.11,ALL,6610,サンダード スカイ,39,20,19,0.5128205128205128,39,0.03305084745762712,1180,1.7435897435897436,15
overall,MIXED,16.6,ALL,3009,スイフトネス ブーツ,39,20,19,0.5128205128205128,39,0.05131578947368421,760,2.41025641025641,15
overall,MIXED,15.6,ALL,3340,ステルス ワード,39,20,19,0.5128205128205128,39,0.4875,80,6.0,15
overall,MIXED,15.2,MIDDLE,3020,ソーサラー シューズ,39,20,19,0.5128205128205128,39,0.42391304347826086,92,2.641025641025641,15
overall,MIXED,15.4,ALL,3006,バーサーカー ブーツ,39,20,19,0.5128205128205128,39,0.14444444444444443,270,2.051282051282051,15
overall,MIXED,15.4,ALL,3363,ファーサイト オルタレーション,39,20,19,0.5128205128205128,39,0.14444444444444443,270,6.0,15
overall,MIXED,16.15,MIDDLE,3146,ヘクステック ガンブレード,39,20,19,0.5128205128205128,39,0.04721549636803874,826,1.3076923076923077,15
overall,MIXED,16.5,ALL,2503,黒炎のトーチ,39,20,19,0.5128205128205128,39,0.04814814814814815,810,1.6923076923076923,15
overall,MIXED,16.8,ALL,3031,インフィニティ エッジ,39,19,20,0.48717948717948717,39,0.055714285714285716,700,2.6666666666666665,15
overall,MIXED,15.22,ALL,3871,ザズ＝ザクのレルムスパイク,39,19,20,0.48717948717948717,39,0.05909090909090909,660,0.4358974358974359,15
overall,MIXED,15.22,UTILITY,3871,ザズ＝ザクのレルムスパイク,39,19,20,0.48717948717948717,39,0.29545454545454547,132,0.4358974358974359,15
overall,MIXED,16.13,ALL,3211,スペクター カウル,39,19,20,0.48717948717948717,39,0.011854103343465046,3290,3.8461538461538463,15
overall,MIXED,15.11,ALL,3190,ソラリのロケット,39,19,20,0.48717948717948717,39,0.07358490566037736,530,1.0769230769230769,15
overall,MIXED,15.11,UTILITY,3190,ソラリのロケット,39,19,20,0.48717948717948717,39,0.36792452830188677,106,1.0769230769230769,15
overall,MIXED,15.18,ALL,3190,ソラリのロケット,39,19,20,0.48717948717948717,39,0.06,650,1.435897435897436,15
overall,MIXED,15.18,UTILITY,3190,ソラリのロケット,39,19,20,0.48717948717948717,39,0.3,130,1.435897435897436,15
overall,MIXED,15.7,ALL,3190,ソラリのロケット,39,19,20,0.48717948717948717,39,0.08478260869565217,460,1.1025641025641026,15
overall,MIXED,15.7,UTILITY,3190,ソラリのロケット,39,19,20,0.48717948717948717,39,0.42391304347826086,92,1.1025641025641026,15
overall,MIXED,15.2,MIDDLE,1056,ドラン リング,39,19,20,0.48717948717948717,39,0.42391304347826086,92,0.5641025641025641,15
overall,MIXED,16.17,UTILITY,3145,ヘクステック オルタネーター,39,19,20,0.48717948717948717,39,0.03869047619047619,1008,3.641025641025641,15
overall,MIXED,16.18,MIDDLE,6653,ライアンドリーの仮面,39,19,20,0.48717948717948717,39,0.11607142857142858,336,2.5128205128205128,15
overall,MIXED,16.10,ALL,4633,リフトメーカー,39,19,20,0.48717948717948717,39,0.03513513513513514,1110,2.1025641025641026,15
overall,MIXED,16.10,MIDDLE,1052,増魔の書,39,19,20,0.48717948717948717,39,0.17567567567567569,222,3.3846153846153846,15
overall,MIXED,16.10,BOTTOM,1018,アジリティ クローク,39,18,21,0.46153846153846156,39,0.17567567567567569,222,3.641025641025641,15
overall,MIXED,15.23,BOTTOM,3031,インフィニティ エッジ,39,18,21,0.46153846153846156,39,0.33620689655172414,116,2.3333333333333335,15
overall,MIXED,16.18,ALL,3173,チェインレースド クラッシャー,39,18,21,0.46153846153846156,39,0.023214285714285715,1680,2.3076923076923075,15
overall,MIXED,16.18,MIDDLE,3173,チェインレースド クラッシャー,39,18,21,0.46153846153846156,39,0.11607142857142858,336,2.3076923076923075,15
overall,MIXED,15.14,BOTTOM,3006,バーサーカー ブーツ,39,18,21,0.46153846153846156,39,0.42391304347826086,92,2.6923076923076925,15
overall,MIXED,15.22,ALL,1058,ムダニ デカイ ロッド,39,18,21,0.46153846153846156,39,0.05909090909090909,660,3.3333333333333335,15
overall,MIXED,15.20,ALL,2503,黒炎のトーチ,39,18,21,0.46153846153846156,39,0.05909090909090909,660,1.6666666666666667,15
overall,MIXED,16.17,ALL,2422,ちょっとだけ魔法がかった靴,39,17,22,0.4358974358974359,39,0.007738095238095238,5040,3.5384615384615383,15
overall,MIXED,15.19,MIDDLE,2055,コントロール ワード,39,17,22,0.4358974358974359,39,0.16956521739130434,230,1.8974358974358974,15
overall,MIXED,15.14,MIDDLE,3020,ソーサラー シューズ,39,17,22,0.4358974358974359,39,0.42391304347826086,92,2.5641025641025643,15
overall,MIXED,15.24,JUNGLE,3078,トリニティ フォース,39,17,22,0.4358974358974359,39,0.11403508771929824,342,1.5128205128205128,15
overall,MIXED,15.14,ALL,1054,ドラン シールド,39,17,22,0.4358974358974359,39,0.08478260869565217,460,0.6153846153846154,15
overall,MIXED,16.8,TOP,1054,ドラン シールド,39,17,22,0.4358974358974359,39,0.2785714285714286,140,0.7692307692307693,15
overall,MIXED,16.1,ALL,1037,ピッケル,39,17,22,0.4358974358974359,39,0.05064935064935065,770,3.2564102564102564,15
overall,MIXED,16.12,MIDDLE,3363,ファーサイト オルタレーション,39,17,22,0.4358974358974359,39,0.21910112359550563,178,6.0,15
overall,MIXED,16.17,TOP,3363,ファーサイト オルタレーション,39,17,22,0.4358974358974359,39,0.03869047619047619,1008,6.0,15
overall,MIXED,15.19,ALL,1001,ブーツ,39,17,22,0.4358974358974359,39,0.03391304347826087,1150,2.948717948717949,15
overall,MIXED,15.16,ALL,3158,アイオニア ブーツ,39,16,23,0.41025641025641024,39,0.07222222222222222,540,2.769230769230769,15
overall,MIXED,16.9,ALL,3869,セレスティアル オポジション,39,16,23,0.41025641025641024,39,0.049367088607594936,790,0.4358974358974359,15
overall,MIXED,16.9,UTILITY,3869,セレスティアル オポジション,39,16,23,0.41025641025641024,39,0.2468354430379747,158,0.4358974358974359,15
overall,MIXED,16.15,MIDDLE,1055,ドラン ブレード,39,16,23,0.41025641025641024,39,0.04721549636803874,826,1.2564102564102564,15
overall,MIXED,15.12,BOTTOM,3006,バーサーカー ブーツ,39,16,23,0.41025641025641024,39,0.38613861386138615,101,2.5641025641025643,15
overall,MIXED,16.4,ALL,3153,ルインドキング ブレード,39,16,23,0.41025641025641024,39,0.07358490566037736,530,1.9487179487179487,15
overall,MIXED,16.7,BOTTOM,2031,詰め替えポーション,39,16,23,0.41025641025641024,39,0.2532467532467532,154,1.2307692307692308,15
overall,MIXED,15.13,ALL,3508,エッセンス リーバー,39,15,24,0.38461538461538464,39,0.040625,960,2.128205128205128,15
overall,MIXED,16.14,UTILITY,1001,ブーツ,39,15,24,0.38461538461538464,39,0.05603448275862069,696,2.8461538461538463,15
overall,MIXED,16.14,JUNGLE,3116,リーライ クリスタル セプター,39,15,24,0.38461538461538464,39,0.05603448275862069,696,1.3846153846153846,15
overall,MIXED,16.2,MIDDLE,6655,ルーデン エコー,39,15,24,0.38461538461538464,39,0.2746478873239437,142,2.1794871794871793,15
overall,MIXED,15.15,BOTTOM,3006,バーサーカー ブーツ,39,13,26,0.3333333333333333,39,0.47560975609756095,82,2.5128205128205128,15
overall,MIXED,16.16,ALL,3041,メジャイ ソウルスティーラー,38,28,10,0.7368421052631579,38,0.011411411411411412,3330,2.763157894736842,15
overall,MIXED,15.24,MIDDLE,3175,連呪使いのブーツ,38,28,10,0.7368421052631579,38,0.1111111111111111,342,3.1578947368421053,15
overall,MIXED,16.14,UTILITY,3157,ゾーニャの砂時計,38,26,12,0.6842105263157895,38,0.05459770114942529,696,1.2894736842105263,15
overall,MIXED,15.24,ALL,6333,デス ダンス,38,26,12,0.6842105263157895,38,0.022222222222222223,1710,2.3421052631578947,15
overall,MIXED,16.14,UTILITY,4645,シャドウフレイム,38,25,13,0.6578947368421053,38,0.05459770114942529,696,2.9473684210526314,15
overall,MIXED,16.10,ALL,3869,セレスティアル オポジション,38,24,14,0.631578947368421,38,0.03423423423423423,1110,0.39473684210526316,15
overall,MIXED,16.10,UTILITY,3869,セレスティアル オポジション,38,24,14,0.631578947368421,38,0.17117117117117117,222,0.39473684210526316,15
overall,MIXED,16.2,ALL,3071,ブラック クリーバー,38,24,14,0.631578947368421,38,0.05352112676056338,710,1.5789473684210527,15
overall,MIXED,16.9,ALL,3089,ラバドン デスキャップ,38,24,14,0.631578947368421,38,0.04810126582278481,790,2.5789473684210527,15
overall,MIXED,14.21,ALL,3158,アイオニア ブーツ,38,23,15,0.6052631578947368,38,0.1357142857142857,280,2.4473684210526314,15
overall,MIXED,16.9,ALL,3161,ショウジンの矛,38,23,15,0.6052631578947368,38,0.04810126582278481,790,2.0789473684210527,15
overall,MIXED,15.23,ALL,3190,ソラリのロケット,38,23,15,0.6052631578947368,38,0.06551724137931035,580,1.6842105263157894,15
overall,MIXED,15.23,UTILITY,3190,ソラリのロケット,38,23,15,0.6052631578947368,38,0.3275862068965517,116,1.6842105263157894,15
overall,MIXED,16.13,TOP,2021,トンネル掘り,38,23,15,0.6052631578947368,38,0.057750759878419454,658,3.1842105263157894,15
overall,MIXED,16.18,JUNGLE,3071,ブラック クリーバー,38,23,15,0.6052631578947368,38,0.1130952380952381,336,1.6578947368421053,15
overall,MIXED,16.17,JUNGLE,2502,終わりなき絶望,38,23,15,0.6052631578947368,38,0.037698412698412696,1008,1.8421052631578947,15
overall,MIXED,16.17,JUNGLE,3031,インフィニティ エッジ,38,22,16,0.5789473684210527,38,0.037698412698412696,1008,2.8157894736842106,15
overall,MIXED,15.13,MIDDLE,3364,オラクル レンズ,38,22,16,0.5789473684210527,38,0.19895287958115182,191,6.0,15
overall,MIXED,16.16,JUNGLE,3075,ソーンメイル,38,22,16,0.5789473684210527,38,0.057057057057057055,666,2.763157894736842,15
overall,MIXED,14.19,BOTTOM,1055,ドラン ブレード,38,22,16,0.5789473684210527,38,0.4523809523809524,84,0.6578947368421053,15
overall,MIXED,16.15,ALL,3181,ハルブレイカー,38,22,16,0.5789473684210527,38,0.009200968523002421,4130,2.1052631578947367,15
overall,MIXED,16.12,UTILITY,3047,プレート スチールキャップ,38,22,16,0.5789473684210527,38,0.21348314606741572,178,2.236842105263158,15
overall,MIXED,16.10,ALL,6620,ヘリアの残響,38,22,16,0.5789473684210527,38,0.03423423423423423,1110,2.1315789473684212,15
overall,MIXED,16.5,JUNGLE,3111,マーキュリー ブーツ,38,22,16,0.5789473684210527,38,0.2345679012345679,162,2.473684210526316,15
overall,MIXED,16.7,MIDDLE,2031,詰め替えポーション,38,22,16,0.5789473684210527,38,0.24675324675324675,154,1.6578947368421053,15
overall,MIXED,16.9,MIDDLE,2031,詰め替えポーション,38,22,16,0.5789473684210527,38,0.24050632911392406,158,1.236842105263158,15
overall,MIXED,16.6,ALL,3871,ザズ＝ザクのレルムスパイク,38,21,17,0.5526315789473685,38,0.05,760,0.15789473684210525,15
overall,MIXED,16.6,UTILITY,3871,ザズ＝ザクのレルムスパイク,38,21,17,0.5526315789473685,38,0.25165562913907286,151,0.15789473684210525,15
overall,MIXED,15.8,ALL,3190,ソラリのロケット,38,21,17,0.5526315789473685,38,0.05846153846153846,650,1.394736842105263,15
overall,MIXED,15.8,UTILITY,3190,ソラリのロケット,38,21,17,0.5526315789473685,38,0.2923076923076923,130,1.394736842105263,15
overall,MIXED,14.22,ALL,1055,ドラン ブレード,38,21,17,0.5526315789473685,38,0.1310344827586207,290,0.6052631578947368,15
overall,MIXED,16.17,ALL,4642,バンドルグラスの鏡,38,21,17,0.5526315789473685,38,0.00753968253968254,5040,3.6052631578947367,15
overall,MIXED,16.14,JUNGLE,3006,バーサーカー ブーツ,38,21,17,0.5526315789473685,38,0.05459770114942529,696,1.8157894736842106,15
overall,MIXED,16.11,TOP,3071,ブラック クリーバー,38,21,17,0.5526315789473685,38,0.16101694915254236,236,2.1578947368421053,15
overall,MIXED,16.11,JUNGLE,3111,マーキュリー ブーツ,38,21,17,0.5526315789473685,38,0.16101694915254236,236,1.605263157894737,15
overall,MIXED,15.24,ALL,3085,ルナーン ハリケーン,38,21,17,0.5526315789473685,38,0.022222222222222223,1710,2.973684210526316,15
overall,MIXED,15.24,BOTTOM,3085,ルナーン ハリケーン,38,21,17,0.5526315789473685,38,0.11143695014662756,341,2.973684210526316,15
overall,MIXED,15.18,ALL,1036,ロング ソード,38,21,17,0.5526315789473685,38,0.05846153846153846,650,4.078947368421052,15
overall,MIXED,16.17,UTILITY,4005,帝国の指令,38,21,17,0.5526315789473685,38,0.037698412698412696,1008,2.5789473684210527,15
overall,MIXED,16.17,UTILITY,3084,心の鋼,38,21,17,0.5526315789473685,38,0.037698412698412696,1008,1.5789473684210527,15
overall,MIXED,16.17,ALL,4401,自然の力,38,21,17,0.5526315789473685,38,0.00753968253968254,5040,2.4210526315789473,15
overall,MIXED,15.3,ALL,3158,アイオニア ブーツ,38,20,18,0.5263157894736842,38,0.09268292682926829,410,2.263157894736842,15
overall,MIXED,15.13,JUNGLE,6610,サンダード スカイ,38,20,18,0.5263157894736842,38,0.19791666666666666,192,2.1578947368421053,15
overall,MIXED,16.1,ALL,3871,ザズ＝ザクのレルムスパイク,38,20,18,0.5263157894736842,38,0.04935064935064935,770,0.39473684210526316,15
overall,MIXED,16.1,UTILITY,3871,ザズ＝ザクのレルムスパイク,38,20,18,0.5263157894736842,38,0.24836601307189543,153,0.39473684210526316,15
overall,MIXED,15.8,ALL,4645,シャドウフレイム,38,20,18,0.5263157894736842,38,0.05846153846153846,650,2.4473684210526314,15
overall,MIXED,15.4,MIDDLE,3340,ステルス ワード,38,20,18,0.5263157894736842,38,0.7037037037037037,54,6.0,15
overall,MIXED,16.1,UTILITY,3047,プレート スチールキャップ,38,20,18,0.5263157894736842,38,0.24836601307189543,153,2.526315789473684,15
overall,MIXED,16.14,ALL,6664,ホロウ レディアンス,38,20,18,0.5263157894736842,38,0.010919540229885057,3480,1.5263157894736843,15
overall,MIXED,16.18,JUNGLE,6699,ボルテイク サイクロソード,38,20,18,0.5263157894736842,38,0.1130952380952381,336,1.394736842105263,15
overall,MIXED,16.18,MIDDLE,3100,リッチ ベイン,38,20,18,0.5263157894736842,38,0.1130952380952381,336,2.6578947368421053,15
overall,MIXED,16.2,ALL,4633,リフトメーカー,38,20,18,0.5263157894736842,38,0.05352112676056338,710,2.289473684210526,15
overall,MIXED,16.10,UTILITY,1052,増魔の書,38,20,18,0.5263157894736842,38,0.17117117117117117,222,3.6315789473684212,15
overall,MIXED,16.4,ALL,6672,クラーケン スレイヤー,38,19,19,0.5,38,0.07169811320754717,530,2.236842105263158,15
overall,MIXED,16.12,ALL,1029,クロース アーマー,38,19,19,0.5,38,0.04269662921348315,890,3.6578947368421053,15
overall,MIXED,15.19,BOTTOM,6676,コレクター,38,19,19,0.5,38,0.16521739130434782,230,1.894736842105263,15
overall,MIXED,15.11,ALL,3871,ザズ＝ザクのレルムスパイク,38,19,19,0.5,38,0.07169811320754717,530,0.2631578947368421,15
overall,MIXED,15.11,UTILITY,3871,ザズ＝ザクのレルムスパイク,38,19,19,0.5,38,0.3584905660377358,106,0.2631578947368421,15
overall,MIXED,16.16,ALL,3748,タイタン ハイドラ,38,19,19,0.5,38,0.011411411411411412,3330,1.0263157894736843,15
overall,MIXED,15.4,ALL,1055,ドラン ブレード,38,19,19,0.5,38,0.14074074074074075,270,0.8421052631578947,15
overall,MIXED,15.11,MIDDLE,1056,ドラン リング,38,19,19,0.5,38,0.3584905660377358,106,0.7894736842105263,15
overall,MIXED,15.23,MIDDLE,1056,ドラン リング,38,19,19,0.5,38,0.3275862068965517,116,1.0789473684210527,15
overall,MIXED,15.7,MIDDLE,1056,ドラン リング,38,19,19,0.5,38,0.41304347826086957,92,1.1578947368421053,15
overall,MIXED,16.7,JUNGLE,3111,マーキュリー ブーツ,38,19,19,0.5,38,0.24675324675324675,154,1.7105263157894737,15
overall,MIXED,16.17,ALL,3083,ワーモグ アーマー,38,19,19,0.5,38,0.00753968253968254,5040,2.289473684210526,15
overall,MIXED,15.17,ALL,2003,体力ポーション,38,19,19,0.5,38,0.04691358024691358,810,1.3157894736842106,15
overall,MIXED,16.12,UTILITY,2031,詰め替えポーション,38,19,19,0.5,38,0.21348314606741572,178,1.4736842105263157,15
overall,MIXED,16.17,JUNGLE,2031,詰め替えポーション,38,19,19,0.5,38,0.037698412698412696,1008,1.4210526315789473,15
overall,MIXED,16.6,MIDDLE,2031,詰め替えポーション,38,19,19,0.5,38,0.25,152,1.4210526315789473,15
overall,MIXED,16.11,MIDDLE,2503,黒炎のトーチ,38,19,19,0.5,38,0.16101694915254236,236,1.6842105263157894,15
overall,MIXED,15.2,ALL,4645,シャドウフレイム,38,18,20,0.47368421052631576,38,0.08260869565217391,460,2.8157894736842106,15
overall,MIXED,15.16,ALL,3009,スイフトネス ブーツ,38,18,20,0.47368421052631576,38,0.07037037037037037,540,2.6842105263157894,15
overall,MIXED,16.2,MIDDLE,1056,ドラン リング,38,18,20,0.47368421052631576,38,0.2676056338028169,142,0.5526315789473685,15
overall,MIXED,16.4,ALL,2524,バンドルパイプ,38,18,20,0.47368421052631576,38,0.07169811320754717,530,2.473684210526316,15
overall,MIXED,16.15,JUNGLE,3006,バーサーカー ブーツ,38,18,20,0.47368421052631576,38,0.04600484261501211,826,1.7894736842105263,15
overall,MIXED,16.13,ALL,3108,フィンディッシュの古書,38,18,20,0.47368421052631576,38,0.011550151975683891,3290,3.9210526315789473,15
overall,MIXED,16.13,UTILITY,3118,マリグナンス,38,18,20,0.47368421052631576,38,0.0578386605783866,657,1.9473684210526316,15
overall,MIXED,16.8,ALL,3153,ルインドキング ブレード,38,18,20,0.47368421052631576,38,0.054285714285714284,700,1.394736842105263,15
overall,MIXED,16.16,ALL,3802,ロスト チャプター,38,18,20,0.47368421052631576,38,0.011411411411411412,3330,2.973684210526316,15
overall,MIXED,15.23,ALL,1052,増魔の書,38,18,20,0.47368421052631576,38,0.06551724137931035,580,3.4473684210526314,15
overall,MIXED,16.9,ALL,1029,クロース アーマー,38,17,21,0.4473684210526316,38,0.04810126582278481,790,3.8421052631578947,15
overall,MIXED,15.21,ALL,6676,コレクター,38,17,21,0.4473684210526316,38,0.06440677966101695,590,1.631578947368421,15
overall,MIXED,16.15,BOTTOM,1042,ダガー,38,17,21,0.4473684210526316,38,0.04600484261501211,826,3.236842105263158,15
overall,MIXED,15.9,BOTTOM,3006,バーサーカー ブーツ,38,17,21,0.4473684210526316,38,0.4418604651162791,86,2.4473684210526314,15
overall,MIXED,16.18,TOP,3071,ブラック クリーバー,38,17,21,0.4473684210526316,38,0.1130952380952381,336,2.1052631578947367,15
overall,MIXED,15.7,ALL,3153,ルインドキング ブレード,38,17,21,0.4473684210526316,38,0.08260869565217391,460,1.605263157894737,15
overall,MIXED,15.10,MIDDLE,6655,ルーデン エコー,38,17,21,0.4473684210526316,38,0.2753623188405797,138,1.9210526315789473,15
overall,MIXED,16.12,ALL,3876,至点のソリ,38,17,21,0.4473684210526316,38,0.04269662921348315,890,0.3157894736842105,15
overall,MIXED,16.12,UTILITY,3876,至点のソリ,38,17,21,0.4473684210526316,38,0.21348314606741572,178,0.3157894736842105,15
overall,MIXED,16.1,BOTTOM,6672,クラーケン スレイヤー,38,16,22,0.42105263157894735,38,0.24675324675324675,154,1.631578947368421,15
overall,MIXED,15.9,BOTTOM,3340,ステルス ワード,38,16,22,0.42105263157894735,38,0.4418604651162791,86,6.0,15
overall,MIXED,16.16,ALL,3134,セレイテッド ダーク,38,16,22,0.42105263157894735,38,0.011411411411411412,3330,2.6578947368421053,15
overall,MIXED,16.14,UTILITY,3075,ソーンメイル,38,16,22,0.42105263157894735,38,0.05459770114942529,696,2.8684210526315788,15
overall,MIXED,16.5,ALL,1054,ドラン シールド,38,16,22,0.42105263157894735,38,0.04691358024691358,810,0.5526315789473685,15
overall,MIXED,16.14,JUNGLE,6698,プロフェイン ハイドラ,38,16,22,0.42105263157894735,38,0.05459770114942529,696,1.0,15
overall,MIXED,16.13,JUNGLE,1028,ルビー クリスタル,38,16,22,0.42105263157894735,38,0.057750759878419454,658,3.710526315789474,15
overall,MIXED,15.13,ALL,2503,黒炎のトーチ,38,16,22,0.42105263157894735,38,0.03958333333333333,960,1.868421052631579,15
overall,MIXED,15.13,BOTTOM,3508,エッセンス リーバー,38,15,23,0.39473684210526316,38,0.19791666666666666,192,2.1052631578947367,15
overall,MIXED,16.16,BOTTOM,3086,ジール,38,15,23,0.39473684210526316,38,0.057057057057057055,666,2.710526315789474,15
overall,MIXED,15.14,JUNGLE,3340,ステルス ワード,38,15,23,0.39473684210526316,38,0.41304347826086957,92,6.0,15
overall,MIXED,16.15,UTILITY,3157,ゾーニャの砂時計,38,15,23,0.39473684210526316,38,0.04600484261501211,826,1.5,15
overall,MIXED,15.18,ALL,1054,ドラン シールド,38,15,23,0.39473684210526316,38,0.05846153846153846,650,0.8947368421052632,15
overall,MIXED,15.19,BOTTOM,1037,ピッケル,38,15,23,0.39473684210526316,38,0.16521739130434782,230,3.289473684210526,15
overall,MIXED,16.3,ALL,3145,ヘクステック オルタネーター,38,15,23,0.39473684210526316,38,0.04318181818181818,880,3.763157894736842,15
overall,MIXED,16.17,ALL,3143,ランデュイン オーメン,38,15,23,0.39473684210526316,38,0.00753968253968254,5040,1.605263157894737,15
overall,MIXED,15.19,MIDDLE,6655,ルーデン エコー,38,15,23,0.39473684210526316,38,0.16521739130434782,230,2.3157894736842106,15
overall,MIXED,16.15,ALL,6662,アイスボーン ガントレット,38,14,24,0.3684210526315789,38,0.009200968523002421,4130,1.894736842105263,15
overall,MIXED,15.8,JUNGLE,2055,コントロール ワード,38,14,24,0.3684210526315789,38,0.2923076923076923,130,1.7105263157894737,15
overall,MIXED,16.13,BOTTOM,6675,ナヴォリ フリッカーブレード,38,14,24,0.3684210526315789,38,0.057750759878419454,658,1.9473684210526316,15
overall,MIXED,15.11,TOP,3047,プレート スチールキャップ,38,14,24,0.3684210526315789,38,0.3584905660377358,106,2.526315789473684,15
overall,MIXED,15.21,TOP,3047,プレート スチールキャップ,38,14,24,0.3684210526315789,38,0.3220338983050847,118,2.3421052631578947,15
overall,MIXED,16.13,JUNGLE,3100,リッチ ベイン,38,14,24,0.3684210526315789,38,0.057750759878419454,658,1.894736842105263,15
overall,MIXED,16.18,TOP,3075,ソーンメイル,38,12,26,0.3157894736842105,38,0.1130952380952381,336,2.736842105263158,15
overall,MIXED,16.14,ALL,3802,ロスト チャプター,38,12,26,0.3157894736842105,38,0.010919540229885057,3480,2.8947368421052633,15
overall,MIXED,16.17,TOP,1011,ジャイアント ベルト,37,24,13,0.6486486486486487,37,0.03670634920634921,1008,3.7027027027027026,15
overall,MIXED,16.9,ALL,3118,マリグナンス,37,24,13,0.6486486486486487,37,0.04683544303797468,790,2.4864864864864864,15
overall,MIXED,16.5,UTILITY,3020,ソーサラー シューズ,37,23,14,0.6216216216216216,37,0.22839506172839505,162,2.324324324324324,15
overall,MIXED,16.14,ALL,3814,ナイト エッジ,37,23,14,0.6216216216216216,37,0.010632183908045977,3480,3.027027027027027,15
overall,MIXED,16.17,BOTTOM,1058,ムダニ デカイ ロッド,37,23,14,0.6216216216216216,37,0.03670634920634921,1008,2.972972972972973,15
overall,MIXED,16.17,UTILITY,2503,黒炎のトーチ,37,23,14,0.6216216216216216,37,0.03670634920634921,1008,1.9189189189189189,15
overall,MIXED,16.10,ALL,3026,ガーディアン エンジェル,37,22,15,0.5945945945945946,37,0.03333333333333333,1110,3.108108108108108,15
overall,MIXED,15.18,ALL,3871,ザズ＝ザクのレルムスパイク,37,22,15,0.5945945945945946,37,0.05692307692307692,650,0.4594594594594595,15
overall,MIXED,15.18,UTILITY,3871,ザズ＝ザクのレルムスパイク,37,22,15,0.5945945945945946,37,0.2846153846153846,130,0.4594594594594595,15
overall,MIXED,15.10,ALL,3157,ゾーニャの砂時計,37,22,15,0.5945945945945946,37,0.0536231884057971,690,1.3783783783783783,15
overall,MIXED,16.11,ALL,2021,トンネル掘り,37,22,15,0.5945945945945946,37,0.03135593220338983,1180,3.3513513513513513,15
overall,MIXED,16.12,ALL,3006,バーサーカー ブーツ,37,22,15,0.5945945945945946,37,0.04157303370786517,890,2.189189189189189,15
overall,MIXED,16.3,UTILITY,3047,プレート スチールキャップ,37,22,15,0.5945945945945946,37,0.21022727272727273,176,2.4054054054054053,15
overall,MIXED,16.10,UTILITY,6620,ヘリアの残響,37,22,15,0.5945945945945946,37,0.16666666666666666,222,2.189189189189189,15
overall,MIXED,16.11,TOP,3111,マーキュリー ブーツ,37,22,15,0.5945945945945946,37,0.15677966101694915,236,2.324324324324324,15
overall,MIXED,15.22,ALL,3175,連呪使いのブーツ,37,22,15,0.5945945945945946,37,0.05606060606060606,660,2.4864864864864864,15
overall,MIXED,16.6,ALL,1037,ピッケル,37,21,16,0.5675675675675675,37,0.04868421052631579,760,3.891891891891892,15
overall,MIXED,15.17,JUNGLE,3153,ルインドキング ブレード,37,21,16,0.5675675675675675,37,0.22839506172839505,162,1.6486486486486487,15
overall,MIXED,15.20,ALL,1028,ルビー クリスタル,37,21,16,0.5675675675675675,37,0.05606060606060606,660,4.108108108108108,15
overall,MIXED,16.13,TOP,3084,心の鋼,37,21,16,0.5675675675675675,37,0.05623100303951368,658,1.8108108108108107,15
overall,MIXED,16.1,ALL,3876,至点のソリ,37,21,16,0.5675675675675675,37,0.048051948051948054,770,0.16216216216216217,15
overall,MIXED,16.1,UTILITY,3876,至点のソリ,37,21,16,0.5675675675675675,37,0.24183006535947713,153,0.16216216216216217,15
overall,MIXED,16.4,ALL,3158,アイオニア ブーツ,37,20,17,0.5405405405405406,37,0.06981132075471698,530,2.4054054054054053,15
overall,MIXED,15.20,ALL,4645,シャドウフレイム,37,20,17,0.5405405405405406,37,0.05606060606060606,660,2.135135135135135,15
overall,MIXED,16.13,ALL,3086,ジール,37,20,17,0.5405405405405406,37,0.011246200607902736,3290,3.0,15
overall,MIXED,16.4,JUNGLE,3340,ステルス ワード,37,20,17,0.5405405405405406,37,0.3490566037735849,106,6.0,15
overall,MIXED,16.7,ALL,3869,セレスティアル オポジション,37,20,17,0.5405405405405406,37,0.048051948051948054,770,0.4594594594594595,15
overall,MIXED,16.7,UTILITY,3869,セレスティアル オポジション,37,20,17,0.5405405405405406,37,0.24025974025974026,154,0.4594594594594595,15
overall,MIXED,16.10,UTILITY,3020,ソーサラー シューズ,37,20,17,0.5405405405405406,37,0.16666666666666666,222,2.6216216216216215,15
overall,MIXED,16.1,ALL,3036,ドミニク リガード,37,20,17,0.5405405405405406,37,0.048051948051948054,770,2.4594594594594597,15
overall,MIXED,14.19,BOTTOM,3006,バーサーカー ブーツ,37,20,17,0.5405405405405406,37,0.44047619047619047,84,2.4594594594594597,15
overall,MIXED,16.18,BOTTOM,1037,ピッケル,37,20,17,0.5405405405405406,37,0.11011904761904762,336,3.324324324324324,15
overall,MIXED,16.15,ALL,4630,枯死の宝石,37,20,17,0.5405405405405406,37,0.008958837772397095,4130,3.27027027027027,15
overall,MIXED,16.16,ALL,3174,装甲強化の進撃,37,20,17,0.5405405405405406,37,0.011111111111111112,3330,2.72972972972973,15
overall,MIXED,16.16,MIDDLE,3174,装甲強化の進撃,37,20,17,0.5405405405405406,37,0.05555555555555555,666,2.72972972972973,15
overall,MIXED,15.19,ALL,3508,エッセンス リーバー,37,19,18,0.5135135135135135,37,0.03217391304347826,1150,2.189189189189189,15
overall,MIXED,16.14,TOP,1011,ジャイアント ベルト,37,19,18,0.5135135135135135,37,0.05316091954022988,696,3.4054054054054053,15
overall,MIXED,16.5,JUNGLE,3340,ステルス ワード,37,19,18,0.5135135135135135,37,0.22839506172839505,162,6.0,15
overall,MIXED,15.8,ALL,3075,ソーンメイル,37,19,18,0.5135135135135135,37,0.05692307692307692,650,2.5675675675675675,15
overall,MIXED,16.13,UTILITY,3157,ゾーニャの砂時計,37,19,18,0.5135135135135135,37,0.0563165905631659,657,1.6486486486486487,15
overall,MIXED,16.17,JUNGLE,2021,トンネル掘り,37,19,18,0.5135135135135135,37,0.03670634920634921,1008,2.945945945945946,15
overall,MIXED,15.3,BOTTOM,3363,ファーサイト オルタレーション,37,19,18,0.5135135135135135,37,0.45121951219512196,82,6.0,15
overall,MIXED,16.13,ALL,2512,フィーンドハンターの矢,37,19,18,0.5135135135135135,37,0.011246200607902736,3290,2.2432432432432434,15
overall,MIXED,15.3,ALL,3111,マーキュリー ブーツ,37,19,18,0.5135135135135135,37,0.09024390243902439,410,2.5135135135135136,15
overall,MIXED,15.23,ALL,1058,ムダニ デカイ ロッド,37,19,18,0.5135135135135135,37,0.06379310344827586,580,2.2972972972972974,15
overall,MIXED,16.14,BOTTOM,1058,ムダニ デカイ ロッド,37,19,18,0.5135135135135135,37,0.05316091954022988,696,3.2432432432432434,15
overall,MIXED,15.21,ALL,1028,ルビー クリスタル,37,19,18,0.5135135135135135,37,0.06271186440677966,590,3.7027027027027026,15
overall,MIXED,16.15,UTILITY,2503,黒炎のトーチ,37,19,18,0.5135135135135135,37,0.044794188861985475,826,2.054054054054054,15
overall,MIXED,16.15,UTILITY,3179,アンブラル グレイブ,37,18,19,0.4864864864864865,37,0.044794188861985475,826,1.864864864864865,15
overall,MIXED,16.9,BOTTOM,6676,コレクター,37,18,19,0.4864864864864865,37,0.23417721518987342,158,1.8918918918918919,15
overall,MIXED,16.13,ALL,3068,サンファイア イージス,37,18,19,0.4864864864864865,37,0.011246200607902736,3290,1.972972972972973,15
overall,MIXED,15.15,ALL,4645,シャドウフレイム,37,18,19,0.4864864864864865,37,0.09024390243902439,410,2.5405405405405403,15
overall,MIXED,16.8,MIDDLE,4645,シャドウフレイム,37,18,19,0.4864864864864865,37,0.2642857142857143,140,2.6216216216216215,15
overall,MIXED,15.16,MIDDLE,3020,ソーサラー シューズ,37,18,19,0.4864864864864865,37,0.3425925925925926,108,3.189189189189189,15
overall,MIXED,16.7,ALL,3075,ソーンメイル,37,18,19,0.4864864864864865,37,0.048051948051948054,770,2.5945945945945947,15
overall,MIXED,15.16,ALL,3157,ゾーニャの砂時計,37,18,19,0.4864864864864865,37,0.06851851851851852,540,1.3243243243243243,15
overall,MIXED,15.15,ALL,6653,ライアンドリーの仮面,37,18,19,0.4864864864864865,37,0.09024390243902439,410,2.135135135135135,15
overall,MIXED,16.12,TOP,2031,詰め替えポーション,37,18,19,0.4864864864864865,37,0.20786516853932585,178,1.3513513513513513,15
overall,MIXED,16.6,ALL,2510,黄昏と暁,37,18,19,0.4864864864864865,37,0.04868421052631579,760,1.3513513513513513,15
overall,MIXED,16.12,UTILITY,3158,アイオニア ブーツ,37,17,20,0.4594594594594595,37,0.20786516853932585,178,2.6216216216216215,15
overall,MIXED,16.14,JUNGLE,3133,コールフィールド ウォーハンマー,37,17,20,0.4594594594594595,37,0.05316091954022988,696,3.5675675675675675,15
overall,MIXED,16.11,ALL,2019,スチール シジル,37,17,20,0.4594594594594595,37,0.03135593220338983,1180,3.7837837837837838,15
overall,MIXED,15.13,ALL,4646,ストームサージ,37,17,20,0.4594594594594595,37,0.03854166666666667,960,2.135135135135135,15
overall,MIXED,16.3,MIDDLE,3363,ファーサイト オルタレーション,37,17,20,0.4594594594594595,37,0.21022727272727273,176,6.0,15
overall,MIXED,15.18,ALL,3071,ブラック クリーバー,37,17,20,0.4594594594594595,37,0.05692307692307692,650,1.837837837837838,15
overall,MIXED,16.4,ALL,6655,ルーデン エコー,37,17,20,0.4594594594594595,37,0.06981132075471698,530,1.6486486486486487,15
overall,MIXED,16.16,BOTTOM,1052,増魔の書,37,17,20,0.4594594594594595,37,0.05555555555555555,666,3.3513513513513513,15
overall,MIXED,15.24,BOTTOM,3142,妖夢の霊剣,37,17,20,0.4594594594594595,37,0.10850439882697947,341,1.3243243243243243,15
overall,MIXED,16.18,ALL,1011,ジャイアント ベルト,37,16,21,0.43243243243243246,37,0.022023809523809525,1680,3.4324324324324325,15
overall,MIXED,16.17,ALL,3095,ストームレイザー,37,16,21,0.43243243243243246,37,0.007341269841269841,5040,1.7297297297297298,15
overall,MIXED,15.12,ALL,3869,セレスティアル オポジション,37,16,21,0.43243243243243246,37,0.07254901960784314,510,0.21621621621621623,15
overall,MIXED,15.12,UTILITY,3869,セレスティアル オポジション,37,16,21,0.43243243243243246,37,0.3627450980392157,102,0.21621621621621623,15
overall,MIXED,15.17,TOP,1054,ドラン シールド,37,16,21,0.43243243243243246,37,0.22839506172839505,162,0.6756756756756757,15
overall,MIXED,16.18,ALL,3870,ドリーム メーカー,37,16,21,0.43243243243243246,37,0.022023809523809525,1680,0.1891891891891892,15
overall,MIXED,16.18,UTILITY,3870,ドリーム メーカー,37,16,21,0.43243243243243246,37,0.11011904761904762,336,0.1891891891891892,15
overall,MIXED,14.24,ALL,3006,バーサーカー ブーツ,37,16,21,0.43243243243243246,37,0.148,250,2.4324324324324325,15
overall,MIXED,16.13,ALL,1053,ヴァンパイア セプター,37,16,21,0.43243243243243246,37,0.011246200607902736,3290,3.6216216216216215,15
overall,MIXED,15.19,MIDDLE,1052,増魔の書,37,16,21,0.43243243243243246,37,0.1608695652173913,230,3.6486486486486487,15
overall,MIXED,16.3,BOTTOM,2031,詰め替えポーション,37,16,21,0.43243243243243246,37,0.21022727272727273,176,1.162162162162162,15
overall,MIXED,16.7,JUNGLE,2055,コントロール ワード,37,15,22,0.40540540540540543,37,0.24025974025974026,154,2.135135135135135,15
overall,MIXED,15.11,MIDDLE,4645,シャドウフレイム,37,15,22,0.40540540540540543,37,0.3490566037735849,106,2.189189189189189,15
overall,MIXED,15.15,BOTTOM,3340,ステルス ワード,37,15,22,0.40540540540540543,37,0.45121951219512196,82,6.0,15
overall,MIXED,16.18,ALL,3302,テルミヌス,37,15,22,0.40540540540540543,37,0.022023809523809525,1680,3.054054054054054,15
overall,MIXED,16.14,TOP,1086,ドラン ボウ,37,15,22,0.40540540540540543,37,0.05316091954022988,696,1.027027027027027,15
overall,MIXED,15.16,BOTTOM,3006,バーサーカー ブーツ,37,15,22,0.40540540540540543,37,0.34579439252336447,107,2.918918918918919,15
overall,MIXED,16.17,ALL,6664,ホロウ レディアンス,37,15,22,0.40540540540540543,37,0.007341269841269841,5040,2.054054054054054,15
overall,MIXED,16.9,MIDDLE,6655,ルーデン エコー,37,15,22,0.40540540540540543,37,0.23417721518987342,158,1.8918918918918919,15
overall,MIXED,16.15,ALL,2508,運命の灰,37,15,22,0.40540540540540543,37,0.008958837772397095,4130,3.2972972972972974,15
overall,MIXED,16.1,ALL,3508,エッセンス リーバー,37,14,23,0.3783783783783784,37,0.048051948051948054,770,1.7027027027027026,15
overall,MIXED,16.8,JUNGLE,2055,コントロール ワード,37,14,23,0.3783783783783784,37,0.2642857142857143,140,1.6756756756756757,15
overall,MIXED,15.17,ALL,6610,サンダード スカイ,37,14,23,0.3783783783783784,37,0.04567901234567901,810,2.0,15
overall,MIXED,15.21,MIDDLE,3020,ソーサラー シューズ,37,14,23,0.3783783783783784,37,0.3135593220338983,118,2.7837837837837838,15
overall,MIXED,15.22,ALL,1036,ロング ソード,37,13,24,0.35135135135135137,37,0.05606060606060606,660,3.7567567567567566,15
overall,MIXED,15.10,ALL,1052,増魔の書,37,13,24,0.35135135135135137,37,0.0536231884057971,690,3.675675675675676,15
overall,MIXED,15.20,ALL,3067,キンドルジェム,37,12,25,0.32432432432432434,37,0.05606060606060606,660,3.675675675675676,15
overall,MIXED,16.17,ALL,3057,シーン,37,12,25,0.32432432432432434,37,0.007341269841269841,5040,2.810810810810811,15
overall,MIXED,16.17,TOP,3123,エクスキューショナー コーリング,37,11,26,0.2972972972972973,37,0.03670634920634921,1008,2.675675675675676,15
overall,MIXED,16.13,ALL,1043,リカーブ ボウ,37,10,27,0.2702702702702703,37,0.011246200607902736,3290,3.108108108108108,15
overall,MIXED,15.24,BOTTOM,3172,ガンメタル ブーツ,36,25,11,0.6944444444444444,36,0.10557184750733138,341,1.9166666666666667,15
overall,MIXED,16.17,TOP,3046,ファントム ダンサー,36,25,11,0.6944444444444444,36,0.03571428571428571,1008,2.75,15
overall,MIXED,16.16,ALL,4628,ホライゾン フォーカス,36,25,11,0.6944444444444444,36,0.010810810810810811,3330,2.388888888888889,15
overall,MIXED,15.2,ALL,3118,マリグナンス,36,25,11,0.6944444444444444,36,0.0782608695652174,460,1.8055555555555556,15
overall,MIXED,16.15,ALL,3042,ムラマナ,36,25,11,0.6944444444444444,36,0.008716707021791767,4130,1.3055555555555556,15
overall,MIXED,14.22,ALL,6653,ライアンドリーの仮面,36,25,11,0.6944444444444444,36,0.12413793103448276,290,2.388888888888889,15
overall,MIXED,15.20,ALL,3116,リーライ クリスタル セプター,36,25,11,0.6944444444444444,36,0.05454545454545454,660,2.4166666666666665,15
overall,MIXED,15.19,JUNGLE,3153,ルインドキング ブレード,36,25,11,0.6944444444444444,36,0.15584415584415584,231,1.0555555555555556,15
overall,MIXED,16.11,ALL,3026,ガーディアン エンジェル,36,24,12,0.6666666666666666,36,0.030508474576271188,1180,3.0833333333333335,15
overall,MIXED,15.18,ALL,3175,連呪使いのブーツ,36,24,12,0.6666666666666666,36,0.055384615384615386,650,2.361111111111111,15
overall,MIXED,16.16,ALL,3008,グラトナス ブーツ,36,23,13,0.6388888888888888,36,0.010810810810810811,3330,2.25,15
overall,MIXED,16.2,JUNGLE,2055,コントロール ワード,36,23,13,0.6388888888888888,36,0.2535211267605634,142,2.3333333333333335,15
overall,MIXED,16.6,ALL,3161,ショウジンの矛,36,23,13,0.6388888888888888,36,0.04736842105263158,760,2.5277777777777777,15
overall,MIXED,16.13,MIDDLE,2420,シーカー アームガード,36,23,13,0.6388888888888888,36,0.0547112462006079,658,1.5833333333333333,15
overall,MIXED,16.16,ALL,6698,プロフェイン ハイドラ,36,23,13,0.6388888888888888,36,0.010810810810810811,3330,1.1944444444444444,15
overall,MIXED,16.13,ALL,4628,ホライゾン フォーカス,36,23,13,0.6388888888888888,36,0.01094224924012158,3290,2.638888888888889,15
overall,MIXED,16.14,UTILITY,3118,マリグナンス,36,23,13,0.6388888888888888,36,0.05172413793103448,696,2.388888888888889,15
overall,MIXED,16.14,BOTTOM,3035,ラスト ウィスパー,36,23,13,0.6388888888888888,36,0.05172413793103448,696,3.6944444444444446,15
overall,MIXED,16.17,ALL,2501,覇王のブラッドメイル,36,23,13,0.6388888888888888,36,0.007142857142857143,5040,2.5,15
overall,MIXED,15.24,TOP,3075,ソーンメイル,36,22,14,0.6111111111111112,36,0.10526315789473684,342,2.3333333333333335,15
overall,MIXED,15.24,ALL,3072,ブラッドサースター,36,22,14,0.6111111111111112,36,0.021052631578947368,1710,1.75,15
overall,MIXED,16.15,UTILITY,3118,マリグナンス,36,22,14,0.6111111111111112,36,0.043583535108958835,826,2.4722222222222223,15
overall,MIXED,16.8,ALL,1058,ムダニ デカイ ロッド,36,22,14,0.6111111111111112,36,0.05142857142857143,700,2.611111111111111,15
overall,MIXED,16.10,ALL,3089,ラバドン デスキャップ,36,22,14,0.6111111111111112,36,0.032432432432432434,1110,2.888888888888889,15
overall,MIXED,16.15,ALL,3085,ルナーン ハリケーン,36,22,14,0.6111111111111112,36,0.008716707021791767,4130,2.7222222222222223,15
overall,MIXED,16.4,ALL,3871,ザズ＝ザクのレルムスパイク,36,21,15,0.5833333333333334,36,0.06792452830188679,530,0.4444444444444444,15
overall,MIXED,16.4,UTILITY,3871,ザズ＝ザクのレルムスパイク,36,21,15,0.5833333333333334,36,0.33962264150943394,106,0.4444444444444444,15
overall,MIXED,16.14,TOP,3020,ソーサラー シューズ,36,21,15,0.5833333333333334,36,0.05172413793103448,696,2.5833333333333335,15
overall,MIXED,15.22,ALL,3157,ゾーニャの砂時計,36,21,15,0.5833333333333334,36,0.05454545454545454,660,1.2777777777777777,15
overall,MIXED,15.10,ALL,1054,ドラン シールド,36,21,15,0.5833333333333334,36,0.05217391304347826,690,0.7222222222222222,15
overall,MIXED,15.20,ALL,3071,ブラック クリーバー,36,21,15,0.5833333333333334,36,0.05454545454545454,660,2.2222222222222223,15
overall,MIXED,16.10,ALL,3118,マリグナンス,36,21,15,0.5833333333333334,36,0.032432432432432434,1110,2.2777777777777777,15
overall,MIXED,16.12,JUNGLE,3111,マーキュリー ブーツ,36,21,15,0.5833333333333334,36,0.20224719101123595,178,1.8333333333333333,15
overall,MIXED,15.21,ALL,3107,リデンプション,36,21,15,0.5833333333333334,36,0.061016949152542375,590,1.6388888888888888,15
overall,MIXED,15.21,UTILITY,3107,リデンプション,36,21,15,0.5833333333333334,36,0.3050847457627119,118,1.6388888888888888,15
overall,MIXED,16.18,ALL,2003,体力ポーション,36,21,15,0.5833333333333334,36,0.02142857142857143,1680,1.4166666666666667,15
overall,MIXED,16.16,ALL,2422,ちょっとだけ魔法がかった靴,36,20,16,0.5555555555555556,36,0.010810810810810811,3330,3.7222222222222223,15
overall,MIXED,16.13,TOP,3364,オラクル レンズ,36,20,16,0.5555555555555556,36,0.0547112462006079,658,6.0,15
overall,MIXED,16.14,MIDDLE,2420,シーカー アームガード,36,20,16,0.5555555555555556,36,0.05172413793103448,696,1.6944444444444444,15
overall,MIXED,15.19,ALL,6631,ストライドブレイカー,36,20,16,0.5555555555555556,36,0.03130434782608696,1150,1.2777777777777777,15
overall,MIXED,15.24,ALL,1042,ダガー,36,20,16,0.5555555555555556,36,0.021052631578947368,1710,3.8055555555555554,15
overall,MIXED,16.11,TOP,1054,ドラン シールド,36,20,16,0.5555555555555556,36,0.15254237288135594,236,0.6388888888888888,15
overall,MIXED,15.19,ALL,6675,ナヴォリ フリッカーブレード,36,20,16,0.5555555555555556,36,0.03130434782608696,1150,2.3333333333333335,15
overall,MIXED,16.15,JUNGLE,3044,ファージ,36,20,16,0.5555555555555556,36,0.043583535108958835,826,2.5833333333333335,15
overall,MIXED,16.11,ALL,3152,ヘクステック ロケットベルト,36,20,16,0.5555555555555556,36,0.030508474576271188,1180,0.9166666666666666,15
overall,MIXED,16.6,ALL,3118,マリグナンス,36,20,16,0.5555555555555556,36,0.04736842105263158,760,2.0277777777777777,15
overall,MIXED,14.22,ALL,3111,マーキュリー ブーツ,36,20,16,0.5555555555555556,36,0.12413793103448276,290,2.5277777777777777,15
overall,MIXED,15.24,ALL,2502,終わりなき絶望,36,20,16,0.5555555555555556,36,0.021052631578947368,1710,2.2777777777777777,15
overall,MIXED,15.16,ALL,6672,クラーケン スレイヤー,36,19,17,0.5277777777777778,36,0.06666666666666667,540,1.75,15
overall,MIXED,16.9,ALL,6610,サンダード スカイ,36,19,17,0.5277777777777778,36,0.04556962025316456,790,1.5277777777777777,15
overall,MIXED,16.10,ALL,3046,ファントム ダンサー,36,19,17,0.5277777777777778,36,0.032432432432432434,1110,2.0833333333333335,15
overall,MIXED,16.18,ALL,3110,フローズン ハート,36,19,17,0.5277777777777778,36,0.02142857142857143,1680,2.75,15
overall,MIXED,15.11,ALL,3153,ルインドキング ブレード,36,19,17,0.5277777777777778,36,0.06792452830188679,530,2.0,15
overall,MIXED,16.14,ALL,3179,アンブラル グレイブ,36,18,18,0.5,36,0.010344827586206896,3480,1.7777777777777777,15
overall,MIXED,15.2,ALL,3031,インフィニティ エッジ,36,18,18,0.5,36,0.0782608695652174,460,2.361111111111111,15
overall,MIXED,15.22,ALL,6610,サンダード スカイ,36,18,18,0.5,36,0.05454545454545454,660,1.4166666666666667,15
overall,MIXED,15.16,MIDDLE,4645,シャドウフレイム,36,18,18,0.5,36,0.3333333333333333,108,2.638888888888889,15
overall,MIXED,16.10,ALL,6333,デス ダンス,36,18,18,0.5,36,0.032432432432432434,1110,2.861111111111111,15
overall,MIXED,15.7,ALL,3078,トリニティ フォース,36,18,18,0.5,36,0.0782608695652174,460,2.138888888888889,15
overall,MIXED,14.20,ALL,3363,ファーサイト オルタレーション,36,18,18,0.5,36,0.0782608695652174,460,6.0,15
overall,MIXED,16.17,JUNGLE,1001,ブーツ,36,18,18,0.5,36,0.03571428571428571,1008,2.5,15
overall,MIXED,15.12,ALL,1036,ロング ソード,36,18,18,0.5,36,0.07058823529411765,510,3.7222222222222223,15
overall,MIXED,16.13,ALL,2530,旋律のダイアデム,36,18,18,0.5,36,0.01094224924012158,3290,1.8055555555555556,15
overall,MIXED,16.13,UTILITY,2530,旋律のダイアデム,36,18,18,0.5,36,0.0547945205479452,657,1.8055555555555556,15
overall,MIXED,16.11,UTILITY,3009,スイフトネス ブーツ,36,17,19,0.4722222222222222,36,0.15254237288135594,236,1.9722222222222223,15
overall,MIXED,16.16,MIDDLE,1055,ドラン ブレード,36,17,19,0.4722222222222222,36,0.05405405405405406,666,1.1666666666666667,15
overall,MIXED,15.3,MIDDLE,1056,ドラン リング,36,17,19,0.4722222222222222,36,0.43902439024390244,82,2.0277777777777777,15
overall,MIXED,16.13,JUNGLE,6697,ヒュブリス,36,17,19,0.4722222222222222,36,0.0547112462006079,658,1.5833333333333333,15
overall,MIXED,16.14,JUNGLE,6697,ヒュブリス,36,17,19,0.4722222222222222,36,0.05172413793103448,696,1.5,15
overall,MIXED,15.2,ALL,1001,ブーツ,36,17,19,0.4722222222222222,36,0.0782608695652174,460,2.6944444444444446,15
overall,MIXED,16.15,ALL,6698,プロフェイン ハイドラ,36,17,19,0.4722222222222222,36,0.008716707021791767,4130,1.3333333333333333,15
overall,MIXED,15.13,ALL,3116,リーライ クリスタル セプター,36,17,19,0.4722222222222222,36,0.0375,960,2.4722222222222223,15
overall,MIXED,16.18,TOP,3153,ルインドキング ブレード,36,17,19,0.4722222222222222,36,0.10714285714285714,336,1.4722222222222223,15
overall,MIXED,15.19,BOTTOM,1038,B. F. ソード,36,16,20,0.4444444444444444,36,0.1565217391304348,230,2.5833333333333335,15
overall,MIXED,16.16,JUNGLE,1029,クロース アーマー,36,16,20,0.4444444444444444,36,0.05405405405405406,666,3.5555555555555554,15
overall,MIXED,16.9,ALL,3009,スイフトネス ブーツ,36,16,20,0.4444444444444444,36,0.04556962025316456,790,2.388888888888889,15
overall,MIXED,16.17,ALL,3156,マルモティウスの胃袋,36,16,20,0.4444444444444444,36,0.007142857142857143,5040,2.861111111111111,15
overall,MIXED,15.10,ALL,1036,ロング ソード,36,16,20,0.4444444444444444,36,0.05217391304347826,690,4.194444444444445,15
overall,MIXED,16.17,JUNGLE,1052,増魔の書,36,16,20,0.4444444444444444,36,0.03571428571428571,1008,3.6666666666666665,15
overall,MIXED,15.18,ALL,3067,キンドルジェム,36,15,21,0.4166666666666667,36,0.055384615384615386,650,3.3333333333333335,15
overall,MIXED,16.13,JUNGLE,3133,コールフィールド ウォーハンマー,36,15,21,0.4166666666666667,36,0.0547112462006079,658,3.5555555555555554,15
overall,MIXED,16.1,JUNGLE,3020,ソーサラー シューズ,36,15,21,0.4166666666666667,36,0.23376623376623376,154,2.3055555555555554,15
overall,MIXED,15.8,ALL,3078,トリニティ フォース,36,15,21,0.4166666666666667,36,0.055384615384615386,650,1.6388888888888888,15
overall,MIXED,16.8,MIDDLE,2031,詰め替えポーション,36,15,21,0.4166666666666667,36,0.2571428571428571,140,1.4444444444444444,15
overall,MIXED,16.10,ALL,2022,輝きのモート,36,15,21,0.4166666666666667,36,0.032432432432432434,1110,3.8055555555555554,15
overall,MIXED,16.16,TOP,1029,クロース アーマー,36,14,22,0.3888888888888889,36,0.05405405405405406,666,3.6666666666666665,15
overall,MIXED,15.9,ALL,6676,コレクター,36,14,22,0.3888888888888889,36,0.08372093023255814,430,1.6944444444444444,15
overall,MIXED,16.15,JUNGLE,3133,コールフィールド ウォーハンマー,36,14,22,0.3888888888888889,36,0.043583535108958835,826,3.2777777777777777,15
overall,MIXED,14.21,ALL,3006,バーサーカー ブーツ,36,14,22,0.3888888888888889,36,0.12857142857142856,280,2.4722222222222223,15
overall,MIXED,16.17,BOTTOM,3042,ムラマナ,36,14,22,0.3888888888888889,36,0.03571428571428571,1008,1.9722222222222223,15
overall,MIXED,16.4,ALL,1036,ロング ソード,36,14,22,0.3888888888888889,36,0.06792452830188679,530,3.5555555555555554,15
overall,MIXED,15.19,UTILITY,3067,キンドルジェム,36,13,23,0.3611111111111111,36,0.1565217391304348,230,3.6666666666666665,15
overall,MIXED,16.18,MIDDLE,2055,コントロール ワード,36,13,23,0.3611111111111111,36,0.10714285714285714,336,2.4166666666666665,15
overall,MIXED,16.14,ALL,2512,フィーンドハンターの矢,36,13,23,0.3611111111111111,36,0.010344827586206896,3480,2.361111111111111,15
overall,MIXED,16.8,ALL,2503,黒炎のトーチ,36,13,23,0.3611111111111111,36,0.05142857142857143,700,2.0277777777777777,15
overall,MIXED,15.19,ALL,1018,アジリティ クローク,36,12,24,0.3333333333333333,36,0.03130434782608696,1150,3.7222222222222223,15
overall,MIXED,15.13,ALL,1029,クロース アーマー,36,12,24,0.3333333333333333,36,0.0375,960,3.638888888888889,15
overall,MIXED,16.15,JUNGLE,2031,詰め替えポーション,36,12,24,0.3333333333333333,36,0.043583535108958835,826,1.2222222222222223,15
overall,MIXED,15.13,ALL,1001,ブーツ,36,7,29,0.19444444444444445,36,0.0375,960,2.5555555555555554,15
overall,MIXED,15.24,TOP,3116,リーライ クリスタル セプター,35,24,11,0.6857142857142857,35,0.1023391812865497,342,2.3142857142857145,15
overall,MIXED,15.18,ALL,3172,ガンメタル ブーツ,35,23,12,0.6571428571428571,35,0.05384615384615385,650,2.4571428571428573,15
overall,MIXED,16.13,BOTTOM,3026,ガーディアン エンジェル,35,23,12,0.6571428571428571,35,0.05319148936170213,658,3.1142857142857143,15
overall,MIXED,15.16,ALL,3075,ソーンメイル,35,23,12,0.6571428571428571,35,0.06481481481481481,540,2.9714285714285715,15
overall,MIXED,15.23,ALL,3078,トリニティ フォース,35,23,12,0.6571428571428571,35,0.0603448275862069,580,1.7428571428571429,15
overall,MIXED,15.12,ALL,6655,ルーデン エコー,35,23,12,0.6571428571428571,35,0.06862745098039216,510,2.142857142857143,15
overall,MIXED,16.15,ALL,3083,ワーモグ アーマー,35,23,12,0.6571428571428571,35,0.00847457627118644,4130,1.8285714285714285,15
overall,MIXED,16.14,UTILITY,2503,黒炎のトーチ,35,23,12,0.6571428571428571,35,0.05028735632183908,696,2.2285714285714286,15
overall,MIXED,16.15,BOTTOM,3026,ガーディアン エンジェル,35,22,13,0.6285714285714286,35,0.0423728813559322,826,2.857142857142857,15
overall,MIXED,15.24,ALL,1011,ジャイアント ベルト,35,22,13,0.6285714285714286,35,0.02046783625730994,1710,3.142857142857143,15
overall,MIXED,16.18,ALL,3035,ラスト ウィスパー,35,22,13,0.6285714285714286,35,0.020833333333333332,1680,3.4285714285714284,15
overall,MIXED,16.6,ALL,3089,ラバドン デスキャップ,35,22,13,0.6285714285714286,35,0.046052631578947366,760,2.342857142857143,15
overall,MIXED,15.23,ALL,3153,ルインドキング ブレード,35,22,13,0.6285714285714286,35,0.0603448275862069,580,2.1714285714285713,15
overall,MIXED,16.3,UTILITY,2031,詰め替えポーション,35,22,13,0.6285714285714286,35,0.19886363636363635,176,1.3714285714285714,15
overall,MIXED,16.15,TOP,2510,黄昏と暁,35,22,13,0.6285714285714286,35,0.0423728813559322,826,2.1714285714285713,15
overall,MIXED,16.13,TOP,3065,スピリット ビサージュ,35,21,14,0.6,35,0.05319148936170213,658,3.257142857142857,15
overall,MIXED,16.6,ALL,3036,ドミニク リガード,35,21,14,0.6,35,0.046052631578947366,760,2.8857142857142857,15
overall,MIXED,16.9,ALL,1086,ドラン ボウ,35,21,14,0.6,35,0.04430379746835443,790,0.5714285714285714,15
overall,MIXED,16.15,UTILITY,1033,ヌルマジック マント,35,21,14,0.6,35,0.0423728813559322,826,3.914285714285714,15
overall,MIXED,16.13,ALL,3146,ヘクステック ガンブレード,35,21,14,0.6,35,0.010638297872340425,3290,1.1428571428571428,15
overall,MIXED,15.13,TOP,3111,マーキュリー ブーツ,35,21,14,0.6,35,0.18229166666666666,192,2.5428571428571427,15
overall,MIXED,16.2,TOP,3111,マーキュリー ブーツ,35,21,14,0.6,35,0.24647887323943662,142,2.5142857142857142,15
overall,MIXED,16.10,MIDDLE,3157,ゾーニャの砂時計,35,20,15,0.5714285714285714,35,0.15765765765765766,222,1.1714285714285715,15
overall,MIXED,16.11,ALL,6333,デス ダンス,35,20,15,0.5714285714285714,35,0.029661016949152543,1180,2.914285714285714,15
overall,MIXED,16.13,BOTTOM,1120,ドラン ヘルム,35,20,15,0.5714285714285714,35,0.05319148936170213,658,0.22857142857142856,15
overall,MIXED,16.16,TOP,3110,フローズン ハート,35,20,15,0.5714285714285714,35,0.052552552552552555,666,2.657142857142857,15
overall,MIXED,16.17,ALL,2525,プロトプラズム ハーネス,35,20,15,0.5714285714285714,35,0.006944444444444444,5040,2.9714285714285715,15
overall,MIXED,16.17,JUNGLE,1058,ムダニ デカイ ロッド,35,20,15,0.5714285714285714,35,0.034722222222222224,1008,3.3714285714285714,15
overall,MIXED,16.13,MIDDLE,3116,リーライ クリスタル セプター,35,20,15,0.5714285714285714,35,0.05319148936170213,658,3.085714285714286,15
overall,MIXED,16.15,UTILITY,3084,心の鋼,35,20,15,0.5714285714285714,35,0.0423728813559322,826,1.4,15
overall,MIXED,16.17,ALL,4630,枯死の宝石,35,20,15,0.5714285714285714,35,0.006944444444444444,5040,3.5714285714285716,15
overall,MIXED,15.18,ALL,2503,黒炎のトーチ,35,20,15,0.5714285714285714,35,0.05384615384615385,650,2.0285714285714285,15
overall,MIXED,15.19,BOTTOM,3508,エッセンス リーバー,35,19,16,0.5428571428571428,35,0.15217391304347827,230,2.2285714285714286,15
overall,MIXED,15.8,ALL,3067,キンドルジェム,35,19,16,0.5428571428571428,35,0.05384615384615385,650,3.4571428571428573,15
overall,MIXED,16.17,BOTTOM,2019,スチール シジル,35,19,16,0.5428571428571428,35,0.034722222222222224,1008,3.8,15
overall,MIXED,15.14,ALL,3190,ソラリのロケット,35,19,16,0.5428571428571428,35,0.07608695652173914,460,1.457142857142857,15
overall,MIXED,15.14,UTILITY,3190,ソラリのロケット,35,19,16,0.5428571428571428,35,0.3804347826086957,92,1.457142857142857,15
overall,MIXED,16.16,TOP,3020,ソーサラー シューズ,35,19,16,0.5428571428571428,35,0.052552552552552555,666,2.857142857142857,15
overall,MIXED,16.14,BOTTOM,3157,ゾーニャの砂時計,35,19,16,0.5428571428571428,35,0.05028735632183908,696,1.2,15
overall,MIXED,15.19,BOTTOM,3046,ファントム ダンサー,35,19,16,0.5428571428571428,35,0.15217391304347827,230,2.6,15
overall,MIXED,15.7,ALL,3071,ブラック クリーバー,35,19,16,0.5428571428571428,35,0.07608695652173914,460,2.0285714285714285,15
overall,MIXED,16.2,UTILITY,3047,プレート スチールキャップ,35,19,16,0.5428571428571428,35,0.24647887323943662,142,2.142857142857143,15
overall,MIXED,16.11,ALL,3145,ヘクステック オルタネーター,35,19,16,0.5428571428571428,35,0.029661016949152543,1180,3.257142857142857,15
overall,MIXED,16.2,ALL,3089,ラバドン デスキャップ,35,19,16,0.5428571428571428,35,0.04929577464788732,710,2.8857142857142857,15
overall,MIXED,16.1,ALL,3153,ルインドキング ブレード,35,19,16,0.5428571428571428,35,0.045454545454545456,770,1.9142857142857144,15
overall,MIXED,15.2,BOTTOM,6676,コレクター,35,18,17,0.5142857142857142,35,0.3804347826086957,92,2.142857142857143,15
overall,MIXED,16.10,ALL,4646,ストームサージ,35,18,17,0.5142857142857142,35,0.03153153153153153,1110,2.8,15
overall,MIXED,14.20,ALL,3078,トリニティ フォース,35,18,17,0.5142857142857142,35,0.07608695652173914,460,1.6285714285714286,15
overall,MIXED,15.21,MIDDLE,1056,ドラン リング,35,18,17,0.5142857142857142,35,0.2966101694915254,118,0.7428571428571429,15
overall,MIXED,15.24,ALL,3870,ドリーム メーカー,35,18,17,0.5142857142857142,35,0.02046783625730994,1710,0.5428571428571428,15
overall,MIXED,15.24,UTILITY,3870,ドリーム メーカー,35,18,17,0.5142857142857142,35,0.1023391812865497,342,0.5428571428571428,15
overall,MIXED,16.6,ALL,3071,ブラック クリーバー,35,18,17,0.5142857142857142,35,0.046052631578947366,760,1.457142857142857,15
overall,MIXED,15.23,TOP,3047,プレート スチールキャップ,35,18,17,0.5142857142857142,35,0.3017241379310345,116,2.5428571428571427,15
overall,MIXED,16.11,MIDDLE,6653,ライアンドリーの仮面,35,18,17,0.5142857142857142,35,0.1483050847457627,236,2.4,15
overall,MIXED,16.18,TOP,3116,リーライ クリスタル セプター,35,18,17,0.5142857142857142,35,0.10416666666666667,336,1.8571428571428572,15
overall,MIXED,15.21,ALL,3153,ルインドキング ブレード,35,18,17,0.5142857142857142,35,0.059322033898305086,590,2.0285714285714285,15
overall,MIXED,15.19,ALL,3085,ルナーン ハリケーン,35,18,17,0.5142857142857142,35,0.030434782608695653,1150,2.914285714285714,15
overall,MIXED,15.19,BOTTOM,3085,ルナーン ハリケーン,35,18,17,0.5142857142857142,35,0.15217391304347827,230,2.914285714285714,15
overall,MIXED,16.16,TOP,3084,心の鋼,35,18,17,0.5142857142857142,35,0.052552552552552555,666,1.7714285714285714,15
overall,MIXED,15.20,ALL,3174,装甲強化の進撃,35,18,17,0.5142857142857142,35,0.05303030303030303,660,2.6,15
overall,MIXED,16.10,MIDDLE,3364,オラクル レンズ,35,17,18,0.4857142857142857,35,0.15765765765765766,222,6.0,15
overall,MIXED,16.7,UTILITY,3067,キンドルジェム,35,17,18,0.4857142857142857,35,0.22727272727272727,154,3.342857142857143,15
overall,MIXED,15.24,JUNGLE,6672,クラーケン スレイヤー,35,17,18,0.4857142857142857,35,0.1023391812865497,342,1.5142857142857142,15
overall,MIXED,16.14,JUNGLE,1029,クロース アーマー,35,17,18,0.4857142857142857,35,0.05028735632183908,696,3.7142857142857144,15
overall,MIXED,16.15,BOTTOM,3087,スタティック シヴ,35,17,18,0.4857142857142857,35,0.0423728813559322,826,1.6857142857142857,15
overall,MIXED,14.21,MIDDLE,3340,ステルス ワード,35,17,18,0.4857142857142857,35,0.6363636363636364,55,6.0,15
overall,MIXED,14.23,TOP,3340,ステルス ワード,35,17,18,0.4857142857142857,35,0.8333333333333334,42,6.0,15
overall,MIXED,16.16,JUNGLE,6631,ストライドブレイカー,35,17,18,0.4857142857142857,35,0.052552552552552555,666,1.0,15
overall,MIXED,16.1,ALL,3869,セレスティアル オポジション,35,17,18,0.4857142857142857,35,0.045454545454545456,770,0.2571428571428571,15
overall,MIXED,16.1,UTILITY,3869,セレスティアル オポジション,35,17,18,0.4857142857142857,35,0.22875816993464052,153,0.2571428571428571,15
overall,MIXED,15.4,ALL,3020,ソーサラー シューズ,35,17,18,0.4857142857142857,35,0.12962962962962962,270,2.857142857142857,15
overall,MIXED,16.15,JUNGLE,1082,ダーク シール,35,17,18,0.4857142857142857,35,0.0423728813559322,826,2.7714285714285714,15
overall,MIXED,16.1,JUNGLE,3047,プレート スチールキャップ,35,17,18,0.4857142857142857,35,0.22727272727272727,154,1.9714285714285715,15
overall,MIXED,15.7,MIDDLE,6653,ライアンドリーの仮面,35,17,18,0.4857142857142857,35,0.3804347826086957,92,2.5428571428571427,15
overall,MIXED,16.13,MIDDLE,4633,リフトメーカー,35,17,18,0.4857142857142857,35,0.05319148936170213,658,2.6857142857142855,15
overall,MIXED,15.2,ALL,1052,増魔の書,35,17,18,0.4857142857142857,35,0.07608695652173914,460,3.4571428571428573,15
overall,MIXED,15.21,ALL,1052,増魔の書,35,17,18,0.4857142857142857,35,0.059322033898305086,590,3.5714285714285716,15
overall,MIXED,16.18,ALL,3070,女神の涙,35,17,18,0.4857142857142857,35,0.020833333333333332,1680,2.257142857142857,15
overall,MIXED,16.13,UTILITY,3916,忘却のオーブ,35,17,18,0.4857142857142857,35,0.0532724505327245,657,3.8285714285714287,15
overall,MIXED,15.19,ALL,6692,赤月の刃,35,17,18,0.4857142857142857,35,0.030434782608695653,1150,1.9428571428571428,15
overall,MIXED,15.21,JUNGLE,2055,コントロール ワード,35,16,19,0.45714285714285713,35,0.2966101694915254,118,2.5714285714285716,15
overall,MIXED,15.1,TOP,3340,ステルス ワード,35,16,19,0.45714285714285713,35,0.9210526315789473,38,6.0,15
overall,MIXED,16.4,UTILITY,2524,バンドルパイプ,35,16,19,0.45714285714285713,35,0.330188679245283,106,2.3714285714285714,15
overall,MIXED,16.15,TOP,3363,ファーサイト オルタレーション,35,16,19,0.45714285714285713,35,0.0423728813559322,826,6.0,15
overall,MIXED,16.10,TOP,3111,マーキュリー ブーツ,35,16,19,0.45714285714285713,35,0.15765765765765766,222,2.5428571428571427,15
overall,MIXED,15.13,MIDDLE,1058,ムダニ デカイ ロッド,35,16,19,0.45714285714285713,35,0.18324607329842932,191,3.2285714285714286,15
overall,MIXED,15.24,UTILITY,6653,ライアンドリーの仮面,35,16,19,0.45714285714285713,35,0.1023391812865497,342,2.5142857142857142,15
overall,MIXED,15.14,ALL,6655,ルーデン エコー,35,16,19,0.45714285714285713,35,0.07608695652173914,460,2.1714285714285713,15
overall,MIXED,16.13,ALL,3802,ロスト チャプター,35,16,19,0.45714285714285713,35,0.010638297872340425,3290,3.085714285714286,15
overall,MIXED,16.15,TOP,6665,変幻自在のジャック＝ショー,35,16,19,0.45714285714285713,35,0.0423728813559322,826,2.2285714285714286,15
overall,MIXED,16.13,ALL,2421,砕けたアームガード,35,16,19,0.45714285714285713,35,0.010638297872340425,3290,1.6571428571428573,15
overall,MIXED,16.15,ALL,3113,エーテル ウィスプ,35,15,20,0.42857142857142855,35,0.00847457627118644,4130,3.4,15
overall,MIXED,16.9,ALL,3026,ガーディアン エンジェル,35,15,20,0.42857142857142855,35,0.04430379746835443,790,3.057142857142857,15
overall,MIXED,15.8,ALL,1029,クロース アーマー,35,15,20,0.42857142857142855,35,0.05384615384615385,650,3.942857142857143,15
overall,MIXED,16.15,TOP,1029,クロース アーマー,35,15,20,0.42857142857142855,35,0.0423728813559322,826,3.4857142857142858,15
overall,MIXED,15.8,JUNGLE,3340,ステルス ワード,35,15,20,0.42857142857142855,35,0.2692307692307692,130,6.0,15
overall,MIXED,15.12,ALL,3078,トリニティ フォース,35,15,20,0.42857142857142855,35,0.06862745098039216,510,1.5142857142857142,15
overall,MIXED,16.12,TOP,1054,ドラン シールド,35,15,20,0.42857142857142855,35,0.19662921348314608,178,0.9142857142857143,15
overall,MIXED,16.14,TOP,3076,ブランブル ベスト,35,15,20,0.42857142857142855,35,0.05028735632183908,696,3.1714285714285713,15
overall,MIXED,16.14,TOP,2502,終わりなき絶望,35,15,20,0.42857142857142855,35,0.05028735632183908,696,2.142857142857143,15
overall,MIXED,16.11,ALL,6673,イモータル シールドボウ,35,14,21,0.4,35,0.029661016949152543,1180,2.4,15
overall,MIXED,15.24,ALL,1102,ガストウォーカーの幼体,35,14,21,0.4,35,0.02046783625730994,1710,0.6571428571428571,15
overall,MIXED,15.24,JUNGLE,1102,ガストウォーカーの幼体,35,14,21,0.4,35,0.1023391812865497,342,0.6571428571428571,15
overall,MIXED,16.3,JUNGLE,2055,コントロール ワード,35,14,21,0.4,35,0.19886363636363635,176,2.2,15
overall,MIXED,15.16,ALL,3871,ザズ＝ザクのレルムスパイク,35,14,21,0.4,35,0.06481481481481481,540,0.42857142857142855,15
overall,MIXED,15.16,UTILITY,3871,ザズ＝ザクのレルムスパイク,35,14,21,0.4,35,0.32407407407407407,108,0.42857142857142855,15
overall,MIXED,15.12,ALL,3190,ソラリのロケット,35,14,21,0.4,35,0.06862745098039216,510,1.1142857142857143,15
overall,MIXED,15.3,MIDDLE,3020,ソーサラー シューズ,35,14,21,0.4,35,0.4268292682926829,82,2.914285714285714,15
overall,MIXED,16.12,ALL,6333,デス ダンス,35,14,21,0.4,35,0.03932584269662921,890,2.914285714285714,15
overall,MIXED,14.19,MIDDLE,1056,ドラン リング,35,14,21,0.4,35,0.4166666666666667,84,1.8285714285714285,15
overall,MIXED,16.18,JUNGLE,6697,ヒュブリス,35,14,21,0.4,35,0.10416666666666667,336,1.4857142857142858,15
overall,MIXED,15.22,ALL,1028,ルビー クリスタル,35,14,21,0.4,35,0.05303030303030303,660,3.914285714285714,15
overall,MIXED,15.19,TOP,2031,詰め替えポーション,35,14,21,0.4,35,0.15283842794759825,229,1.457142857142857,15
overall,MIXED,15.9,ALL,2031,詰め替えポーション,35,14,21,0.4,35,0.08139534883720931,430,1.2857142857142858,15
overall,MIXED,16.18,JUNGLE,3161,ショウジンの矛,35,13,22,0.37142857142857144,35,0.10416666666666667,336,0.9142857142857143,15
overall,MIXED,15.12,JUNGLE,3047,プレート スチールキャップ,35,13,22,0.37142857142857144,35,0.3431372549019608,102,2.6857142857142855,15
overall,MIXED,14.20,ALL,6655,ルーデン エコー,35,13,22,0.37142857142857144,35,0.07608695652173914,460,2.3142857142857145,15
overall,MIXED,16.18,ALL,6657,ロッド オブ エイジス,35,13,22,0.37142857142857144,35,0.020833333333333332,1680,2.2857142857142856,15
overall,MIXED,16.17,TOP,3110,フローズン ハート,35,12,23,0.34285714285714286,35,0.034722222222222224,1008,2.6285714285714286,15
overall,MIXED,16.13,UTILITY,3076,ブランブル ベスト,35,12,23,0.34285714285714286,35,0.0532724505327245,657,3.6285714285714286,15
overall,MIXED,16.16,UTILITY,1001,ブーツ,35,12,23,0.34285714285714286,35,0.052552552552552555,666,2.3714285714285714,15
overall,MIXED,16.3,MIDDLE,2031,詰め替えポーション,35,12,23,0.34285714285714286,35,0.19886363636363635,176,1.2,15
overall,MIXED,16.18,ALL,6610,サンダード スカイ,35,11,24,0.3142857142857143,35,0.020833333333333332,1680,2.5142857142857142,15
overall,MIXED,16.16,ALL,2508,運命の灰,35,11,24,0.3142857142857143,35,0.010510510510510511,3330,3.5714285714285716,15
overall,MIXED,16.17,BOTTOM,1043,リカーブ ボウ,35,10,25,0.2857142857142857,35,0.034722222222222224,1008,3.342857142857143,15
overall,MIXED,15.17,ALL,3175,連呪使いのブーツ,34,29,5,0.8529411764705882,34,0.04197530864197531,810,2.5294117647058822,15
overall,MIXED,15.24,ALL,2420,シーカー アームガード,34,22,12,0.6470588235294118,34,0.019883040935672516,1710,1.6470588235294117,15
overall,MIXED,16.2,ALL,3153,ルインドキング ブレード,34,22,12,0.6470588235294118,34,0.04788732394366197,710,1.8529411764705883,15
overall,MIXED,15.17,ALL,3084,心の鋼,34,22,12,0.6470588235294118,34,0.04197530864197531,810,1.9705882352941178,15
overall,MIXED,15.23,ALL,6610,サンダード スカイ,34,21,13,0.6176470588235294,34,0.05862068965517241,580,2.0294117647058822,15
overall,MIXED,15.17,ALL,4646,ストームサージ,34,21,13,0.6176470588235294,34,0.04197530864197531,810,1.9705882352941178,15
overall,MIXED,15.24,MIDDLE,1082,ダーク シール,34,21,13,0.6176470588235294,34,0.09941520467836257,342,2.411764705882353,15
overall,MIXED,15.19,ALL,3115,ナッシャー トゥース,34,21,13,0.6176470588235294,34,0.029565217391304348,1150,2.0588235294117645,15
overall,MIXED,16.16,ALL,3143,ランデュイン オーメン,34,21,13,0.6176470588235294,34,0.01021021021021021,3330,1.588235294117647,15
overall,MIXED,16.15,BOTTOM,3085,ルナーン ハリケーン,34,21,13,0.6176470588235294,34,0.04116222760290557,826,2.7058823529411766,15
overall,MIXED,16.17,JUNGLE,3073,実験的ヘクスプレート,34,21,13,0.6176470588235294,34,0.03373015873015873,1008,1.7647058823529411,15
overall,MIXED,16.18,TOP,3364,オラクル レンズ,34,20,14,0.5882352941176471,34,0.10119047619047619,336,6.0,15
overall,MIXED,16.12,ALL,3026,ガーディアン エンジェル,34,20,14,0.5882352941176471,34,0.038202247191011236,890,2.823529411764706,15
overall,MIXED,16.15,MIDDLE,6672,クラーケン スレイヤー,34,20,14,0.5882352941176471,34,0.04116222760290557,826,2.235294117647059,15
overall,MIXED,15.3,ALL,3009,スイフトネス ブーツ,34,20,14,0.5882352941176471,34,0.08292682926829269,410,2.5588235294117645,15
overall,MIXED,16.18,ALL,6631,ストライドブレイカー,34,20,14,0.5882352941176471,34,0.02023809523809524,1680,1.0294117647058822,15
overall,MIXED,15.21,ALL,3075,ソーンメイル,34,20,14,0.5882352941176471,34,0.0576271186440678,590,2.676470588235294,15
overall,MIXED,15.19,TOP,3078,トリニティ フォース,34,20,14,0.5882352941176471,34,0.14847161572052403,229,2.1470588235294117,15
overall,MIXED,16.2,ALL,1037,ピッケル,34,20,14,0.5882352941176471,34,0.04788732394366197,710,3.7058823529411766,15
overall,MIXED,16.9,ALL,1037,ピッケル,34,20,14,0.5882352941176471,34,0.043037974683544304,790,3.3823529411764706,15
overall,MIXED,16.17,ALL,2512,フィーンドハンターの矢,34,20,14,0.5882352941176471,34,0.006746031746031746,5040,2.411764705882353,15
overall,MIXED,16.7,MIDDLE,1058,ムダニ デカイ ロッド,34,20,14,0.5882352941176471,34,0.22077922077922077,154,2.9411764705882355,15
overall,MIXED,15.18,ALL,6655,ルーデン エコー,34,20,14,0.5882352941176471,34,0.052307692307692305,650,2.1176470588235294,15
overall,MIXED,16.1,UTILITY,3158,アイオニア ブーツ,34,19,15,0.5588235294117647,34,0.2222222222222222,153,2.9705882352941178,15
overall,MIXED,16.13,MIDDLE,6673,イモータル シールドボウ,34,19,15,0.5588235294117647,34,0.05167173252279635,658,2.1470588235294117,15
overall,MIXED,15.15,BOTTOM,3031,インフィニティ エッジ,34,19,15,0.5588235294117647,34,0.4146341463414634,82,2.264705882352941,15
overall,MIXED,15.7,BOTTOM,3031,インフィニティ エッジ,34,19,15,0.5588235294117647,34,0.3695652173913043,92,2.323529411764706,15
overall,MIXED,16.6,BOTTOM,6676,コレクター,34,19,15,0.5588235294117647,34,0.2236842105263158,152,2.1470588235294117,15
overall,MIXED,15.23,ALL,3871,ザズ＝ザクのレルムスパイク,34,19,15,0.5588235294117647,34,0.05862068965517241,580,0.11764705882352941,15
overall,MIXED,16.5,ALL,3869,セレスティアル オポジション,34,19,15,0.5588235294117647,34,0.04197530864197531,810,0.4117647058823529,15
overall,MIXED,16.5,UTILITY,3869,セレスティアル オポジション,34,19,15,0.5588235294117647,34,0.20987654320987653,162,0.4117647058823529,15
overall,MIXED,15.16,ALL,3190,ソラリのロケット,34,19,15,0.5588235294117647,34,0.06296296296296296,540,1.3529411764705883,15
overall,MIXED,15.16,UTILITY,3190,ソラリのロケット,34,19,15,0.5588235294117647,34,0.3148148148148148,108,1.3529411764705883,15
overall,MIXED,16.8,ALL,3078,トリニティ フォース,34,19,15,0.5588235294117647,34,0.04857142857142857,700,1.6764705882352942,15
overall,MIXED,16.5,UTILITY,3047,プレート スチールキャップ,34,19,15,0.5588235294117647,34,0.20987654320987653,162,2.764705882352941,15
overall,MIXED,15.8,ALL,1058,ムダニ デカイ ロッド,34,19,15,0.5588235294117647,34,0.052307692307692305,650,3.3529411764705883,15
overall,MIXED,16.15,ALL,3165,モレロノミコン,34,19,15,0.5588235294117647,34,0.008232445520581114,4130,2.6470588235294117,15
overall,MIXED,16.13,TOP,4633,リフトメーカー,34,19,15,0.5588235294117647,34,0.05167173252279635,658,2.7941176470588234,15
overall,MIXED,15.19,MIDDLE,6657,ロッド オブ エイジス,34,19,15,0.5588235294117647,34,0.14782608695652175,230,2.0294117647058822,15
overall,MIXED,16.17,TOP,6665,変幻自在のジャック＝ショー,34,19,15,0.5588235294117647,34,0.03373015873015873,1008,2.5294117647058822,15
overall,MIXED,16.15,TOP,3142,妖夢の霊剣,34,19,15,0.5588235294117647,34,0.04116222760290557,826,0.9411764705882353,15
overall,MIXED,15.19,ALL,3084,心の鋼,34,19,15,0.5588235294117647,34,0.029565217391304348,1150,1.9705882352941178,15
overall,MIXED,14.22,ALL,3158,アイオニア ブーツ,34,18,16,0.5294117647058824,34,0.11724137931034483,290,2.5,15
overall,MIXED,15.3,ALL,3031,インフィニティ エッジ,34,18,16,0.5294117647058824,34,0.08292682926829269,410,1.9411764705882353,15
overall,MIXED,14.23,JUNGLE,3364,オラクル レンズ,34,18,16,0.5294117647058824,34,0.8095238095238095,42,6.0,15
overall,MIXED,16.8,ALL,3067,キンドルジェム,34,18,16,0.5294117647058824,34,0.04857142857142857,700,3.5588235294117645,15
overall,MIXED,16.13,JUNGLE,1029,クロース アーマー,34,18,16,0.5294117647058824,34,0.05167173252279635,658,3.7941176470588234,15
overall,MIXED,16.11,ALL,3124,グインソー レイジブレード,34,18,16,0.5294117647058824,34,0.0288135593220339,1180,2.0,15
overall,MIXED,15.19,ALL,3068,サンファイア イージス,34,18,16,0.5294117647058824,34,0.029565217391304348,1150,1.9705882352941178,15
overall,MIXED,16.4,ALL,3075,ソーンメイル,34,18,16,0.5294117647058824,34,0.06415094339622641,530,2.7058823529411766,15
overall,MIXED,16.13,ALL,3748,タイタン ハイドラ,34,18,16,0.5294117647058824,34,0.01033434650455927,3290,1.1764705882352942,15
overall,MIXED,16.18,ALL,3742,デッド マン プレート,34,18,16,0.5294117647058824,34,0.02023809523809524,1680,1.911764705882353,15
overall,MIXED,15.11,ALL,1054,ドラン シールド,34,18,16,0.5294117647058824,34,0.06415094339622641,530,0.7352941176470589,15
overall,MIXED,15.17,ALL,6675,ナヴォリ フリッカーブレード,34,18,16,0.5294117647058824,34,0.04197530864197531,810,2.2941176470588234,15
overall,MIXED,14.20,ALL,1037,ピッケル,34,18,16,0.5294117647058824,34,0.07391304347826087,460,4.029411764705882,15
overall,MIXED,16.14,ALL,3042,ムラマナ,34,18,16,0.5294117647058824,34,0.009770114942528735,3480,1.8823529411764706,15
overall,MIXED,16.17,ALL,3165,モレロノミコン,34,18,16,0.5294117647058824,34,0.006746031746031746,5040,3.176470588235294,15
overall,MIXED,15.13,ALL,6657,ロッド オブ エイジス,34,18,16,0.5294117647058824,34,0.035416666666666666,960,2.1470588235294117,15
overall,MIXED,16.13,JUNGLE,1052,増魔の書,34,18,16,0.5294117647058824,34,0.05167173252279635,658,3.5294117647058822,15
overall,MIXED,15.24,UTILITY,3158,アイオニア ブーツ,34,17,17,0.5,34,0.09941520467836257,342,3.4705882352941178,15
overall,MIXED,16.11,JUNGLE,6676,コレクター,34,17,17,0.5,34,0.1440677966101695,236,1.2352941176470589,15
overall,MIXED,16.17,TOP,3068,サンファイア イージス,34,17,17,0.5,34,0.03373015873015873,1008,1.7647058823529411,15
overall,MIXED,15.12,MIDDLE,4645,シャドウフレイム,34,17,17,0.5,34,0.3333333333333333,102,2.4705882352941178,15
overall,MIXED,16.15,MIDDLE,2420,シーカー アームガード,34,17,17,0.5,34,0.04116222760290557,826,1.7352941176470589,15
overall,MIXED,16.18,ALL,3053,ステラックの篭手,34,17,17,0.5,34,0.02023809523809524,1680,2.6470588235294117,15
overall,MIXED,15.22,ALL,3190,ソラリのロケット,34,17,17,0.5,34,0.051515151515151514,660,1.3823529411764706,15
overall,MIXED,15.22,UTILITY,3190,ソラリのロケット,34,17,17,0.5,34,0.25757575757575757,132,1.3823529411764706,15
overall,MIXED,14.19,ALL,3075,ソーンメイル,34,17,17,0.5,34,0.08095238095238096,420,2.588235294117647,15
overall,MIXED,15.13,ALL,3036,ドミニク リガード,34,17,17,0.5,34,0.035416666666666666,960,2.5,15
overall,MIXED,15.12,ALL,1054,ドラン シールド,34,17,17,0.5,34,0.06666666666666667,510,0.6764705882352942,15
overall,MIXED,16.13,JUNGLE,1058,ムダニ デカイ ロッド,34,17,17,0.5,34,0.05167173252279635,658,3.588235294117647,15
overall,MIXED,15.21,ALL,1036,ロング ソード,34,17,17,0.5,34,0.0576271186440678,590,4.264705882352941,15
overall,MIXED,16.13,BOTTOM,1052,増魔の書,34,17,17,0.5,34,0.05167173252279635,658,2.8529411764705883,15
overall,MIXED,16.16,UTILITY,3916,忘却のオーブ,34,17,17,0.5,34,0.05105105105105105,666,4.029411764705882,15
overall,MIXED,16.11,UTILITY,2031,詰め替えポーション,34,17,17,0.5,34,0.1440677966101695,236,1.4411764705882353,15
overall,MIXED,15.11,ALL,6692,赤月の刃,34,17,17,0.5,34,0.06415094339622641,530,1.7352941176470589,15
overall,MIXED,16.10,ALL,1038,B. F. ソード,34,16,18,0.47058823529411764,34,0.03063063063063063,1110,3.235294117647059,15
overall,MIXED,16.7,ALL,1018,アジリティ クローク,34,16,18,0.47058823529411764,34,0.04415584415584416,770,3.8529411764705883,15
overall,MIXED,15.14,ALL,3031,インフィニティ エッジ,34,16,18,0.47058823529411764,34,0.07391304347826087,460,1.8235294117647058,15
overall,MIXED,16.5,ALL,3067,キンドルジェム,34,16,18,0.47058823529411764,34,0.04197530864197531,810,3.4705882352941178,15
overall,MIXED,15.19,TOP,2055,コントロール ワード,34,16,18,0.47058823529411764,34,0.14847161572052403,229,2.5,15
overall,MIXED,16.11,ALL,6697,ヒュブリス,34,16,18,0.47058823529411764,34,0.0288135593220339,1180,1.8529411764705883,15
overall,MIXED,15.12,TOP,3047,プレート スチールキャップ,34,16,18,0.47058823529411764,34,0.3333333333333333,102,2.6176470588235294,15
overall,MIXED,16.3,MIDDLE,1058,ムダニ デカイ ロッド,34,16,18,0.47058823529411764,34,0.19318181818181818,176,2.911764705882353,15
overall,MIXED,16.14,ALL,3165,モレロノミコン,34,16,18,0.47058823529411764,34,0.009770114942528735,3480,3.0294117647058822,15
overall,MIXED,16.17,TOP,1052,増魔の書,34,16,18,0.47058823529411764,34,0.03373015873015873,1008,4.205882352941177,15
overall,MIXED,16.6,ALL,3084,心の鋼,34,16,18,0.47058823529411764,34,0.04473684210526316,760,1.7352941176470589,15
overall,MIXED,16.14,ALL,4401,自然の力,34,16,18,0.47058823529411764,34,0.009770114942528735,3480,2.323529411764706,15
overall,MIXED,15.10,UTILITY,3158,アイオニア ブーツ,34,15,19,0.4411764705882353,34,0.2463768115942029,138,3.0,15
overall,MIXED,16.5,BOTTOM,6676,コレクター,34,15,19,0.4411764705882353,34,0.20987654320987653,162,1.4411764705882353,15
overall,MIXED,14.19,UTILITY,2055,コントロール ワード,34,15,19,0.4411764705882353,34,0.40476190476190477,84,2.5294117647058822,15
overall,MIXED,15.1,ALL,2055,コントロール ワード,34,15,19,0.4411764705882353,34,0.17894736842105263,190,1.6176470588235294,15
overall,MIXED,15.21,ALL,3869,セレスティアル オポジション,34,15,19,0.4411764705882353,34,0.0576271186440678,590,0.17647058823529413,15
overall,MIXED,15.21,UTILITY,3869,セレスティアル オポジション,34,15,19,0.4411764705882353,34,0.288135593220339,118,0.17647058823529413,15
overall,MIXED,16.5,ALL,3190,ソラリのロケット,34,15,19,0.4411764705882353,34,0.04197530864197531,810,1.6764705882352942,15
overall,MIXED,16.5,UTILITY,3190,ソラリのロケット,34,15,19,0.4411764705882353,34,0.20987654320987653,162,1.6764705882352942,15
overall,MIXED,15.19,JUNGLE,3020,ソーサラー シューズ,34,15,19,0.4411764705882353,34,0.1471861471861472,231,2.3529411764705883,15
overall,MIXED,16.13,TOP,3020,ソーサラー シューズ,34,15,19,0.4411764705882353,34,0.05167173252279635,658,2.5588235294117645,15
overall,MIXED,15.14,TOP,1054,ドラン シールド,34,15,19,0.4411764705882353,34,0.3695652173913043,92,0.5882352941176471,15
overall,MIXED,14.23,ALL,3006,バーサーカー ブーツ,34,15,19,0.4411764705882353,34,0.1619047619047619,210,2.235294117647059,15
overall,MIXED,15.11,ALL,6655,ルーデン エコー,34,15,19,0.4411764705882353,34,0.06415094339622641,530,2.7058823529411766,15
overall,MIXED,15.24,JUNGLE,6692,赤月の刃,34,15,19,0.4411764705882353,34,0.09941520467836257,342,1.588235294117647,15
overall,MIXED,16.1,JUNGLE,2510,黄昏と暁,34,15,19,0.4411764705882353,34,0.22077922077922077,154,1.6764705882352942,15
overall,MIXED,16.7,ALL,1038,B. F. ソード,34,14,20,0.4117647058823529,34,0.04415584415584416,770,3.5588235294117645,15
overall,MIXED,16.17,TOP,3067,キンドルジェム,34,14,20,0.4117647058823529,34,0.03373015873015873,1008,3.823529411764706,15
overall,MIXED,16.18,BOTTOM,3124,グインソー レイジブレード,34,14,20,0.4117647058823529,34,0.10119047619047619,336,2.5588235294117645,15
overall,MIXED,15.19,BOTTOM,3009,スイフトネス ブーツ,34,14,20,0.4117647058823529,34,0.14782608695652175,230,3.0588235294117645,15
overall,MIXED,16.5,UTILITY,3009,スイフトネス ブーツ,34,14,20,0.4117647058823529,34,0.20987654320987653,162,2.3529411764705883,15
overall,MIXED,15.7,ALL,3869,セレスティアル オポジション,34,14,20,0.4117647058823529,34,0.07391304347826087,460,0.29411764705882354,15
overall,MIXED,15.7,UTILITY,3869,セレスティアル オポジション,34,14,20,0.4117647058823529,34,0.3695652173913043,92,0.29411764705882354,15
overall,MIXED,15.12,UTILITY,3190,ソラリのロケット,34,14,20,0.4117647058823529,34,0.3333333333333333,102,1.088235294117647,15
overall,MIXED,15.19,ALL,1042,ダガー,34,14,20,0.4117647058823529,34,0.029565217391304348,1150,4.029411764705882,15
overall,MIXED,15.18,ALL,3078,トリニティ フォース,34,14,20,0.4117647058823529,34,0.052307692307692305,650,1.3823529411764706,15
overall,MIXED,16.17,ALL,3051,ハースバウンド アックス,34,14,20,0.4117647058823529,34,0.006746031746031746,5040,3.3529411764705883,15
overall,MIXED,16.16,JUNGLE,3006,バーサーカー ブーツ,34,14,20,0.4117647058823529,34,0.05105105105105105,666,1.588235294117647,15
overall,MIXED,16.16,TOP,3363,ファーサイト オルタレーション,34,14,20,0.4117647058823529,34,0.05105105105105105,666,6.0,15
overall,MIXED,15.17,UTILITY,3047,プレート スチールキャップ,34,14,20,0.4117647058823529,34,0.2111801242236025,161,3.0294117647058822,15
overall,MIXED,16.15,TOP,3031,インフィニティ エッジ,34,13,21,0.38235294117647056,34,0.04116222760290557,826,2.1176470588235294,15
overall,MIXED,16.13,JUNGLE,1082,ダーク シール,34,13,21,0.38235294117647056,34,0.05167173252279635,658,2.411764705882353,15
overall,MIXED,16.10,TOP,1054,ドラン シールド,34,13,21,0.38235294117647056,34,0.15315315315315314,222,0.9411764705882353,15
overall,MIXED,16.9,ALL,1054,ドラン シールド,34,13,21,0.38235294117647056,34,0.043037974683544304,790,0.9117647058823529,15
overall,MIXED,15.1,ALL,3047,プレート スチールキャップ,34,13,21,0.38235294117647056,34,0.17894736842105263,190,2.176470588235294,15
overall,MIXED,16.16,ALL,3144,偵察兵のパチンコ,34,13,21,0.38235294117647056,34,0.01021021021021021,3330,3.2058823529411766,15
overall,MIXED,16.15,ALL,4401,自然の力,34,13,21,0.38235294117647056,34,0.008232445520581114,4130,2.8823529411764706,15
overall,MIXED,16.1,MIDDLE,2031,詰め替えポーション,34,13,21,0.38235294117647056,34,0.22077922077922077,154,1.1764705882352942,15
overall,MIXED,15.16,JUNGLE,3340,ステルス ワード,34,12,22,0.35294117647058826,34,0.3148148148148148,108,6.0,15
overall,MIXED,16.15,ALL,3077,ティアマット,34,12,22,0.35294117647058826,34,0.008232445520581114,4130,1.588235294117647,15
overall,MIXED,16.10,TOP,1055,ドラン ブレード,34,12,22,0.35294117647058826,34,0.15315315315315314,222,0.6470588235294118,15
overall,MIXED,16.13,MIDDLE,1055,ドラン ブレード,34,11,23,0.3235294117647059,34,0.05167173252279635,658,0.9705882352941176,15
overall,MIXED,16.15,ALL,1102,ガストウォーカーの幼体,34,9,25,0.2647058823529412,34,0.008232445520581114,4130,0.5294117647058824,15
overall,MIXED,16.15,JUNGLE,1102,ガストウォーカーの幼体,34,9,25,0.2647058823529412,34,0.04116222760290557,826,0.5294117647058824,15
overall,MIXED,15.21,ALL,3175,連呪使いのブーツ,33,25,8,0.7575757575757576,33,0.05593220338983051,590,2.6363636363636362,15
overall,MIXED,16.13,BOTTOM,3124,グインソー レイジブレード,33,24,9,0.7272727272727273,33,0.05015197568389058,658,2.0,15
overall,MIXED,15.24,JUNGLE,1036,ロング ソード,33,23,10,0.696969696969697,33,0.09649122807017543,342,3.878787878787879,15
overall,MIXED,16.14,UTILITY,3916,忘却のオーブ,33,23,10,0.696969696969697,33,0.04741379310344827,696,3.787878787878788,15
overall,MIXED,15.13,ALL,3171,真紅のアイオニア ブーツ,33,23,10,0.696969696969697,33,0.034375,960,2.5757575757575757,15
overall,MIXED,16.18,MIDDLE,6673,イモータル シールドボウ,33,22,11,0.6666666666666666,33,0.09821428571428571,336,2.393939393939394,15
overall,MIXED,15.24,ALL,3065,スピリット ビサージュ,33,22,11,0.6666666666666666,33,0.01929824561403509,1710,3.0606060606060606,15
overall,MIXED,16.16,MIDDLE,1086,ドラン ボウ,33,22,11,0.6666666666666666,33,0.04954954954954955,666,1.1818181818181819,15
overall,MIXED,16.16,JUNGLE,6698,プロフェイン ハイドラ,33,22,11,0.6666666666666666,33,0.04954954954954955,666,1.0909090909090908,15
overall,MIXED,15.24,MIDDLE,3153,ルインドキング ブレード,33,22,11,0.6666666666666666,33,0.09649122807017543,342,2.0,15
overall,MIXED,15.16,ALL,3175,連呪使いのブーツ,33,22,11,0.6666666666666666,33,0.06111111111111111,540,3.212121212121212,15
overall,MIXED,16.5,ALL,1018,アジリティ クローク,33,21,12,0.6363636363636364,33,0.040740740740740744,810,3.212121212121212,15
overall,MIXED,16.13,TOP,3031,インフィニティ エッジ,33,21,12,0.6363636363636364,33,0.05015197568389058,658,2.6363636363636362,15
overall,MIXED,16.15,TOP,3123,エクスキューショナー コーリング,33,21,12,0.6363636363636364,33,0.039951573849878935,826,3.393939393939394,15
overall,MIXED,15.24,ALL,2019,スチール シジル,33,21,12,0.6363636363636364,33,0.01929824561403509,1710,3.242424242424242,15
overall,MIXED,16.11,UTILITY,3020,ソーサラー シューズ,33,21,12,0.6363636363636364,33,0.13983050847457626,236,2.4545454545454546,15
overall,MIXED,16.16,BOTTOM,3032,ユン・タル ワイルドアロー,33,21,12,0.6363636363636364,33,0.04954954954954955,666,1.7272727272727273,15
overall,MIXED,15.17,MIDDLE,6655,ルーデン エコー,33,21,12,0.6363636363636364,33,0.2037037037037037,162,2.3333333333333335,15
overall,MIXED,15.18,ALL,3174,装甲強化の進撃,33,21,12,0.6363636363636364,33,0.05076923076923077,650,2.272727272727273,15
overall,MIXED,16.12,ALL,1038,B. F. ソード,33,20,13,0.6060606060606061,33,0.03707865168539326,890,3.272727272727273,15
overall,MIXED,15.19,TOP,3364,オラクル レンズ,33,20,13,0.6060606060606061,33,0.14410480349344978,229,6.0,15
overall,MIXED,16.18,ALL,3050,ジーク コンバージェンス,33,20,13,0.6060606060606061,33,0.019642857142857142,1680,2.121212121212121,15
overall,MIXED,15.20,JUNGLE,3340,ステルス ワード,33,20,13,0.6060606060606061,33,0.25,132,6.0,15
overall,MIXED,16.15,BOTTOM,3040,セラフ エンブレイス,33,20,13,0.6060606060606061,33,0.039951573849878935,826,1.3333333333333333,15
overall,MIXED,16.7,ALL,3190,ソラリのロケット,33,20,13,0.6060606060606061,33,0.04285714285714286,770,1.8484848484848484,15
overall,MIXED,16.7,UTILITY,3190,ソラリのロケット,33,20,13,0.6060606060606061,33,0.21428571428571427,154,1.8484848484848484,15
overall,MIXED,15.20,ALL,3157,ゾーニャの砂時計,33,20,13,0.6060606060606061,33,0.05,660,1.121212121212121,15
overall,MIXED,15.22,ALL,3078,トリニティ フォース,33,20,13,0.6060606060606061,33,0.05,660,1.6666666666666667,15
overall,MIXED,16.2,ALL,1054,ドラン シールド,33,20,13,0.6060606060606061,33,0.04647887323943662,710,1.606060606060606,15
overall,MIXED,16.11,MIDDLE,3364,オラクル レンズ,33,19,14,0.5757575757575758,33,0.13983050847457626,236,6.0,15
overall,MIXED,15.17,BOTTOM,6672,クラーケン スレイヤー,33,19,14,0.5757575757575758,33,0.2037037037037037,162,1.7272727272727273,15
overall,MIXED,16.6,ALL,6610,サンダード スカイ,33,19,14,0.5757575757575758,33,0.04342105263157895,760,1.9090909090909092,15
overall,MIXED,15.23,UTILITY,3871,ザズ＝ザクのレルムスパイク,33,18,15,0.5454545454545454,33,0.28448275862068967,116,0.12121212121212122,15
overall,MIXED,15.23,ALL,4645,シャドウフレイム,33,18,15,0.5454545454545454,33,0.056896551724137934,580,2.303030303030303,15
overall,MIXED,16.14,ALL,3086,ジール,33,18,15,0.5454545454545454,33,0.009482758620689655,3480,3.3636363636363638,15
overall,MIXED,16.13,MIDDLE,3040,セラフ エンブレイス,33,18,15,0.5454545454545454,33,0.05015197568389058,658,1.3333333333333333,15
overall,MIXED,16.14,BOTTOM,3078,トリニティ フォース,33,18,15,0.5454545454545454,33,0.04741379310344827,696,1.9393939393939394,15
overall,MIXED,16.9,BOTTOM,3036,ドミニク リガード,33,18,15,0.5454545454545454,33,0.2088607594936709,158,2.484848484848485,15
overall,MIXED,15.2,BOTTOM,3363,ファーサイト オルタレーション,33,18,15,0.5454545454545454,33,0.358695652173913,92,6.0,15
overall,MIXED,16.11,JUNGLE,3071,ブラック クリーバー,33,18,15,0.5454545454545454,33,0.13983050847457626,236,1.9696969696969697,15
overall,MIXED,16.17,ALL,3074,ラヴァナス ハイドラ,33,18,15,0.5454545454545454,33,0.006547619047619048,5040,1.121212121212121,15
overall,MIXED,15.22,MIDDLE,6655,ルーデン エコー,33,18,15,0.5454545454545454,33,0.25,132,2.787878787878788,15
overall,MIXED,15.14,ALL,2003,体力ポーション,33,18,15,0.5454545454545454,33,0.07173913043478261,460,0.9696969696969697,15
overall,MIXED,15.17,ALL,2503,黒炎のトーチ,33,18,15,0.5454545454545454,33,0.040740740740740744,810,2.4545454545454546,15
overall,MIXED,16.5,ALL,1038,B. F. ソード,33,17,16,0.5151515151515151,33,0.040740740740740744,810,3.242424242424242,15
overall,MIXED,16.3,BOTTOM,1018,アジリティ クローク,33,17,16,0.5151515151515151,33,0.1875,176,3.1515151515151514,15
overall,MIXED,15.18,ALL,1029,クロース アーマー,33,17,16,0.5151515151515151,33,0.05076923076923077,650,3.757575757575758,15
overall,MIXED,16.13,BOTTOM,2055,コントロール ワード,33,17,16,0.5151515151515151,33,0.05015197568389058,658,2.0303030303030303,15
overall,MIXED,16.12,JUNGLE,6610,サンダード スカイ,33,17,16,0.5151515151515151,33,0.1853932584269663,178,1.303030303030303,15
overall,MIXED,16.11,ALL,1082,ダーク シール,33,17,16,0.5151515151515151,33,0.027966101694915254,1180,2.727272727272727,15
overall,MIXED,14.21,ALL,1056,ドラン リング,33,17,16,0.5151515151515151,33,0.11785714285714285,280,1.4545454545454546,15
overall,MIXED,15.13,ALL,3076,ブランブル ベスト,33,17,16,0.5151515151515151,33,0.034375,960,3.0606060606060606,15
overall,MIXED,14.20,TOP,3047,プレート スチールキャップ,33,17,16,0.5151515151515151,33,0.358695652173913,92,2.484848484848485,15
overall,MIXED,16.3,TOP,3111,マーキュリー ブーツ,33,17,16,0.5151515151515151,33,0.1875,176,2.303030303030303,15
overall,MIXED,15.18,ALL,3085,ルナーン ハリケーン,33,17,16,0.5151515151515151,33,0.05076923076923077,650,3.0,15
overall,MIXED,15.18,BOTTOM,3085,ルナーン ハリケーン,33,17,16,0.5151515151515151,33,0.25384615384615383,130,3.0,15
overall,MIXED,15.21,ALL,6655,ルーデン エコー,33,17,16,0.5151515151515151,33,0.05593220338983051,590,2.1818181818181817,15
overall,MIXED,15.23,ALL,6655,ルーデン エコー,33,17,16,0.5151515151515151,33,0.056896551724137934,580,2.090909090909091,15
overall,MIXED,16.12,MIDDLE,6655,ルーデン エコー,33,17,16,0.5151515151515151,33,0.1853932584269663,178,2.5757575757575757,15
overall,MIXED,16.8,MIDDLE,6655,ルーデン エコー,33,17,16,0.5151515151515151,33,0.2357142857142857,140,1.9696969696969697,15
overall,MIXED,15.13,ALL,3142,妖夢の霊剣,33,17,16,0.5151515151515151,33,0.034375,960,1.4848484848484849,15
overall,MIXED,16.18,ALL,2510,黄昏と暁,33,17,16,0.5151515151515151,33,0.019642857142857142,1680,1.696969696969697,15
overall,MIXED,16.17,ALL,1083,カル,33,16,17,0.48484848484848486,33,0.006547619047619048,5040,2.6666666666666665,15
overall,MIXED,16.17,JUNGLE,3124,グインソー レイジブレード,33,16,17,0.48484848484848486,33,0.03273809523809524,1008,1.0303030303030303,15
overall,MIXED,15.8,MIDDLE,4645,シャドウフレイム,33,16,17,0.48484848484848486,33,0.25384615384615383,130,2.484848484848485,15
overall,MIXED,15.24,TOP,3161,ショウジンの矛,33,16,17,0.48484848484848486,33,0.09649122807017543,342,2.272727272727273,15
overall,MIXED,15.23,JUNGLE,3340,ステルス ワード,33,16,17,0.48484848484848486,33,0.28448275862068967,116,6.0,15
overall,MIXED,15.17,ALL,2021,トンネル掘り,33,16,17,0.48484848484848486,33,0.040740740740740744,810,3.0,15
overall,MIXED,16.11,ALL,3076,ブランブル ベスト,33,16,17,0.48484848484848486,33,0.027966101694915254,1180,3.4545454545454546,15
overall,MIXED,16.17,MIDDLE,3146,ヘクステック ガンブレード,33,16,17,0.48484848484848486,33,0.03273809523809524,1008,1.0606060606060606,15
overall,MIXED,16.14,ALL,3865,ワールド アトラス,33,16,17,0.48484848484848486,33,0.009482758620689655,3480,0.12121212121212122,15
overall,MIXED,16.14,UTILITY,3865,ワールド アトラス,33,16,17,0.48484848484848486,33,0.04741379310344827,696,0.12121212121212122,15
overall,MIXED,16.16,ALL,2530,旋律のダイアデム,33,16,17,0.48484848484848486,33,0.00990990990990991,3330,1.5757575757575757,15
overall,MIXED,16.16,UTILITY,2530,旋律のダイアデム,33,16,17,0.48484848484848486,33,0.04954954954954955,666,1.5757575757575757,15
overall,MIXED,15.10,ALL,6676,コレクター,33,15,18,0.45454545454545453,33,0.04782608695652174,690,1.606060606060606,15
overall,MIXED,15.17,ALL,3161,ショウジンの矛,33,15,18,0.45454545454545453,33,0.040740740740740744,810,2.090909090909091,15
overall,MIXED,16.9,ALL,3075,ソーンメイル,33,15,18,0.45454545454545453,33,0.04177215189873418,790,2.787878787878788,15
overall,MIXED,15.10,ALL,2021,トンネル掘り,33,15,18,0.45454545454545453,33,0.04782608695652174,690,3.303030303030303,15
overall,MIXED,16.18,JUNGLE,3006,バーサーカー ブーツ,33,15,18,0.45454545454545453,33,0.09821428571428571,336,1.878787878787879,15
overall,MIXED,16.10,ALL,6697,ヒュブリス,33,15,18,0.45454545454545453,33,0.02972972972972973,1110,1.393939393939394,15
overall,MIXED,16.11,BOTTOM,3046,ファントム ダンサー,33,15,18,0.45454545454545453,33,0.13983050847457626,236,2.090909090909091,15
overall,MIXED,16.7,ALL,3046,ファントム ダンサー,33,15,18,0.45454545454545453,33,0.04285714285714286,770,2.0,15
overall,MIXED,16.14,UTILITY,3076,ブランブル ベスト,33,15,18,0.45454545454545453,33,0.04741379310344827,696,3.515151515151515,15
overall,MIXED,15.10,JUNGLE,3047,プレート スチールキャップ,33,15,18,0.45454545454545453,33,0.2391304347826087,138,2.242424242424242,15
overall,MIXED,16.16,ALL,3042,ムラマナ,33,15,18,0.45454545454545453,33,0.00990990990990991,3330,1.9393939393939394,15
overall,MIXED,16.17,TOP,3147,悲愴な仮面,33,15,18,0.45454545454545453,33,0.03273809523809524,1008,3.0606060606060606,15
overall,MIXED,16.16,UTILITY,2503,黒炎のトーチ,33,15,18,0.45454545454545453,33,0.04954954954954955,666,1.9393939393939394,15
overall,MIXED,16.1,BOTTOM,3508,エッセンス リーバー,33,14,19,0.42424242424242425,33,0.21428571428571427,154,1.696969696969697,15
overall,MIXED,16.17,ALL,2020,ブルータライザー,33,14,19,0.42424242424242425,33,0.006547619047619048,5040,3.1515151515151514,15
overall,MIXED,15.19,JUNGLE,3111,マーキュリー ブーツ,33,14,19,0.42424242424242425,33,0.14285714285714285,231,2.4545454545454546,15
overall,MIXED,16.18,ALL,3171,真紅のアイオニア ブーツ,33,14,19,0.42424242424242425,33,0.019642857142857142,1680,2.8181818181818183,15
overall,MIXED,16.18,MIDDLE,3171,真紅のアイオニア ブーツ,33,14,19,0.42424242424242425,33,0.09821428571428571,336,2.8181818181818183,15
overall,MIXED,16.11,MIDDLE,2031,詰め替えポーション,33,14,19,0.42424242424242425,33,0.13983050847457626,236,1.4242424242424243,15
overall,MIXED,15.10,ALL,3508,エッセンス リーバー,33,13,20,0.3939393939393939,33,0.04782608695652174,690,2.1818181818181817,15
overall,MIXED,15.10,BOTTOM,3508,エッセンス リーバー,33,13,20,0.3939393939393939,33,0.2391304347826087,138,2.1818181818181817,15
overall,MIXED,16.5,TOP,1055,ドラン ブレード,33,13,20,0.3939393939393939,33,0.2037037037037037,162,0.7878787878787878,15
overall,MIXED,14.20,MIDDLE,1056,ドラン リング,33,13,20,0.3939393939393939,33,0.358695652173913,92,1.0606060606060606,15
overall,MIXED,16.9,UTILITY,3047,プレート スチールキャップ,33,13,20,0.3939393939393939,33,0.2088607594936709,158,2.212121212121212,15
overall,MIXED,15.24,ALL,3100,リッチ ベイン,33,13,20,0.3939393939393939,33,0.01929824561403509,1710,2.090909090909091,15
overall,MIXED,15.10,ALL,1028,ルビー クリスタル,33,13,20,0.3939393939393939,33,0.04782608695652174,690,3.4545454545454546,15
overall,MIXED,14.20,ALL,1036,ロング ソード,33,13,20,0.3939393939393939,33,0.07173913043478261,460,3.878787878787879,15
overall,MIXED,16.13,UTILITY,2022,輝きのモート,33,13,20,0.3939393939393939,33,0.0502283105022831,657,4.090909090909091,15
overall,MIXED,16.11,ALL,3006,バーサーカー ブーツ,33,12,21,0.36363636363636365,33,0.027966101694915254,1180,1.9696969696969697,15
overall,MIXED,16.5,ALL,3006,バーサーカー ブーツ,33,12,21,0.36363636363636365,33,0.040740740740740744,810,2.272727272727273,15
overall,MIXED,16.13,TOP,3076,ブランブル ベスト,33,12,21,0.36363636363636365,33,0.05015197568389058,658,3.090909090909091,15
overall,MIXED,15.24,MIDDLE,3145,ヘクステック オルタネーター,33,12,21,0.36363636363636365,33,0.09649122807017543,342,3.272727272727273,15
overall,MIXED,16.12,ALL,3145,ヘクステック オルタネーター,33,12,21,0.36363636363636365,33,0.03707865168539326,890,3.090909090909091,15
overall,MIXED,16.15,JUNGLE,3152,ヘクステック ロケットベルト,33,12,21,0.36363636363636365,33,0.039951573849878935,826,1.121212121212121,15
overall,MIXED,15.2,ALL,1036,ロング ソード,33,12,21,0.36363636363636365,33,0.07173913043478261,460,3.515151515151515,15
overall,MIXED,16.10,BOTTOM,1036,ロング ソード,33,12,21,0.36363636363636365,33,0.14864864864864866,222,3.4242424242424243,15
overall,MIXED,15.1,ALL,2031,詰め替えポーション,33,12,21,0.36363636363636365,33,0.1736842105263158,190,1.0303030303030303,15
overall,MIXED,15.22,ALL,2503,黒炎のトーチ,33,12,21,0.36363636363636365,33,0.05,660,1.9090909090909092,15
overall,MIXED,15.24,ALL,3133,コールフィールド ウォーハンマー,33,11,22,0.3333333333333333,33,0.01929824561403509,1710,3.4545454545454546,15
overall,MIXED,15.16,ALL,1037,ピッケル,33,11,22,0.3333333333333333,33,0.06111111111111111,540,3.787878787878788,15
overall,MIXED,15.21,ALL,1037,ピッケル,33,11,22,0.3333333333333333,33,0.05593220338983051,590,3.515151515151515,15
overall,MIXED,16.16,TOP,2019,スチール シジル,33,10,23,0.30303030303030304,33,0.04954954954954955,666,3.3333333333333335,15
overall,MIXED,15.17,JUNGLE,3047,プレート スチールキャップ,33,9,24,0.2727272727272727,33,0.2037037037037037,162,2.1515151515151514,15
overall,MIXED,16.13,ALL,3113,エーテル ウィスプ,33,8,25,0.24242424242424243,33,0.010030395136778116,3290,3.696969696969697,15
overall,MIXED,15.21,ALL,3174,装甲強化の進撃,32,28,4,0.875,32,0.05423728813559322,590,2.6875,15
overall,MIXED,15.20,ALL,3172,ガンメタル ブーツ,32,24,8,0.75,32,0.048484848484848485,660,2.40625,15
overall,MIXED,15.24,TOP,3174,装甲強化の進撃,32,23,9,0.71875,32,0.0935672514619883,342,2.59375,15
overall,MIXED,16.13,TOP,1037,ピッケル,32,22,10,0.6875,32,0.0486322188449848,658,3.65625,15
overall,MIXED,16.2,ALL,3118,マリグナンス,32,21,11,0.65625,32,0.04507042253521127,710,2.09375,15
overall,MIXED,16.17,TOP,3033,モータル リマインダー,32,21,11,0.65625,32,0.031746031746031744,1008,2.59375,15
overall,MIXED,16.3,UTILITY,3067,キンドルジェム,32,20,12,0.625,32,0.18181818181818182,176,3.625,15
overall,MIXED,16.6,ALL,3067,キンドルジェム,32,20,12,0.625,32,0.042105263157894736,760,3.5,15
overall,MIXED,16.17,TOP,3181,ハルブレイカー,32,20,12,0.625,32,0.031746031746031744,1008,2.65625,15
overall,MIXED,15.9,ALL,3111,マーキュリー ブーツ,32,20,12,0.625,32,0.07441860465116279,430,2.53125,15
overall,MIXED,15.11,ALL,3174,装甲強化の進撃,32,20,12,0.625,32,0.06037735849056604,530,2.34375,15
overall,MIXED,16.12,MIDDLE,2503,黒炎のトーチ,32,20,12,0.625,32,0.1797752808988764,178,2.28125,15
overall,MIXED,15.12,ALL,6676,コレクター,32,19,13,0.59375,32,0.06274509803921569,510,1.65625,15
overall,MIXED,16.11,TOP,3009,スイフトネス ブーツ,32,19,13,0.59375,32,0.13559322033898305,236,2.8125,15
overall,MIXED,16.1,BOTTOM,3036,ドミニク リガード,32,19,13,0.59375,32,0.2077922077922078,154,2.65625,15
overall,MIXED,16.2,BOTTOM,3036,ドミニク リガード,32,19,13,0.59375,32,0.22535211267605634,142,2.6875,15
overall,MIXED,16.3,BOTTOM,3036,ドミニク リガード,32,19,13,0.59375,32,0.18181818181818182,176,2.8125,15
overall,MIXED,16.5,ALL,3089,ラバドン デスキャップ,32,19,13,0.59375,32,0.03950617283950617,810,2.25,15
overall,MIXED,15.22,ALL,3107,リデンプション,32,19,13,0.59375,32,0.048484848484848485,660,1.5,15
overall,MIXED,15.22,UTILITY,3107,リデンプション,32,19,13,0.59375,32,0.24242424242424243,132,1.5,15
overall,MIXED,15.16,ALL,1036,ロング ソード,32,19,13,0.59375,32,0.05925925925925926,540,3.625,15
overall,MIXED,15.10,ALL,3876,至点のソリ,32,19,13,0.59375,32,0.0463768115942029,690,0.65625,15
overall,MIXED,15.10,UTILITY,3876,至点のソリ,32,19,13,0.59375,32,0.2318840579710145,138,0.65625,15
overall,MIXED,16.7,ALL,2503,黒炎のトーチ,32,19,13,0.59375,32,0.04155844155844156,770,2.375,15
overall,MIXED,15.17,ALL,1038,B. F. ソード,32,18,14,0.5625,32,0.03950617283950617,810,2.96875,15
overall,MIXED,15.22,UTILITY,3158,アイオニア ブーツ,32,18,14,0.5625,32,0.24242424242424243,132,2.84375,15
overall,MIXED,16.2,UTILITY,3158,アイオニア ブーツ,32,18,14,0.5625,32,0.22535211267605634,142,2.84375,15
overall,MIXED,16.1,ALL,1018,アジリティ クローク,32,18,14,0.5625,32,0.04155844155844156,770,3.71875,15
overall,MIXED,15.3,ALL,6676,コレクター,32,18,14,0.5625,32,0.07804878048780488,410,1.875,15
overall,MIXED,16.5,TOP,6631,ストライドブレイカー,32,18,14,0.5625,32,0.19753086419753085,162,0.8125,15
overall,MIXED,16.14,JUNGLE,3157,ゾーニャの砂時計,32,18,14,0.5625,32,0.04597701149425287,696,1.1875,15
overall,MIXED,16.15,UTILITY,1031,チェイン ベスト,32,18,14,0.5625,32,0.0387409200968523,826,4.09375,15
overall,MIXED,16.17,UTILITY,4642,バンドルグラスの鏡,32,18,14,0.5625,32,0.031746031746031744,1008,3.59375,15
overall,MIXED,16.11,ALL,2524,バンドルパイプ,32,18,14,0.5625,32,0.02711864406779661,1180,2.3125,15
overall,MIXED,16.9,ALL,2523,ヘクスオプティックC44,32,18,14,0.5625,32,0.04050632911392405,790,1.96875,15
overall,MIXED,16.9,BOTTOM,2523,ヘクスオプティックC44,32,18,14,0.5625,32,0.20253164556962025,158,1.96875,15
overall,MIXED,15.16,ALL,1058,ムダニ デカイ ロッド,32,18,14,0.5625,32,0.05925925925925926,540,3.25,15
overall,MIXED,15.13,ALL,3089,ラバドン デスキャップ,32,18,14,0.5625,32,0.03333333333333333,960,2.21875,15
overall,MIXED,16.15,UTILITY,2022,輝きのモート,32,18,14,0.5625,32,0.0387409200968523,826,4.1875,15
overall,MIXED,16.14,ALL,3113,エーテル ウィスプ,32,17,15,0.53125,32,0.009195402298850575,3480,3.65625,15
overall,MIXED,15.18,MIDDLE,3364,オラクル レンズ,32,17,15,0.53125,32,0.24615384615384617,130,6.0,15
overall,MIXED,15.7,ALL,6676,コレクター,32,17,15,0.53125,32,0.06956521739130435,460,2.3125,15
overall,MIXED,16.7,JUNGLE,6610,サンダード スカイ,32,17,15,0.53125,32,0.2077922077922078,154,1.59375,15
overall,MIXED,15.2,ALL,3009,スイフトネス ブーツ,32,17,15,0.53125,32,0.06956521739130435,460,2.5625,15
overall,MIXED,16.10,ALL,2019,スチール シジル,32,17,15,0.53125,32,0.02882882882882883,1110,3.6875,15
overall,MIXED,16.11,ALL,6631,ストライドブレイカー,32,17,15,0.53125,32,0.02711864406779661,1180,1.3125,15
overall,MIXED,16.14,JUNGLE,3065,スピリット ビサージュ,32,17,15,0.53125,32,0.04597701149425287,696,2.84375,15
overall,MIXED,15.16,ALL,3869,セレスティアル オポジション,32,17,15,0.53125,32,0.05925925925925926,540,0.21875,15
overall,MIXED,15.16,UTILITY,3869,セレスティアル オポジション,32,17,15,0.53125,32,0.2962962962962963,108,0.21875,15
overall,MIXED,15.2,ALL,3078,トリニティ フォース,32,17,15,0.53125,32,0.06956521739130435,460,1.34375,15
overall,MIXED,15.22,ALL,1054,ドラン シールド,32,17,15,0.53125,32,0.048484848484848485,660,0.34375,15
overall,MIXED,16.1,ALL,3115,ナッシャー トゥース,32,17,15,0.53125,32,0.04155844155844156,770,1.5625,15
overall,MIXED,14.21,ALL,3363,ファーサイト オルタレーション,32,17,15,0.53125,32,0.11428571428571428,280,6.0,15
overall,MIXED,16.10,ALL,3145,ヘクステック オルタネーター,32,17,15,0.53125,32,0.02882882882882883,1110,3.625,15
overall,MIXED,16.14,MIDDLE,6699,ボルテイク サイクロソード,32,17,15,0.53125,32,0.04597701149425287,696,2.40625,15
overall,MIXED,15.20,JUNGLE,3111,マーキュリー ブーツ,32,17,15,0.53125,32,0.24242424242424243,132,1.90625,15
overall,MIXED,16.13,UTILITY,1058,ムダニ デカイ ロッド,32,17,15,0.53125,32,0.0487062404870624,657,4.125,15
overall,MIXED,16.17,TOP,1058,ムダニ デカイ ロッド,32,17,15,0.53125,32,0.031746031746031744,1008,3.0625,15
overall,MIXED,16.9,MIDDLE,2503,黒炎のトーチ,32,17,15,0.53125,32,0.20253164556962025,158,1.84375,15
overall,MIXED,15.15,ALL,3158,アイオニア ブーツ,32,16,16,0.5,32,0.07804878048780488,410,2.90625,15
overall,MIXED,16.8,ALL,1018,アジリティ クローク,32,16,16,0.5,32,0.045714285714285714,700,3.625,15
overall,MIXED,16.17,ALL,3504,アーデント センサー,32,16,16,0.5,32,0.006349206349206349,5040,2.84375,15
overall,MIXED,16.17,UTILITY,3504,アーデント センサー,32,16,16,0.5,32,0.031746031746031744,1008,2.84375,15
overall,MIXED,16.8,BOTTOM,3031,インフィニティ エッジ,32,16,16,0.5,32,0.22857142857142856,140,2.75,15
overall,MIXED,15.22,MIDDLE,3364,オラクル レンズ,32,16,16,0.5,32,0.24242424242424243,132,6.0,15
overall,MIXED,15.13,UTILITY,3067,キンドルジェム,32,16,16,0.5,32,0.16666666666666666,192,3.5,15
overall,MIXED,16.11,BOTTOM,6672,クラーケン スレイヤー,32,16,16,0.5,32,0.13559322033898305,236,1.5,15
overall,MIXED,16.7,BOTTOM,6672,クラーケン スレイヤー,32,16,16,0.5,32,0.2077922077922078,154,1.59375,15
overall,MIXED,16.4,ALL,6676,コレクター,32,16,16,0.5,32,0.06037735849056604,530,2.0625,15
overall,MIXED,16.15,UTILITY,1011,ジャイアント ベルト,32,16,16,0.5,32,0.0387409200968523,826,3.78125,15
overall,MIXED,15.24,TOP,3009,スイフトネス ブーツ,32,16,16,0.5,32,0.0935672514619883,342,2.125,15
overall,MIXED,15.21,ALL,6631,ストライドブレイカー,32,16,16,0.5,32,0.05423728813559322,590,0.875,15
overall,MIXED,15.13,ALL,3040,セラフ エンブレイス,32,16,16,0.5,32,0.03333333333333333,960,1.3125,15
overall,MIXED,16.16,TOP,3742,デッド マン プレート,32,16,16,0.5,32,0.04804804804804805,666,2.53125,15
overall,MIXED,16.11,BOTTOM,1037,ピッケル,32,16,16,0.5,32,0.13559322033898305,236,3.75,15
overall,MIXED,16.14,ALL,3156,マルモティウスの胃袋,32,16,16,0.5,32,0.009195402298850575,3480,2.65625,15
overall,MIXED,15.21,ALL,1058,ムダニ デカイ ロッド,32,16,16,0.5,32,0.05423728813559322,590,3.5,15
overall,MIXED,16.10,JUNGLE,1036,ロング ソード,32,16,16,0.5,32,0.14414414414414414,222,3.9375,15
overall,MIXED,16.11,MIDDLE,1052,増魔の書,32,16,16,0.5,32,0.13559322033898305,236,3.84375,15
overall,MIXED,16.18,ALL,3142,妖夢の霊剣,32,16,16,0.5,32,0.01904761904761905,1680,1.1875,15
overall,MIXED,16.14,ALL,2530,旋律のダイアデム,32,16,16,0.5,32,0.009195402298850575,3480,2.0,15
overall,MIXED,16.14,UTILITY,2530,旋律のダイアデム,32,16,16,0.5,32,0.04597701149425287,696,2.0,15
overall,MIXED,15.23,ALL,6692,赤月の刃,32,16,16,0.5,32,0.05517241379310345,580,2.0625,15
overall,MIXED,15.23,ALL,2503,黒炎のトーチ,32,16,16,0.5,32,0.05517241379310345,580,2.34375,15
overall,MIXED,16.2,MIDDLE,2503,黒炎のトーチ,32,16,16,0.5,32,0.22535211267605634,142,2.3125,15
overall,MIXED,16.9,ALL,1018,アジリティ クローク,32,15,17,0.46875,32,0.04050632911392405,790,3.09375,15
overall,MIXED,15.18,BOTTOM,6672,クラーケン スレイヤー,32,15,17,0.46875,32,0.24615384615384617,130,1.625,15
overall,MIXED,16.13,TOP,1029,クロース アーマー,32,15,17,0.46875,32,0.0486322188449848,658,3.75,15
overall,MIXED,15.13,BOTTOM,6676,コレクター,32,15,17,0.46875,32,0.16666666666666666,192,1.625,15
overall,MIXED,15.23,BOTTOM,6676,コレクター,32,15,17,0.46875,32,0.27586206896551724,116,2.375,15
overall,MIXED,16.13,TOP,1011,ジャイアント ベルト,32,15,17,0.46875,32,0.0486322188449848,658,3.46875,15
overall,MIXED,15.24,TOP,2021,トンネル掘り,32,15,17,0.46875,32,0.0935672514619883,342,2.96875,15
overall,MIXED,16.6,TOP,1054,ドラン シールド,32,15,17,0.46875,32,0.21052631578947367,152,0.9375,15
overall,MIXED,14.24,BOTTOM,1055,ドラン ブレード,32,15,17,0.46875,32,0.64,50,0.75,15
overall,MIXED,14.20,BOTTOM,3006,バーサーカー ブーツ,32,15,17,0.46875,32,0.34782608695652173,92,2.15625,15
overall,MIXED,16.8,ALL,6697,ヒュブリス,32,15,17,0.46875,32,0.045714285714285714,700,1.53125,15
overall,MIXED,15.15,ALL,3071,ブラック クリーバー,32,15,17,0.46875,32,0.07804878048780488,410,2.03125,15
overall,MIXED,15.23,ALL,3071,ブラック クリーバー,32,15,17,0.46875,32,0.05517241379310345,580,2.34375,15
overall,MIXED,15.19,ALL,3072,ブラッドサースター,32,15,17,0.46875,32,0.02782608695652174,1150,2.5,15
overall,MIXED,16.15,BOTTOM,3145,ヘクステック オルタネーター,32,15,17,0.46875,32,0.0387409200968523,826,3.0625,15
overall,MIXED,15.23,ALL,1028,ルビー クリスタル,32,15,17,0.46875,32,0.05517241379310345,580,3.9375,15
overall,MIXED,15.7,ALL,1036,ロング ソード,32,15,17,0.46875,32,0.06956521739130435,460,3.71875,15
overall,MIXED,15.8,ALL,2003,体力ポーション,32,15,17,0.46875,32,0.04923076923076923,650,1.28125,15
overall,MIXED,16.8,ALL,3084,心の鋼,32,15,17,0.46875,32,0.045714285714285714,700,1.53125,15
overall,MIXED,16.18,ALL,3916,忘却のオーブ,32,15,17,0.46875,32,0.01904761904761905,1680,3.125,15
overall,MIXED,16.15,ALL,2422,ちょっとだけ魔法がかった靴,32,14,18,0.4375,32,0.00774818401937046,4130,3.6875,15
overall,MIXED,15.3,ALL,3871,ザズ＝ザクのレルムスパイク,32,14,18,0.4375,32,0.07804878048780488,410,0.25,15
overall,MIXED,15.3,UTILITY,3871,ザズ＝ザクのレルムスパイク,32,14,18,0.4375,32,0.3902439024390244,82,0.25,15
overall,MIXED,15.22,MIDDLE,4645,シャドウフレイム,32,14,18,0.4375,32,0.24242424242424243,132,2.28125,15
overall,MIXED,14.21,BOTTOM,3340,ステルス ワード,32,14,18,0.4375,32,0.5714285714285714,56,6.0,15
overall,MIXED,16.3,TOP,1054,ドラン シールド,32,14,18,0.4375,32,0.18181818181818182,176,0.5625,15
overall,MIXED,16.13,TOP,1086,ドラン ボウ,32,14,18,0.4375,32,0.0486322188449848,658,0.625,15
overall,MIXED,14.22,ALL,1056,ドラン リング,32,14,18,0.4375,32,0.1103448275862069,290,1.53125,15
overall,MIXED,16.14,ALL,3181,ハルブレイカー,32,14,18,0.4375,32,0.009195402298850575,3480,2.46875,15
overall,MIXED,16.17,ALL,2520,バスティオンブレイカー,32,14,18,0.4375,32,0.006349206349206349,5040,2.5625,15
overall,MIXED,14.19,TOP,3047,プレート スチールキャップ,32,14,18,0.4375,32,0.38095238095238093,84,2.5,15
overall,MIXED,15.19,ALL,3118,マリグナンス,32,14,18,0.4375,32,0.02782608695652174,1150,2.625,15
overall,MIXED,15.20,ALL,4633,リフトメーカー,32,14,18,0.4375,32,0.048484848484848485,660,2.0625,15
overall,MIXED,16.15,TOP,2502,終わりなき絶望,32,14,18,0.4375,32,0.0387409200968523,826,2.3125,15
overall,MIXED,15.17,ALL,3876,至点のソリ,32,14,18,0.4375,32,0.03950617283950617,810,0.21875,15
overall,MIXED,15.17,UTILITY,3876,至点のソリ,32,14,18,0.4375,32,0.19875776397515527,161,0.21875,15
overall,MIXED,16.14,ALL,3174,装甲強化の進撃,32,14,18,0.4375,32,0.009195402298850575,3480,2.3125,15
overall,MIXED,16.14,MIDDLE,3174,装甲強化の進撃,32,14,18,0.4375,32,0.04597701149425287,696,2.3125,15
overall,MIXED,15.13,TOP,2031,詰め替えポーション,32,14,18,0.4375,32,0.16666666666666666,192,1.3125,15
overall,MIXED,16.18,TOP,6692,赤月の刃,32,14,18,0.4375,32,0.09523809523809523,336,1.75,15
overall,MIXED,16.10,MIDDLE,2055,コントロール ワード,32,13,19,0.40625,32,0.14414414414414414,222,2.15625,15
overall,MIXED,16.16,TOP,1086,ドラン ボウ,32,13,19,0.40625,32,0.04804804804804805,666,0.375,15
overall,MIXED,15.13,MIDDLE,6653,ライアンドリーの仮面,32,13,19,0.40625,32,0.16753926701570682,191,2.46875,15
overall,MIXED,16.17,MIDDLE,4633,リフトメーカー,32,13,19,0.40625,32,0.031746031746031744,1008,2.375,15
overall,MIXED,16.18,TOP,1028,ルビー クリスタル,32,13,19,0.40625,32,0.09523809523809523,336,4.03125,15
overall,MIXED,16.13,TOP,6692,赤月の刃,32,13,19,0.40625,32,0.0486322188449848,658,1.71875,15
overall,MIXED,14.24,JUNGLE,3364,オラクル レンズ,32,12,20,0.375,32,0.64,50,6.0,15
overall,MIXED,16.17,MIDDLE,1029,クロース アーマー,32,12,20,0.375,32,0.031746031746031744,1008,3.5,15
overall,MIXED,15.10,JUNGLE,3340,ステルス ワード,32,12,20,0.375,32,0.2318840579710145,138,6.0,15
overall,MIXED,16.10,ALL,1042,ダガー,32,12,20,0.375,32,0.02882882882882883,1110,3.375,15
overall,MIXED,15.16,ALL,3078,トリニティ フォース,32,12,20,0.375,32,0.05925925925925926,540,1.34375,15
overall,MIXED,16.5,ALL,2021,トンネル掘り,32,12,20,0.375,32,0.03950617283950617,810,3.21875,15
overall,MIXED,16.14,BOTTOM,2512,フィーンドハンターの矢,32,11,21,0.34375,32,0.04597701149425287,696,2.28125,15
overall,MIXED,16.18,BOTTOM,3032,ユン・タル ワイルドアロー,32,11,21,0.34375,32,0.09523809523809523,336,1.3125,15
overall,MIXED,15.16,ALL,3116,リーライ クリスタル セプター,32,11,21,0.34375,32,0.05925925925925926,540,1.84375,15
overall,MIXED,15.24,BOTTOM,1036,ロング ソード,32,11,21,0.34375,32,0.093841642228739,341,3.875,15
overall,MIXED,16.9,ALL,3067,キンドルジェム,32,10,22,0.3125,32,0.04050632911392405,790,3.375,15
overall,MIXED,15.19,BOTTOM,3172,ガンメタル ブーツ,31,23,8,0.7419354838709677,31,0.13478260869565217,230,2.5161290322580645,15
overall,MIXED,16.13,TOP,6665,変幻自在のジャック＝ショー,31,23,8,0.7419354838709677,31,0.04711246200607903,658,2.3548387096774195,15
overall,MIXED,16.8,ALL,1038,B. F. ソード,31,22,9,0.7096774193548387,31,0.04428571428571428,700,3.0,15
overall,MIXED,16.14,ALL,3091,ウィッツ エンド,31,22,9,0.7096774193548387,31,0.008908045977011494,3480,2.096774193548387,15
overall,MIXED,15.17,ALL,3124,グインソー レイジブレード,31,22,9,0.7096774193548387,31,0.03827160493827161,810,2.4838709677419355,15
overall,MIXED,16.10,TOP,2055,コントロール ワード,31,20,11,0.6451612903225806,31,0.13963963963963963,222,2.3870967741935485,15
overall,MIXED,16.8,ALL,3869,セレスティアル オポジション,31,20,11,0.6451612903225806,31,0.04428571428571428,700,0.5161290322580645,15
overall,MIXED,16.8,UTILITY,3869,セレスティアル オポジション,31,20,11,0.6451612903225806,31,0.22142857142857142,140,0.5161290322580645,15
overall,MIXED,16.18,UTILITY,3111,マーキュリー ブーツ,31,20,11,0.6451612903225806,31,0.09226190476190477,336,2.3870967741935485,15
overall,MIXED,16.16,BOTTOM,1058,ムダニ デカイ ロッド,31,20,11,0.6451612903225806,31,0.046546546546546545,666,3.4193548387096775,15
overall,MIXED,15.24,TOP,6653,ライアンドリーの仮面,31,20,11,0.6451612903225806,31,0.09064327485380116,342,2.193548387096774,15
overall,MIXED,16.5,ALL,3142,妖夢の霊剣,31,20,11,0.6451612903225806,31,0.03827160493827161,810,1.5161290322580645,15
overall,MIXED,16.1,ALL,1029,クロース アーマー,31,19,12,0.6129032258064516,31,0.04025974025974026,770,3.806451612903226,15
overall,MIXED,15.16,JUNGLE,2055,コントロール ワード,31,19,12,0.6129032258064516,31,0.28703703703703703,108,2.4838709677419355,15
overall,MIXED,16.6,ALL,3133,コールフィールド ウォーハンマー,31,19,12,0.6129032258064516,31,0.04078947368421053,760,3.193548387096774,15
overall,MIXED,16.16,JUNGLE,3068,サンファイア イージス,31,19,12,0.6129032258064516,31,0.046546546546546545,666,1.3225806451612903,15
overall,MIXED,16.17,UTILITY,1011,ジャイアント ベルト,31,19,12,0.6129032258064516,31,0.030753968253968252,1008,3.7419354838709675,15
overall,MIXED,16.15,JUNGLE,3075,ソーンメイル,31,19,12,0.6129032258064516,31,0.03753026634382567,826,2.3870967741935485,15
overall,MIXED,15.19,BOTTOM,3036,ドミニク リガード,31,19,12,0.6129032258064516,31,0.13478260869565217,230,2.3870967741935485,15
overall,MIXED,16.12,TOP,3006,バーサーカー ブーツ,31,19,12,0.6129032258064516,31,0.17415730337078653,178,2.2580645161290325,15
overall,MIXED,16.15,TOP,3046,ファントム ダンサー,31,19,12,0.6129032258064516,31,0.03753026634382567,826,2.870967741935484,15
overall,MIXED,16.1,JUNGLE,3111,マーキュリー ブーツ,31,19,12,0.6129032258064516,31,0.2012987012987013,154,1.8387096774193548,15
overall,MIXED,15.18,ALL,3032,ユン・タル ワイルドアロー,31,19,12,0.6129032258064516,31,0.047692307692307694,650,2.193548387096774,15
overall,MIXED,16.10,ALL,3035,ラスト ウィスパー,31,19,12,0.6129032258064516,31,0.027927927927927927,1110,3.5483870967741935,15
overall,MIXED,16.16,BOTTOM,3089,ラバドン デスキャップ,31,19,12,0.6129032258064516,31,0.046546546546546545,666,2.6451612903225805,15
overall,MIXED,15.10,ALL,3116,リーライ クリスタル セプター,31,19,12,0.6129032258064516,31,0.04492753623188406,690,2.4516129032258065,15
overall,MIXED,16.13,BOTTOM,3116,リーライ クリスタル セプター,31,19,12,0.6129032258064516,31,0.04711246200607903,658,2.7419354838709675,15
overall,MIXED,16.7,ALL,2510,黄昏と暁,31,19,12,0.6129032258064516,31,0.04025974025974026,770,1.8387096774193548,15
overall,MIXED,16.9,ALL,1038,B. F. ソード,31,18,13,0.5806451612903226,31,0.039240506329113925,790,2.806451612903226,15
overall,MIXED,16.14,TOP,3067,キンドルジェム,31,18,13,0.5806451612903226,31,0.04454022988505747,696,3.5806451612903225,15
overall,MIXED,16.16,MIDDLE,6672,クラーケン スレイヤー,31,18,13,0.5806451612903226,31,0.046546546546546545,666,2.032258064516129,15
overall,MIXED,16.18,UTILITY,3050,ジーク コンバージェンス,31,18,13,0.5806451612903226,31,0.09226190476190477,336,2.161290322580645,15
overall,MIXED,15.13,ALL,6631,ストライドブレイカー,31,18,13,0.5806451612903226,31,0.03229166666666667,960,0.967741935483871,15
overall,MIXED,15.24,ALL,3134,セレイテッド ダーク,31,18,13,0.5806451612903226,31,0.018128654970760234,1710,3.064516129032258,15
overall,MIXED,16.6,ALL,3190,ソラリのロケット,31,18,13,0.5806451612903226,31,0.04078947368421053,760,1.3548387096774193,15
overall,MIXED,16.6,UTILITY,3190,ソラリのロケット,31,18,13,0.5806451612903226,31,0.2052980132450331,151,1.3548387096774193,15
overall,MIXED,15.19,MIDDLE,3157,ゾーニャの砂時計,31,18,13,0.5806451612903226,31,0.13478260869565217,230,1.8709677419354838,15
overall,MIXED,16.13,ALL,6698,プロフェイン ハイドラ,31,18,13,0.5806451612903226,31,0.009422492401215805,3290,0.9354838709677419,15
overall,MIXED,16.13,ALL,2517,終わりなき飢え,31,18,13,0.5806451612903226,31,0.009422492401215805,3290,3.225806451612903,15
overall,MIXED,16.10,JUNGLE,6672,クラーケン スレイヤー,31,17,14,0.5483870967741935,31,0.13963963963963963,222,1.5483870967741935,15
overall,MIXED,16.11,JUNGLE,6672,クラーケン スレイヤー,31,17,14,0.5483870967741935,31,0.13135593220338984,236,1.4516129032258065,15
overall,MIXED,15.2,JUNGLE,3340,ステルス ワード,31,17,14,0.5483870967741935,31,0.33695652173913043,92,6.0,15
overall,MIXED,15.3,ALL,3078,トリニティ フォース,31,17,14,0.5483870967741935,31,0.07560975609756097,410,1.5483870967741935,15
overall,MIXED,15.1,ALL,1055,ドラン ブレード,31,17,14,0.5483870967741935,31,0.1631578947368421,190,0.8387096774193549,15
overall,MIXED,15.24,BOTTOM,3072,ブラッドサースター,31,17,14,0.5483870967741935,31,0.09090909090909091,341,1.6774193548387097,15
overall,MIXED,16.6,MIDDLE,1058,ムダニ デカイ ロッド,31,17,14,0.5483870967741935,31,0.20394736842105263,152,3.096774193548387,15
overall,MIXED,15.24,MIDDLE,3089,ラバドン デスキャップ,31,17,14,0.5483870967741935,31,0.09064327485380116,342,2.161290322580645,15
overall,MIXED,15.2,ALL,1028,ルビー クリスタル,31,17,14,0.5483870967741935,31,0.06739130434782609,460,3.774193548387097,15
overall,MIXED,16.14,ALL,3082,ワーデン メイル,31,17,14,0.5483870967741935,31,0.008908045977011494,3480,3.064516129032258,15
overall,MIXED,16.14,BOTTOM,2003,体力ポーション,31,17,14,0.5483870967741935,31,0.04454022988505747,696,0.9354838709677419,15
overall,MIXED,14.19,ALL,1052,増魔の書,31,17,14,0.5483870967741935,31,0.07380952380952381,420,3.7096774193548385,15
overall,MIXED,16.14,BOTTOM,2503,黒炎のトーチ,31,17,14,0.5483870967741935,31,0.04454022988505747,696,1.8064516129032258,15
overall,MIXED,16.1,JUNGLE,2055,コントロール ワード,31,16,15,0.5161290322580645,31,0.2012987012987013,154,2.193548387096774,15
overall,MIXED,16.3,JUNGLE,6610,サンダード スカイ,31,16,15,0.5161290322580645,31,0.17613636363636365,176,1.1290322580645162,15
overall,MIXED,15.14,ALL,4645,シャドウフレイム,31,16,15,0.5161290322580645,31,0.06739130434782609,460,2.5483870967741935,15
overall,MIXED,16.1,ALL,3161,ショウジンの矛,31,16,15,0.5161290322580645,31,0.04025974025974026,770,2.7419354838709675,15
overall,MIXED,16.16,BOTTOM,3087,スタティック シヴ,31,16,15,0.5161290322580645,31,0.046546546546546545,666,1.935483870967742,15
overall,MIXED,15.22,ALL,6631,ストライドブレイカー,31,16,15,0.5161290322580645,31,0.04696969696969697,660,1.064516129032258,15
overall,MIXED,16.8,ALL,3190,ソラリのロケット,31,16,15,0.5161290322580645,31,0.04428571428571428,700,1.2580645161290323,15
overall,MIXED,16.8,UTILITY,3190,ソラリのロケット,31,16,15,0.5161290322580645,31,0.22142857142857142,140,1.2580645161290323,15
overall,MIXED,15.13,JUNGLE,3020,ソーサラー シューズ,31,16,15,0.5161290322580645,31,0.16145833333333334,192,2.3548387096774195,15
overall,MIXED,15.7,ALL,3075,ソーンメイル,31,16,15,0.5161290322580645,31,0.06739130434782609,460,2.3548387096774195,15
overall,MIXED,15.13,MIDDLE,3157,ゾーニャの砂時計,31,16,15,0.5161290322580645,31,0.16230366492146597,191,1.032258064516129,15
overall,MIXED,16.10,ALL,1082,ダーク シール,31,16,15,0.5161290322580645,31,0.027927927927927927,1110,2.5806451612903225,15
overall,MIXED,16.3,TOP,1055,ドラン ブレード,31,16,15,0.5161290322580645,31,0.17613636363636365,176,0.3548387096774194,15
overall,MIXED,15.16,TOP,3047,プレート スチールキャップ,31,16,15,0.5161290322580645,31,0.28703703703703703,108,2.5806451612903225,15
overall,MIXED,16.15,JUNGLE,6698,プロフェイン ハイドラ,31,16,15,0.5161290322580645,31,0.03753026634382567,826,1.2903225806451613,15
overall,MIXED,15.24,ALL,6664,ホロウ レディアンス,31,16,15,0.5161290322580645,31,0.018128654970760234,1710,2.0,15
overall,MIXED,16.8,ALL,3118,マリグナンス,31,16,15,0.5161290322580645,31,0.04428571428571428,700,1.903225806451613,15
overall,MIXED,16.15,ALL,3032,ユン・タル ワイルドアロー,31,16,15,0.5161290322580645,31,0.007506053268765133,4130,1.7096774193548387,15
overall,MIXED,16.12,ALL,3089,ラバドン デスキャップ,31,16,15,0.5161290322580645,31,0.0348314606741573,890,2.5161290322580645,15
overall,MIXED,16.7,ALL,4633,リフトメーカー,31,16,15,0.5161290322580645,31,0.04025974025974026,770,2.161290322580645,15
overall,MIXED,16.13,ALL,3085,ルナーン ハリケーン,31,16,15,0.5161290322580645,31,0.009422492401215805,3290,2.193548387096774,15
overall,MIXED,14.19,ALL,1028,ルビー クリスタル,31,16,15,0.5161290322580645,31,0.07380952380952381,420,3.7096774193548385,15
overall,MIXED,16.13,MIDDLE,6657,ロッド オブ エイジス,31,16,15,0.5161290322580645,31,0.04711246200607903,658,2.129032258064516,15
overall,MIXED,15.11,ALL,1036,ロング ソード,31,16,15,0.5161290322580645,31,0.05849056603773585,530,3.6774193548387095,15
overall,MIXED,16.9,JUNGLE,2510,黄昏と暁,31,16,15,0.5161290322580645,31,0.1962025316455696,158,1.2580645161290323,15
overall,MIXED,15.22,ALL,3067,キンドルジェム,31,15,16,0.4838709677419355,31,0.04696969696969697,660,3.6129032258064515,15
overall,MIXED,16.17,MIDDLE,6672,クラーケン スレイヤー,31,15,16,0.4838709677419355,31,0.030753968253968252,1008,2.064516129032258,15
overall,MIXED,15.10,ALL,1029,クロース アーマー,31,15,16,0.4838709677419355,31,0.04492753623188406,690,3.5483870967741935,15
overall,MIXED,15.17,ALL,1029,クロース アーマー,31,15,16,0.4838709677419355,31,0.03827160493827161,810,3.5806451612903225,15
overall,MIXED,15.21,ALL,6610,サンダード スカイ,31,15,16,0.4838709677419355,31,0.05254237288135593,590,1.7096774193548387,15
overall,MIXED,16.6,ALL,6631,ストライドブレイカー,31,15,16,0.4838709677419355,31,0.04078947368421053,760,1.0,15
overall,MIXED,15.21,ALL,3190,ソラリのロケット,31,15,16,0.4838709677419355,31,0.05254237288135593,590,1.3870967741935485,15
overall,MIXED,15.21,UTILITY,3190,ソラリのロケット,31,15,16,0.4838709677419355,31,0.2627118644067797,118,1.3870967741935485,15
overall,MIXED,16.2,JUNGLE,3020,ソーサラー シューズ,31,15,16,0.4838709677419355,31,0.21830985915492956,142,2.064516129032258,15
overall,MIXED,15.13,JUNGLE,3071,ブラック クリーバー,31,15,16,0.4838709677419355,31,0.16145833333333334,192,1.2903225806451613,15
overall,MIXED,16.14,JUNGLE,2525,プロトプラズム ハーネス,31,15,16,0.4838709677419355,31,0.04454022988505747,696,1.7741935483870968,15
overall,MIXED,15.24,ALL,3152,ヘクステック ロケットベルト,31,15,16,0.4838709677419355,31,0.018128654970760234,1710,1.2903225806451613,15
overall,MIXED,16.16,ALL,3156,マルモティウスの胃袋,31,15,16,0.4838709677419355,31,0.009309309309309309,3330,2.935483870967742,15
overall,MIXED,16.12,ALL,1058,ムダニ デカイ ロッド,31,15,16,0.4838709677419355,31,0.0348314606741573,890,3.032258064516129,15
overall,MIXED,16.16,MIDDLE,3116,リーライ クリスタル セプター,31,15,16,0.4838709677419355,31,0.046546546546546545,666,2.6129032258064515,15
overall,MIXED,16.5,MIDDLE,6655,ルーデン エコー,31,15,16,0.4838709677419355,31,0.19135802469135801,162,2.4516129032258065,15
overall,MIXED,16.14,ALL,3083,ワーモグ アーマー,31,15,16,0.4838709677419355,31,0.008908045977011494,3480,1.903225806451613,15
overall,MIXED,16.17,JUNGLE,2022,輝きのモート,31,15,16,0.4838709677419355,31,0.030753968253968252,1008,3.838709677419355,15
overall,MIXED,16.17,MIDDLE,1038,B. F. ソード,31,14,17,0.45161290322580644,31,0.030753968253968252,1008,3.5483870967741935,15
overall,MIXED,16.14,JUNGLE,2422,ちょっとだけ魔法がかった靴,31,14,17,0.45161290322580644,31,0.04454022988505747,696,3.193548387096774,15
overall,MIXED,15.2,ALL,3158,アイオニア ブーツ,31,14,17,0.45161290322580644,31,0.06739130434782609,460,2.806451612903226,15
overall,MIXED,16.6,ALL,1018,アジリティ クローク,31,14,17,0.45161290322580644,31,0.04078947368421053,760,3.6774193548387095,15
overall,MIXED,15.21,MIDDLE,3364,オラクル レンズ,31,14,17,0.45161290322580644,31,0.2627118644067797,118,6.0,15
overall,MIXED,16.6,ALL,1029,クロース アーマー,31,14,17,0.45161290322580644,31,0.04078947368421053,760,4.032258064516129,15
overall,MIXED,15.20,ALL,3871,ザズ＝ザクのレルムスパイク,31,14,17,0.45161290322580644,31,0.04696969696969697,660,0.5161290322580645,15
overall,MIXED,15.20,UTILITY,3871,ザズ＝ザクのレルムスパイク,31,14,17,0.45161290322580644,31,0.23484848484848486,132,0.5161290322580645,15
overall,MIXED,16.16,JUNGLE,4645,シャドウフレイム,31,14,17,0.45161290322580644,31,0.046546546546546545,666,2.161290322580645,15
overall,MIXED,16.13,MIDDLE,1086,ドラン ボウ,31,14,17,0.45161290322580644,31,0.04711246200607903,658,0.7096774193548387,15
overall,MIXED,16.4,MIDDLE,1056,ドラン リング,31,14,17,0.45161290322580644,31,0.29245283018867924,106,0.6774193548387096,15
overall,MIXED,14.22,BOTTOM,3006,バーサーカー ブーツ,31,14,17,0.45161290322580644,31,0.5344827586206896,58,2.5806451612903225,15
overall,MIXED,16.15,MIDDLE,1037,ピッケル,31,14,17,0.45161290322580644,31,0.03753026634382567,826,3.3870967741935485,15
overall,MIXED,15.10,ALL,3118,マリグナンス,31,14,17,0.45161290322580644,31,0.04492753623188406,690,1.8709677419354838,15
overall,MIXED,15.12,ALL,3032,ユン・タル ワイルドアロー,31,14,17,0.45161290322580644,31,0.060784313725490195,510,1.7419354838709677,15
overall,MIXED,16.11,MIDDLE,3089,ラバドン デスキャップ,31,14,17,0.45161290322580644,31,0.13135593220338984,236,2.2580645161290325,15
overall,MIXED,15.12,ALL,1028,ルビー クリスタル,31,14,17,0.45161290322580644,31,0.060784313725490195,510,4.354838709677419,15
overall,MIXED,15.20,ALL,6655,ルーデン エコー,31,14,17,0.45161290322580644,31,0.04696969696969697,660,2.3548387096774195,15
overall,MIXED,16.14,ALL,4005,帝国の指令,31,14,17,0.45161290322580644,31,0.008908045977011494,3480,2.2903225806451615,15
overall,MIXED,15.17,ALL,3508,エッセンス リーバー,31,13,18,0.41935483870967744,31,0.03827160493827161,810,1.5806451612903225,15
overall,MIXED,15.17,BOTTOM,3508,エッセンス リーバー,31,13,18,0.41935483870967744,31,0.19135802469135801,162,1.5806451612903225,15
overall,MIXED,14.24,ALL,6676,コレクター,31,13,18,0.41935483870967744,31,0.124,250,1.7096774193548387,15
overall,MIXED,15.22,JUNGLE,2055,コントロール ワード,31,13,18,0.41935483870967744,31,0.23484848484848486,132,2.096774193548387,15
overall,MIXED,15.22,JUNGLE,3340,ステルス ワード,31,13,18,0.41935483870967744,31,0.23484848484848486,132,6.0,15
overall,MIXED,16.11,UTILITY,3340,ステルス ワード,31,13,18,0.41935483870967744,31,0.13135593220338984,236,6.0,15
overall,MIXED,15.22,ALL,3869,セレスティアル オポジション,31,13,18,0.41935483870967744,31,0.04696969696969697,660,0.2903225806451613,15
overall,MIXED,15.22,UTILITY,3869,セレスティアル オポジション,31,13,18,0.41935483870967744,31,0.23484848484848486,132,0.2903225806451613,15
overall,MIXED,16.1,ALL,3108,フィンディッシュの古書,31,13,18,0.41935483870967744,31,0.04025974025974026,770,3.129032258064516,15
overall,MIXED,16.3,JUNGLE,3071,ブラック クリーバー,31,13,18,0.41935483870967744,31,0.17613636363636365,176,1.6774193548387097,15
overall,MIXED,15.9,ALL,6655,ルーデン エコー,31,13,18,0.41935483870967744,31,0.07209302325581396,430,2.4516129032258065,15
overall,MIXED,15.9,ALL,1036,ロング ソード,31,13,18,0.41935483870967744,31,0.07209302325581396,430,3.5483870967741935,15
overall,MIXED,15.12,ALL,1052,増魔の書,31,13,18,0.41935483870967744,31,0.060784313725490195,510,3.5806451612903225,15
overall,MIXED,16.16,JUNGLE,6692,赤月の刃,31,13,18,0.41935483870967744,31,0.046546546546546545,666,2.064516129032258,15
overall,MIXED,16.9,ALL,6692,赤月の刃,31,13,18,0.41935483870967744,31,0.039240506329113925,790,2.3870967741935485,15
overall,MIXED,16.5,MIDDLE,3364,オラクル レンズ,31,12,19,0.3870967741935484,31,0.19135802469135801,162,6.0,15
overall,MIXED,16.15,JUNGLE,1029,クロース アーマー,31,12,19,0.3870967741935484,31,0.03753026634382567,826,3.6129032258064515,15
overall,MIXED,15.18,ALL,6676,コレクター,31,12,19,0.3870967741935484,31,0.047692307692307694,650,2.032258064516129,15
overall,MIXED,15.15,ALL,3009,スイフトネス ブーツ,31,12,19,0.3870967741935484,31,0.07560975609756097,410,2.225806451612903,15
overall,MIXED,16.14,TOP,2019,スチール シジル,31,12,19,0.3870967741935484,31,0.04454022988505747,696,3.129032258064516,15
overall,MIXED,15.8,TOP,1054,ドラン シールド,31,12,19,0.3870967741935484,31,0.23846153846153847,130,0.8064516129032258,15
overall,MIXED,15.23,ALL,1001,ブーツ,31,12,19,0.3870967741935484,31,0.05344827586206897,580,2.4838709677419355,15
overall,MIXED,15.12,ALL,3153,ルインドキング ブレード,31,12,19,0.3870967741935484,31,0.060784313725490195,510,1.8064516129032258,15
overall,MIXED,15.24,ALL,6657,ロッド オブ エイジス,31,12,19,0.3870967741935484,31,0.018128654970760234,1710,2.2580645161290325,15
overall,MIXED,16.13,JUNGLE,3161,ショウジンの矛,31,11,20,0.3548387096774194,31,0.04711246200607903,658,2.129032258064516,15
overall,MIXED,15.13,ALL,3133,コールフィールド ウォーハンマー,31,10,21,0.3225806451612903,31,0.03229166666666667,960,3.3548387096774195,15
overall,MIXED,16.12,ALL,3118,マリグナンス,31,10,21,0.3225806451612903,31,0.0348314606741573,890,2.193548387096774,15
overall,MIXED,15.18,ALL,6692,赤月の刃,31,10,21,0.3225806451612903,31,0.047692307692307694,650,1.7741935483870968,15
overall,MIXED,14.21,ALL,2031,詰め替えポーション,31,9,22,0.2903225806451613,31,0.11071428571428571,280,1.064516129032258,15
overall,MIXED,16.17,ALL,3114,フォビドゥン アイドル,30,21,9,0.7,30,0.005952380952380952,5040,4.066666666666666,15
overall,MIXED,16.17,ALL,3091,ウィッツ エンド,30,20,10,0.6666666666666666,30,0.005952380952380952,5040,2.933333333333333,15
overall,MIXED,16.16,UTILITY,1058,ムダニ デカイ ロッド,30,20,10,0.6666666666666666,30,0.04504504504504504,666,3.7666666666666666,15
overall,MIXED,16.4,ALL,3089,ラバドン デスキャップ,30,20,10,0.6666666666666666,30,0.05660377358490566,530,1.9,15
overall,MIXED,15.10,ALL,3171,真紅のアイオニア ブーツ,30,20,10,0.6666666666666666,30,0.043478260869565216,690,2.5,15
overall,MIXED,15.22,ALL,3174,装甲強化の進撃,30,20,10,0.6666666666666666,30,0.045454545454545456,660,2.1333333333333333,15
overall,MIXED,16.5,TOP,2031,詰め替えポーション,30,20,10,0.6666666666666666,30,0.18518518518518517,162,1.1333333333333333,15
overall,MIXED,16.5,BOTTOM,1018,アジリティ クローク,30,19,11,0.6333333333333333,30,0.18518518518518517,162,3.3,15
overall,MIXED,16.10,BOTTOM,3508,エッセンス リーバー,30,19,11,0.6333333333333333,30,0.13513513513513514,222,1.4333333333333333,15
overall,MIXED,15.19,ALL,3170,スイフトマーチ,30,19,11,0.6333333333333333,30,0.02608695652173913,1150,3.0,15
overall,MIXED,16.16,JUNGLE,3065,スピリット ビサージュ,30,19,11,0.6333333333333333,30,0.04504504504504504,666,3.2333333333333334,15
overall,MIXED,15.3,ALL,3075,ソーンメイル,30,19,11,0.6333333333333333,30,0.07317073170731707,410,2.2666666666666666,15
overall,MIXED,16.16,TOP,3046,ファントム ダンサー,30,19,11,0.6333333333333333,30,0.04504504504504504,666,2.1666666666666665,15
overall,MIXED,16.18,TOP,6653,ライアンドリーの仮面,30,19,11,0.6333333333333333,30,0.08928571428571429,336,1.9333333333333333,15
overall,MIXED,15.24,JUNGLE,3153,ルインドキング ブレード,30,19,11,0.6333333333333333,30,0.08771929824561403,342,1.5333333333333334,15
overall,MIXED,15.13,ALL,3084,心の鋼,30,19,11,0.6333333333333333,30,0.03125,960,1.9,15
overall,MIXED,15.16,ALL,3174,装甲強化の進撃,30,19,11,0.6333333333333333,30,0.05555555555555555,540,2.466666666666667,15
overall,MIXED,16.17,TOP,2501,覇王のブラッドメイル,30,19,11,0.6333333333333333,30,0.02976190476190476,1008,2.6,15
overall,MIXED,16.10,ALL,3133,コールフィールド ウォーハンマー,30,18,12,0.6,30,0.02702702702702703,1110,3.466666666666667,15
overall,MIXED,16.17,TOP,4645,シャドウフレイム,30,18,12,0.6,30,0.02976190476190476,1008,2.2666666666666666,15
overall,MIXED,16.4,ALL,3009,スイフトネス ブーツ,30,18,12,0.6,30,0.05660377358490566,530,2.566666666666667,15
overall,MIXED,15.9,ALL,3190,ソラリのロケット,30,18,12,0.6,30,0.06976744186046512,430,1.1,15
overall,MIXED,15.9,UTILITY,3190,ソラリのロケット,30,18,12,0.6,30,0.3488372093023256,86,1.1,15
overall,MIXED,15.10,TOP,1054,ドラン シールド,30,18,12,0.6,30,0.21739130434782608,138,0.7333333333333333,15
overall,MIXED,15.13,TOP,1055,ドラン ブレード,30,18,12,0.6,30,0.15625,192,0.7666666666666667,15
overall,MIXED,14.20,JUNGLE,3047,プレート スチールキャップ,30,18,12,0.6,30,0.32608695652173914,92,1.9666666666666666,15
overall,MIXED,16.16,ALL,6664,ホロウ レディアンス,30,18,12,0.6,30,0.009009009009009009,3330,2.2666666666666666,15
overall,MIXED,16.17,MIDDLE,6699,ボルテイク サイクロソード,30,18,12,0.6,30,0.02976190476190476,1008,2.1333333333333333,15
overall,MIXED,16.16,ALL,1083,カル,30,17,13,0.5666666666666667,30,0.009009009009009009,3330,2.7,15
overall,MIXED,15.20,ALL,3075,ソーンメイル,30,17,13,0.5666666666666667,30,0.045454545454545456,660,2.6333333333333333,15
overall,MIXED,16.4,ALL,3036,ドミニク リガード,30,17,13,0.5666666666666667,30,0.05660377358490566,530,2.6333333333333333,15
overall,MIXED,14.24,ALL,1056,ドラン リング,30,17,13,0.5666666666666667,30,0.12,250,1.1666666666666667,15
overall,MIXED,16.16,UTILITY,1033,ヌルマジック マント,30,17,13,0.5666666666666667,30,0.04504504504504504,666,4.066666666666666,15
overall,MIXED,16.11,MIDDLE,3363,ファーサイト オルタレーション,30,17,13,0.5666666666666667,30,0.1271186440677966,236,6.0,15
overall,MIXED,16.13,JUNGLE,3152,ヘクステック ロケットベルト,30,17,13,0.5666666666666667,30,0.04559270516717325,658,0.8333333333333334,15
overall,MIXED,15.3,ALL,3118,マリグナンス,30,17,13,0.5666666666666667,30,0.07317073170731707,410,2.466666666666667,15
overall,MIXED,15.18,MIDDLE,6653,ライアンドリーの仮面,30,17,13,0.5666666666666667,30,0.23076923076923078,130,2.8,15
overall,MIXED,16.14,MIDDLE,3116,リーライ クリスタル セプター,30,17,13,0.5666666666666667,30,0.04310344827586207,696,2.3,15
overall,MIXED,15.13,MIDDLE,6657,ロッド オブ エイジス,30,17,13,0.5666666666666667,30,0.15706806282722513,191,2.1333333333333333,15
overall,MIXED,16.14,MIDDLE,2003,体力ポーション,30,17,13,0.5666666666666667,30,0.04310344827586207,696,1.1,15
overall,MIXED,16.2,ALL,3084,心の鋼,30,17,13,0.5666666666666667,30,0.04225352112676056,710,1.3666666666666667,15
overall,MIXED,16.18,ALL,3508,エッセンス リーバー,30,16,14,0.5333333333333333,30,0.017857142857142856,1680,1.7666666666666666,15
overall,MIXED,16.3,BOTTOM,6672,クラーケン スレイヤー,30,16,14,0.5333333333333333,30,0.17045454545454544,176,1.7666666666666666,15
overall,MIXED,15.17,BOTTOM,6676,コレクター,30,16,14,0.5333333333333333,30,0.18518518518518517,162,2.2,15
overall,MIXED,15.22,BOTTOM,6676,コレクター,30,16,14,0.5333333333333333,30,0.22727272727272727,132,1.7333333333333334,15
overall,MIXED,15.21,ALL,3871,ザズ＝ザクのレルムスパイク,30,16,14,0.5333333333333333,30,0.05084745762711865,590,0.06666666666666667,15
overall,MIXED,15.21,UTILITY,3871,ザズ＝ザクのレルムスパイク,30,16,14,0.5333333333333333,30,0.2542372881355932,118,0.06666666666666667,15
overall,MIXED,14.22,BOTTOM,3340,ステルス ワード,30,16,14,0.5333333333333333,30,0.5172413793103449,58,6.0,15
overall,MIXED,16.9,ALL,6631,ストライドブレイカー,30,16,14,0.5333333333333333,30,0.0379746835443038,790,1.0,15
overall,MIXED,16.18,ALL,6694,セリルダの怨恨,30,16,14,0.5333333333333333,30,0.017857142857142856,1680,2.8333333333333335,15
overall,MIXED,15.23,ALL,3869,セレスティアル オポジション,30,16,14,0.5333333333333333,30,0.05172413793103448,580,0.16666666666666666,15
overall,MIXED,15.23,UTILITY,3869,セレスティアル オポジション,30,16,14,0.5333333333333333,30,0.25862068965517243,116,0.16666666666666666,15
overall,MIXED,16.13,TOP,1031,チェイン ベスト,30,16,14,0.5333333333333333,30,0.04559270516717325,658,3.2666666666666666,15
overall,MIXED,15.15,ALL,3078,トリニティ フォース,30,16,14,0.5333333333333333,30,0.07317073170731707,410,1.6333333333333333,15
overall,MIXED,16.11,UTILITY,2524,バンドルパイプ,30,16,14,0.5333333333333333,30,0.1271186440677966,236,2.3333333333333335,15
overall,MIXED,16.13,BOTTOM,2512,フィーンドハンターの矢,30,16,14,0.5333333333333333,30,0.04559270516717325,658,2.2333333333333334,15
overall,MIXED,15.10,JUNGLE,3071,ブラック クリーバー,30,16,14,0.5333333333333333,30,0.21739130434782608,138,1.7666666666666666,15
overall,MIXED,16.12,ALL,3076,ブランブル ベスト,30,16,14,0.5333333333333333,30,0.033707865168539325,890,3.033333333333333,15
overall,MIXED,15.23,ALL,3118,マリグナンス,30,16,14,0.5333333333333333,30,0.05172413793103448,580,2.3666666666666667,15
overall,MIXED,16.9,JUNGLE,3111,マーキュリー ブーツ,30,16,14,0.5333333333333333,30,0.189873417721519,158,1.5333333333333334,15
overall,MIXED,16.13,ALL,3165,モレロノミコン,30,16,14,0.5333333333333333,30,0.00911854103343465,3290,3.033333333333333,15
overall,MIXED,16.13,ALL,3143,ランデュイン オーメン,30,16,14,0.5333333333333333,30,0.00911854103343465,3290,1.8,15
overall,MIXED,15.21,ALL,4633,リフトメーカー,30,16,14,0.5333333333333333,30,0.05084745762711865,590,1.9,15
overall,MIXED,15.13,BOTTOM,1036,ロング ソード,30,16,14,0.5333333333333333,30,0.15625,192,3.8333333333333335,15
overall,MIXED,16.7,UTILITY,2031,詰め替えポーション,30,16,14,0.5333333333333333,30,0.19480519480519481,154,1.2666666666666666,15
overall,MIXED,14.20,ALL,6692,赤月の刃,30,16,14,0.5333333333333333,30,0.06521739130434782,460,2.1333333333333333,15
overall,MIXED,15.8,ALL,6692,赤月の刃,30,16,14,0.5333333333333333,30,0.046153846153846156,650,1.5666666666666667,15
overall,MIXED,16.18,ALL,3123,エクスキューショナー コーリング,30,15,15,0.5,30,0.017857142857142856,1680,3.2333333333333334,15
overall,MIXED,16.4,MIDDLE,4645,シャドウフレイム,30,15,15,0.5,30,0.2830188679245283,106,2.6,15
overall,MIXED,15.3,ALL,3190,ソラリのロケット,30,15,15,0.5,30,0.07317073170731707,410,1.2333333333333334,15
overall,MIXED,15.3,UTILITY,3190,ソラリのロケット,30,15,15,0.5,30,0.36585365853658536,82,1.2333333333333334,15
overall,MIXED,16.7,UTILITY,3020,ソーサラー シューズ,30,15,15,0.5,30,0.19480519480519481,154,2.1666666666666665,15
overall,MIXED,15.13,ALL,1082,ダーク シール,30,15,15,0.5,30,0.03125,960,2.6,15
overall,MIXED,15.11,ALL,3078,トリニティ フォース,30,15,15,0.5,30,0.05660377358490566,530,1.8666666666666667,15
overall,MIXED,16.14,TOP,1057,ネガトロン クローク,30,15,15,0.5,30,0.04310344827586207,696,2.9,15
overall,MIXED,16.16,ALL,3181,ハルブレイカー,30,15,15,0.5,30,0.009009009009009009,3330,3.066666666666667,15
overall,MIXED,16.3,ALL,3006,バーサーカー ブーツ,30,15,15,0.5,30,0.03409090909090909,880,2.0,15
overall,MIXED,16.2,JUNGLE,3047,プレート スチールキャップ,30,15,15,0.5,30,0.2112676056338028,142,1.7,15
overall,MIXED,16.14,BOTTOM,3042,ムラマナ,30,15,15,0.5,30,0.04310344827586207,696,1.8666666666666667,15
overall,MIXED,15.13,ALL,3094,ラピッド ファイアキャノン,30,15,15,0.5,30,0.03125,960,3.1333333333333333,15
overall,MIXED,16.13,BOTTOM,3085,ルナーン ハリケーン,30,15,15,0.5,30,0.04559270516717325,658,2.2666666666666666,15
overall,MIXED,16.10,UTILITY,2031,詰め替えポーション,30,15,15,0.5,30,0.13513513513513514,222,1.2,15
overall,MIXED,15.13,JUNGLE,6692,赤月の刃,30,15,15,0.5,30,0.15625,192,1.6,15
overall,MIXED,16.18,ALL,2022,輝きのモート,30,15,15,0.5,30,0.017857142857142856,1680,3.9,15
overall,MIXED,16.17,BOTTOM,1083,カル,30,14,16,0.4666666666666667,30,0.02976190476190476,1008,2.6,15
overall,MIXED,16.6,JUNGLE,2055,コントロール ワード,30,14,16,0.4666666666666667,30,0.19736842105263158,152,2.1666666666666665,15
overall,MIXED,15.10,MIDDLE,4645,シャドウフレイム,30,14,16,0.4666666666666667,30,0.21739130434782608,138,2.4,15
overall,MIXED,16.7,ALL,3173,チェインレースド クラッシャー,30,14,16,0.4666666666666667,30,0.03896103896103896,770,2.4,15
overall,MIXED,16.7,MIDDLE,3173,チェインレースド クラッシャー,30,14,16,0.4666666666666667,30,0.19480519480519481,154,2.4,15
overall,MIXED,15.21,ALL,3078,トリニティ フォース,30,14,16,0.4666666666666667,30,0.05084745762711865,590,1.2,15
overall,MIXED,15.13,BOTTOM,3036,ドミニク リガード,30,14,16,0.4666666666666667,30,0.15625,192,2.6333333333333333,15
overall,MIXED,16.11,BOTTOM,3036,ドミニク リガード,30,14,16,0.4666666666666667,30,0.1271186440677966,236,2.7666666666666666,15
overall,MIXED,15.21,ALL,1054,ドラン シールド,30,14,16,0.4666666666666667,30,0.05084745762711865,590,0.8333333333333334,15
overall,MIXED,16.13,BOTTOM,6670,ヌーンクィヴァー,30,14,16,0.4666666666666667,30,0.04559270516717325,658,3.5,15
overall,MIXED,16.13,ALL,3181,ハルブレイカー,30,14,16,0.4666666666666667,30,0.00911854103343465,3290,2.3,15
overall,MIXED,16.17,TOP,3044,ファージ,30,14,16,0.4666666666666667,30,0.02976190476190476,1008,2.7333333333333334,15
overall,MIXED,15.19,TOP,3071,ブラック クリーバー,30,14,16,0.4666666666666667,30,0.13100436681222707,229,2.033333333333333,15
overall,MIXED,15.7,TOP,3047,プレート スチールキャップ,30,14,16,0.4666666666666667,30,0.32608695652173914,92,2.533333333333333,15
overall,MIXED,16.13,UTILITY,3145,ヘクステック オルタネーター,30,14,16,0.4666666666666667,30,0.045662100456621,657,3.6333333333333333,15
overall,MIXED,16.16,ALL,3113,エーテル ウィスプ,30,13,17,0.43333333333333335,30,0.009009009009009009,3330,4.066666666666666,15
overall,MIXED,16.16,BOTTOM,1042,ダガー,30,13,17,0.43333333333333335,30,0.04504504504504504,666,3.8,15
overall,MIXED,16.6,ALL,3006,バーサーカー ブーツ,30,13,17,0.43333333333333335,30,0.039473684210526314,760,1.8666666666666667,15
overall,MIXED,15.23,ALL,1037,ピッケル,30,13,17,0.43333333333333335,30,0.05172413793103448,580,3.8333333333333335,15
overall,MIXED,16.13,TOP,3363,ファーサイト オルタレーション,30,13,17,0.43333333333333335,30,0.04559270516717325,658,6.0,15
overall,MIXED,15.13,UTILITY,3047,プレート スチールキャップ,30,13,17,0.43333333333333335,30,0.15625,192,3.033333333333333,15
overall,MIXED,16.6,UTILITY,3047,プレート スチールキャップ,30,13,17,0.43333333333333335,30,0.1986754966887417,151,2.6333333333333333,15
overall,MIXED,15.12,BOTTOM,3032,ユン・タル ワイルドアロー,30,13,17,0.43333333333333335,30,0.297029702970297,101,1.7666666666666666,15
overall,MIXED,16.12,MIDDLE,1052,増魔の書,30,13,17,0.43333333333333335,30,0.16853932584269662,178,3.3,15
overall,MIXED,16.14,ALL,2421,砕けたアームガード,30,13,17,0.43333333333333335,30,0.008620689655172414,3480,1.0666666666666667,15
overall,MIXED,16.5,MIDDLE,2031,詰め替えポーション,30,13,17,0.43333333333333335,30,0.18518518518518517,162,1.0333333333333334,15
overall,MIXED,16.6,BOTTOM,2031,詰め替えポーション,30,13,17,0.43333333333333335,30,0.19736842105263158,152,1.1333333333333333,15
overall,MIXED,16.1,ALL,1038,B. F. ソード,30,12,18,0.4,30,0.03896103896103896,770,3.4,15
overall,MIXED,16.11,UTILITY,3067,キンドルジェム,30,12,18,0.4,30,0.1271186440677966,236,3.8666666666666667,15
overall,MIXED,15.20,ALL,3161,ショウジンの矛,30,12,18,0.4,30,0.045454545454545456,660,2.2666666666666666,15
overall,MIXED,15.14,ALL,3009,スイフトネス ブーツ,30,12,18,0.4,30,0.06521739130434782,460,2.433333333333333,15
overall,MIXED,15.15,MIDDLE,1056,ドラン リング,30,12,18,0.4,30,0.36585365853658536,82,1.2333333333333334,15
overall,MIXED,15.14,ALL,1037,ピッケル,30,12,18,0.4,30,0.06521739130434782,460,3.7,15
overall,MIXED,15.8,MIDDLE,6653,ライアンドリーの仮面,30,12,18,0.4,30,0.23076923076923078,130,2.2333333333333334,15
overall,MIXED,14.19,MIDDLE,6655,ルーデン エコー,30,12,18,0.4,30,0.35714285714285715,84,2.7,15
overall,MIXED,16.15,MIDDLE,1036,ロング ソード,30,12,18,0.4,30,0.03631961259079903,826,3.8333333333333335,15
overall,MIXED,16.16,JUNGLE,3133,コールフィールド ウォーハンマー,30,11,19,0.36666666666666664,30,0.04504504504504504,666,3.2333333333333334,15
overall,MIXED,16.3,UTILITY,3020,ソーサラー シューズ,30,11,19,0.36666666666666664,30,0.17045454545454544,176,2.1666666666666665,15
overall,MIXED,16.17,JUNGLE,3742,デッド マン プレート,30,11,19,0.36666666666666664,30,0.02976190476190476,1008,2.033333333333333,15
overall,MIXED,15.2,BOTTOM,3006,バーサーカー ブーツ,30,11,19,0.36666666666666664,30,0.32608695652173914,92,2.8,15
overall,MIXED,15.12,ALL,1037,ピッケル,30,11,19,0.36666666666666664,30,0.058823529411764705,510,3.6,15
overall,MIXED,15.13,ALL,3118,マリグナンス,30,11,19,0.36666666666666664,30,0.03125,960,2.1,15
overall,MIXED,16.4,JUNGLE,3111,マーキュリー ブーツ,30,11,19,0.36666666666666664,30,0.2830188679245283,106,1.7333333333333334,15
overall,MIXED,16.17,BOTTOM,3144,偵察兵のパチンコ,30,11,19,0.36666666666666664,30,0.02976190476190476,1008,3.6333333333333333,15
overall,MIXED,15.15,ALL,1052,増魔の書,30,11,19,0.36666666666666664,30,0.07317073170731707,410,3.533333333333333,15
overall,MIXED,14.20,JUNGLE,3340,ステルス ワード,30,10,20,0.3333333333333333,30,0.32608695652173914,92,6.0,15
overall,MIXED,16.1,TOP,1054,ドラン シールド,30,10,20,0.3333333333333333,30,0.19480519480519481,154,0.9666666666666667,15
overall,MIXED,16.15,TOP,1001,ブーツ,30,10,20,0.3333333333333333,30,0.03631961259079903,826,2.9,15
overall,MIXED,15.15,ALL,3032,ユン・タル ワイルドアロー,30,10,20,0.3333333333333333,30,0.07317073170731707,410,1.7,15
overall,MIXED,15.8,MIDDLE,2031,詰め替えポーション,30,10,20,0.3333333333333333,30,0.23076923076923078,130,1.5,15
overall,MIXED,16.10,UTILITY,3340,ステルス ワード,30,9,21,0.3,30,0.13513513513513514,222,6.0,15
overall,MIXED,15.24,ALL,3044,ファージ,30,9,21,0.3,30,0.017543859649122806,1710,2.9,15
overall,MIXED,16.13,ALL,3144,偵察兵のパチンコ,30,9,21,0.3,30,0.00911854103343465,3290,3.066666666666667,15
overall,MIXED,16.11,JUNGLE,3020,ソーサラー シューズ,30,8,22,0.26666666666666666,30,0.1271186440677966,236,1.7666666666666666,15
overall,MIXED,15.24,BOTTOM,3158,アイオニア ブーツ,30,7,23,0.23333333333333334,30,0.08797653958944282,341,3.0,15
overall,MIXED,15.19,BOTTOM,2031,詰め替えポーション,30,7,23,0.23333333333333334,30,0.13043478260869565,230,1.1666666666666667,15
overall,MIXED,16.9,BOTTOM,2031,詰め替えポーション,30,7,23,0.23333333333333334,30,0.189873417721519,158,1.2333333333333334,15
overall,MIXED,16.13,ALL,3110,フローズン ハート,29,23,6,0.7931034482758621,29,0.008814589665653495,3290,3.0344827586206895,15
overall,MIXED,16.17,BOTTOM,2503,黒炎のトーチ,29,23,6,0.7931034482758621,29,0.028769841269841268,1008,2.310344827586207,15
overall,MIXED,16.14,MIDDLE,3031,インフィニティ エッジ,29,22,7,0.7586206896551724,29,0.041666666666666664,696,2.206896551724138,15
overall,MIXED,16.12,ALL,6631,ストライドブレイカー,29,22,7,0.7586206896551724,29,0.03258426966292135,890,1.6551724137931034,15
overall,MIXED,16.17,UTILITY,3114,フォビドゥン アイドル,29,21,8,0.7241379310344828,29,0.028769841269841268,1008,4.068965517241379,15
overall,MIXED,15.8,ALL,6676,コレクター,29,20,9,0.6896551724137931,29,0.04461538461538461,650,1.4827586206896552,15
overall,MIXED,16.10,TOP,3078,トリニティ フォース,29,20,9,0.6896551724137931,29,0.13063063063063063,222,1.5862068965517242,15
overall,MIXED,15.24,MIDDLE,1055,ドラン ブレード,29,20,9,0.6896551724137931,29,0.0847953216374269,342,0.7931034482758621,15
overall,MIXED,15.24,ALL,6699,ボルテイク サイクロソード,29,20,9,0.6896551724137931,29,0.01695906432748538,1710,2.1379310344827585,15
overall,MIXED,16.15,BOTTOM,3042,ムラマナ,29,20,9,0.6896551724137931,29,0.035108958837772396,826,1.4827586206896552,15
overall,MIXED,15.17,ALL,3171,真紅のアイオニア ブーツ,29,20,9,0.6896551724137931,29,0.03580246913580247,810,2.4827586206896552,15
overall,MIXED,15.13,ALL,3053,ステラックの篭手,29,19,10,0.6551724137931034,29,0.030208333333333334,960,2.2413793103448274,15
overall,MIXED,16.13,JUNGLE,3075,ソーンメイル,29,19,10,0.6551724137931034,29,0.044072948328267476,658,2.7241379310344827,15
overall,MIXED,16.9,ALL,2021,トンネル掘り,29,19,10,0.6551724137931034,29,0.03670886075949367,790,3.413793103448276,15
overall,MIXED,16.13,JUNGLE,3036,ドミニク リガード,29,19,10,0.6551724137931034,29,0.044072948328267476,658,2.689655172413793,15
overall,MIXED,15.4,ALL,6653,ライアンドリーの仮面,29,19,10,0.6551724137931034,29,0.10740740740740741,270,1.9310344827586208,15
overall,MIXED,16.3,ALL,3094,ラピッド ファイアキャノン,29,19,10,0.6551724137931034,29,0.03295454545454545,880,2.310344827586207,15
overall,MIXED,16.18,JUNGLE,3084,心の鋼,29,19,10,0.6551724137931034,29,0.08630952380952381,336,1.5862068965517242,15
overall,MIXED,16.10,ALL,3008,グラトナス ブーツ,29,18,11,0.6206896551724138,29,0.026126126126126126,1110,1.9310344827586208,15
overall,MIXED,15.11,ALL,6610,サンダード スカイ,29,18,11,0.6206896551724138,29,0.05471698113207547,530,2.0,15
overall,MIXED,16.11,ALL,2420,シーカー アームガード,29,18,11,0.6206896551724138,29,0.02457627118644068,1180,1.4482758620689655,15
overall,MIXED,16.3,UTILITY,3009,スイフトネス ブーツ,29,18,11,0.6206896551724138,29,0.16477272727272727,176,2.689655172413793,15
overall,MIXED,16.5,ALL,3046,ファントム ダンサー,29,18,11,0.6206896551724138,29,0.03580246913580247,810,1.9310344827586208,15
overall,MIXED,15.2,ALL,3071,ブラック クリーバー,29,18,11,0.6206896551724138,29,0.06304347826086956,460,1.793103448275862,15
overall,MIXED,16.10,JUNGLE,3071,ブラック クリーバー,29,18,11,0.6206896551724138,29,0.13063063063063063,222,2.0344827586206895,15
overall,MIXED,16.13,MIDDLE,3146,ヘクステック ガンブレード,29,18,11,0.6206896551724138,29,0.044072948328267476,658,1.1379310344827587,15
overall,MIXED,14.24,ALL,3111,マーキュリー ブーツ,29,18,11,0.6206896551724138,29,0.116,250,2.2413793103448274,15
overall,MIXED,15.18,BOTTOM,3032,ユン・タル ワイルドアロー,29,18,11,0.6206896551724138,29,0.2230769230769231,130,2.2758620689655173,15
overall,MIXED,15.24,TOP,3153,ルインドキング ブレード,29,18,11,0.6206896551724138,29,0.0847953216374269,342,2.413793103448276,15
overall,MIXED,15.16,ALL,1028,ルビー クリスタル,29,18,11,0.6206896551724138,29,0.053703703703703705,540,4.068965517241379,15
overall,MIXED,16.11,BOTTOM,1038,B. F. ソード,29,17,12,0.5862068965517241,29,0.1228813559322034,236,3.413793103448276,15
overall,MIXED,16.3,ALL,3133,コールフィールド ウォーハンマー,29,17,12,0.5862068965517241,29,0.03295454545454545,880,3.5517241379310347,15
overall,MIXED,16.16,BOTTOM,4645,シャドウフレイム,29,17,12,0.5862068965517241,29,0.04354354354354354,666,2.4482758620689653,15
overall,MIXED,15.24,TOP,3053,ステラックの篭手,29,17,12,0.5862068965517241,29,0.0847953216374269,342,2.793103448275862,15
overall,MIXED,16.1,ALL,3078,トリニティ フォース,29,17,12,0.5862068965517241,29,0.03766233766233766,770,1.4482758620689655,15
overall,MIXED,16.7,BOTTOM,3036,ドミニク リガード,29,17,12,0.5862068965517241,29,0.18831168831168832,154,2.8620689655172415,15
overall,MIXED,15.9,ALL,3071,ブラック クリーバー,29,17,12,0.5862068965517241,29,0.06744186046511629,430,1.9310344827586208,15
overall,MIXED,16.2,MIDDLE,6653,ライアンドリーの仮面,29,17,12,0.5862068965517241,29,0.20422535211267606,142,2.2758620689655173,15
overall,MIXED,16.1,ALL,3089,ラバドン デスキャップ,29,17,12,0.5862068965517241,29,0.03766233766233766,770,2.6206896551724137,15
overall,MIXED,15.24,JUNGLE,4633,リフトメーカー,29,17,12,0.5862068965517241,29,0.0847953216374269,342,1.3448275862068966,15
overall,MIXED,16.14,TOP,2003,体力ポーション,29,17,12,0.5862068965517241,29,0.041666666666666664,696,1.0,15
overall,MIXED,15.2,BOTTOM,3031,インフィニティ エッジ,29,16,13,0.5517241379310345,29,0.31521739130434784,92,2.2413793103448274,15
overall,MIXED,15.6,ALL,3364,オラクル レンズ,29,16,13,0.5517241379310345,29,0.3625,80,6.0,15
overall,MIXED,16.3,ALL,3026,ガーディアン エンジェル,29,16,13,0.5517241379310345,29,0.03295454545454545,880,2.4827586206896552,15
overall,MIXED,14.19,ALL,6672,クラーケン スレイヤー,29,16,13,0.5517241379310345,29,0.06904761904761905,420,1.1379310344827587,15
overall,MIXED,15.12,JUNGLE,2055,コントロール ワード,29,16,13,0.5517241379310345,29,0.28431372549019607,102,2.0689655172413794,15
overall,MIXED,16.18,JUNGLE,2019,スチール シジル,29,16,13,0.5517241379310345,29,0.08630952380952381,336,3.586206896551724,15
overall,MIXED,15.19,TOP,6631,ストライドブレイカー,29,16,13,0.5517241379310345,29,0.12663755458515283,229,1.1724137931034482,15
overall,MIXED,16.11,ALL,3173,チェインレースド クラッシャー,29,16,13,0.5517241379310345,29,0.02457627118644068,1180,2.5517241379310347,15
overall,MIXED,16.11,MIDDLE,3173,チェインレースド クラッシャー,29,16,13,0.5517241379310345,29,0.1228813559322034,236,2.5517241379310347,15
overall,MIXED,16.10,ALL,2021,トンネル掘り,29,16,13,0.5517241379310345,29,0.026126126126126126,1110,3.7586206896551726,15
overall,MIXED,16.13,TOP,1120,ドラン ヘルム,29,16,13,0.5517241379310345,29,0.044072948328267476,658,0.8275862068965517,15
overall,MIXED,16.11,ALL,3870,ドリーム メーカー,29,16,13,0.5517241379310345,29,0.02457627118644068,1180,0.13793103448275862,15
overall,MIXED,16.11,UTILITY,3870,ドリーム メーカー,29,16,13,0.5517241379310345,29,0.1228813559322034,236,0.13793103448275862,15
overall,MIXED,14.24,ALL,3363,ファーサイト オルタレーション,29,16,13,0.5517241379310345,29,0.116,250,6.0,15
overall,MIXED,14.20,ALL,3071,ブラック クリーバー,29,16,13,0.5517241379310345,29,0.06304347826086956,460,2.0344827586206895,15
overall,MIXED,16.8,ALL,3145,ヘクステック オルタネーター,29,16,13,0.5517241379310345,29,0.041428571428571426,700,2.9310344827586206,15
overall,MIXED,15.11,ALL,3118,マリグナンス,29,16,13,0.5517241379310345,29,0.05471698113207547,530,1.4827586206896552,15
overall,MIXED,14.21,ALL,3111,マーキュリー ブーツ,29,16,13,0.5517241379310345,29,0.10357142857142858,280,1.8275862068965518,15
overall,MIXED,15.14,ALL,3111,マーキュリー ブーツ,29,16,13,0.5517241379310345,29,0.06304347826086956,460,2.206896551724138,15
overall,MIXED,15.10,MIDDLE,1058,ムダニ デカイ ロッド,29,16,13,0.5517241379310345,29,0.21014492753623187,138,2.4827586206896552,15
overall,MIXED,15.17,ALL,3142,妖夢の霊剣,29,16,13,0.5517241379310345,29,0.03580246913580247,810,1.4482758620689655,15
overall,MIXED,16.10,ALL,3916,忘却のオーブ,29,16,13,0.5517241379310345,29,0.026126126126126126,1110,3.3448275862068964,15
overall,MIXED,15.19,ALL,2502,終わりなき絶望,29,16,13,0.5517241379310345,29,0.025217391304347827,1150,2.689655172413793,15
overall,MIXED,16.8,UTILITY,2031,詰め替えポーション,29,16,13,0.5517241379310345,29,0.20714285714285716,140,1.2758620689655173,15
overall,MIXED,16.2,ALL,1018,アジリティ クローク,29,15,14,0.5172413793103449,29,0.04084507042253521,710,3.6206896551724137,15
overall,MIXED,15.20,BOTTOM,6672,クラーケン スレイヤー,29,15,14,0.5172413793103449,29,0.2196969696969697,132,1.4827586206896552,15
overall,MIXED,15.19,ALL,3133,コールフィールド ウォーハンマー,29,15,14,0.5172413793103449,29,0.025217391304347827,1150,3.310344827586207,15
overall,MIXED,16.15,TOP,3068,サンファイア イージス,29,15,14,0.5172413793103449,29,0.035108958837772396,826,1.8275862068965518,15
overall,MIXED,15.7,ALL,4645,シャドウフレイム,29,15,14,0.5172413793103449,29,0.06304347826086956,460,2.9655172413793105,15
overall,MIXED,14.19,JUNGLE,3340,ステルス ワード,29,15,14,0.5172413793103449,29,0.34523809523809523,84,6.0,15
overall,MIXED,15.11,JUNGLE,3340,ステルス ワード,29,15,14,0.5172413793103449,29,0.27358490566037735,106,6.0,15
overall,MIXED,15.13,MIDDLE,3040,セラフ エンブレイス,29,15,14,0.5172413793103449,29,0.1518324607329843,191,1.3448275862068966,15
overall,MIXED,14.21,MIDDLE,3020,ソーサラー シューズ,29,15,14,0.5172413793103449,29,0.5272727272727272,55,2.9655172413793105,15
overall,MIXED,15.8,ALL,3157,ゾーニャの砂時計,29,15,14,0.5172413793103449,29,0.04461538461538461,650,1.4137931034482758,15
overall,MIXED,14.20,TOP,1054,ドラン シールド,29,15,14,0.5172413793103449,29,0.31521739130434784,92,0.6896551724137931,15
overall,MIXED,15.16,ALL,3071,ブラック クリーバー,29,15,14,0.5172413793103449,29,0.053703703703703705,540,2.4482758620689653,15
overall,MIXED,16.11,ALL,1001,ブーツ,29,15,14,0.5172413793103449,29,0.02457627118644068,1180,2.6206896551724137,15
overall,MIXED,16.14,ALL,3146,ヘクステック ガンブレード,29,15,14,0.5172413793103449,29,0.008333333333333333,3480,1.0344827586206897,15
overall,MIXED,16.16,ALL,3146,ヘクステック ガンブレード,29,15,14,0.5172413793103449,29,0.008708708708708709,3330,1.0,15
overall,MIXED,16.15,JUNGLE,1058,ムダニ デカイ ロッド,29,15,14,0.5172413793103449,29,0.035108958837772396,826,3.7241379310344827,15
overall,MIXED,15.11,ALL,3032,ユン・タル ワイルドアロー,29,15,14,0.5172413793103449,29,0.05471698113207547,530,1.1724137931034482,15
overall,MIXED,15.13,JUNGLE,6653,ライアンドリーの仮面,29,15,14,0.5172413793103449,29,0.15104166666666666,192,1.4482758620689655,15
overall,MIXED,15.15,ALL,3153,ルインドキング ブレード,29,15,14,0.5172413793103449,29,0.07073170731707316,410,1.896551724137931,15
overall,MIXED,16.18,UTILITY,1028,ルビー クリスタル,29,15,14,0.5172413793103449,29,0.08630952380952381,336,3.9310344827586206,15
overall,MIXED,15.23,ALL,1036,ロング ソード,29,15,14,0.5172413793103449,29,0.05,580,4.103448275862069,15
overall,MIXED,16.3,BOTTOM,1036,ロング ソード,29,15,14,0.5172413793103449,29,0.16477272727272727,176,4.0,15
overall,MIXED,15.8,ALL,1052,増魔の書,29,15,14,0.5172413793103449,29,0.04461538461538461,650,3.4827586206896552,15
overall,MIXED,16.15,JUNGLE,1052,増魔の書,29,15,14,0.5172413793103449,29,0.035108958837772396,826,3.6551724137931036,15
overall,MIXED,16.13,UTILITY,3070,女神の涙,29,15,14,0.5172413793103449,29,0.0441400304414003,657,2.0689655172413794,15
overall,MIXED,15.17,MIDDLE,2031,詰め替えポーション,29,15,14,0.5172413793103449,29,0.17901234567901234,162,1.2413793103448276,15
overall,MIXED,15.23,MIDDLE,2031,詰め替えポーション,29,15,14,0.5172413793103449,29,0.25,116,1.103448275862069,15
overall,MIXED,16.7,TOP,2031,詰め替えポーション,29,15,14,0.5172413793103449,29,0.18831168831168832,154,1.1379310344827587,15
overall,MIXED,16.14,JUNGLE,6692,赤月の刃,29,15,14,0.5172413793103449,29,0.041666666666666664,696,1.7241379310344827,15
overall,MIXED,15.24,JUNGLE,3158,アイオニア ブーツ,29,14,15,0.4827586206896552,29,0.0847953216374269,342,2.3793103448275863,15
overall,MIXED,16.5,UTILITY,3158,アイオニア ブーツ,29,14,15,0.4827586206896552,29,0.17901234567901234,162,2.413793103448276,15
overall,MIXED,15.14,BOTTOM,3031,インフィニティ エッジ,29,14,15,0.4827586206896552,29,0.31521739130434784,92,1.6551724137931034,15
overall,MIXED,16.9,BOTTOM,6672,クラーケン スレイヤー,29,14,15,0.4827586206896552,29,0.18354430379746836,158,2.3793103448275863,15
overall,MIXED,14.20,ALL,1029,クロース アーマー,29,14,15,0.4827586206896552,29,0.06304347826086956,460,3.9310344827586206,15
overall,MIXED,15.24,JUNGLE,6676,コレクター,29,14,15,0.4827586206896552,29,0.0847953216374269,342,1.1379310344827587,15
overall,MIXED,16.9,JUNGLE,2055,コントロール ワード,29,14,15,0.4827586206896552,29,0.18354430379746836,158,2.586206896551724,15
overall,MIXED,15.19,JUNGLE,6610,サンダード スカイ,29,14,15,0.4827586206896552,29,0.12554112554112554,231,1.206896551724138,15
overall,MIXED,14.24,BOTTOM,3340,ステルス ワード,29,14,15,0.4827586206896552,29,0.58,50,6.0,15
overall,MIXED,16.13,UTILITY,4646,ストームサージ,29,14,15,0.4827586206896552,29,0.0441400304414003,657,2.8620689655172415,15
overall,MIXED,15.12,ALL,3157,ゾーニャの砂時計,29,14,15,0.4827586206896552,29,0.056862745098039215,510,1.103448275862069,15
overall,MIXED,16.17,JUNGLE,3748,タイタン ハイドラ,29,14,15,0.4827586206896552,29,0.028769841269841268,1008,1.3448275862068966,15
overall,MIXED,15.13,ALL,3870,ドリーム メーカー,29,14,15,0.4827586206896552,29,0.030208333333333334,960,0.1724137931034483,15
overall,MIXED,15.13,UTILITY,3870,ドリーム メーカー,29,14,15,0.4827586206896552,29,0.15104166666666666,192,0.1724137931034483,15
overall,MIXED,16.8,ALL,3076,ブランブル ベスト,29,14,15,0.4827586206896552,29,0.041428571428571426,700,3.586206896551724,15
overall,MIXED,15.18,JUNGLE,3047,プレート スチールキャップ,29,14,15,0.4827586206896552,29,0.2230769230769231,130,2.1724137931034484,15
overall,MIXED,16.14,ALL,4628,ホライゾン フォーカス,29,14,15,0.4827586206896552,29,0.008333333333333333,3480,2.689655172413793,15
overall,MIXED,15.11,ALL,1028,ルビー クリスタル,29,14,15,0.4827586206896552,29,0.05471698113207547,530,3.8620689655172415,15
overall,MIXED,16.15,ALL,2530,旋律のダイアデム,29,14,15,0.4827586206896552,29,0.0070217917675544795,4130,1.793103448275862,15
overall,MIXED,16.15,UTILITY,2530,旋律のダイアデム,29,14,15,0.4827586206896552,29,0.035108958837772396,826,1.793103448275862,15
overall,MIXED,15.24,ALL,2508,運命の灰,29,14,15,0.4827586206896552,29,0.01695906432748538,1710,3.310344827586207,15
overall,MIXED,14.23,ALL,3158,アイオニア ブーツ,29,13,16,0.4482758620689655,29,0.1380952380952381,210,2.896551724137931,15
overall,MIXED,16.13,UTILITY,3179,アンブラル グレイブ,29,13,16,0.4482758620689655,29,0.0441400304414003,657,2.206896551724138,15
overall,MIXED,16.17,UTILITY,3113,エーテル ウィスプ,29,13,16,0.4482758620689655,29,0.028769841269841268,1008,3.793103448275862,15
overall,MIXED,15.10,ALL,3067,キンドルジェム,29,13,16,0.4482758620689655,29,0.042028985507246375,690,3.689655172413793,15
overall,MIXED,16.1,ALL,6610,サンダード スカイ,29,13,16,0.4482758620689655,29,0.03766233766233766,770,1.6206896551724137,15
overall,MIXED,15.18,JUNGLE,3340,ステルス ワード,29,13,16,0.4482758620689655,29,0.2230769230769231,130,6.0,15
overall,MIXED,16.8,ALL,2021,トンネル掘り,29,13,16,0.4482758620689655,29,0.041428571428571426,700,3.4482758620689653,15
overall,MIXED,15.4,BOTTOM,1055,ドラン ブレード,29,13,16,0.4482758620689655,29,0.5370370370370371,54,0.7241379310344828,15
overall,MIXED,16.18,BOTTOM,1056,ドラン リング,29,13,16,0.4482758620689655,29,0.08630952380952381,336,0.6551724137931034,15
overall,MIXED,16.8,ALL,1001,ブーツ,29,13,16,0.4482758620689655,29,0.041428571428571426,700,2.7586206896551726,15
overall,MIXED,15.20,JUNGLE,3047,プレート スチールキャップ,29,13,16,0.4482758620689655,29,0.2196969696969697,132,2.3793103448275863,15
overall,MIXED,16.17,ALL,4628,ホライゾン フォーカス,29,13,16,0.4482758620689655,29,0.005753968253968254,5040,3.0689655172413794,15
overall,MIXED,16.16,TOP,3142,妖夢の霊剣,29,13,16,0.4482758620689655,29,0.04354354354354354,666,1.0344827586206897,15
overall,MIXED,16.17,MIDDLE,3916,忘却のオーブ,29,13,16,0.4482758620689655,29,0.028769841269841268,1008,3.6206896551724137,15
overall,MIXED,16.10,ALL,3171,真紅のアイオニア ブーツ,29,13,16,0.4482758620689655,29,0.026126126126126126,1110,2.8275862068965516,15
overall,MIXED,16.10,MIDDLE,3171,真紅のアイオニア ブーツ,29,13,16,0.4482758620689655,29,0.13063063063063063,222,2.8275862068965516,15
overall,MIXED,15.18,ALL,3508,エッセンス リーバー,29,12,17,0.41379310344827586,29,0.04461538461538461,650,2.0344827586206895,15
overall,MIXED,15.18,BOTTOM,3508,エッセンス リーバー,29,12,17,0.41379310344827586,29,0.2230769230769231,130,2.0344827586206895,15
overall,MIXED,16.14,BOTTOM,3124,グインソー レイジブレード,29,12,17,0.41379310344827586,29,0.041666666666666664,696,1.9310344827586208,15
overall,MIXED,16.16,TOP,6610,サンダード スカイ,29,12,17,0.41379310344827586,29,0.04354354354354354,666,2.3448275862068964,15
overall,MIXED,16.11,ALL,3161,ショウジンの矛,29,12,17,0.41379310344827586,29,0.02457627118644068,1180,2.413793103448276,15
overall,MIXED,16.11,BOTTOM,3087,スタティック シヴ,29,12,17,0.41379310344827586,29,0.1228813559322034,236,1.9655172413793103,15
overall,MIXED,15.22,ALL,1082,ダーク シール,29,12,17,0.41379310344827586,29,0.04393939393939394,660,2.9655172413793105,15
overall,MIXED,16.18,BOTTOM,3302,テルミヌス,29,12,17,0.41379310344827586,29,0.08630952380952381,336,3.0,15
overall,MIXED,16.12,TOP,1055,ドラン ブレード,29,12,17,0.41379310344827586,29,0.16292134831460675,178,0.7931034482758621,15
overall,MIXED,15.16,MIDDLE,1056,ドラン リング,29,12,17,0.41379310344827586,29,0.26851851851851855,108,0.3793103448275862,15
overall,MIXED,15.9,MIDDLE,1056,ドラン リング,29,12,17,0.41379310344827586,29,0.3372093023255814,86,0.5172413793103449,15
overall,MIXED,16.11,TOP,1056,ドラン リング,29,12,17,0.41379310344827586,29,0.1228813559322034,236,0.41379310344827586,15
overall,MIXED,16.10,BOTTOM,1037,ピッケル,29,12,17,0.41379310344827586,29,0.13063063063063063,222,3.1724137931034484,15
overall,MIXED,15.19,BOTTOM,3072,ブラッドサースター,29,12,17,0.41379310344827586,29,0.12608695652173912,230,2.5172413793103448,15
overall,MIXED,16.17,UTILITY,1058,ムダニ デカイ ロッド,29,12,17,0.41379310344827586,29,0.028769841269841268,1008,4.310344827586207,15
overall,MIXED,15.24,ALL,3035,ラスト ウィスパー,29,12,17,0.41379310344827586,29,0.01695906432748538,1710,2.9310344827586206,15
overall,MIXED,15.10,ALL,3094,ラピッド ファイアキャノン,29,12,17,0.41379310344827586,29,0.042028985507246375,690,2.793103448275862,15
overall,MIXED,15.19,ALL,3142,妖夢の霊剣,29,12,17,0.41379310344827586,29,0.025217391304347827,1150,1.3103448275862069,15
overall,MIXED,15.8,ALL,3876,至点のソリ,29,12,17,0.41379310344827586,29,0.04461538461538461,650,0.5517241379310345,15
overall,MIXED,15.8,UTILITY,3876,至点のソリ,29,12,17,0.41379310344827586,29,0.2230769230769231,130,0.5517241379310345,15
overall,MIXED,15.11,ALL,6676,コレクター,29,11,18,0.3793103448275862,29,0.05471698113207547,530,1.7241379310344827,15
overall,MIXED,16.6,MIDDLE,2055,コントロール ワード,29,11,18,0.3793103448275862,29,0.19078947368421054,152,2.8620689655172415,15
overall,MIXED,16.11,ALL,1042,ダガー,29,11,18,0.3793103448275862,29,0.02457627118644068,1180,3.4482758620689653,15
overall,MIXED,16.13,UTILITY,1033,ヌルマジック マント,29,11,18,0.3793103448275862,29,0.0441400304414003,657,3.9655172413793105,15
overall,MIXED,15.14,ALL,1036,ロング ソード,29,11,18,0.3793103448275862,29,0.06304347826086956,460,3.6206896551724137,15
overall,MIXED,16.6,BOTTOM,1036,ロング ソード,29,11,18,0.3793103448275862,29,0.19078947368421054,152,3.9655172413793105,15
overall,MIXED,16.17,MIDDLE,2421,砕けたアームガード,29,11,18,0.3793103448275862,29,0.028769841269841268,1008,1.1379310344827587,15
overall,MIXED,16.14,JUNGLE,3067,キンドルジェム,29,10,19,0.3448275862068966,29,0.041666666666666664,696,3.0344827586206895,15
overall,MIXED,15.24,UTILITY,1029,クロース アーマー,29,10,19,0.3448275862068966,29,0.0847953216374269,342,4.0344827586206895,15
overall,MIXED,16.17,JUNGLE,3008,グラトナス ブーツ,29,10,19,0.3448275862068966,29,0.028769841269841268,1008,1.6896551724137931,15
overall,MIXED,14.19,MIDDLE,2055,コントロール ワード,29,10,19,0.3448275862068966,29,0.34523809523809523,84,1.0689655172413792,15
overall,MIXED,16.4,ALL,3869,セレスティアル オポジション,29,10,19,0.3448275862068966,29,0.05471698113207547,530,0.6206896551724138,15
overall,MIXED,16.4,UTILITY,3869,セレスティアル オポジション,29,10,19,0.3448275862068966,29,0.27358490566037735,106,0.6206896551724138,15
overall,MIXED,15.24,ALL,3147,悲愴な仮面,29,10,19,0.3448275862068966,29,0.01695906432748538,1710,2.3793103448275863,15
overall,MIXED,16.10,JUNGLE,6653,ライアンドリーの仮面,29,9,20,0.3103448275862069,29,0.13063063063063063,222,1.5862068965517242,15
overall,MIXED,16.7,TOP,1028,ルビー クリスタル,29,9,20,0.3103448275862069,29,0.18831168831168832,154,3.8620689655172415,15
overall,MIXED,16.13,ALL,2422,ちょっとだけ魔法がかった靴,29,8,21,0.27586206896551724,29,0.008814589665653495,3290,3.6206896551724137,15
overall,MIXED,15.13,MIDDLE,2031,詰め替えポーション,29,8,21,0.27586206896551724,29,0.1518324607329843,191,1.4137931034482758,15
overall,MIXED,16.12,ALL,1042,ダガー,29,6,23,0.20689655172413793,29,0.03258426966292135,890,3.413793103448276,15
overall,MIXED,16.15,BOTTOM,3161,ショウジンの矛,28,21,7,0.75,28,0.03389830508474576,826,2.5714285714285716,15
overall,MIXED,16.8,ALL,3075,ソーンメイル,28,20,8,0.7142857142857143,28,0.04,700,2.642857142857143,15
overall,MIXED,16.17,TOP,1031,チェイン ベスト,28,20,8,0.7142857142857143,28,0.027777777777777776,1008,3.2857142857142856,15
overall,MIXED,15.8,ALL,3116,リーライ クリスタル セプター,28,20,8,0.7142857142857143,28,0.043076923076923075,650,2.3214285714285716,15
overall,MIXED,15.16,ALL,3170,スイフトマーチ,28,19,9,0.6785714285714286,28,0.05185185185185185,540,2.5,15
overall,MIXED,16.15,TOP,3157,ゾーニャの砂時計,28,19,9,0.6785714285714286,28,0.03389830508474576,826,1.1785714285714286,15
overall,MIXED,16.15,BOTTOM,3078,トリニティ フォース,28,19,9,0.6785714285714286,28,0.03389830508474576,826,1.6785714285714286,15
overall,MIXED,15.18,JUNGLE,6653,ライアンドリーの仮面,28,19,9,0.6785714285714286,28,0.2153846153846154,130,2.0,15
overall,MIXED,15.21,ALL,3116,リーライ クリスタル セプター,28,19,9,0.6785714285714286,28,0.04745762711864407,590,2.142857142857143,15
overall,MIXED,16.18,JUNGLE,3153,ルインドキング ブレード,28,19,9,0.6785714285714286,28,0.08333333333333333,336,2.0714285714285716,15
overall,MIXED,16.17,TOP,2502,終わりなき絶望,28,19,9,0.6785714285714286,28,0.027777777777777776,1008,1.75,15
overall,MIXED,16.17,JUNGLE,6673,イモータル シールドボウ,28,18,10,0.6428571428571429,28,0.027777777777777776,1008,2.357142857142857,15
overall,MIXED,15.18,MIDDLE,4645,シャドウフレイム,28,18,10,0.6428571428571429,28,0.2153846153846154,130,2.0357142857142856,15
overall,MIXED,16.14,UTILITY,4646,ストームサージ,28,18,10,0.6428571428571429,28,0.040229885057471264,696,3.1785714285714284,15
overall,MIXED,15.14,ALL,3869,セレスティアル オポジション,28,18,10,0.6428571428571429,28,0.06086956521739131,460,0.39285714285714285,15
overall,MIXED,15.14,UTILITY,3869,セレスティアル オポジション,28,18,10,0.6428571428571429,28,0.30434782608695654,92,0.39285714285714285,15
overall,MIXED,15.8,TOP,1055,ドラン ブレード,28,18,10,0.6428571428571429,28,0.2153846153846154,130,1.1071428571428572,15
overall,MIXED,15.20,MIDDLE,3363,ファーサイト オルタレーション,28,18,10,0.6428571428571429,28,0.21374045801526717,131,6.0,15
overall,MIXED,16.17,UTILITY,3110,フローズン ハート,28,18,10,0.6428571428571429,28,0.027777777777777776,1008,3.0714285714285716,15
overall,MIXED,16.17,ALL,3155,ヘクスドリンカー,28,18,10,0.6428571428571429,28,0.005555555555555556,5040,3.142857142857143,15
overall,MIXED,16.18,ALL,2502,終わりなき絶望,28,18,10,0.6428571428571429,28,0.016666666666666666,1680,2.607142857142857,15
overall,MIXED,16.15,JUNGLE,1038,B. F. ソード,28,17,11,0.6071428571428571,28,0.03389830508474576,826,3.2857142857142856,15
overall,MIXED,16.16,UTILITY,3179,アンブラル グレイブ,28,17,11,0.6071428571428571,28,0.042042042042042045,666,2.2857142857142856,15
overall,MIXED,15.9,MIDDLE,3364,オラクル レンズ,28,17,11,0.6071428571428571,28,0.32558139534883723,86,6.0,15
overall,MIXED,15.17,JUNGLE,6672,クラーケン スレイヤー,28,17,11,0.6071428571428571,28,0.1728395061728395,162,1.4285714285714286,15
overall,MIXED,15.19,ALL,1011,ジャイアント ベルト,28,17,11,0.6071428571428571,28,0.02434782608695652,1150,3.642857142857143,15
overall,MIXED,16.6,UTILITY,3020,ソーサラー シューズ,28,17,11,0.6071428571428571,28,0.18543046357615894,151,2.5,15
overall,MIXED,16.5,ALL,3036,ドミニク リガード,28,17,11,0.6071428571428571,28,0.0345679012345679,810,2.392857142857143,15
overall,MIXED,15.19,JUNGLE,3006,バーサーカー ブーツ,28,17,11,0.6071428571428571,28,0.12121212121212122,231,2.5357142857142856,15
overall,MIXED,16.16,ALL,2512,フィーンドハンターの矢,28,17,11,0.6071428571428571,28,0.008408408408408409,3330,2.1785714285714284,15
overall,MIXED,16.14,TOP,2525,プロトプラズム ハーネス,28,17,11,0.6071428571428571,28,0.040229885057471264,696,2.3214285714285716,15
overall,MIXED,16.14,UTILITY,1058,ムダニ デカイ ロッド,28,17,11,0.6071428571428571,28,0.040229885057471264,696,3.7857142857142856,15
overall,MIXED,15.23,ALL,3107,リデンプション,28,17,11,0.6071428571428571,28,0.04827586206896552,580,1.8928571428571428,15
overall,MIXED,15.23,UTILITY,3107,リデンプション,28,17,11,0.6071428571428571,28,0.2413793103448276,116,1.8928571428571428,15
overall,MIXED,15.18,ALL,4633,リフトメーカー,28,17,11,0.6071428571428571,28,0.043076923076923075,650,2.607142857142857,15
overall,MIXED,16.17,JUNGLE,3116,リーライ クリスタル セプター,28,17,11,0.6071428571428571,28,0.027777777777777776,1008,2.107142857142857,15
overall,MIXED,16.9,ALL,3073,実験的ヘクスプレート,28,17,11,0.6071428571428571,28,0.035443037974683546,790,2.2857142857142856,15
overall,MIXED,16.4,ALL,2510,黄昏と暁,28,17,11,0.6071428571428571,28,0.052830188679245285,530,1.3928571428571428,15
overall,MIXED,15.3,BOTTOM,3031,インフィニティ エッジ,28,16,12,0.5714285714285714,28,0.34146341463414637,82,1.9642857142857142,15
overall,MIXED,16.16,BOTTOM,1083,カル,28,16,12,0.5714285714285714,28,0.042042042042042045,666,2.5357142857142856,15
overall,MIXED,15.15,MIDDLE,4645,シャドウフレイム,28,16,12,0.5714285714285714,28,0.34146341463414637,82,2.75,15
overall,MIXED,15.19,TOP,3161,ショウジンの矛,28,16,12,0.5714285714285714,28,0.1222707423580786,229,1.8214285714285714,15
overall,MIXED,16.15,BOTTOM,3086,ジール,28,16,12,0.5714285714285714,28,0.03389830508474576,826,2.5714285714285716,15
overall,MIXED,16.7,UTILITY,3009,スイフトネス ブーツ,28,16,12,0.5714285714285714,28,0.18181818181818182,154,2.3214285714285716,15
overall,MIXED,15.19,ALL,3040,セラフ エンブレイス,28,16,12,0.5714285714285714,28,0.02434782608695652,1150,1.5357142857142858,15
overall,MIXED,15.15,ALL,3190,ソラリのロケット,28,16,12,0.5714285714285714,28,0.06829268292682927,410,1.6071428571428572,15
overall,MIXED,15.15,UTILITY,3190,ソラリのロケット,28,16,12,0.5714285714285714,28,0.34146341463414637,82,1.6071428571428572,15
overall,MIXED,16.18,JUNGLE,3020,ソーサラー シューズ,28,16,12,0.5714285714285714,28,0.08333333333333333,336,2.4642857142857144,15
overall,MIXED,15.13,ALL,1042,ダガー,28,16,12,0.5714285714285714,28,0.029166666666666667,960,3.892857142857143,15
overall,MIXED,16.15,TOP,3742,デッド マン プレート,28,16,12,0.5714285714285714,28,0.03389830508474576,826,2.607142857142857,15
overall,MIXED,16.15,MIDDLE,6664,ホロウ レディアンス,28,16,12,0.5714285714285714,28,0.03389830508474576,826,2.3214285714285716,15
overall,MIXED,15.10,MIDDLE,6653,ライアンドリーの仮面,28,16,12,0.5714285714285714,28,0.2028985507246377,138,2.5714285714285716,15
overall,MIXED,15.22,ALL,4633,リフトメーカー,28,16,12,0.5714285714285714,28,0.04242424242424243,660,2.2142857142857144,15
overall,MIXED,16.10,UTILITY,6655,ルーデン エコー,28,16,12,0.5714285714285714,28,0.12612612612612611,222,2.2857142857142856,15
overall,MIXED,16.16,ALL,3135,ヴォイド スタッフ,28,16,12,0.5714285714285714,28,0.008408408408408409,3330,2.642857142857143,15
overall,MIXED,16.4,UTILITY,3158,アイオニア ブーツ,28,15,13,0.5357142857142857,28,0.2641509433962264,106,2.4285714285714284,15
overall,MIXED,15.24,TOP,2055,コントロール ワード,28,15,13,0.5357142857142857,28,0.08187134502923976,342,2.5,15
overall,MIXED,15.10,ALL,6631,ストライドブレイカー,28,15,13,0.5357142857142857,28,0.04057971014492753,690,1.0,15
overall,MIXED,15.23,ALL,3075,ソーンメイル,28,15,13,0.5357142857142857,28,0.04827586206896552,580,2.5714285714285716,15
overall,MIXED,15.23,ALL,1054,ドラン シールド,28,15,13,0.5357142857142857,28,0.04827586206896552,580,0.4642857142857143,15
overall,MIXED,15.10,TOP,1055,ドラン ブレード,28,15,13,0.5357142857142857,28,0.2028985507246377,138,0.8214285714285714,15
overall,MIXED,15.13,ALL,6675,ナヴォリ フリッカーブレード,28,15,13,0.5357142857142857,28,0.029166666666666667,960,2.5357142857142856,15
overall,MIXED,15.4,BOTTOM,3363,ファーサイト オルタレーション,28,15,13,0.5357142857142857,28,0.5185185185185185,54,6.0,15
overall,MIXED,16.8,UTILITY,3047,プレート スチールキャップ,28,15,13,0.5357142857142857,28,0.2,140,2.2142857142857144,15
overall,MIXED,16.18,MIDDLE,3153,ルインドキング ブレード,28,15,13,0.5357142857142857,28,0.08333333333333333,336,1.7142857142857142,15
overall,MIXED,16.1,MIDDLE,6655,ルーデン エコー,28,15,13,0.5357142857142857,28,0.18181818181818182,154,2.642857142857143,15
overall,MIXED,15.8,ALL,6657,ロッド オブ エイジス,28,15,13,0.5357142857142857,28,0.043076923076923075,650,2.2142857142857144,15
overall,MIXED,16.18,ALL,6665,変幻自在のジャック＝ショー,28,15,13,0.5357142857142857,28,0.016666666666666666,1680,2.607142857142857,15
overall,MIXED,15.24,TOP,3084,心の鋼,28,15,13,0.5357142857142857,28,0.08187134502923976,342,1.6428571428571428,15
overall,MIXED,15.21,ALL,2503,黒炎のトーチ,28,15,13,0.5357142857142857,28,0.04745762711864407,590,2.2142857142857144,15
overall,MIXED,16.3,ALL,1038,B. F. ソード,28,14,14,0.5,28,0.031818181818181815,880,3.6785714285714284,15
overall,MIXED,16.16,ALL,6662,アイスボーン ガントレット,28,14,14,0.5,28,0.008408408408408409,3330,2.0357142857142856,15
overall,MIXED,15.18,UTILITY,3067,キンドルジェム,28,14,14,0.5,28,0.2153846153846154,130,3.4642857142857144,15
overall,MIXED,16.14,JUNGLE,3008,グラトナス ブーツ,28,14,14,0.5,28,0.040229885057471264,696,2.142857142857143,15
overall,MIXED,14.24,UTILITY,2055,コントロール ワード,28,14,14,0.5,28,0.56,50,2.607142857142857,15
overall,MIXED,16.12,ALL,2019,スチール シジル,28,14,14,0.5,28,0.03146067415730337,890,3.392857142857143,15
overall,MIXED,14.22,MIDDLE,3020,ソーサラー シューズ,28,14,14,0.5,28,0.4827586206896552,58,2.4285714285714284,15
overall,MIXED,14.24,MIDDLE,3020,ソーサラー シューズ,28,14,14,0.5,28,0.56,50,2.9642857142857144,15
overall,MIXED,14.24,BOTTOM,3006,バーサーカー ブーツ,28,14,14,0.5,28,0.56,50,2.5,15
overall,MIXED,16.16,TOP,3076,ブランブル ベスト,28,14,14,0.5,28,0.042042042042042045,666,2.9285714285714284,15
overall,MIXED,15.22,JUNGLE,3047,プレート スチールキャップ,28,14,14,0.5,28,0.21212121212121213,132,2.2857142857142856,15
overall,MIXED,15.3,JUNGLE,3047,プレート スチールキャップ,28,14,14,0.5,28,0.34146341463414637,82,2.2142857142857144,15
overall,MIXED,15.9,TOP,3047,プレート スチールキャップ,28,14,14,0.5,28,0.32558139534883723,86,2.3214285714285716,15
overall,MIXED,16.1,ALL,3118,マリグナンス,28,14,14,0.5,28,0.03636363636363636,770,2.4285714285714284,15
overall,MIXED,16.6,JUNGLE,3111,マーキュリー ブーツ,28,14,14,0.5,28,0.18421052631578946,152,1.6785714285714286,15
overall,MIXED,16.17,TOP,3074,ラヴァナス ハイドラ,28,14,14,0.5,28,0.027777777777777776,1008,1.1071428571428572,15
overall,MIXED,15.2,ALL,3153,ルインドキング ブレード,28,14,14,0.5,28,0.06086956521739131,460,1.5357142857142858,15
overall,MIXED,16.15,UTILITY,1036,ロング ソード,28,14,14,0.5,28,0.03389830508474576,826,3.9285714285714284,15
overall,MIXED,16.14,UTILITY,2003,体力ポーション,28,14,14,0.5,28,0.040229885057471264,696,1.1785714285714286,15
overall,MIXED,15.19,ALL,3876,至点のソリ,28,14,14,0.5,28,0.02434782608695652,1150,0.42857142857142855,15
overall,MIXED,15.19,UTILITY,3876,至点のソリ,28,14,14,0.5,28,0.12173913043478261,230,0.42857142857142855,15
overall,MIXED,14.24,ALL,2031,詰め替えポーション,28,14,14,0.5,28,0.112,250,1.3214285714285714,15
overall,MIXED,15.24,UTILITY,2031,詰め替えポーション,28,14,14,0.5,28,0.08187134502923976,342,1.5714285714285714,15
overall,MIXED,16.11,ALL,2022,輝きのモート,28,14,14,0.5,28,0.023728813559322035,1180,3.892857142857143,15
overall,MIXED,16.13,TOP,2510,黄昏と暁,28,14,14,0.5,28,0.0425531914893617,658,1.4642857142857142,15
overall,MIXED,16.10,MIDDLE,2503,黒炎のトーチ,28,14,14,0.5,28,0.12612612612612611,222,2.142857142857143,15
overall,MIXED,16.14,TOP,6662,アイスボーン ガントレット,28,13,15,0.4642857142857143,28,0.040229885057471264,696,2.0357142857142856,15
overall,MIXED,16.16,TOP,3031,インフィニティ エッジ,28,13,15,0.4642857142857143,28,0.042042042042042045,666,2.2142857142857144,15
overall,MIXED,15.24,ALL,3508,エッセンス リーバー,28,13,15,0.4642857142857143,28,0.016374269005847954,1710,1.4642857142857142,15
overall,MIXED,15.24,BOTTOM,3508,エッセンス リーバー,28,13,15,0.4642857142857143,28,0.08211143695014662,341,1.4642857142857142,15
overall,MIXED,14.20,ALL,6676,コレクター,28,13,15,0.4642857142857143,28,0.06086956521739131,460,1.6071428571428572,15
overall,MIXED,15.22,JUNGLE,6610,サンダード スカイ,28,13,15,0.4642857142857143,28,0.21212121212121213,132,1.2857142857142858,15
overall,MIXED,16.14,JUNGLE,3068,サンファイア イージス,28,13,15,0.4642857142857143,28,0.040229885057471264,696,1.6428571428571428,15
overall,MIXED,16.14,TOP,3068,サンファイア イージス,28,13,15,0.4642857142857143,28,0.040229885057471264,696,2.5,15
overall,MIXED,16.12,ALL,3087,スタティック シヴ,28,13,15,0.4642857142857143,28,0.03146067415730337,890,1.5714285714285714,15
overall,MIXED,16.14,BOTTOM,3087,スタティック シヴ,28,13,15,0.4642857142857143,28,0.040229885057471264,696,2.25,15
overall,MIXED,15.1,BOTTOM,3340,ステルス ワード,28,13,15,0.4642857142857143,28,0.7368421052631579,38,6.0,15
overall,MIXED,16.17,JUNGLE,6631,ストライドブレイカー,28,13,15,0.4642857142857143,28,0.027777777777777776,1008,0.8928571428571429,15
overall,MIXED,16.14,MIDDLE,1054,ドラン シールド,28,13,15,0.4642857142857143,28,0.040229885057471264,696,0.7857142857142857,15
overall,MIXED,14.21,BOTTOM,1055,ドラン ブレード,28,13,15,0.4642857142857143,28,0.5,56,0.5357142857142857,15
overall,MIXED,16.10,MIDDLE,3363,ファーサイト オルタレーション,28,13,15,0.4642857142857143,28,0.12612612612612611,222,6.0,15
overall,MIXED,16.18,MIDDLE,3089,ラバドン デスキャップ,28,13,15,0.4642857142857143,28,0.08333333333333333,336,2.5357142857142856,15
overall,MIXED,15.24,UTILITY,1052,増魔の書,28,13,15,0.4642857142857143,28,0.08187134502923976,342,3.9285714285714284,15
overall,MIXED,16.17,UTILITY,3070,女神の涙,28,13,15,0.4642857142857143,28,0.027777777777777776,1008,2.357142857142857,15
overall,MIXED,16.15,MIDDLE,3916,忘却のオーブ,28,13,15,0.4642857142857143,28,0.03389830508474576,826,3.1785714285714284,15
overall,MIXED,16.17,MIDDLE,1018,アジリティ クローク,28,12,16,0.42857142857142855,28,0.027777777777777776,1008,3.5,15
overall,MIXED,14.21,ALL,6676,コレクター,28,12,16,0.42857142857142855,28,0.1,280,1.6071428571428572,15
overall,MIXED,15.9,JUNGLE,2055,コントロール ワード,28,12,16,0.42857142857142855,28,0.32558139534883723,86,2.4285714285714284,15
overall,MIXED,16.11,ALL,1011,ジャイアント ベルト,28,12,16,0.42857142857142855,28,0.023728813559322035,1180,4.071428571428571,15
overall,MIXED,16.5,ALL,6333,デス ダンス,28,12,16,0.42857142857142855,28,0.0345679012345679,810,2.25,15
overall,MIXED,15.18,TOP,1054,ドラン シールド,28,12,16,0.42857142857142855,28,0.2153846153846154,130,1.1785714285714286,15
overall,MIXED,15.4,ALL,1056,ドラン リング,28,12,16,0.42857142857142855,28,0.1037037037037037,270,1.0,15
overall,MIXED,16.17,JUNGLE,3044,ファージ,28,12,16,0.42857142857142855,28,0.027777777777777776,1008,2.75,15
overall,MIXED,16.15,JUNGLE,1001,ブーツ,28,12,16,0.42857142857142855,28,0.03389830508474576,826,2.5,15
overall,MIXED,15.14,TOP,3047,プレート スチールキャップ,28,12,16,0.42857142857142855,28,0.30434782608695654,92,2.3214285714285716,15
overall,MIXED,16.3,ALL,3171,真紅のアイオニア ブーツ,28,12,16,0.42857142857142855,28,0.031818181818181815,880,2.892857142857143,15
overall,MIXED,16.3,MIDDLE,3171,真紅のアイオニア ブーツ,28,12,16,0.42857142857142855,28,0.1590909090909091,176,2.892857142857143,15
overall,MIXED,16.16,JUNGLE,2031,詰め替えポーション,28,12,16,0.42857142857142855,28,0.042042042042042045,666,1.2142857142857142,15
overall,MIXED,15.13,ALL,1018,アジリティ クローク,28,11,17,0.39285714285714285,28,0.029166666666666667,960,4.0,15
overall,MIXED,16.14,ALL,1102,ガストウォーカーの幼体,28,11,17,0.39285714285714285,28,0.008045977011494253,3480,0.14285714285714285,15
overall,MIXED,16.14,JUNGLE,1102,ガストウォーカーの幼体,28,11,17,0.39285714285714285,28,0.040229885057471264,696,0.14285714285714285,15
overall,MIXED,15.21,BOTTOM,6676,コレクター,28,11,17,0.39285714285714285,28,0.23931623931623933,117,1.6071428571428572,15
overall,MIXED,15.24,UTILITY,3009,スイフトネス ブーツ,28,11,17,0.39285714285714285,28,0.08187134502923976,342,3.1785714285714284,15
overall,MIXED,16.17,ALL,3077,ティアマット,28,11,17,0.39285714285714285,28,0.005555555555555556,5040,1.7857142857142858,15
overall,MIXED,15.17,TOP,1056,ドラン リング,28,11,17,0.39285714285714285,28,0.1728395061728395,162,0.7142857142857143,15
overall,MIXED,15.7,ALL,1037,ピッケル,28,11,17,0.39285714285714285,28,0.06086956521739131,460,3.75,15
overall,MIXED,16.15,JUNGLE,3089,ラバドン デスキャップ,28,11,17,0.39285714285714285,28,0.03389830508474576,826,3.0,15
overall,MIXED,16.2,BOTTOM,2031,詰め替えポーション,28,11,17,0.39285714285714285,28,0.19718309859154928,142,1.2142857142857142,15
overall,MIXED,15.23,JUNGLE,2055,コントロール ワード,28,10,18,0.35714285714285715,28,0.2413793103448276,116,2.25,15
overall,MIXED,16.14,UTILITY,1033,ヌルマジック マント,28,10,18,0.35714285714285715,28,0.040229885057471264,696,4.035714285714286,15
overall,MIXED,16.3,MIDDLE,3118,マリグナンス,28,10,18,0.35714285714285715,28,0.1590909090909091,176,2.5714285714285716,15
overall,MIXED,16.15,TOP,6662,アイスボーン ガントレット,28,9,19,0.32142857142857145,28,0.03389830508474576,826,2.0,15
overall,MIXED,15.1,ALL,3020,ソーサラー シューズ,28,9,19,0.32142857142857145,28,0.14736842105263157,190,2.642857142857143,15
overall,MIXED,15.15,BOTTOM,3032,ユン・タル ワイルドアロー,28,9,19,0.32142857142857145,28,0.34146341463414637,82,1.75,15
overall,MIXED,15.14,ALL,1052,増魔の書,28,9,19,0.32142857142857145,28,0.06086956521739131,460,3.75,15
overall,MIXED,16.1,MIDDLE,3364,オラクル レンズ,28,8,20,0.2857142857142857,28,0.18181818181818182,154,6.0,15
overall,MIXED,15.13,ALL,3072,ブラッドサースター,28,8,20,0.2857142857142857,28,0.029166666666666667,960,2.0,15
overall,MIXED,16.15,BOTTOM,6653,ライアンドリーの仮面,27,23,4,0.8518518518518519,27,0.03268765133171913,826,2.7037037037037037,15
overall,MIXED,15.8,ALL,1038,B. F. ソード,27,22,5,0.8148148148148148,27,0.04153846153846154,650,3.3703703703703702,15
overall,MIXED,15.24,JUNGLE,3174,装甲強化の進撃,27,20,7,0.7407407407407407,27,0.07894736842105263,342,2.814814814814815,15
overall,MIXED,16.18,MIDDLE,3031,インフィニティ エッジ,27,19,8,0.7037037037037037,27,0.08035714285714286,336,2.0,15
overall,MIXED,15.17,MIDDLE,4646,ストームサージ,27,19,8,0.7037037037037037,27,0.16666666666666666,162,1.7777777777777777,15
overall,MIXED,15.8,ALL,3175,連呪使いのブーツ,27,19,8,0.7037037037037037,27,0.04153846153846154,650,2.259259259259259,15
overall,MIXED,16.8,BOTTOM,6672,クラーケン スレイヤー,27,18,9,0.6666666666666666,27,0.19285714285714287,140,1.7037037037037037,15
overall,MIXED,16.18,JUNGLE,3075,ソーンメイル,27,18,9,0.6666666666666666,27,0.08035714285714286,336,2.2222222222222223,15
overall,MIXED,16.6,MIDDLE,3157,ゾーニャの砂時計,27,18,9,0.6666666666666666,27,0.17763157894736842,152,1.2962962962962963,15
overall,MIXED,16.6,ALL,6333,デス ダンス,27,18,9,0.6666666666666666,27,0.035526315789473684,760,2.888888888888889,15
overall,MIXED,16.8,TOP,1055,ドラン ブレード,27,18,9,0.6666666666666666,27,0.19285714285714287,140,0.9629629629629629,15
overall,MIXED,15.17,MIDDLE,3363,ファーサイト オルタレーション,27,18,9,0.6666666666666666,27,0.16666666666666666,162,6.0,15
overall,MIXED,14.21,ALL,6653,ライアンドリーの仮面,27,18,9,0.6666666666666666,27,0.09642857142857143,280,2.185185185185185,15
overall,MIXED,15.17,ALL,3089,ラバドン デスキャップ,27,18,9,0.6666666666666666,27,0.03333333333333333,810,2.5185185185185186,15
overall,MIXED,16.13,ALL,3168,不滅の道,27,18,9,0.6666666666666666,27,0.008206686930091186,3290,2.8518518518518516,15
overall,MIXED,16.13,MIDDLE,3168,不滅の道,27,18,9,0.6666666666666666,27,0.041033434650455926,658,2.8518518518518516,15
overall,MIXED,16.16,ALL,3097,UNKNOWN(3097),27,17,10,0.6296296296296297,27,0.008108108108108109,3330,2.1481481481481484,15
overall,MIXED,16.5,JUNGLE,6610,サンダード スカイ,27,17,10,0.6296296296296297,27,0.16666666666666666,162,1.6296296296296295,15
overall,MIXED,16.3,ALL,3068,サンファイア イージス,27,17,10,0.6296296296296297,27,0.03068181818181818,880,1.9259259259259258,15
overall,MIXED,16.16,TOP,4645,シャドウフレイム,27,17,10,0.6296296296296297,27,0.04054054054054054,666,2.5925925925925926,15
overall,MIXED,15.13,ALL,3170,スイフトマーチ,27,17,10,0.6296296296296297,27,0.028125,960,2.6666666666666665,15
overall,MIXED,16.10,ALL,3053,ステラックの篭手,27,17,10,0.6296296296296297,27,0.024324324324324326,1110,2.925925925925926,15
overall,MIXED,16.2,TOP,1054,ドラン シールド,27,17,10,0.6296296296296297,27,0.19014084507042253,142,1.5555555555555556,15
overall,MIXED,16.13,JUNGLE,3006,バーサーカー ブーツ,27,17,10,0.6296296296296297,27,0.041033434650455926,658,2.1481481481481484,15
overall,MIXED,16.8,MIDDLE,1058,ムダニ デカイ ロッド,27,17,10,0.6296296296296297,27,0.19285714285714287,140,2.5555555555555554,15
overall,MIXED,16.3,ALL,3032,ユン・タル ワイルドアロー,27,17,10,0.6296296296296297,27,0.03068181818181818,880,1.2592592592592593,15
overall,MIXED,16.15,JUNGLE,3100,リッチ ベイン,27,17,10,0.6296296296296297,27,0.03268765133171913,826,1.7407407407407407,15
overall,MIXED,16.9,ALL,2003,体力ポーション,27,17,10,0.6296296296296297,27,0.03417721518987342,790,1.2592592592592593,15
overall,MIXED,15.19,ALL,6673,イモータル シールドボウ,27,16,11,0.5925925925925926,27,0.023478260869565216,1150,2.5555555555555554,15
overall,MIXED,16.2,BOTTOM,6672,クラーケン スレイヤー,27,16,11,0.5925925925925926,27,0.19014084507042253,142,1.5185185185185186,15
overall,MIXED,15.24,TOP,6610,サンダード スカイ,27,16,11,0.5925925925925926,27,0.07894736842105263,342,2.3703703703703702,15
overall,MIXED,16.17,JUNGLE,3068,サンファイア イージス,27,16,11,0.5925925925925926,27,0.026785714285714284,1008,1.0740740740740742,15
overall,MIXED,14.20,ALL,3190,ソラリのロケット,27,16,11,0.5925925925925926,27,0.058695652173913045,460,1.4074074074074074,15
overall,MIXED,15.11,ALL,3157,ゾーニャの砂時計,27,16,11,0.5925925925925926,27,0.0509433962264151,530,2.1481481481481484,15
overall,MIXED,16.13,MIDDLE,1054,ドラン シールド,27,16,11,0.5925925925925926,27,0.041033434650455926,658,0.8888888888888888,15
overall,MIXED,16.15,ALL,4642,バンドルグラスの鏡,27,16,11,0.5925925925925926,27,0.006537530266343826,4130,4.037037037037037,15
overall,MIXED,16.7,ALL,3006,バーサーカー ブーツ,27,16,11,0.5925925925925926,27,0.03506493506493506,770,2.3333333333333335,15
overall,MIXED,15.24,TOP,3363,ファーサイト オルタレーション,27,16,11,0.5925925925925926,27,0.07894736842105263,342,6.0,15
overall,MIXED,15.8,JUNGLE,3071,ブラック クリーバー,27,16,11,0.5925925925925926,27,0.2076923076923077,130,1.8148148148148149,15
overall,MIXED,16.6,TOP,3111,マーキュリー ブーツ,27,16,11,0.5925925925925926,27,0.17763157894736842,152,2.2222222222222223,15
overall,MIXED,16.10,MIDDLE,1058,ムダニ デカイ ロッド,27,16,11,0.5925925925925926,27,0.12162162162162163,222,2.7037037037037037,15
overall,MIXED,16.15,TOP,1058,ムダニ デカイ ロッド,27,16,11,0.5925925925925926,27,0.03268765133171913,826,3.6296296296296298,15
overall,MIXED,16.16,ALL,3165,モレロノミコン,27,16,11,0.5925925925925926,27,0.008108108108108109,3330,3.4074074074074074,15
overall,MIXED,15.7,ALL,3032,ユン・タル ワイルドアロー,27,16,11,0.5925925925925926,27,0.058695652173913045,460,1.8518518518518519,15
overall,MIXED,15.23,ALL,3089,ラバドン デスキャップ,27,16,11,0.5925925925925926,27,0.04655172413793104,580,2.3703703703703702,15
overall,MIXED,14.21,ALL,6655,ルーデン エコー,27,16,11,0.5925925925925926,27,0.09642857142857143,280,2.259259259259259,15
overall,MIXED,16.17,MIDDLE,1036,ロング ソード,27,16,11,0.5925925925925926,27,0.026785714285714284,1008,3.962962962962963,15
overall,MIXED,16.14,JUNGLE,6665,変幻自在のジャック＝ショー,27,16,11,0.5925925925925926,27,0.03879310344827586,696,3.3333333333333335,15
overall,MIXED,16.17,TOP,3073,実験的ヘクスプレート,27,16,11,0.5925925925925926,27,0.026785714285714284,1008,1.9259259259259258,15
overall,MIXED,15.10,ALL,3084,心の鋼,27,16,11,0.5925925925925926,27,0.0391304347826087,690,2.185185185185185,15
overall,MIXED,15.18,MIDDLE,2503,黒炎のトーチ,27,16,11,0.5925925925925926,27,0.2076923076923077,130,1.8148148148148149,15
overall,MIXED,16.15,JUNGLE,3067,キンドルジェム,27,15,12,0.5555555555555556,27,0.03268765133171913,826,3.4074074074074074,15
overall,MIXED,16.13,JUNGLE,3008,グラトナス ブーツ,27,15,12,0.5555555555555556,27,0.041033434650455926,658,2.037037037037037,15
overall,MIXED,15.3,BOTTOM,6676,コレクター,27,15,12,0.5555555555555556,27,0.32926829268292684,82,2.037037037037037,15
overall,MIXED,16.12,UTILITY,3020,ソーサラー シューズ,27,15,12,0.5555555555555556,27,0.15168539325842698,178,2.259259259259259,15
overall,MIXED,16.18,TOP,3020,ソーサラー シューズ,27,15,12,0.5555555555555556,27,0.08035714285714286,336,2.4074074074074074,15
overall,MIXED,15.18,ALL,3157,ゾーニャの砂時計,27,15,12,0.5555555555555556,27,0.04153846153846154,650,1.4074074074074074,15
overall,MIXED,16.17,MIDDLE,6333,デス ダンス,27,15,12,0.5555555555555556,27,0.026785714285714284,1008,2.4814814814814814,15
overall,MIXED,16.11,TOP,3078,トリニティ フォース,27,15,12,0.5555555555555556,27,0.11440677966101695,236,1.6296296296296295,15
overall,MIXED,16.6,ALL,2021,トンネル掘り,27,15,12,0.5555555555555556,27,0.035526315789473684,760,3.4074074074074074,15
overall,MIXED,16.10,BOTTOM,3036,ドミニク リガード,27,15,12,0.5555555555555556,27,0.12162162162162163,222,2.740740740740741,15
overall,MIXED,16.12,BOTTOM,3036,ドミニク リガード,27,15,12,0.5555555555555556,27,0.15254237288135594,177,2.6296296296296298,15
overall,MIXED,16.3,ALL,3115,ナッシャー トゥース,27,15,12,0.5555555555555556,27,0.03068181818181818,880,2.0,15
overall,MIXED,16.17,TOP,1057,ネガトロン クローク,27,15,12,0.5555555555555556,27,0.026785714285714284,1008,3.6666666666666665,15
overall,MIXED,15.24,ALL,3108,フィンディッシュの古書,27,15,12,0.5555555555555556,27,0.015789473684210527,1710,3.2962962962962963,15
overall,MIXED,16.2,ALL,3072,ブラッドサースター,27,15,12,0.5555555555555556,27,0.038028169014084505,710,2.2962962962962963,15
overall,MIXED,16.11,ALL,3877,ブラッドソング,27,15,12,0.5555555555555556,27,0.02288135593220339,1180,0.4074074074074074,15
overall,MIXED,16.11,UTILITY,3877,ブラッドソング,27,15,12,0.5555555555555556,27,0.11440677966101695,236,0.4074074074074074,15
overall,MIXED,16.13,MIDDLE,6699,ボルテイク サイクロソード,27,15,12,0.5555555555555556,27,0.041033434650455926,658,1.5925925925925926,15
overall,MIXED,16.16,MIDDLE,6699,ボルテイク サイクロソード,27,15,12,0.5555555555555556,27,0.04054054054054054,666,2.259259259259259,15
overall,MIXED,16.18,MIDDLE,3118,マリグナンス,27,15,12,0.5555555555555556,27,0.08035714285714286,336,2.7777777777777777,15
overall,MIXED,16.1,JUNGLE,6653,ライアンドリーの仮面,27,15,12,0.5555555555555556,27,0.17532467532467533,154,1.3703703703703705,15
overall,MIXED,16.3,MIDDLE,3089,ラバドン デスキャップ,27,15,12,0.5555555555555556,27,0.1534090909090909,176,2.8518518518518516,15
overall,MIXED,16.4,ALL,4633,リフトメーカー,27,15,12,0.5555555555555556,27,0.0509433962264151,530,2.5555555555555554,15
overall,MIXED,16.3,ALL,3142,妖夢の霊剣,27,15,12,0.5555555555555556,27,0.03068181818181818,880,1.2962962962962963,15
overall,MIXED,16.10,ALL,3876,至点のソリ,27,15,12,0.5555555555555556,27,0.024324324324324326,1110,0.4444444444444444,15
overall,MIXED,16.10,UTILITY,3876,至点のソリ,27,15,12,0.5555555555555556,27,0.12162162162162163,222,0.4444444444444444,15
overall,MIXED,15.17,BOTTOM,2031,詰め替えポーション,27,15,12,0.5555555555555556,27,0.16666666666666666,162,1.5185185185185186,15
overall,MIXED,16.5,BOTTOM,2031,詰め替えポーション,27,15,12,0.5555555555555556,27,0.16666666666666666,162,1.0740740740740742,15
overall,MIXED,16.16,ALL,3091,ウィッツ エンド,27,14,13,0.5185185185185185,27,0.008108108108108109,3330,2.4074074074074074,15
overall,MIXED,14.20,MIDDLE,2055,コントロール ワード,27,14,13,0.5185185185185185,27,0.29347826086956524,92,1.0740740740740742,15
overall,MIXED,15.17,MIDDLE,2055,コントロール ワード,27,14,13,0.5185185185185185,27,0.16666666666666666,162,2.5555555555555554,15
overall,MIXED,16.11,JUNGLE,6610,サンダード スカイ,27,14,13,0.5185185185185185,27,0.11440677966101695,236,1.6666666666666667,15
overall,MIXED,16.8,ALL,6610,サンダード スカイ,27,14,13,0.5185185185185185,27,0.03857142857142857,700,2.2962962962962963,15
overall,MIXED,15.19,MIDDLE,4646,ストームサージ,27,14,13,0.5185185185185185,27,0.11739130434782609,230,2.3703703703703702,15
overall,MIXED,16.12,MIDDLE,3157,ゾーニャの砂時計,27,14,13,0.5185185185185185,27,0.15168539325842698,178,1.1481481481481481,15
overall,MIXED,16.3,ALL,2021,トンネル掘り,27,14,13,0.5185185185185185,27,0.03068181818181818,880,3.3333333333333335,15
overall,MIXED,15.14,JUNGLE,3047,プレート スチールキャップ,27,14,13,0.5185185185185185,27,0.29347826086956524,92,1.962962962962963,15
overall,MIXED,15.15,TOP,3047,プレート スチールキャップ,27,14,13,0.5185185185185185,27,0.32926829268292684,82,2.5925925925925926,15
overall,MIXED,16.10,UTILITY,3047,プレート スチールキャップ,27,14,13,0.5185185185185185,27,0.12162162162162163,222,2.3333333333333335,15
overall,MIXED,15.20,TOP,3111,マーキュリー ブーツ,27,14,13,0.5185185185185185,27,0.20454545454545456,132,2.5185185185185186,15
overall,MIXED,15.13,BOTTOM,3094,ラピッド ファイアキャノン,27,14,13,0.5185185185185185,27,0.140625,192,3.185185185185185,15
overall,MIXED,15.8,MIDDLE,6655,ルーデン エコー,27,14,13,0.5185185185185185,27,0.2076923076923077,130,1.7407407407407407,15
overall,MIXED,15.7,ALL,6657,ロッド オブ エイジス,27,14,13,0.5185185185185185,27,0.058695652173913045,460,2.1481481481481484,15
overall,MIXED,15.15,ALL,1036,ロング ソード,27,14,13,0.5185185185185185,27,0.06585365853658537,410,3.5925925925925926,15
overall,MIXED,16.15,ALL,3144,偵察兵のパチンコ,27,14,13,0.5185185185185185,27,0.006537530266343826,4130,3.814814814814815,15
overall,MIXED,16.1,ALL,6692,赤月の刃,27,14,13,0.5185185185185185,27,0.03506493506493506,770,1.5555555555555556,15
overall,MIXED,16.1,ALL,2503,黒炎のトーチ,27,14,13,0.5185185185185185,27,0.03506493506493506,770,2.185185185185185,15
overall,MIXED,16.16,JUNGLE,3179,アンブラル グレイブ,27,13,14,0.48148148148148145,27,0.04054054054054054,666,1.8518518518518519,15
overall,MIXED,14.21,ALL,3031,インフィニティ エッジ,27,13,14,0.48148148148148145,27,0.09642857142857143,280,2.2962962962962963,15
overall,MIXED,14.24,BOTTOM,6676,コレクター,27,13,14,0.48148148148148145,27,0.54,50,1.7777777777777777,15
overall,MIXED,15.22,MIDDLE,2055,コントロール ワード,27,13,14,0.48148148148148145,27,0.20454545454545456,132,1.8148148148148149,15
overall,MIXED,15.16,ALL,3161,ショウジンの矛,27,13,14,0.48148148148148145,27,0.05,540,2.5925925925925926,15
overall,MIXED,15.17,UTILITY,3009,スイフトネス ブーツ,27,13,14,0.48148148148148145,27,0.16770186335403728,161,3.111111111111111,15
overall,MIXED,16.18,UTILITY,3340,ステルス ワード,27,13,14,0.48148148148148145,27,0.08035714285714286,336,6.0,15
overall,MIXED,15.15,ALL,3869,セレスティアル オポジション,27,13,14,0.48148148148148145,27,0.06585365853658537,410,0.14814814814814814,15
overall,MIXED,15.15,UTILITY,3869,セレスティアル オポジション,27,13,14,0.48148148148148145,27,0.32926829268292684,82,0.14814814814814814,15
overall,MIXED,15.12,ALL,3075,ソーンメイル,27,13,14,0.48148148148148145,27,0.052941176470588235,510,2.7037037037037037,15
overall,MIXED,15.7,ALL,3157,ゾーニャの砂時計,27,13,14,0.48148148148148145,27,0.058695652173913045,460,1.4074074074074074,15
overall,MIXED,16.13,JUNGLE,2021,トンネル掘り,27,13,14,0.48148148148148145,27,0.041033434650455926,658,2.8518518518518516,15
overall,MIXED,15.24,ALL,3181,ハルブレイカー,27,13,14,0.48148148148148145,27,0.015789473684210527,1710,2.259259259259259,15
overall,MIXED,16.15,TOP,3181,ハルブレイカー,27,13,14,0.48148148148148145,27,0.03268765133171913,826,2.074074074074074,15
overall,MIXED,16.15,ALL,3051,ハースバウンド アックス,27,13,14,0.48148148148148145,27,0.006537530266343826,4130,3.1481481481481484,15
overall,MIXED,15.24,TOP,1037,ピッケル,27,13,14,0.48148148148148145,27,0.07894736842105263,342,3.3333333333333335,15
overall,MIXED,16.12,JUNGLE,3071,ブラック クリーバー,27,13,14,0.48148148148148145,27,0.15168539325842698,178,2.4444444444444446,15
overall,MIXED,14.23,ALL,3111,マーキュリー ブーツ,27,13,14,0.48148148148148145,27,0.12857142857142856,210,2.1481481481481484,15
overall,MIXED,15.17,ALL,4633,リフトメーカー,27,13,14,0.48148148148148145,27,0.03333333333333333,810,3.037037037037037,15
overall,MIXED,15.7,ALL,6655,ルーデン エコー,27,13,14,0.48148148148148145,27,0.058695652173913045,460,2.2962962962962963,15
overall,MIXED,16.14,TOP,1052,増魔の書,27,13,14,0.48148148148148145,27,0.03879310344827586,696,3.925925925925926,15
overall,MIXED,16.14,ALL,4630,枯死の宝石,27,13,14,0.48148148148148145,27,0.007758620689655172,3480,3.3703703703703702,15
overall,MIXED,16.15,ALL,2010,英気満点ビスケット,27,13,14,0.48148148148148145,27,0.006537530266343826,4130,1.8888888888888888,15
overall,MIXED,16.1,BOTTOM,2031,詰め替えポーション,27,13,14,0.48148148148148145,27,0.17532467532467533,154,1.1851851851851851,15
overall,MIXED,15.11,UTILITY,3158,アイオニア ブーツ,27,12,15,0.4444444444444444,27,0.25471698113207547,106,3.1481481481481484,15
overall,MIXED,16.12,ALL,1018,アジリティ クローク,27,12,15,0.4444444444444444,27,0.030337078651685393,890,3.3333333333333335,15
overall,MIXED,14.19,JUNGLE,2055,コントロール ワード,27,12,15,0.4444444444444444,27,0.32142857142857145,84,2.3703703703703702,15
overall,MIXED,16.11,MIDDLE,2055,コントロール ワード,27,12,15,0.4444444444444444,27,0.11440677966101695,236,2.8518518518518516,15
overall,MIXED,15.21,ALL,3161,ショウジンの矛,27,12,15,0.4444444444444444,27,0.04576271186440678,590,2.4444444444444446,15
overall,MIXED,16.11,ALL,3065,スピリット ビサージュ,27,12,15,0.4444444444444444,27,0.02288135593220339,1180,3.1481481481481484,15
overall,MIXED,16.3,ALL,6333,デス ダンス,27,12,15,0.4444444444444444,27,0.03068181818181818,880,2.5925925925925926,15
overall,MIXED,16.1,TOP,1055,ドラン ブレード,27,12,15,0.4444444444444444,27,0.17532467532467533,154,0.5555555555555556,15
overall,MIXED,15.19,TOP,1056,ドラン リング,27,12,15,0.4444444444444444,27,0.11790393013100436,229,0.5925925925925926,15
overall,MIXED,15.3,ALL,1037,ピッケル,27,12,15,0.4444444444444444,27,0.06585365853658537,410,3.6666666666666665,15
overall,MIXED,14.22,BOTTOM,3363,ファーサイト オルタレーション,27,12,15,0.4444444444444444,27,0.46551724137931033,58,6.0,15
overall,MIXED,15.19,ALL,6617,ムーンストーンの再生,27,12,15,0.4444444444444444,27,0.023478260869565216,1150,3.111111111111111,15
overall,MIXED,15.19,UTILITY,6617,ムーンストーンの再生,27,12,15,0.4444444444444444,27,0.11739130434782609,230,3.111111111111111,15
overall,MIXED,15.9,ALL,3032,ユン・タル ワイルドアロー,27,12,15,0.4444444444444444,27,0.06279069767441861,430,1.2592592592592593,15
overall,MIXED,16.15,BOTTOM,3032,ユン・タル ワイルドアロー,27,12,15,0.4444444444444444,27,0.03268765133171913,826,1.6296296296296295,15
overall,MIXED,15.17,TOP,2031,詰め替えポーション,27,12,15,0.4444444444444444,27,0.16666666666666666,162,1.4074074074074074,15
overall,MIXED,16.4,ALL,2503,黒炎のトーチ,27,12,15,0.4444444444444444,27,0.0509433962264151,530,2.4074074074074074,15
overall,MIXED,16.12,UTILITY,3067,キンドルジェム,27,11,16,0.4074074074074074,27,0.15168539325842698,178,3.7777777777777777,15
overall,MIXED,15.21,BOTTOM,6672,クラーケン スレイヤー,27,11,16,0.4074074074074074,27,0.23076923076923078,117,1.6296296296296295,15
overall,MIXED,16.3,ALL,1029,クロース アーマー,27,11,16,0.4074074074074074,27,0.03068181818181818,880,4.0,15
overall,MIXED,16.8,ALL,3133,コールフィールド ウォーハンマー,27,11,16,0.4074074074074074,27,0.03857142857142857,700,3.3333333333333335,15
overall,MIXED,14.24,ALL,3009,スイフトネス ブーツ,27,11,16,0.4074074074074074,27,0.108,250,2.7777777777777777,15
overall,MIXED,15.22,ALL,2021,トンネル掘り,27,11,16,0.4074074074074074,27,0.04090909090909091,660,3.4814814814814814,15
overall,MIXED,15.22,TOP,1055,ドラン ブレード,27,11,16,0.4074074074074074,27,0.20454545454545456,132,1.0740740740740742,15
overall,MIXED,15.3,ALL,3071,ブラック クリーバー,27,11,16,0.4074074074074074,27,0.06585365853658537,410,1.2962962962962963,15
overall,MIXED,15.3,TOP,3047,プレート スチールキャップ,27,11,16,0.4074074074074074,27,0.32926829268292684,82,2.4444444444444446,15
overall,MIXED,16.16,BOTTOM,3042,ムラマナ,27,11,16,0.4074074074074074,27,0.04054054054054054,666,2.0,15
overall,MIXED,16.13,JUNGLE,3089,ラバドン デスキャップ,27,11,16,0.4074074074074074,27,0.041033434650455926,658,3.111111111111111,15
overall,MIXED,15.10,BOTTOM,3094,ラピッド ファイアキャノン,27,11,16,0.4074074074074074,27,0.1956521739130435,138,2.8518518518518516,15
overall,MIXED,16.11,TOP,3153,ルインドキング ブレード,27,11,16,0.4074074074074074,27,0.11440677966101695,236,2.1481481481481484,15
overall,MIXED,16.14,ALL,3085,ルナーン ハリケーン,27,11,16,0.4074074074074074,27,0.007758620689655172,3480,2.5925925925925926,15
overall,MIXED,16.14,BOTTOM,3085,ルナーン ハリケーン,27,11,16,0.4074074074074074,27,0.03879310344827586,696,2.5925925925925926,15
overall,MIXED,14.20,ALL,1052,増魔の書,27,11,16,0.4074074074074074,27,0.058695652173913045,460,3.925925925925926,15
overall,MIXED,16.13,ALL,4630,枯死の宝石,27,11,16,0.4074074074074074,27,0.008206686930091186,3290,3.7037037037037037,15
overall,MIXED,16.5,ALL,3876,至点のソリ,27,11,16,0.4074074074074074,27,0.03333333333333333,810,0.2962962962962963,15
overall,MIXED,16.5,UTILITY,3876,至点のソリ,27,11,16,0.4074074074074074,27,0.16666666666666666,162,0.2962962962962963,15
overall,MIXED,16.14,UTILITY,2022,輝きのモート,27,11,16,0.4074074074074074,27,0.03879310344827586,696,4.222222222222222,15
overall,MIXED,15.22,ALL,1029,クロース アーマー,27,10,17,0.37037037037037035,27,0.04090909090909091,660,3.5555555555555554,15
overall,MIXED,16.18,ALL,3087,スタティック シヴ,27,10,17,0.37037037037037035,27,0.01607142857142857,1680,1.5185185185185186,15
overall,MIXED,16.15,JUNGLE,1042,ダガー,27,10,17,0.37037037037037035,27,0.03268765133171913,826,3.5925925925925926,15
overall,MIXED,15.1,ALL,1056,ドラン リング,27,10,17,0.37037037037037035,27,0.14210526315789473,190,0.8888888888888888,15
overall,MIXED,16.4,TOP,3111,マーキュリー ブーツ,27,10,17,0.37037037037037035,27,0.2571428571428571,105,2.3703703703703702,15
overall,MIXED,15.11,ALL,1052,増魔の書,27,10,17,0.37037037037037035,27,0.0509433962264151,530,3.5555555555555554,15
overall,MIXED,16.11,ALL,3123,エクスキューショナー コーリング,27,9,18,0.3333333333333333,27,0.02288135593220339,1180,3.2962962962962963,15
overall,MIXED,15.8,ALL,6631,ストライドブレイカー,27,9,18,0.3333333333333333,27,0.04153846153846154,650,1.0740740740740742,15
overall,MIXED,15.14,ALL,3078,トリニティ フォース,27,9,18,0.3333333333333333,27,0.058695652173913045,460,1.4444444444444444,15
overall,MIXED,16.14,ALL,4642,バンドルグラスの鏡,27,9,18,0.3333333333333333,27,0.007758620689655172,3480,3.4074074074074074,15
overall,MIXED,16.3,ALL,1001,ブーツ,27,9,18,0.3333333333333333,27,0.03068181818181818,880,3.074074074074074,15
overall,MIXED,15.2,ALL,3111,マーキュリー ブーツ,27,9,18,0.3333333333333333,27,0.058695652173913045,460,2.111111111111111,15
overall,MIXED,15.24,MIDDLE,6657,ロッド オブ エイジス,27,9,18,0.3333333333333333,27,0.07894736842105263,342,2.185185185185185,15
overall,MIXED,15.16,ALL,1054,ドラン シールド,27,8,19,0.2962962962962963,27,0.05,540,0.5555555555555556,15
overall,MIXED,16.5,MIDDLE,3118,マリグナンス,27,8,19,0.2962962962962963,27,0.16666666666666666,162,2.111111111111111,15
overall,MIXED,16.18,BOTTOM,6655,ルーデン エコー,27,8,19,0.2962962962962963,27,0.08035714285714286,336,1.8518518518518519,15
overall,MIXED,15.4,ALL,2031,詰め替えポーション,27,8,19,0.2962962962962963,27,0.1,270,1.7037037037037037,15
overall,MIXED,15.7,ALL,2031,詰め替えポーション,27,8,19,0.2962962962962963,27,0.058695652173913045,460,1.4814814814814814,15
overall,MIXED,15.19,BOTTOM,1018,アジリティ クローク,27,7,20,0.25925925925925924,27,0.11739130434782609,230,3.5925925925925926,15
overall,MIXED,16.18,ALL,3134,セレイテッド ダーク,27,7,20,0.25925925925925924,27,0.01607142857142857,1680,3.4444444444444446,15
overall,MIXED,16.14,JUNGLE,2022,輝きのモート,27,7,20,0.25925925925925924,27,0.03879310344827586,696,3.962962962962963,15
overall,MIXED,16.7,ALL,2022,輝きのモート,27,7,20,0.25925925925925924,27,0.03506493506493506,770,3.7037037037037037,15
overall,MIXED,15.17,ALL,3170,スイフトマーチ,26,21,5,0.8076923076923077,26,0.03209876543209877,810,2.6538461538461537,15
overall,MIXED,15.19,ALL,3171,真紅のアイオニア ブーツ,26,20,6,0.7692307692307693,26,0.022608695652173914,1150,2.6538461538461537,15
overall,MIXED,15.20,ALL,3175,連呪使いのブーツ,26,20,6,0.7692307692307693,26,0.03939393939393939,660,2.5,15
overall,MIXED,15.20,BOTTOM,3172,ガンメタル ブーツ,26,19,7,0.7307692307692307,26,0.19696969696969696,132,2.5384615384615383,15
overall,MIXED,15.22,ALL,3089,ラバドン デスキャップ,26,19,7,0.7307692307692307,26,0.03939393939393939,660,2.3461538461538463,15
overall,MIXED,15.13,ALL,3172,ガンメタル ブーツ,26,18,8,0.6923076923076923,26,0.027083333333333334,960,1.6538461538461537,15
overall,MIXED,16.15,ALL,3302,テルミヌス,26,18,8,0.6923076923076923,26,0.006295399515738499,4130,2.4615384615384617,15
overall,MIXED,15.2,ALL,1058,ムダニ デカイ ロッド,26,18,8,0.6923076923076923,26,0.05652173913043478,460,3.423076923076923,15
overall,MIXED,16.6,ALL,4633,リフトメーカー,26,18,8,0.6923076923076923,26,0.034210526315789476,760,2.230769230769231,15
overall,MIXED,15.19,MIDDLE,3175,連呪使いのブーツ,26,18,8,0.6923076923076923,26,0.11304347826086956,230,2.730769230769231,15
overall,MIXED,15.3,ALL,3175,連呪使いのブーツ,26,18,8,0.6923076923076923,26,0.06341463414634146,410,2.8461538461538463,15
overall,MIXED,15.21,MIDDLE,4645,シャドウフレイム,26,17,9,0.6538461538461539,26,0.22033898305084745,118,3.230769230769231,15
overall,MIXED,15.22,ALL,3053,ステラックの篭手,26,17,9,0.6538461538461539,26,0.03939393939393939,660,3.076923076923077,15
overall,MIXED,16.9,UTILITY,3020,ソーサラー シューズ,26,17,9,0.6538461538461539,26,0.16455696202531644,158,2.8076923076923075,15
overall,MIXED,16.10,JUNGLE,3078,トリニティ フォース,26,17,9,0.6538461538461539,26,0.11711711711711711,222,1.1538461538461537,15
overall,MIXED,16.9,TOP,3111,マーキュリー ブーツ,26,17,9,0.6538461538461539,26,0.16455696202531644,158,2.8461538461538463,15
overall,MIXED,16.15,ALL,3143,ランデュイン オーメン,26,17,9,0.6538461538461539,26,0.006295399515738499,4130,1.0384615384615385,15
overall,MIXED,16.15,UTILITY,2003,体力ポーション,26,17,9,0.6538461538461539,26,0.031476997578692496,826,1.0,15
overall,MIXED,16.16,TOP,6665,変幻自在のジャック＝ショー,26,17,9,0.6538461538461539,26,0.03903903903903904,666,1.7692307692307692,15
overall,MIXED,16.13,TOP,2502,終わりなき絶望,26,17,9,0.6538461538461539,26,0.03951367781155015,658,2.923076923076923,15
overall,MIXED,16.3,MIDDLE,2503,黒炎のトーチ,26,17,9,0.6538461538461539,26,0.14772727272727273,176,3.0,15
overall,MIXED,16.3,ALL,3508,エッセンス リーバー,26,16,10,0.6153846153846154,26,0.029545454545454545,880,2.0,15
overall,MIXED,15.20,ALL,1029,クロース アーマー,26,16,10,0.6153846153846154,26,0.03939393939393939,660,3.6153846153846154,15
overall,MIXED,16.15,JUNGLE,3124,グインソー レイジブレード,26,16,10,0.6153846153846154,26,0.031476997578692496,826,0.8461538461538461,15
overall,MIXED,14.19,BOTTOM,3009,スイフトネス ブーツ,26,16,10,0.6153846153846154,26,0.30952380952380953,84,2.269230769230769,15
overall,MIXED,14.20,UTILITY,3190,ソラリのロケット,26,16,10,0.6153846153846154,26,0.2826086956521739,92,1.3846153846153846,15
overall,MIXED,16.3,MIDDLE,3157,ゾーニャの砂時計,26,16,10,0.6153846153846154,26,0.14772727272727273,176,0.9615384615384616,15
overall,MIXED,16.18,MIDDLE,1086,ドラン ボウ,26,16,10,0.6153846153846154,26,0.07738095238095238,336,0.7307692307692307,15
overall,MIXED,16.15,BOTTOM,3071,ブラック クリーバー,26,16,10,0.6153846153846154,26,0.031476997578692496,826,2.8461538461538463,15
overall,MIXED,15.4,JUNGLE,3047,プレート スチールキャップ,26,16,10,0.6153846153846154,26,0.48148148148148145,54,2.1923076923076925,15
overall,MIXED,16.10,MIDDLE,3118,マリグナンス,26,16,10,0.6153846153846154,26,0.11711711711711711,222,2.3461538461538463,15
overall,MIXED,16.11,MIDDLE,3118,マリグナンス,26,16,10,0.6153846153846154,26,0.11016949152542373,236,2.423076923076923,15
overall,MIXED,15.20,ALL,3032,ユン・タル ワイルドアロー,26,16,10,0.6153846153846154,26,0.03939393939393939,660,1.8076923076923077,15
overall,MIXED,15.17,TOP,6653,ライアンドリーの仮面,26,16,10,0.6153846153846154,26,0.16049382716049382,162,2.230769230769231,15
overall,MIXED,15.10,ALL,4633,リフトメーカー,26,16,10,0.6153846153846154,26,0.03768115942028986,690,2.1923076923076925,15
overall,MIXED,15.22,ALL,3116,リーライ クリスタル セプター,26,16,10,0.6153846153846154,26,0.03939393939393939,660,2.5,15
overall,MIXED,16.15,JUNGLE,3116,リーライ クリスタル セプター,26,16,10,0.6153846153846154,26,0.031476997578692496,826,2.923076923076923,15
overall,MIXED,15.9,ALL,3153,ルインドキング ブレード,26,16,10,0.6153846153846154,26,0.06046511627906977,430,1.6538461538461537,15
overall,MIXED,16.11,UTILITY,6655,ルーデン エコー,26,16,10,0.6153846153846154,26,0.11016949152542373,236,2.230769230769231,15
overall,MIXED,16.6,ALL,1038,B. F. ソード,26,15,11,0.5769230769230769,26,0.034210526315789476,760,3.9615384615384617,15
overall,MIXED,14.20,ALL,6672,クラーケン スレイヤー,26,15,11,0.5769230769230769,26,0.05652173913043478,460,1.3076923076923077,15
overall,MIXED,15.19,JUNGLE,6676,コレクター,26,15,11,0.5769230769230769,26,0.11255411255411256,231,1.4230769230769231,15
overall,MIXED,16.6,JUNGLE,6610,サンダード スカイ,26,15,11,0.5769230769230769,26,0.17105263157894737,152,1.6538461538461537,15
overall,MIXED,16.10,TOP,3161,ショウジンの矛,26,15,11,0.5769230769230769,26,0.11711711711711711,222,2.6923076923076925,15
overall,MIXED,16.15,ALL,3057,シーン,26,15,11,0.5769230769230769,26,0.006295399515738499,4130,3.1538461538461537,15
overall,MIXED,16.1,ALL,6631,ストライドブレイカー,26,15,11,0.5769230769230769,26,0.033766233766233764,770,1.0,15
overall,MIXED,15.8,ALL,3869,セレスティアル オポジション,26,15,11,0.5769230769230769,26,0.04,650,0.34615384615384615,15
overall,MIXED,15.8,UTILITY,3869,セレスティアル オポジション,26,15,11,0.5769230769230769,26,0.2,130,0.34615384615384615,15
overall,MIXED,16.9,ALL,6333,デス ダンス,26,15,11,0.5769230769230769,26,0.03291139240506329,790,2.5,15
overall,MIXED,16.16,JUNGLE,3036,ドミニク リガード,26,15,11,0.5769230769230769,26,0.03903903903903904,666,2.8461538461538463,15
overall,MIXED,15.9,ALL,1054,ドラン シールド,26,15,11,0.5769230769230769,26,0.06046511627906977,430,0.6923076923076923,15
overall,MIXED,16.5,MIDDLE,6653,ライアンドリーの仮面,26,15,11,0.5769230769230769,26,0.16049382716049382,162,2.1538461538461537,15
overall,MIXED,15.13,ALL,3100,リッチ ベイン,26,15,11,0.5769230769230769,26,0.027083333333333334,960,1.8846153846153846,15
overall,MIXED,15.8,ALL,3085,ルナーン ハリケーン,26,15,11,0.5769230769230769,26,0.04,650,2.8846153846153846,15
overall,MIXED,15.3,ALL,6655,ルーデン エコー,26,15,11,0.5769230769230769,26,0.06341463414634146,410,2.0384615384615383,15
overall,MIXED,16.14,ALL,3144,偵察兵のパチンコ,26,15,11,0.5769230769230769,26,0.007471264367816092,3480,3.1153846153846154,15
overall,MIXED,16.17,JUNGLE,6665,変幻自在のジャック＝ショー,26,15,11,0.5769230769230769,26,0.025793650793650792,1008,3.3846153846153846,15
overall,MIXED,16.11,ALL,3084,心の鋼,26,15,11,0.5769230769230769,26,0.022033898305084745,1180,2.1153846153846154,15
overall,MIXED,16.5,UTILITY,2031,詰め替えポーション,26,15,11,0.5769230769230769,26,0.16049382716049382,162,1.4615384615384615,15
overall,MIXED,15.10,ALL,3175,連呪使いのブーツ,26,15,11,0.5769230769230769,26,0.03768115942028986,690,2.3846153846153846,15
overall,MIXED,16.18,ALL,6696,アクシオム アーク,26,14,12,0.5384615384615384,26,0.015476190476190477,1680,1.6923076923076923,15
overall,MIXED,16.3,MIDDLE,3364,オラクル レンズ,26,14,12,0.5384615384615384,26,0.14772727272727273,176,6.0,15
overall,MIXED,16.10,UTILITY,3067,キンドルジェム,26,14,12,0.5384615384615384,26,0.11711711711711711,222,3.730769230769231,15
overall,MIXED,15.7,JUNGLE,2055,コントロール ワード,26,14,12,0.5384615384615384,26,0.2826086956521739,92,2.8461538461538463,15
overall,MIXED,16.9,ALL,3133,コールフィールド ウォーハンマー,26,14,12,0.5384615384615384,26,0.03291139240506329,790,3.269230769230769,15
overall,MIXED,16.12,ALL,3068,サンファイア イージス,26,14,12,0.5384615384615384,26,0.029213483146067417,890,1.8846153846153846,15
overall,MIXED,16.1,UTILITY,3009,スイフトネス ブーツ,26,14,12,0.5384615384615384,26,0.16993464052287582,153,2.5384615384615383,15
overall,MIXED,16.18,TOP,6631,ストライドブレイカー,26,14,12,0.5384615384615384,26,0.07738095238095238,336,1.2692307692307692,15
overall,MIXED,15.17,ALL,3065,スピリット ビサージュ,26,14,12,0.5384615384615384,26,0.03209876543209877,810,3.0384615384615383,15
overall,MIXED,15.24,ALL,3040,セラフ エンブレイス,26,14,12,0.5384615384615384,26,0.0152046783625731,1710,1.2307692307692308,15
overall,MIXED,14.20,ALL,3869,セレスティアル オポジション,26,14,12,0.5384615384615384,26,0.05652173913043478,460,0.11538461538461539,15
overall,MIXED,14.20,UTILITY,3869,セレスティアル オポジション,26,14,12,0.5384615384615384,26,0.2826086956521739,92,0.11538461538461539,15
overall,MIXED,14.19,ALL,3190,ソラリのロケット,26,14,12,0.5384615384615384,26,0.06190476190476191,420,1.3076923076923077,15
overall,MIXED,14.19,UTILITY,3190,ソラリのロケット,26,14,12,0.5384615384615384,26,0.30952380952380953,84,1.3076923076923077,15
overall,MIXED,14.23,MIDDLE,3020,ソーサラー シューズ,26,14,12,0.5384615384615384,26,0.6190476190476191,42,3.076923076923077,15
overall,MIXED,15.24,JUNGLE,3075,ソーンメイル,26,14,12,0.5384615384615384,26,0.07602339181286549,342,1.9615384615384615,15
overall,MIXED,15.24,JUNGLE,3157,ゾーニャの砂時計,26,14,12,0.5384615384615384,26,0.07602339181286549,342,1.3846153846153846,15
overall,MIXED,16.16,JUNGLE,2021,トンネル掘り,26,14,12,0.5384615384615384,26,0.03903903903903904,666,3.0384615384615383,15
overall,MIXED,15.11,TOP,1054,ドラン シールド,26,14,12,0.5384615384615384,26,0.24528301886792453,106,0.6923076923076923,15
overall,MIXED,15.24,MIDDLE,1054,ドラン シールド,26,14,12,0.5384615384615384,26,0.07602339181286549,342,0.6923076923076923,15
overall,MIXED,16.10,ALL,3006,バーサーカー ブーツ,26,14,12,0.5384615384615384,26,0.023423423423423424,1110,2.1538461538461537,15
overall,MIXED,16.14,MIDDLE,1037,ピッケル,26,14,12,0.5384615384615384,26,0.03735632183908046,696,3.3076923076923075,15
overall,MIXED,14.19,BOTTOM,3363,ファーサイト オルタレーション,26,14,12,0.5384615384615384,26,0.30952380952380953,84,6.0,15
overall,MIXED,15.18,ALL,3076,ブランブル ベスト,26,14,12,0.5384615384615384,26,0.04,650,3.769230769230769,15
overall,MIXED,15.19,ALL,3145,ヘクステック オルタネーター,26,14,12,0.5384615384615384,26,0.022608695652173914,1150,3.269230769230769,15
overall,MIXED,16.2,ALL,3145,ヘクステック オルタネーター,26,14,12,0.5384615384615384,26,0.036619718309859155,710,2.923076923076923,15
overall,MIXED,14.19,TOP,3111,マーキュリー ブーツ,26,14,12,0.5384615384615384,26,0.30952380952380953,84,2.6153846153846154,15
overall,MIXED,15.16,ALL,3089,ラバドン デスキャップ,26,14,12,0.5384615384615384,26,0.04814814814814815,540,2.076923076923077,15
overall,MIXED,16.15,TOP,1052,増魔の書,26,14,12,0.5384615384615384,26,0.031476997578692496,826,4.0,15
overall,MIXED,16.17,JUNGLE,3142,妖夢の霊剣,26,14,12,0.5384615384615384,26,0.025793650793650792,1008,1.1153846153846154,15
overall,MIXED,16.10,ALL,3073,実験的ヘクスプレート,26,14,12,0.5384615384615384,26,0.023423423423423424,1110,2.0,15
overall,MIXED,15.24,ALL,3916,忘却のオーブ,26,14,12,0.5384615384615384,26,0.0152046783625731,1710,3.3076923076923075,15
overall,MIXED,15.22,ALL,6692,赤月の刃,26,14,12,0.5384615384615384,26,0.03939393939393939,660,1.7692307692307692,15
overall,MIXED,16.6,ALL,6692,赤月の刃,26,14,12,0.5384615384615384,26,0.034210526315789476,760,1.8461538461538463,15
overall,MIXED,15.20,MIDDLE,2503,黒炎のトーチ,26,14,12,0.5384615384615384,26,0.1984732824427481,131,1.7692307692307692,15
overall,MIXED,15.22,ALL,1018,アジリティ クローク,26,13,13,0.5,26,0.03939393939393939,660,3.6923076923076925,15
overall,MIXED,15.8,ALL,6610,サンダード スカイ,26,13,13,0.5,26,0.04,650,1.9615384615384615,15
overall,MIXED,16.9,JUNGLE,6610,サンダード スカイ,26,13,13,0.5,26,0.16455696202531644,158,1.3846153846153846,15
overall,MIXED,15.7,ALL,3871,ザズ＝ザクのレルムスパイク,26,13,13,0.5,26,0.05652173913043478,460,0.5,15
overall,MIXED,15.7,UTILITY,3871,ザズ＝ザクのレルムスパイク,26,13,13,0.5,26,0.2826086956521739,92,0.5,15
overall,MIXED,15.14,MIDDLE,4645,シャドウフレイム,26,13,13,0.5,26,0.2826086956521739,92,2.6153846153846154,15
overall,MIXED,15.20,MIDDLE,4645,シャドウフレイム,26,13,13,0.5,26,0.1984732824427481,131,2.5,15
overall,MIXED,16.18,MIDDLE,2420,シーカー アームガード,26,13,13,0.5,26,0.07738095238095238,336,1.3846153846153846,15
overall,MIXED,16.3,ALL,2019,スチール シジル,26,13,13,0.5,26,0.029545454545454545,880,3.5384615384615383,15
overall,MIXED,14.23,MIDDLE,3340,ステルス ワード,26,13,13,0.5,26,0.6190476190476191,42,6.0,15
overall,MIXED,16.1,MIDDLE,3157,ゾーニャの砂時計,26,13,13,0.5,26,0.16883116883116883,154,1.6153846153846154,15
overall,MIXED,15.13,ALL,1031,チェイン ベスト,26,13,13,0.5,26,0.027083333333333334,960,3.3076923076923075,15
overall,MIXED,16.18,TOP,2021,トンネル掘り,26,13,13,0.5,26,0.07738095238095238,336,2.9615384615384617,15
overall,MIXED,15.21,TOP,1055,ドラン ブレード,26,13,13,0.5,26,0.22033898305084745,118,0.9615384615384616,15
overall,MIXED,16.18,TOP,1086,ドラン ボウ,26,13,13,0.5,26,0.07738095238095238,336,1.0769230769230769,15
overall,MIXED,16.17,JUNGLE,3814,ナイト エッジ,26,13,13,0.5,26,0.025793650793650792,1008,2.6538461538461537,15
overall,MIXED,14.20,BOTTOM,3363,ファーサイト オルタレーション,26,13,13,0.5,26,0.2826086956521739,92,6.0,15
overall,MIXED,15.20,ALL,3076,ブランブル ベスト,26,13,13,0.5,26,0.03939393939393939,660,3.5,15
overall,MIXED,16.7,MIDDLE,3118,マリグナンス,26,13,13,0.5,26,0.16883116883116883,154,2.0384615384615383,15
overall,MIXED,16.1,TOP,3111,マーキュリー ブーツ,26,13,13,0.5,26,0.16883116883116883,154,2.3846153846153846,15
overall,MIXED,16.3,MIDDLE,6653,ライアンドリーの仮面,26,13,13,0.5,26,0.14772727272727273,176,2.4615384615384617,15
overall,MIXED,15.21,ALL,3089,ラバドン デスキャップ,26,13,13,0.5,26,0.04406779661016949,590,2.6923076923076925,15
overall,MIXED,15.16,MIDDLE,6655,ルーデン エコー,26,13,13,0.5,26,0.24074074074074073,108,2.0,15
overall,MIXED,15.7,MIDDLE,6657,ロッド オブ エイジス,26,13,13,0.5,26,0.2826086956521739,92,2.1538461538461537,15
overall,MIXED,15.3,ALL,1052,増魔の書,26,13,13,0.5,26,0.06341463414634146,410,4.1923076923076925,15
overall,MIXED,15.7,ALL,1052,増魔の書,26,13,13,0.5,26,0.05652173913043478,460,3.076923076923077,15
overall,MIXED,16.11,ALL,3916,忘却のオーブ,26,13,13,0.5,26,0.022033898305084745,1180,3.5,15
overall,MIXED,16.14,TOP,4401,自然の力,26,13,13,0.5,26,0.03735632183908046,696,2.076923076923077,15
overall,MIXED,15.14,BOTTOM,2031,詰め替えポーション,26,13,13,0.5,26,0.2826086956521739,92,1.3076923076923077,15
overall,MIXED,16.12,ALL,2510,黄昏と暁,26,13,13,0.5,26,0.029213483146067417,890,2.1538461538461537,15
overall,MIXED,16.13,BOTTOM,2503,黒炎のトーチ,26,13,13,0.5,26,0.03951367781155015,658,1.7307692307692308,15
overall,MIXED,16.5,ALL,6673,イモータル シールドボウ,26,12,14,0.46153846153846156,26,0.03209876543209877,810,2.576923076923077,15
overall,MIXED,16.16,BOTTOM,3123,エクスキューショナー コーリング,26,12,14,0.46153846153846156,26,0.03903903903903904,666,3.4615384615384617,15
overall,MIXED,16.1,ALL,3067,キンドルジェム,26,12,14,0.46153846153846156,26,0.033766233766233764,770,3.4615384615384617,15
overall,MIXED,16.2,ALL,1029,クロース アーマー,26,12,14,0.46153846153846156,26,0.036619718309859155,710,4.153846153846154,15
overall,MIXED,15.3,MIDDLE,2055,コントロール ワード,26,12,14,0.46153846153846156,26,0.3170731707317073,82,0.9230769230769231,15
overall,MIXED,15.4,UTILITY,2055,コントロール ワード,26,12,14,0.46153846153846156,26,0.48148148148148145,54,2.923076923076923,15
overall,MIXED,16.12,ALL,3133,コールフィールド ウォーハンマー,26,12,14,0.46153846153846156,26,0.029213483146067417,890,2.923076923076923,15
overall,MIXED,16.14,TOP,6610,サンダード スカイ,26,12,14,0.46153846153846156,26,0.03735632183908046,696,2.3846153846153846,15
overall,MIXED,16.17,UTILITY,4645,シャドウフレイム,26,12,14,0.46153846153846156,26,0.025793650793650792,1008,3.0,15
overall,MIXED,16.14,BOTTOM,3086,ジール,26,12,14,0.46153846153846156,26,0.03735632183908046,696,3.269230769230769,15
overall,MIXED,15.1,MIDDLE,3340,ステルス ワード,26,12,14,0.46153846153846156,26,0.7027027027027027,37,6.0,15
overall,MIXED,15.12,JUNGLE,3340,ステルス ワード,26,12,14,0.46153846153846156,26,0.2549019607843137,102,6.0,15
overall,MIXED,16.2,ALL,3190,ソラリのロケット,26,12,14,0.46153846153846156,26,0.036619718309859155,710,1.7307692307692308,15
overall,MIXED,16.2,UTILITY,3190,ソラリのロケット,26,12,14,0.46153846153846156,26,0.18309859154929578,142,1.7307692307692308,15
overall,MIXED,15.11,ALL,3075,ソーンメイル,26,12,14,0.46153846153846156,26,0.04905660377358491,530,3.269230769230769,15
overall,MIXED,16.16,TOP,1031,チェイン ベスト,26,12,14,0.46153846153846156,26,0.03903903903903904,666,3.5,15
overall,MIXED,15.20,ALL,2021,トンネル掘り,26,12,14,0.46153846153846156,26,0.03939393939393939,660,3.5384615384615383,15
overall,MIXED,16.15,JUNGLE,2021,トンネル掘り,26,12,14,0.46153846153846156,26,0.031476997578692496,826,3.423076923076923,15
overall,MIXED,14.22,BOTTOM,1055,ドラン ブレード,26,12,14,0.46153846153846156,26,0.4482758620689655,58,0.38461538461538464,15
overall,MIXED,14.23,ALL,1055,ドラン ブレード,26,12,14,0.46153846153846156,26,0.12380952380952381,210,0.5384615384615384,15
overall,MIXED,16.14,TOP,3181,ハルブレイカー,26,12,14,0.46153846153846156,26,0.03735632183908046,696,2.5,15
overall,MIXED,16.10,ALL,2524,バンドルパイプ,26,12,14,0.46153846153846156,26,0.023423423423423424,1110,2.4615384615384617,15
overall,MIXED,15.13,MIDDLE,3363,ファーサイト オルタレーション,26,12,14,0.46153846153846156,26,0.13612565445026178,191,6.0,15
overall,MIXED,16.18,ALL,6620,ヘリアの残響,26,12,14,0.46153846153846156,26,0.015476190476190477,1680,2.0,15
overall,MIXED,16.18,UTILITY,6620,ヘリアの残響,26,12,14,0.46153846153846156,26,0.07738095238095238,336,2.0,15
overall,MIXED,15.16,ALL,4633,リフトメーカー,26,12,14,0.46153846153846156,26,0.04814814814814815,540,2.576923076923077,15
overall,MIXED,16.3,ALL,4633,リフトメーカー,26,12,14,0.46153846153846156,26,0.029545454545454545,880,2.769230769230769,15
overall,MIXED,16.3,UTILITY,3116,リーライ クリスタル セプター,26,12,14,0.46153846153846156,26,0.14772727272727273,176,2.1923076923076925,15
overall,MIXED,16.17,TOP,3083,ワーモグ アーマー,26,12,14,0.46153846153846156,26,0.025793650793650792,1008,2.3076923076923075,15
overall,MIXED,16.10,ALL,2003,体力ポーション,26,12,14,0.46153846153846156,26,0.023423423423423424,1110,1.1538461538461537,15
overall,MIXED,16.15,BOTTOM,2003,体力ポーション,26,12,14,0.46153846153846156,26,0.031476997578692496,826,1.1153846153846154,15
overall,MIXED,16.17,JUNGLE,2003,体力ポーション,26,12,14,0.46153846153846156,26,0.025793650793650792,1008,1.2692307692307692,15
overall,MIXED,16.14,JUNGLE,1052,増魔の書,26,12,14,0.46153846153846156,26,0.03735632183908046,696,3.3846153846153846,15
overall,MIXED,15.18,ALL,3876,至点のソリ,26,12,14,0.46153846153846156,26,0.04,650,0.4230769230769231,15
overall,MIXED,15.18,UTILITY,3876,至点のソリ,26,12,14,0.46153846153846156,26,0.2,130,0.4230769230769231,15
overall,MIXED,16.13,ALL,3174,装甲強化の進撃,26,12,14,0.46153846153846156,26,0.007902735562310031,3290,2.5,15
overall,MIXED,16.13,MIDDLE,3174,装甲強化の進撃,26,12,14,0.46153846153846156,26,0.03951367781155015,658,2.5,15
overall,MIXED,15.21,TOP,2031,詰め替えポーション,26,12,14,0.46153846153846156,26,0.22033898305084745,118,1.5384615384615385,15
overall,MIXED,15.20,ALL,6692,赤月の刃,26,12,14,0.46153846153846156,26,0.03939393939393939,660,1.6153846153846154,15
overall,MIXED,15.24,MIDDLE,3158,アイオニア ブーツ,26,11,15,0.4230769230769231,26,0.07602339181286549,342,2.8076923076923075,15
overall,MIXED,16.17,UTILITY,3179,アンブラル グレイブ,26,11,15,0.4230769230769231,26,0.025793650793650792,1008,1.7307692307692308,15
overall,MIXED,16.11,TOP,3364,オラクル レンズ,26,11,15,0.4230769230769231,26,0.11016949152542373,236,6.0,15
overall,MIXED,15.20,UTILITY,3067,キンドルジェム,26,11,15,0.4230769230769231,26,0.19696969696969696,132,3.6153846153846154,15
overall,MIXED,15.19,JUNGLE,6672,クラーケン スレイヤー,26,11,15,0.4230769230769231,26,0.11255411255411256,231,1.6153846153846154,15
overall,MIXED,15.7,ALL,6610,サンダード スカイ,26,11,15,0.4230769230769231,26,0.05652173913043478,460,1.4230769230769231,15
overall,MIXED,16.14,UTILITY,6610,サンダード スカイ,26,11,15,0.4230769230769231,26,0.03735632183908046,696,1.7307692307692308,15
overall,MIXED,15.24,TOP,3068,サンファイア イージス,26,11,15,0.4230769230769231,26,0.07602339181286549,342,1.9615384615384615,15
overall,MIXED,15.19,ALL,3053,ステラックの篭手,26,11,15,0.4230769230769231,26,0.022608695652173914,1150,2.0384615384615383,15
overall,MIXED,16.2,MIDDLE,3157,ゾーニャの砂時計,26,11,15,0.4230769230769231,26,0.18309859154929578,142,1.4615384615384615,15
overall,MIXED,16.2,ALL,3115,ナッシャー トゥース,26,11,15,0.4230769230769231,26,0.036619718309859155,710,2.1538461538461537,15
overall,MIXED,16.15,BOTTOM,6670,ヌーンクィヴァー,26,11,15,0.4230769230769231,26,0.031476997578692496,826,3.4615384615384617,15
overall,MIXED,16.18,JUNGLE,1037,ピッケル,26,11,15,0.4230769230769231,26,0.07738095238095238,336,2.8076923076923075,15
overall,MIXED,16.2,MIDDLE,3363,ファーサイト オルタレーション,26,11,15,0.4230769230769231,26,0.18309859154929578,142,6.0,15
overall,MIXED,15.13,ALL,3145,ヘクステック オルタネーター,26,11,15,0.4230769230769231,26,0.027083333333333334,960,3.5384615384615383,15
overall,MIXED,16.9,ALL,3145,ヘクステック オルタネーター,26,11,15,0.4230769230769231,26,0.03291139240506329,790,3.5384615384615383,15
overall,MIXED,15.8,ALL,3094,ラピッド ファイアキャノン,26,11,15,0.4230769230769231,26,0.04,650,2.8846153846153846,15
overall,MIXED,16.14,ALL,2517,終わりなき飢え,26,11,15,0.4230769230769231,26,0.007471264367816092,3480,2.769230769230769,15
overall,MIXED,15.24,UTILITY,3075,ソーンメイル,26,10,16,0.38461538461538464,26,0.07602339181286549,342,3.5,15
overall,MIXED,16.11,JUNGLE,3078,トリニティ フォース,26,10,16,0.38461538461538464,26,0.11016949152542373,236,1.1923076923076923,15
overall,MIXED,16.9,TOP,1054,ドラン シールド,26,10,16,0.38461538461538464,26,0.16455696202531644,158,1.0,15
overall,MIXED,16.7,TOP,1055,ドラン ブレード,26,10,16,0.38461538461538464,26,0.16883116883116883,154,0.9615384615384616,15
overall,MIXED,16.11,JUNGLE,1037,ピッケル,26,10,16,0.38461538461538464,26,0.11016949152542373,236,2.9615384615384617,15
overall,MIXED,16.6,ALL,3046,ファントム ダンサー,26,10,16,0.38461538461538464,26,0.034210526315789476,760,2.6538461538461537,15
overall,MIXED,16.6,ALL,3076,ブランブル ベスト,26,10,16,0.38461538461538464,26,0.034210526315789476,760,3.3846153846153846,15
overall,MIXED,16.4,ALL,1028,ルビー クリスタル,26,10,16,0.38461538461538464,26,0.04905660377358491,530,4.346153846153846,15
overall,MIXED,16.11,ALL,3133,コールフィールド ウォーハンマー,26,9,17,0.34615384615384615,26,0.022033898305084745,1180,2.730769230769231,15
overall,MIXED,16.5,TOP,1054,ドラン シールド,26,9,17,0.34615384615384615,26,0.16049382716049382,162,0.7307692307692307,15
overall,MIXED,16.3,TOP,1056,ドラン リング,26,9,17,0.34615384615384615,26,0.14772727272727273,176,0.8076923076923077,15
overall,MIXED,15.9,ALL,1001,ブーツ,26,9,17,0.34615384615384615,26,0.06046511627906977,430,2.8461538461538463,15
overall,MIXED,16.16,JUNGLE,3152,ヘクステック ロケットベルト,26,9,17,0.34615384615384615,26,0.03903903903903904,666,1.0384615384615385,15
overall,MIXED,15.21,MIDDLE,2055,コントロール ワード,26,8,18,0.3076923076923077,26,0.22033898305084745,118,1.8076923076923077,15
overall,MIXED,16.12,ALL,2021,トンネル掘り,26,8,18,0.3076923076923077,26,0.029213483146067417,890,3.3076923076923075,15
overall,MIXED,15.13,BOTTOM,3072,ブラッドサースター,26,8,18,0.3076923076923077,26,0.13541666666666666,192,1.9615384615384615,15
overall,MIXED,16.12,BOTTOM,6676,コレクター,26,7,19,0.2692307692307692,26,0.14689265536723164,177,1.9615384615384615,15
overall,MIXED,15.20,ALL,1001,ブーツ,26,7,19,0.2692307692307692,26,0.03939393939393939,660,3.0384615384615383,15
overall,MIXED,16.13,MIDDLE,1037,ピッケル,26,6,20,0.23076923076923078,26,0.03951367781155015,658,3.230769230769231,15
overall,MIXED,15.8,BOTTOM,1038,B. F. ソード,25,20,5,0.8,25,0.19230769230769232,130,3.28,15
overall,MIXED,15.10,ALL,2503,黒炎のトーチ,25,20,5,0.8,25,0.036231884057971016,690,1.48,15
overall,MIXED,15.23,ALL,4628,ホライゾン フォーカス,25,19,6,0.76,25,0.04310344827586207,580,2.0,15
overall,MIXED,15.2,UTILITY,3020,ソーサラー シューズ,25,18,7,0.72,25,0.2717391304347826,92,2.24,15
overall,MIXED,16.8,ALL,3157,ゾーニャの砂時計,25,18,7,0.72,25,0.03571428571428571,700,1.72,15
overall,MIXED,15.9,ALL,1082,ダーク シール,25,18,7,0.72,25,0.05813953488372093,430,2.28,15
overall,MIXED,16.10,ALL,3033,モータル リマインダー,25,18,7,0.72,25,0.02252252252252252,1110,2.56,15
overall,MIXED,16.12,BOTTOM,3046,ファントム ダンサー,25,17,8,0.68,25,0.14124293785310735,177,2.64,15
overall,MIXED,15.3,ALL,1036,ロング ソード,25,17,8,0.68,25,0.06097560975609756,410,3.28,15
overall,MIXED,16.4,ALL,1052,増魔の書,25,17,8,0.68,25,0.04716981132075472,530,3.72,15
overall,MIXED,16.13,JUNGLE,1038,B. F. ソード,25,16,9,0.64,25,0.037993920972644375,658,3.56,15
overall,MIXED,16.9,MIDDLE,3364,オラクル レンズ,25,16,9,0.64,25,0.15822784810126583,158,6.0,15
overall,MIXED,14.19,ALL,3871,ザズ＝ザクのレルムスパイク,25,16,9,0.64,25,0.05952380952380952,420,0.16,15
overall,MIXED,14.19,UTILITY,3871,ザズ＝ザクのレルムスパイク,25,16,9,0.64,25,0.2976190476190476,84,0.16,15
overall,MIXED,16.14,ALL,3170,スイフトマーチ,25,16,9,0.64,25,0.007183908045977011,3480,2.84,15
overall,MIXED,16.14,MIDDLE,3170,スイフトマーチ,25,16,9,0.64,25,0.035919540229885055,696,2.84,15
overall,MIXED,16.16,TOP,3157,ゾーニャの砂時計,25,16,9,0.64,25,0.03753753753753754,666,1.04,15
overall,MIXED,16.7,ALL,1082,ダーク シール,25,16,9,0.64,25,0.032467532467532464,770,3.08,15
overall,MIXED,16.16,MIDDLE,1054,ドラン シールド,25,16,9,0.64,25,0.03753753753753754,666,1.0,15
overall,MIXED,15.19,ALL,3877,ブラッドソング,25,16,9,0.64,25,0.021739130434782608,1150,0.24,15
overall,MIXED,15.19,UTILITY,3877,ブラッドソング,25,16,9,0.64,25,0.10869565217391304,230,0.24,15
overall,MIXED,15.19,MIDDLE,3089,ラバドン デスキャップ,25,16,9,0.64,25,0.10869565217391304,230,3.16,15
overall,MIXED,14.22,ALL,3153,ルインドキング ブレード,25,16,9,0.64,25,0.08620689655172414,290,1.44,15
overall,MIXED,15.14,ALL,3153,ルインドキング ブレード,25,16,9,0.64,25,0.05434782608695652,460,1.84,15
overall,MIXED,16.15,TOP,3083,ワーモグ アーマー,25,16,9,0.64,25,0.03026634382566586,826,2.24,15
overall,MIXED,15.23,ALL,3174,装甲強化の進撃,25,16,9,0.64,25,0.04310344827586207,580,2.44,15
overall,MIXED,15.13,ALL,3109,騎士の誓い,25,16,9,0.64,25,0.026041666666666668,960,2.84,15
overall,MIXED,15.13,UTILITY,3109,騎士の誓い,25,16,9,0.64,25,0.13020833333333334,192,2.84,15
overall,MIXED,16.13,TOP,6662,アイスボーン ガントレット,25,15,10,0.6,25,0.037993920972644375,658,2.52,15
overall,MIXED,16.14,TOP,6673,イモータル シールドボウ,25,15,10,0.6,25,0.035919540229885055,696,2.76,15
overall,MIXED,16.11,ALL,3053,ステラックの篭手,25,15,10,0.6,25,0.0211864406779661,1180,2.52,15
overall,MIXED,15.3,ALL,3869,セレスティアル オポジション,25,15,10,0.6,25,0.06097560975609756,410,0.48,15
overall,MIXED,15.3,UTILITY,3869,セレスティアル オポジション,25,15,10,0.6,25,0.3048780487804878,82,0.48,15
overall,MIXED,16.3,JUNGLE,3020,ソーサラー シューズ,25,15,10,0.6,25,0.14204545454545456,176,2.08,15
overall,MIXED,15.19,UTILITY,3075,ソーンメイル,25,15,10,0.6,25,0.10869565217391304,230,3.08,15
overall,MIXED,16.14,ALL,3748,タイタン ハイドラ,25,15,10,0.6,25,0.007183908045977011,3480,1.0,15
overall,MIXED,15.17,ALL,3173,チェインレースド クラッシャー,25,15,10,0.6,25,0.030864197530864196,810,2.72,15
overall,MIXED,15.24,JUNGLE,1037,ピッケル,25,15,10,0.6,25,0.07309941520467836,342,3.72,15
overall,MIXED,16.11,JUNGLE,6699,ボルテイク サイクロソード,25,15,10,0.6,25,0.1059322033898305,236,1.72,15
overall,MIXED,16.12,ALL,3035,ラスト ウィスパー,25,15,10,0.6,25,0.028089887640449437,890,3.44,15
overall,MIXED,16.3,BOTTOM,3094,ラピッド ファイアキャノン,25,15,10,0.6,25,0.14204545454545456,176,2.2,15
overall,MIXED,14.20,ALL,3031,インフィニティ エッジ,25,14,11,0.56,25,0.05434782608695652,460,2.4,15
overall,MIXED,16.16,JUNGLE,3124,グインソー レイジブレード,25,14,11,0.56,25,0.03753753753753754,666,1.08,15
overall,MIXED,16.15,UTILITY,2504,ケイニック ルーケルン,25,14,11,0.56,25,0.03026634382566586,826,3.32,15
overall,MIXED,15.3,ALL,4645,シャドウフレイム,25,14,11,0.56,25,0.06097560975609756,410,2.16,15
overall,MIXED,15.23,ALL,3161,ショウジンの矛,25,14,11,0.56,25,0.04310344827586207,580,2.36,15
overall,MIXED,15.19,ALL,2420,シーカー アームガード,25,14,11,0.56,25,0.021739130434782608,1150,1.48,15
overall,MIXED,15.4,ALL,3009,スイフトネス ブーツ,25,14,11,0.56,25,0.09259259259259259,270,3.04,15
overall,MIXED,16.17,ALL,3170,スイフトマーチ,25,14,11,0.56,25,0.00496031746031746,5040,2.6,15
overall,MIXED,16.17,MIDDLE,3170,スイフトマーチ,25,14,11,0.56,25,0.0248015873015873,1008,2.6,15
overall,MIXED,16.2,ALL,6631,ストライドブレイカー,25,14,11,0.56,25,0.035211267605633804,710,1.12,15
overall,MIXED,16.14,BOTTOM,3134,セレイテッド ダーク,25,14,11,0.56,25,0.035919540229885055,696,2.52,15
overall,MIXED,15.15,ALL,3075,ソーンメイル,25,14,11,0.56,25,0.06097560975609756,410,2.84,15
overall,MIXED,16.1,ALL,1082,ダーク シール,25,14,11,0.56,25,0.032467532467532464,770,3.04,15
overall,MIXED,16.17,UTILITY,3071,ブラック クリーバー,25,14,11,0.56,25,0.0248015873015873,1008,1.76,15
overall,MIXED,16.7,JUNGLE,3071,ブラック クリーバー,25,14,11,0.56,25,0.16233766233766234,154,1.88,15
overall,MIXED,16.5,ALL,3076,ブランブル ベスト,25,14,11,0.56,25,0.030864197530864196,810,3.36,15
overall,MIXED,16.11,ALL,3094,ラピッド ファイアキャノン,25,14,11,0.56,25,0.0211864406779661,1180,2.92,15
overall,MIXED,15.7,ALL,4633,リフトメーカー,25,14,11,0.56,25,0.05434782608695652,460,1.48,15
overall,MIXED,15.8,BOTTOM,3085,ルナーン ハリケーン,25,14,11,0.56,25,0.19230769230769232,130,2.92,15
overall,MIXED,15.10,ALL,6657,ロッド オブ エイジス,25,14,11,0.56,25,0.036231884057971016,690,2.12,15
overall,MIXED,16.15,JUNGLE,6665,変幻自在のジャック＝ショー,25,14,11,0.56,25,0.03026634382566586,826,3.72,15
overall,MIXED,16.18,ALL,4005,帝国の指令,25,14,11,0.56,25,0.01488095238095238,1680,2.32,15
overall,MIXED,16.13,JUNGLE,3084,心の鋼,25,14,11,0.56,25,0.037993920972644375,658,1.4,15
overall,MIXED,16.5,ALL,3084,心の鋼,25,14,11,0.56,25,0.030864197530864196,810,1.8,15
overall,MIXED,16.15,UTILITY,6692,赤月の刃,25,14,11,0.56,25,0.03026634382566586,826,2.52,15
overall,MIXED,15.17,UTILITY,3158,アイオニア ブーツ,25,13,12,0.52,25,0.15527950310559005,161,2.68,15
overall,MIXED,16.2,ALL,3067,キンドルジェム,25,13,12,0.52,25,0.035211267605633804,710,4.12,15
overall,MIXED,16.11,BOTTOM,3124,グインソー レイジブレード,25,13,12,0.52,25,0.1059322033898305,236,1.92,15
overall,MIXED,15.12,ALL,6610,サンダード スカイ,25,13,12,0.52,25,0.049019607843137254,510,1.6,15
overall,MIXED,16.5,ALL,3053,ステラックの篭手,25,13,12,0.52,25,0.030864197530864196,810,2.8,15
overall,MIXED,15.19,TOP,1055,ドラン ブレード,25,13,12,0.52,25,0.1091703056768559,229,2.04,15
overall,MIXED,15.24,ALL,3814,ナイト エッジ,25,13,12,0.52,25,0.014619883040935672,1710,2.76,15
overall,MIXED,14.19,ALL,1037,ピッケル,25,13,12,0.52,25,0.05952380952380952,420,3.8,15
overall,MIXED,16.3,ALL,3072,ブラッドサースター,25,13,12,0.52,25,0.028409090909090908,880,2.04,15
overall,MIXED,16.18,TOP,3076,ブランブル ベスト,25,13,12,0.52,25,0.0744047619047619,336,3.36,15
overall,MIXED,16.4,ALL,3118,マリグナンス,25,13,12,0.52,25,0.04716981132075472,530,2.08,15
overall,MIXED,15.14,ALL,1058,ムダニ デカイ ロッド,25,13,12,0.52,25,0.05434782608695652,460,3.2,15
overall,MIXED,15.11,BOTTOM,3032,ユン・タル ワイルドアロー,25,13,12,0.52,25,0.2358490566037736,106,1.16,15
overall,MIXED,15.10,ALL,3089,ラバドン デスキャップ,25,13,12,0.52,25,0.036231884057971016,690,2.24,15
overall,MIXED,15.11,ALL,3089,ラバドン デスキャップ,25,13,12,0.52,25,0.04716981132075472,530,2.04,15
overall,MIXED,16.1,JUNGLE,4633,リフトメーカー,25,13,12,0.52,25,0.16233766233766234,154,1.8,15
overall,MIXED,16.3,JUNGLE,3153,ルインドキング ブレード,25,13,12,0.52,25,0.14204545454545456,176,1.8,15
overall,MIXED,16.13,ALL,3082,ワーデン メイル,25,13,12,0.52,25,0.007598784194528876,3290,3.52,15
overall,MIXED,16.13,TOP,1052,増魔の書,25,13,12,0.52,25,0.037993920972644375,658,4.16,15
overall,MIXED,16.7,ALL,3084,心の鋼,25,13,12,0.52,25,0.032467532467532464,770,1.72,15
overall,MIXED,16.15,ALL,3066,翼のムーンプレート,25,13,12,0.52,25,0.006053268765133172,4130,4.0,15
overall,MIXED,15.21,MIDDLE,2031,詰め替えポーション,25,13,12,0.52,25,0.211864406779661,118,1.08,15
overall,MIXED,15.23,BOTTOM,2031,詰め替えポーション,25,13,12,0.52,25,0.21551724137931033,116,1.04,15
overall,MIXED,15.7,ALL,6692,赤月の刃,25,13,12,0.52,25,0.05434782608695652,460,1.68,15
overall,MIXED,16.15,JUNGLE,1018,アジリティ クローク,25,12,13,0.48,25,0.03026634382566586,826,3.68,15
overall,MIXED,16.10,ALL,3123,エクスキューショナー コーリング,25,12,13,0.48,25,0.02252252252252252,1110,2.88,15
overall,MIXED,15.17,MIDDLE,3364,オラクル レンズ,25,12,13,0.48,25,0.15432098765432098,162,6.0,15
overall,MIXED,15.22,ALL,3172,ガンメタル ブーツ,25,12,13,0.48,25,0.03787878787878788,660,2.28,15
overall,MIXED,15.24,ALL,3026,ガーディアン エンジェル,25,12,13,0.48,25,0.014619883040935672,1710,2.96,15
overall,MIXED,15.20,BOTTOM,6676,コレクター,25,12,13,0.48,25,0.1893939393939394,132,2.04,15
overall,MIXED,14.22,UTILITY,2055,コントロール ワード,25,12,13,0.48,25,0.43103448275862066,58,2.96,15
overall,MIXED,16.13,TOP,6610,サンダード スカイ,25,12,13,0.48,25,0.037993920972644375,658,2.16,15
overall,MIXED,14.19,ALL,4645,シャドウフレイム,25,12,13,0.48,25,0.05952380952380952,420,3.08,15
overall,MIXED,14.22,ALL,3009,スイフトネス ブーツ,25,12,13,0.48,25,0.08620689655172414,290,2.56,15
overall,MIXED,16.17,MIDDLE,2019,スチール シジル,25,12,13,0.48,25,0.0248015873015873,1008,2.96,15
overall,MIXED,14.19,ALL,3869,セレスティアル オポジション,25,12,13,0.48,25,0.05952380952380952,420,0.32,15
overall,MIXED,14.19,UTILITY,3869,セレスティアル オポジション,25,12,13,0.48,25,0.2976190476190476,84,0.32,15
overall,MIXED,15.11,ALL,3869,セレスティアル オポジション,25,12,13,0.48,25,0.04716981132075472,530,0.52,15
overall,MIXED,15.11,UTILITY,3869,セレスティアル オポジション,25,12,13,0.48,25,0.2358490566037736,106,0.52,15
overall,MIXED,16.16,UTILITY,3157,ゾーニャの砂時計,25,12,13,0.48,25,0.03753753753753754,666,1.12,15
overall,MIXED,16.17,TOP,3157,ゾーニャの砂時計,25,12,13,0.48,25,0.0248015873015873,1008,1.08,15
overall,MIXED,16.17,JUNGLE,1082,ダーク シール,25,12,13,0.48,25,0.0248015873015873,1008,2.76,15
overall,MIXED,16.10,ALL,3173,チェインレースド クラッシャー,25,12,13,0.48,25,0.02252252252252252,1110,3.08,15
overall,MIXED,16.10,MIDDLE,3173,チェインレースド クラッシャー,25,12,13,0.48,25,0.11261261261261261,222,3.08,15
overall,MIXED,15.9,ALL,3078,トリニティ フォース,25,12,13,0.48,25,0.05813953488372093,430,2.08,15
overall,MIXED,15.19,TOP,2021,トンネル掘り,25,12,13,0.48,25,0.1091703056768559,229,3.04,15
overall,MIXED,15.8,ALL,2021,トンネル掘り,25,12,13,0.48,25,0.038461538461538464,650,2.76,15
overall,MIXED,15.22,TOP,1054,ドラン シールド,25,12,13,0.48,25,0.1893939393939394,132,0.36,15
overall,MIXED,16.16,BOTTOM,6670,ヌーンクィヴァー,25,12,13,0.48,25,0.03753753753753754,666,3.56,15
overall,MIXED,16.18,ALL,3072,ブラッドサースター,25,12,13,0.48,25,0.01488095238095238,1680,1.92,15
overall,MIXED,16.16,ALL,2020,ブルータライザー,25,12,13,0.48,25,0.0075075075075075074,3330,3.44,15
overall,MIXED,15.2,TOP,3047,プレート スチールキャップ,25,12,13,0.48,25,0.2717391304347826,92,2.56,15
overall,MIXED,16.5,ALL,3145,ヘクステック オルタネーター,25,12,13,0.48,25,0.030864197530864196,810,3.56,15
overall,MIXED,15.9,BOTTOM,3032,ユン・タル ワイルドアロー,25,12,13,0.48,25,0.29069767441860467,86,1.2,15
overall,MIXED,16.18,ALL,3094,ラピッド ファイアキャノン,25,12,13,0.48,25,0.01488095238095238,1680,2.64,15
overall,MIXED,16.15,MIDDLE,4633,リフトメーカー,25,12,13,0.48,25,0.03026634382566586,826,2.68,15
overall,MIXED,15.3,ALL,3116,リーライ クリスタル セプター,25,12,13,0.48,25,0.06097560975609756,410,2.08,15
overall,MIXED,15.18,MIDDLE,3153,ルインドキング ブレード,25,12,13,0.48,25,0.19230769230769232,130,1.92,15
overall,MIXED,16.16,UTILITY,3070,女神の涙,25,12,13,0.48,25,0.03753753753753754,666,1.8,15
overall,MIXED,16.2,ALL,3171,真紅のアイオニア ブーツ,25,12,13,0.48,25,0.035211267605633804,710,2.96,15
overall,MIXED,16.2,MIDDLE,3171,真紅のアイオニア ブーツ,25,12,13,0.48,25,0.176056338028169,142,2.96,15
overall,MIXED,15.12,ALL,6692,赤月の刃,25,12,13,0.48,25,0.049019607843137254,510,1.52,15
overall,MIXED,15.1,UTILITY,3364,オラクル レンズ,25,11,14,0.44,25,0.6578947368421053,38,6.0,15
overall,MIXED,15.11,ALL,3067,キンドルジェム,25,11,14,0.44,25,0.04716981132075472,530,3.6,15
overall,MIXED,15.22,BOTTOM,6672,クラーケン スレイヤー,25,11,14,0.44,25,0.1893939393939394,132,2.04,15
overall,MIXED,16.10,ALL,3068,サンファイア イージス,25,11,14,0.44,25,0.02252252252252252,1110,2.16,15
overall,MIXED,16.2,ALL,2420,シーカー アームガード,25,11,14,0.44,25,0.035211267605633804,710,1.6,15
overall,MIXED,15.4,BOTTOM,3340,ステルス ワード,25,11,14,0.44,25,0.46296296296296297,54,6.0,15
overall,MIXED,15.10,ALL,3869,セレスティアル オポジション,25,11,14,0.44,25,0.036231884057971016,690,0.48,15
overall,MIXED,15.10,UTILITY,3869,セレスティアル オポジション,25,11,14,0.44,25,0.18115942028985507,138,0.48,15
overall,MIXED,16.7,ALL,1042,ダガー,25,11,14,0.44,25,0.032467532467532464,770,2.8,15
overall,MIXED,15.12,TOP,1054,ドラン シールド,25,11,14,0.44,25,0.24509803921568626,102,0.92,15
overall,MIXED,16.15,BOTTOM,3115,ナッシャー トゥース,25,11,14,0.44,25,0.03026634382566586,826,2.96,15
overall,MIXED,16.17,JUNGLE,3363,ファーサイト オルタレーション,25,11,14,0.44,25,0.0248015873015873,1008,6.0,15
overall,MIXED,16.13,JUNGLE,1001,ブーツ,25,11,14,0.44,25,0.037993920972644375,658,2.6,15
overall,MIXED,16.15,MIDDLE,1001,ブーツ,25,11,14,0.44,25,0.03026634382566586,826,2.68,15
overall,MIXED,14.20,UTILITY,3047,プレート スチールキャップ,25,11,14,0.44,25,0.2717391304347826,92,3.2,15
overall,MIXED,15.15,JUNGLE,3047,プレート スチールキャップ,25,11,14,0.44,25,0.3048780487804878,82,2.36,15
overall,MIXED,15.23,JUNGLE,3047,プレート スチールキャップ,25,11,14,0.44,25,0.21551724137931033,116,2.2,15
overall,MIXED,16.17,TOP,6699,ボルテイク サイクロソード,25,11,14,0.44,25,0.0248015873015873,1008,2.44,15
overall,MIXED,15.8,BOTTOM,3094,ラピッド ファイアキャノン,25,11,14,0.44,25,0.19230769230769232,130,2.96,15
overall,MIXED,16.15,ALL,3074,ラヴァナス ハイドラ,25,11,14,0.44,25,0.006053268765133172,4130,1.52,15
overall,MIXED,14.20,ALL,3116,リーライ クリスタル セプター,25,11,14,0.44,25,0.05434782608695652,460,2.2,15
overall,MIXED,16.16,BOTTOM,1053,ヴァンパイア セプター,25,11,14,0.44,25,0.03753753753753754,666,3.76,15
overall,MIXED,16.3,ALL,3916,忘却のオーブ,25,11,14,0.44,25,0.028409090909090908,880,2.88,15
overall,MIXED,15.17,UTILITY,2031,詰め替えポーション,25,11,14,0.44,25,0.15527950310559005,161,1.44,15
overall,MIXED,15.18,BOTTOM,2031,詰め替えポーション,25,11,14,0.44,25,0.19230769230769232,130,1.04,15
overall,MIXED,16.18,ALL,3040,セラフ エンブレイス,25,10,15,0.4,25,0.01488095238095238,1680,1.4,15
overall,MIXED,16.18,UTILITY,1033,ヌルマジック マント,25,10,15,0.4,25,0.0744047619047619,336,4.2,15
overall,MIXED,16.3,MIDDLE,3145,ヘクステック オルタネーター,25,10,15,0.4,25,0.14204545454545456,176,3.76,15
overall,MIXED,16.2,ALL,3876,至点のソリ,25,10,15,0.4,25,0.035211267605633804,710,0.2,15
overall,MIXED,16.2,UTILITY,3876,至点のソリ,25,10,15,0.4,25,0.176056338028169,142,0.2,15
overall,MIXED,16.14,TOP,1029,クロース アーマー,25,9,16,0.36,25,0.035919540229885055,696,3.48,15
overall,MIXED,15.24,ALL,6694,セリルダの怨恨,25,9,16,0.36,25,0.014619883040935672,1710,1.96,15
overall,MIXED,14.19,ALL,3078,トリニティ フォース,25,9,16,0.36,25,0.05952380952380952,420,2.08,15
overall,MIXED,15.21,ALL,2021,トンネル掘り,25,9,16,0.36,25,0.0423728813559322,590,3.0,15
overall,MIXED,16.6,ALL,1001,ブーツ,25,9,16,0.36,25,0.03289473684210526,760,2.76,15
overall,MIXED,16.15,UTILITY,3145,ヘクステック オルタネーター,25,9,16,0.36,25,0.03026634382566586,826,3.48,15
overall,MIXED,14.19,ALL,3116,リーライ クリスタル セプター,25,9,16,0.36,25,0.05952380952380952,420,2.16,15
overall,MIXED,15.13,JUNGLE,1028,ルビー クリスタル,25,9,16,0.36,25,0.13020833333333334,192,3.56,15
overall,MIXED,15.19,ALL,3070,女神の涙,25,9,16,0.36,25,0.021739130434782608,1150,2.68,15
overall,MIXED,15.8,ALL,3084,心の鋼,25,9,16,0.36,25,0.038461538461538464,650,1.52,15
overall,MIXED,16.18,ALL,3179,アンブラル グレイブ,25,8,17,0.32,25,0.01488095238095238,1680,2.24,15
overall,MIXED,16.16,BOTTOM,3078,トリニティ フォース,25,8,17,0.32,25,0.03753753753753754,666,1.48,15
overall,MIXED,15.17,ALL,3032,ユン・タル ワイルドアロー,25,8,17,0.32,25,0.030864197530864196,810,2.0,15
overall,MIXED,15.10,JUNGLE,6692,赤月の刃,25,8,17,0.32,25,0.18115942028985507,138,1.52,15
overall,MIXED,16.13,JUNGLE,6692,赤月の刃,25,8,17,0.32,25,0.037993920972644375,658,1.64,15
overall,MIXED,16.18,TOP,3009,スイフトネス ブーツ,25,7,18,0.28,25,0.0744047619047619,336,2.88,15
overall,MIXED,16.7,ALL,4646,ストームサージ,25,7,18,0.28,25,0.032467532467532464,770,3.08,15
overall,MIXED,16.2,TOP,1056,ドラン リング,25,7,18,0.28,25,0.176056338028169,142,0.72,15
overall,MIXED,15.3,ALL,1001,ブーツ,25,7,18,0.28,25,0.06097560975609756,410,3.12,15
overall,MIXED,16.17,TOP,1042,ダガー,25,6,19,0.24,25,0.0248015873015873,1008,3.24,15
overall,MIXED,16.1,ALL,1001,ブーツ,25,6,19,0.24,25,0.032467532467532464,770,2.6,15
overall,MIXED,16.11,BOTTOM,1036,ロング ソード,25,6,19,0.24,25,0.1059322033898305,236,4.16,15
overall,MIXED,15.18,ALL,3068,サンファイア イージス,24,19,5,0.7916666666666666,24,0.036923076923076927,650,2.0,15
overall,MIXED,14.19,ALL,3031,インフィニティ エッジ,24,18,6,0.75,24,0.05714285714285714,420,2.75,15
overall,MIXED,15.17,BOTTOM,3172,ガンメタル ブーツ,24,17,7,0.7083333333333334,24,0.14814814814814814,162,2.2916666666666665,15
overall,MIXED,16.7,ALL,3026,ガーディアン エンジェル,24,17,7,0.7083333333333334,24,0.03116883116883117,770,3.5416666666666665,15
overall,MIXED,15.19,JUNGLE,3124,グインソー レイジブレード,24,17,7,0.7083333333333334,24,0.1038961038961039,231,2.8333333333333335,15
overall,MIXED,15.11,ALL,2021,トンネル掘り,24,17,7,0.7083333333333334,24,0.045283018867924525,530,3.4583333333333335,15
overall,MIXED,16.18,ALL,2524,バンドルパイプ,24,17,7,0.7083333333333334,24,0.014285714285714285,1680,2.8333333333333335,15
overall,MIXED,16.18,UTILITY,2524,バンドルパイプ,24,17,7,0.7083333333333334,24,0.07142857142857142,336,2.8333333333333335,15
overall,MIXED,15.24,TOP,4633,リフトメーカー,24,17,7,0.7083333333333334,24,0.07017543859649122,342,1.8333333333333333,15
overall,MIXED,16.17,TOP,3008,グラトナス ブーツ,24,16,8,0.6666666666666666,24,0.023809523809523808,1008,2.375,15
overall,MIXED,16.14,JUNGLE,4645,シャドウフレイム,24,16,8,0.6666666666666666,24,0.034482758620689655,696,2.4583333333333335,15
overall,MIXED,16.4,ALL,3078,トリニティ フォース,24,16,8,0.6666666666666666,24,0.045283018867924525,530,1.625,15
overall,MIXED,16.3,BOTTOM,3032,ユン・タル ワイルドアロー,24,16,8,0.6666666666666666,24,0.13636363636363635,176,1.4166666666666667,15
overall,MIXED,15.15,ALL,2502,終わりなき絶望,24,16,8,0.6666666666666666,24,0.05853658536585366,410,2.4583333333333335,15
overall,MIXED,16.15,TOP,1011,ジャイアント ベルト,24,15,9,0.625,24,0.029055690072639227,826,3.375,15
overall,MIXED,16.5,ALL,2019,スチール シジル,24,15,9,0.625,24,0.02962962962962963,810,3.5416666666666665,15
overall,MIXED,15.19,ALL,6333,デス ダンス,24,15,9,0.625,24,0.020869565217391306,1150,3.25,15
overall,MIXED,16.18,ALL,6670,ヌーンクィヴァー,24,15,9,0.625,24,0.014285714285714285,1680,2.7916666666666665,15
overall,MIXED,16.18,ALL,1057,ネガトロン クローク,24,15,9,0.625,24,0.014285714285714285,1680,3.5833333333333335,15
overall,MIXED,15.15,ALL,1037,ピッケル,24,15,9,0.625,24,0.05853658536585366,410,3.75,15
overall,MIXED,15.20,BOTTOM,3032,ユン・タル ワイルドアロー,24,15,9,0.625,24,0.18181818181818182,132,1.7083333333333333,15
overall,MIXED,15.19,TOP,6653,ライアンドリーの仮面,24,15,9,0.625,24,0.10480349344978165,229,2.7916666666666665,15
overall,MIXED,15.13,ALL,3085,ルナーン ハリケーン,24,15,9,0.625,24,0.025,960,2.9166666666666665,15
overall,MIXED,15.9,ALL,1028,ルビー クリスタル,24,15,9,0.625,24,0.05581395348837209,430,3.6666666666666665,15
overall,MIXED,16.14,MIDDLE,1036,ロング ソード,24,15,9,0.625,24,0.034482758620689655,696,4.0,15
overall,MIXED,16.18,JUNGLE,3026,ガーディアン エンジェル,24,14,10,0.5833333333333334,24,0.07142857142857142,336,3.2083333333333335,15
overall,MIXED,15.17,ALL,3067,キンドルジェム,24,14,10,0.5833333333333334,24,0.02962962962962963,810,3.625,15
overall,MIXED,16.5,ALL,3161,ショウジンの矛,24,14,10,0.5833333333333334,24,0.02962962962962963,810,2.125,15
overall,MIXED,16.7,ALL,3161,ショウジンの矛,24,14,10,0.5833333333333334,24,0.03116883116883117,770,2.0833333333333335,15
overall,MIXED,16.10,ALL,3086,ジール,24,14,10,0.5833333333333334,24,0.021621621621621623,1110,3.2083333333333335,15
overall,MIXED,15.9,ALL,3075,ソーンメイル,24,14,10,0.5833333333333334,24,0.05581395348837209,430,2.875,15
overall,MIXED,16.14,JUNGLE,1082,ダーク シール,24,14,10,0.5833333333333334,24,0.034482758620689655,696,2.625,15
overall,MIXED,16.10,JUNGLE,6333,デス ダンス,24,14,10,0.5833333333333334,24,0.10810810810810811,222,3.1666666666666665,15
overall,MIXED,15.20,ALL,3078,トリニティ フォース,24,14,10,0.5833333333333334,24,0.03636363636363636,660,1.4583333333333333,15
overall,MIXED,15.15,ALL,1054,ドラン シールド,24,14,10,0.5833333333333334,24,0.05853658536585366,410,0.7083333333333334,15
overall,MIXED,16.5,TOP,1056,ドラン リング,24,14,10,0.5833333333333334,24,0.14814814814814814,162,1.0,15
overall,MIXED,16.10,BOTTOM,3046,ファントム ダンサー,24,14,10,0.5833333333333334,24,0.10810810810810811,222,2.0833333333333335,15
overall,MIXED,16.17,BOTTOM,2512,フィーンドハンターの矢,24,14,10,0.5833333333333334,24,0.023809523809523808,1008,2.4166666666666665,15
overall,MIXED,15.24,ALL,3114,フォビドゥン アイドル,24,14,10,0.5833333333333334,24,0.014035087719298246,1710,4.125,15
overall,MIXED,15.24,UTILITY,3114,フォビドゥン アイドル,24,14,10,0.5833333333333334,24,0.07017543859649122,342,4.125,15
overall,MIXED,14.19,ALL,3145,ヘクステック オルタネーター,24,14,10,0.5833333333333334,24,0.05714285714285714,420,3.0833333333333335,15
overall,MIXED,16.12,ALL,3152,ヘクステック ロケットベルト,24,14,10,0.5833333333333334,24,0.02696629213483146,890,1.0,15
overall,MIXED,15.16,ALL,3118,マリグナンス,24,14,10,0.5833333333333334,24,0.044444444444444446,540,2.5416666666666665,15
overall,MIXED,16.9,MIDDLE,3089,ラバドン デスキャップ,24,14,10,0.5833333333333334,24,0.1518987341772152,158,2.5,15
overall,MIXED,15.15,ALL,1028,ルビー クリスタル,24,14,10,0.5833333333333334,24,0.05853658536585366,410,3.9166666666666665,15
overall,MIXED,15.13,MIDDLE,3175,連呪使いのブーツ,24,14,10,0.5833333333333334,24,0.1256544502617801,191,2.5416666666666665,15
overall,MIXED,16.10,BOTTOM,1038,B. F. ソード,24,13,11,0.5416666666666666,24,0.10810810810810811,222,3.25,15
overall,MIXED,15.18,ALL,6673,イモータル シールドボウ,24,13,11,0.5416666666666666,24,0.036923076923076927,650,2.5833333333333335,15
overall,MIXED,16.14,JUNGLE,3031,インフィニティ エッジ,24,13,11,0.5416666666666666,24,0.034482758620689655,696,2.5833333333333335,15
overall,MIXED,15.20,ALL,3508,エッセンス リーバー,24,13,11,0.5416666666666666,24,0.03636363636363636,660,2.0416666666666665,15
overall,MIXED,15.20,BOTTOM,3508,エッセンス リーバー,24,13,11,0.5416666666666666,24,0.18181818181818182,132,2.0416666666666665,15
overall,MIXED,15.8,UTILITY,3067,キンドルジェム,24,13,11,0.5416666666666666,24,0.18461538461538463,130,3.6666666666666665,15
overall,MIXED,15.14,ALL,1029,クロース アーマー,24,13,11,0.5416666666666666,24,0.05217391304347826,460,3.9583333333333335,15
overall,MIXED,16.16,JUNGLE,3008,グラトナス ブーツ,24,13,11,0.5416666666666666,24,0.036036036036036036,666,2.0,15
overall,MIXED,15.2,JUNGLE,2055,コントロール ワード,24,13,11,0.5416666666666666,24,0.2608695652173913,92,2.625,15
overall,MIXED,15.24,BOTTOM,2055,コントロール ワード,24,13,11,0.5416666666666666,24,0.07038123167155426,341,2.6666666666666665,15
overall,MIXED,16.16,TOP,1011,ジャイアント ベルト,24,13,11,0.5416666666666666,24,0.036036036036036036,666,3.875,15
overall,MIXED,14.23,ALL,3009,スイフトネス ブーツ,24,13,11,0.5416666666666666,24,0.11428571428571428,210,2.5833333333333335,15
overall,MIXED,16.3,ALL,4646,ストームサージ,24,13,11,0.5416666666666666,24,0.02727272727272727,880,2.7083333333333335,15
overall,MIXED,16.9,ALL,4646,ストームサージ,24,13,11,0.5416666666666666,24,0.030379746835443037,790,2.625,15
overall,MIXED,16.1,UTILITY,3020,ソーサラー シューズ,24,13,11,0.5416666666666666,24,0.1568627450980392,153,2.5,15
overall,MIXED,15.17,MIDDLE,3157,ゾーニャの砂時計,24,13,11,0.5416666666666666,24,0.14814814814814814,162,1.7916666666666667,15
overall,MIXED,15.19,MIDDLE,1082,ダーク シール,24,13,11,0.5416666666666666,24,0.10434782608695652,230,3.2916666666666665,15
overall,MIXED,15.22,ALL,3173,チェインレースド クラッシャー,24,13,11,0.5416666666666666,24,0.03636363636363636,660,2.0833333333333335,15
overall,MIXED,16.9,TOP,3078,トリニティ フォース,24,13,11,0.5416666666666666,24,0.1518987341772152,158,1.9166666666666667,15
overall,MIXED,16.6,ALL,3870,ドリーム メーカー,24,13,11,0.5416666666666666,24,0.031578947368421054,760,0.3333333333333333,15
overall,MIXED,16.6,UTILITY,3870,ドリーム メーカー,24,13,11,0.5416666666666666,24,0.15894039735099338,151,0.3333333333333333,15
overall,MIXED,16.5,MIDDLE,3363,ファーサイト オルタレーション,24,13,11,0.5416666666666666,24,0.14814814814814814,162,6.0,15
overall,MIXED,16.2,BOTTOM,3072,ブラッドサースター,24,13,11,0.5416666666666666,24,0.16901408450704225,142,2.2083333333333335,15
overall,MIXED,15.17,ALL,1001,ブーツ,24,13,11,0.5416666666666666,24,0.02962962962962963,810,3.0416666666666665,15
overall,MIXED,16.4,JUNGLE,3047,プレート スチールキャップ,24,13,11,0.5416666666666666,24,0.22641509433962265,106,2.0,15
overall,MIXED,15.17,ALL,3118,マリグナンス,24,13,11,0.5416666666666666,24,0.02962962962962963,810,1.9583333333333333,15
overall,MIXED,16.12,MIDDLE,3089,ラバドン デスキャップ,24,13,11,0.5416666666666666,24,0.1348314606741573,178,2.4166666666666665,15
overall,MIXED,15.18,TOP,3116,リーライ クリスタル セプター,24,13,11,0.5416666666666666,24,0.18461538461538463,130,1.8333333333333333,15
overall,MIXED,16.9,TOP,3153,ルインドキング ブレード,24,13,11,0.5416666666666666,24,0.1518987341772152,158,2.125,15
overall,MIXED,16.18,JUNGLE,1028,ルビー クリスタル,24,13,11,0.5416666666666666,24,0.07142857142857142,336,3.8333333333333335,15
overall,MIXED,15.1,ALL,6655,ルーデン エコー,24,13,11,0.5416666666666666,24,0.12631578947368421,190,1.6666666666666667,15
overall,MIXED,15.2,ALL,2003,体力ポーション,24,13,11,0.5416666666666666,24,0.05217391304347826,460,1.0833333333333333,15
overall,MIXED,16.13,UTILITY,2003,体力ポーション,24,13,11,0.5416666666666666,24,0.0365296803652968,657,1.375,15
overall,MIXED,15.16,ALL,1052,増魔の書,24,13,11,0.5416666666666666,24,0.044444444444444446,540,3.4166666666666665,15
overall,MIXED,16.13,UTILITY,4005,帝国の指令,24,13,11,0.5416666666666666,24,0.0365296803652968,657,2.6666666666666665,15
overall,MIXED,15.19,TOP,3084,心の鋼,24,13,11,0.5416666666666666,24,0.10480349344978165,229,1.9166666666666667,15
overall,MIXED,15.3,ALL,6692,赤月の刃,24,13,11,0.5416666666666666,24,0.05853658536585366,410,1.625,15
overall,MIXED,16.2,ALL,6692,赤月の刃,24,13,11,0.5416666666666666,24,0.03380281690140845,710,1.6666666666666667,15
overall,MIXED,16.5,BOTTOM,1038,B. F. ソード,24,12,12,0.5,24,0.14814814814814814,162,2.9583333333333335,15
overall,MIXED,16.7,BOTTOM,1018,アジリティ クローク,24,12,12,0.5,24,0.15584415584415584,154,3.7916666666666665,15
overall,MIXED,16.5,ALL,3123,エクスキューショナー コーリング,24,12,12,0.5,24,0.02962962962962963,810,3.1666666666666665,15
overall,MIXED,15.16,ALL,6676,コレクター,24,12,12,0.5,24,0.044444444444444446,540,2.7083333333333335,15
overall,MIXED,16.8,BOTTOM,6676,コレクター,24,12,12,0.5,24,0.17142857142857143,140,1.9166666666666667,15
overall,MIXED,16.7,ALL,3133,コールフィールド ウォーハンマー,24,12,12,0.5,24,0.03116883116883117,770,3.375,15
overall,MIXED,14.20,ALL,3871,ザズ＝ザクのレルムスパイク,24,12,12,0.5,24,0.05217391304347826,460,0.375,15
overall,MIXED,14.20,UTILITY,3871,ザズ＝ザクのレルムスパイク,24,12,12,0.5,24,0.2608695652173913,92,0.375,15
overall,MIXED,16.13,ALL,3057,シーン,24,12,12,0.5,24,0.00729483282674772,3290,2.2916666666666665,15
overall,MIXED,16.13,BOTTOM,3086,ジール,24,12,12,0.5,24,0.0364741641337386,658,2.7916666666666665,15
overall,MIXED,15.19,UTILITY,3009,スイフトネス ブーツ,24,12,12,0.5,24,0.10434782608695652,230,3.25,15
overall,MIXED,16.10,TOP,3009,スイフトネス ブーツ,24,12,12,0.5,24,0.10810810810810811,222,2.7083333333333335,15
overall,MIXED,16.6,TOP,6631,ストライドブレイカー,24,12,12,0.5,24,0.15789473684210525,152,1.0,15
overall,MIXED,15.8,ALL,4646,ストームサージ,24,12,12,0.5,24,0.036923076923076927,650,2.9583333333333335,15
overall,MIXED,16.12,JUNGLE,6333,デス ダンス,24,12,12,0.5,24,0.1348314606741573,178,2.75,15
overall,MIXED,16.7,ALL,6333,デス ダンス,24,12,12,0.5,24,0.03116883116883117,770,2.7083333333333335,15
overall,MIXED,16.7,TOP,3078,トリニティ フォース,24,12,12,0.5,24,0.15584415584415584,154,1.5,15
overall,MIXED,16.1,ALL,2021,トンネル掘り,24,12,12,0.5,24,0.03116883116883117,770,3.0416666666666665,15
overall,MIXED,16.3,ALL,3870,ドリーム メーカー,24,12,12,0.5,24,0.02727272727272727,880,0.3333333333333333,15
overall,MIXED,16.3,UTILITY,3870,ドリーム メーカー,24,12,12,0.5,24,0.13636363636363635,176,0.3333333333333333,15
overall,MIXED,15.18,ALL,6675,ナヴォリ フリッカーブレード,24,12,12,0.5,24,0.036923076923076927,650,1.75,15
overall,MIXED,15.19,BOTTOM,6675,ナヴォリ フリッカーブレード,24,12,12,0.5,24,0.10434782608695652,230,3.2916666666666665,15
overall,MIXED,16.18,ALL,6675,ナヴォリ フリッカーブレード,24,12,12,0.5,24,0.014285714285714285,1680,2.1666666666666665,15
overall,MIXED,16.10,UTILITY,2524,バンドルパイプ,24,12,12,0.5,24,0.10810810810810811,222,2.375,15
overall,MIXED,15.24,MIDDLE,3006,バーサーカー ブーツ,24,12,12,0.5,24,0.07017543859649122,342,2.625,15
overall,MIXED,16.15,ALL,3114,フォビドゥン アイドル,24,12,12,0.5,24,0.005811138014527845,4130,3.875,15
overall,MIXED,15.24,ALL,3110,フローズン ハート,24,12,12,0.5,24,0.014035087719298246,1710,3.25,15
overall,MIXED,15.24,TOP,3076,ブランブル ベスト,24,12,12,0.5,24,0.07017543859649122,342,3.4166666666666665,15
overall,MIXED,16.5,ALL,1001,ブーツ,24,12,12,0.5,24,0.02962962962962963,810,2.8333333333333335,15
overall,MIXED,15.22,ALL,3032,ユン・タル ワイルドアロー,24,12,12,0.5,24,0.03636363636363636,660,1.9166666666666667,15
overall,MIXED,15.20,JUNGLE,6653,ライアンドリーの仮面,24,12,12,0.5,24,0.18181818181818182,132,2.0416666666666665,15
overall,MIXED,14.20,ALL,1028,ルビー クリスタル,24,12,12,0.5,24,0.05217391304347826,460,3.4583333333333335,15
overall,MIXED,15.2,MIDDLE,6655,ルーデン エコー,24,12,12,0.5,24,0.2608695652173913,92,2.2916666666666665,15
overall,MIXED,16.18,ALL,3802,ロスト チャプター,24,12,12,0.5,24,0.014285714285714285,1680,2.9583333333333335,15
overall,MIXED,16.9,BOTTOM,1036,ロング ソード,24,12,12,0.5,24,0.1518987341772152,158,3.5,15
overall,MIXED,15.13,MIDDLE,1052,増魔の書,24,12,12,0.5,24,0.1256544502617801,191,3.75,15
overall,MIXED,15.21,ALL,3084,心の鋼,24,12,12,0.5,24,0.04067796610169491,590,1.75,15
overall,MIXED,16.10,ALL,3147,悲愴な仮面,24,12,12,0.5,24,0.021621621621621623,1110,2.4166666666666665,15
overall,MIXED,16.6,ALL,3876,至点のソリ,24,12,12,0.5,24,0.031578947368421054,760,0.5,15
overall,MIXED,16.6,UTILITY,3876,至点のソリ,24,12,12,0.5,24,0.15894039735099338,151,0.5,15
overall,MIXED,16.13,UTILITY,2503,黒炎のトーチ,24,12,12,0.5,24,0.0365296803652968,657,1.7083333333333333,15
overall,MIXED,16.6,MIDDLE,2503,黒炎のトーチ,24,12,12,0.5,24,0.15789473684210525,152,2.1666666666666665,15
overall,MIXED,16.7,BOTTOM,1038,B. F. ソード,24,11,13,0.4583333333333333,24,0.15584415584415584,154,3.5,15
overall,MIXED,16.6,BOTTOM,1018,アジリティ クローク,24,11,13,0.4583333333333333,24,0.15789473684210525,152,3.6666666666666665,15
overall,MIXED,16.14,UTILITY,3179,アンブラル グレイブ,24,11,13,0.4583333333333333,24,0.034482758620689655,696,2.1666666666666665,15
overall,MIXED,15.3,MIDDLE,3364,オラクル レンズ,24,11,13,0.4583333333333333,24,0.2926829268292683,82,6.0,15
overall,MIXED,15.20,JUNGLE,6672,クラーケン スレイヤー,24,11,13,0.4583333333333333,24,0.18181818181818182,132,1.3333333333333333,15
overall,MIXED,14.21,BOTTOM,6676,コレクター,24,11,13,0.4583333333333333,24,0.42857142857142855,56,1.5416666666666667,15
overall,MIXED,14.22,ALL,6676,コレクター,24,11,13,0.4583333333333333,24,0.08275862068965517,290,1.6666666666666667,15
overall,MIXED,15.2,MIDDLE,4645,シャドウフレイム,24,11,13,0.4583333333333333,24,0.2608695652173913,92,3.0,15
overall,MIXED,16.9,ALL,3087,スタティック シヴ,24,11,13,0.4583333333333333,24,0.030379746835443037,790,2.0416666666666665,15
overall,MIXED,15.17,ALL,6631,ストライドブレイカー,24,11,13,0.4583333333333333,24,0.02962962962962963,810,1.3333333333333333,15
overall,MIXED,16.3,ALL,6631,ストライドブレイカー,24,11,13,0.4583333333333333,24,0.02727272727272727,880,1.125,15
overall,MIXED,16.13,BOTTOM,1042,ダガー,24,11,13,0.4583333333333333,24,0.0364741641337386,658,3.3333333333333335,15
overall,MIXED,16.13,UTILITY,1031,チェイン ベスト,24,11,13,0.4583333333333333,24,0.0365296803652968,657,3.7083333333333335,15
overall,MIXED,16.12,BOTTOM,1037,ピッケル,24,11,13,0.4583333333333333,24,0.13559322033898305,177,3.3333333333333335,15
overall,MIXED,16.8,BOTTOM,1037,ピッケル,24,11,13,0.4583333333333333,24,0.17142857142857143,140,3.4583333333333335,15
overall,MIXED,15.11,ALL,3076,ブランブル ベスト,24,11,13,0.4583333333333333,24,0.045283018867924525,530,3.625,15
overall,MIXED,15.17,ALL,3076,ブランブル ベスト,24,11,13,0.4583333333333333,24,0.02962962962962963,810,3.5,15
overall,MIXED,16.15,ALL,2020,ブルータライザー,24,11,13,0.4583333333333333,24,0.005811138014527845,4130,3.7916666666666665,15
overall,MIXED,14.19,UTILITY,3047,プレート スチールキャップ,24,11,13,0.4583333333333333,24,0.2857142857142857,84,3.0,15
overall,MIXED,16.16,ALL,2525,プロトプラズム ハーネス,24,11,13,0.4583333333333333,24,0.007207207207207207,3330,2.6666666666666665,15
overall,MIXED,15.22,MIDDLE,1058,ムダニ デカイ ロッド,24,11,13,0.4583333333333333,24,0.18181818181818182,132,3.3333333333333335,15
overall,MIXED,16.4,ALL,1058,ムダニ デカイ ロッド,24,11,13,0.4583333333333333,24,0.045283018867924525,530,3.4166666666666665,15
overall,MIXED,16.5,MIDDLE,1058,ムダニ デカイ ロッド,24,11,13,0.4583333333333333,24,0.14814814814814814,162,2.4166666666666665,15
overall,MIXED,15.20,ALL,3089,ラバドン デスキャップ,24,11,13,0.4583333333333333,24,0.03636363636363636,660,1.625,15
overall,MIXED,15.22,ALL,3094,ラピッド ファイアキャノン,24,11,13,0.4583333333333333,24,0.03636363636363636,660,2.8333333333333335,15
overall,MIXED,15.3,ALL,4633,リフトメーカー,24,11,13,0.4583333333333333,24,0.05853658536585366,410,2.0833333333333335,15
overall,MIXED,15.14,MIDDLE,6655,ルーデン エコー,24,11,13,0.4583333333333333,24,0.2608695652173913,92,2.4166666666666665,15
overall,MIXED,15.9,MIDDLE,6655,ルーデン エコー,24,11,13,0.4583333333333333,24,0.27906976744186046,86,2.5416666666666665,15
overall,MIXED,16.1,ALL,3142,妖夢の霊剣,24,11,13,0.4583333333333333,24,0.03116883116883117,770,1.2916666666666667,15
overall,MIXED,15.22,ALL,3084,心の鋼,24,11,13,0.4583333333333333,24,0.03636363636363636,660,1.8333333333333333,15
overall,MIXED,16.16,MIDDLE,2421,砕けたアームガード,24,11,13,0.4583333333333333,24,0.036036036036036036,666,0.9166666666666666,15
overall,MIXED,15.13,TOP,6692,赤月の刃,24,11,13,0.4583333333333333,24,0.125,192,2.125,15
overall,MIXED,16.15,JUNGLE,2022,輝きのモート,24,11,13,0.4583333333333333,24,0.029055690072639227,826,3.8333333333333335,15
overall,MIXED,16.3,ALL,2022,輝きのモート,24,11,13,0.4583333333333333,24,0.02727272727272727,880,4.125,15
overall,MIXED,16.11,JUNGLE,2510,黄昏と暁,24,11,13,0.4583333333333333,24,0.1016949152542373,236,2.0416666666666665,15
overall,MIXED,16.14,TOP,2510,黄昏と暁,24,11,13,0.4583333333333333,24,0.034482758620689655,696,2.2916666666666665,15
overall,MIXED,16.13,BOTTOM,3123,エクスキューショナー コーリング,24,10,14,0.4166666666666667,24,0.0364741641337386,658,3.7083333333333335,15
overall,MIXED,16.15,BOTTOM,3123,エクスキューショナー コーリング,24,10,14,0.4166666666666667,24,0.029055690072639227,826,3.375,15
overall,MIXED,15.1,JUNGLE,3364,オラクル レンズ,24,10,14,0.4166666666666667,24,0.631578947368421,38,6.0,15
overall,MIXED,16.13,TOP,3067,キンドルジェム,24,10,14,0.4166666666666667,24,0.0364741641337386,658,3.2916666666666665,15
overall,MIXED,16.10,TOP,6631,ストライドブレイカー,24,10,14,0.4166666666666667,24,0.10810810810810811,222,1.0,15
overall,MIXED,16.15,UTILITY,4646,ストームサージ,24,10,14,0.4166666666666667,24,0.029055690072639227,826,2.625,15
overall,MIXED,16.11,ALL,1031,チェイン ベスト,24,10,14,0.4166666666666667,24,0.020338983050847456,1180,3.0833333333333335,15
overall,MIXED,16.15,TOP,1031,チェイン ベスト,24,10,14,0.4166666666666667,24,0.029055690072639227,826,3.25,15
overall,MIXED,16.17,UTILITY,1057,ネガトロン クローク,24,10,14,0.4166666666666667,24,0.023809523809523808,1008,4.0,15
overall,MIXED,16.17,MIDDLE,1037,ピッケル,24,10,14,0.4166666666666667,24,0.023809523809523808,1008,2.9166666666666665,15
overall,MIXED,16.18,MIDDLE,3145,ヘクステック オルタネーター,24,10,14,0.4166666666666667,24,0.07142857142857142,336,2.5833333333333335,15
overall,MIXED,16.10,ALL,3152,ヘクステック ロケットベルト,24,10,14,0.4166666666666667,24,0.021621621621621623,1110,1.0833333333333333,15
overall,MIXED,16.15,UTILITY,4005,帝国の指令,24,10,14,0.4166666666666667,24,0.029055690072639227,826,2.6666666666666665,15
overall,MIXED,16.3,TOP,2031,詰め替えポーション,24,10,14,0.4166666666666667,24,0.13636363636363635,176,1.2916666666666667,15
overall,MIXED,16.15,JUNGLE,6692,赤月の刃,24,10,14,0.4166666666666667,24,0.029055690072639227,826,1.5416666666666667,15
overall,MIXED,15.19,ALL,2019,スチール シジル,24,9,15,0.375,24,0.020869565217391306,1150,3.5833333333333335,15
overall,MIXED,15.22,MIDDLE,1082,ダーク シール,24,9,15,0.375,24,0.18181818181818182,132,3.0416666666666665,15
overall,MIXED,16.11,ALL,1033,ヌルマジック マント,24,9,15,0.375,24,0.020338983050847456,1180,3.5,15
overall,MIXED,16.4,ALL,1037,ピッケル,24,9,15,0.375,24,0.045283018867924525,530,2.875,15
overall,MIXED,15.16,ALL,3076,ブランブル ベスト,24,9,15,0.375,24,0.044444444444444446,540,3.5833333333333335,15
overall,MIXED,16.7,ALL,1001,ブーツ,24,9,15,0.375,24,0.03116883116883117,770,2.8333333333333335,15
overall,MIXED,15.18,TOP,3111,マーキュリー ブーツ,24,9,15,0.375,24,0.18461538461538463,130,2.7083333333333335,15
overall,MIXED,15.24,JUNGLE,1028,ルビー クリスタル,24,9,15,0.375,24,0.07017543859649122,342,3.75,15
overall,MIXED,15.24,TOP,1028,ルビー クリスタル,24,9,15,0.375,24,0.07017543859649122,342,3.7083333333333335,15
overall,MIXED,16.16,BOTTOM,3144,偵察兵のパチンコ,24,9,15,0.375,24,0.036036036036036036,666,3.4166666666666665,15
overall,MIXED,15.20,MIDDLE,2031,詰め替えポーション,24,9,15,0.375,24,0.183206106870229,131,1.25,15
overall,MIXED,16.16,TOP,2510,黄昏と暁,24,9,15,0.375,24,0.036036036036036036,666,1.3333333333333333,15
overall,MIXED,15.18,ALL,1018,アジリティ クローク,24,8,16,0.3333333333333333,24,0.036923076923076927,650,3.2916666666666665,15
overall,MIXED,15.24,BOTTOM,3123,エクスキューショナー コーリング,24,8,16,0.3333333333333333,24,0.07038123167155426,341,3.5833333333333335,15
overall,MIXED,16.14,UTILITY,4642,バンドルグラスの鏡,24,8,16,0.3333333333333333,24,0.034482758620689655,696,3.5416666666666665,15
overall,MIXED,15.7,JUNGLE,3047,プレート スチールキャップ,24,8,16,0.3333333333333333,24,0.2608695652173913,92,2.4583333333333335,15
overall,MIXED,15.17,BOTTOM,3032,ユン・タル ワイルドアロー,24,8,16,0.3333333333333333,24,0.14814814814814814,162,2.0416666666666665,15
overall,MIXED,15.17,MIDDLE,3153,ルインドキング ブレード,24,8,16,0.3333333333333333,24,0.14814814814814814,162,2.0,15
overall,MIXED,16.17,MIDDLE,3802,ロスト チャプター,24,8,16,0.3333333333333333,24,0.023809523809523808,1008,2.2083333333333335,15
overall,MIXED,16.8,ALL,3070,女神の涙,24,8,16,0.3333333333333333,24,0.03428571428571429,700,1.9166666666666667,15
overall,MIXED,15.22,ALL,3142,妖夢の霊剣,24,8,16,0.3333333333333333,24,0.03636363636363636,660,1.375,15
overall,MIXED,16.9,TOP,2031,詰め替えポーション,24,8,16,0.3333333333333333,24,0.1518987341772152,158,0.9166666666666666,15
overall,MIXED,16.18,UTILITY,6653,ライアンドリーの仮面,24,7,17,0.2916666666666667,24,0.07142857142857142,336,2.625,15
overall,MIXED,15.16,ALL,2503,黒炎のトーチ,24,7,17,0.2916666666666667,24,0.044444444444444446,540,2.1666666666666665,15
overall,MIXED,15.24,ALL,1031,チェイン ベスト,24,6,18,0.25,24,0.014035087719298246,1710,3.8333333333333335,15
overall,MIXED,15.12,ALL,3174,装甲強化の進撃,23,20,3,0.8695652173913043,23,0.045098039215686274,510,2.3043478260869565,15
overall,MIXED,15.20,MIDDLE,1058,ムダニ デカイ ロッド,23,18,5,0.782608695652174,23,0.17557251908396945,131,3.260869565217391,15
overall,MIXED,16.6,ALL,3065,スピリット ビサージュ,23,17,6,0.7391304347826086,23,0.030263157894736843,760,3.347826086956522,15
overall,MIXED,16.16,UTILITY,4628,ホライゾン フォーカス,23,17,6,0.7391304347826086,23,0.03453453453453453,666,2.4782608695652173,15
overall,MIXED,15.20,ALL,3876,至点のソリ,23,17,6,0.7391304347826086,23,0.03484848484848485,660,0.34782608695652173,15
overall,MIXED,15.20,UTILITY,3876,至点のソリ,23,17,6,0.7391304347826086,23,0.17424242424242425,132,0.34782608695652173,15
overall,MIXED,15.4,ALL,3031,インフィニティ エッジ,23,16,7,0.6956521739130435,23,0.08518518518518518,270,1.6956521739130435,15
overall,MIXED,15.8,BOTTOM,6676,コレクター,23,16,7,0.6956521739130435,23,0.17692307692307693,130,1.4782608695652173,15
overall,MIXED,16.15,TOP,4645,シャドウフレイム,23,16,7,0.6956521739130435,23,0.02784503631961259,826,2.608695652173913,15
overall,MIXED,15.11,ALL,3161,ショウジンの矛,23,16,7,0.6956521739130435,23,0.04339622641509434,530,1.7826086956521738,15
overall,MIXED,15.10,ALL,3053,ステラックの篭手,23,16,7,0.6956521739130435,23,0.03333333333333333,690,2.260869565217391,15
overall,MIXED,16.15,MIDDLE,3041,メジャイ ソウルスティーラー,23,16,7,0.6956521739130435,23,0.02784503631961259,826,2.652173913043478,15
overall,MIXED,16.13,ALL,3083,ワーモグ アーマー,23,16,7,0.6956521739130435,23,0.006990881458966565,3290,2.1739130434782608,15
overall,MIXED,16.13,ALL,4401,自然の力,23,16,7,0.6956521739130435,23,0.006990881458966565,3290,2.608695652173913,15
overall,MIXED,16.18,ALL,3008,グラトナス ブーツ,23,15,8,0.6521739130434783,23,0.01369047619047619,1680,2.1739130434782608,15
overall,MIXED,16.17,MIDDLE,3133,コールフィールド ウォーハンマー,23,15,8,0.6521739130434783,23,0.022817460317460316,1008,3.391304347826087,15
overall,MIXED,16.10,TOP,3053,ステラックの篭手,23,15,8,0.6521739130434783,23,0.1036036036036036,222,2.9565217391304346,15
overall,MIXED,15.19,MIDDLE,3040,セラフ エンブレイス,23,15,8,0.6521739130434783,23,0.1,230,1.608695652173913,15
overall,MIXED,16.18,BOTTOM,6697,ヒュブリス,23,15,8,0.6521739130434783,23,0.06845238095238096,336,2.217391304347826,15
overall,MIXED,16.5,BOTTOM,1037,ピッケル,23,15,8,0.6521739130434783,23,0.1419753086419753,162,3.260869565217391,15
overall,MIXED,15.8,TOP,3071,ブラック クリーバー,23,15,8,0.6521739130434783,23,0.17692307692307693,130,2.4782608695652173,15
overall,MIXED,16.15,JUNGLE,2525,プロトプラズム ハーネス,23,15,8,0.6521739130434783,23,0.02784503631961259,826,2.217391304347826,15
overall,MIXED,14.23,ALL,6653,ライアンドリーの仮面,23,15,8,0.6521739130434783,23,0.10952380952380952,210,2.608695652173913,15
overall,MIXED,16.18,BOTTOM,3035,ラスト ウィスパー,23,15,8,0.6521739130434783,23,0.06845238095238096,336,3.347826086956522,15
overall,MIXED,16.18,TOP,4633,リフトメーカー,23,15,8,0.6521739130434783,23,0.06845238095238096,336,2.6956521739130435,15
overall,MIXED,15.24,ALL,3073,実験的ヘクスプレート,23,15,8,0.6521739130434783,23,0.013450292397660818,1710,1.7826086956521738,15
overall,MIXED,15.13,ALL,2502,終わりなき絶望,23,15,8,0.6521739130434783,23,0.023958333333333335,960,2.739130434782609,15
overall,MIXED,16.16,BOTTOM,3097,UNKNOWN(3097),23,14,9,0.6086956521739131,23,0.03453453453453453,666,2.0,15
overall,MIXED,16.3,ALL,3097,UNKNOWN(3097),23,14,9,0.6086956521739131,23,0.026136363636363635,880,1.5217391304347827,15
overall,MIXED,15.21,ALL,3508,エッセンス リーバー,23,14,9,0.6086956521739131,23,0.03898305084745763,590,1.5217391304347827,15
overall,MIXED,14.20,ALL,3067,キンドルジェム,23,14,9,0.6086956521739131,23,0.05,460,3.869565217391304,15
overall,MIXED,15.23,BOTTOM,6672,クラーケン スレイヤー,23,14,9,0.6086956521739131,23,0.19827586206896552,116,2.0434782608695654,15
overall,MIXED,16.16,TOP,3068,サンファイア イージス,23,14,9,0.6086956521739131,23,0.03453453453453453,666,1.7826086956521738,15
overall,MIXED,16.3,ALL,2420,シーカー アームガード,23,14,9,0.6086956521739131,23,0.026136363636363635,880,2.0434782608695654,15
overall,MIXED,15.8,ALL,3053,ステラックの篭手,23,14,9,0.6086956521739131,23,0.03538461538461538,650,2.652173913043478,15
overall,MIXED,15.21,JUNGLE,3340,ステルス ワード,23,14,9,0.6086956521739131,23,0.19491525423728814,118,6.0,15
overall,MIXED,15.12,ALL,4646,ストームサージ,23,14,9,0.6086956521739131,23,0.045098039215686274,510,2.347826086956522,15
overall,MIXED,16.5,MIDDLE,3157,ゾーニャの砂時計,23,14,9,0.6086956521739131,23,0.1419753086419753,162,1.5217391304347827,15
overall,MIXED,16.5,ALL,3173,チェインレースド クラッシャー,23,14,9,0.6086956521739131,23,0.028395061728395062,810,2.4347826086956523,15
overall,MIXED,16.5,MIDDLE,3173,チェインレースド クラッシャー,23,14,9,0.6086956521739131,23,0.1419753086419753,162,2.4347826086956523,15
overall,MIXED,16.6,BOTTOM,3036,ドミニク リガード,23,14,9,0.6086956521739131,23,0.1513157894736842,152,2.9565217391304346,15
overall,MIXED,15.17,ALL,3115,ナッシャー トゥース,23,14,9,0.6086956521739131,23,0.028395061728395062,810,2.0869565217391304,15
overall,MIXED,14.23,ALL,3363,ファーサイト オルタレーション,23,14,9,0.6086956521739131,23,0.10952380952380952,210,6.0,15
overall,MIXED,15.17,ALL,3072,ブラッドサースター,23,14,9,0.6086956521739131,23,0.028395061728395062,810,2.4347826086956523,15
overall,MIXED,15.17,ALL,3145,ヘクステック オルタネーター,23,14,9,0.6086956521739131,23,0.028395061728395062,810,3.347826086956522,15
overall,MIXED,16.9,MIDDLE,3118,マリグナンス,23,14,9,0.6086956521739131,23,0.14556962025316456,158,2.0869565217391304,15
overall,MIXED,15.22,MIDDLE,3111,マーキュリー ブーツ,23,14,9,0.6086956521739131,23,0.17424242424242425,132,2.3043478260869565,15
overall,MIXED,15.18,MIDDLE,1058,ムダニ デカイ ロッド,23,14,9,0.6086956521739131,23,0.17692307692307693,130,3.4347826086956523,15
overall,MIXED,15.3,ALL,3153,ルインドキング ブレード,23,14,9,0.6086956521739131,23,0.05609756097560976,410,1.4782608695652173,15
overall,MIXED,15.20,MIDDLE,1052,増魔の書,23,14,9,0.6086956521739131,23,0.17557251908396945,131,3.739130434782609,15
overall,MIXED,15.10,ALL,3142,妖夢の霊剣,23,14,9,0.6086956521739131,23,0.03333333333333333,690,1.1304347826086956,15
overall,MIXED,16.3,ALL,6673,イモータル シールドボウ,23,13,10,0.5652173913043478,23,0.026136363636363635,880,2.4347826086956523,15
overall,MIXED,16.15,MIDDLE,3091,ウィッツ エンド,23,13,10,0.5652173913043478,23,0.02784503631961259,826,2.347826086956522,15
overall,MIXED,15.7,BOTTOM,6676,コレクター,23,13,10,0.5652173913043478,23,0.25,92,2.391304347826087,15
overall,MIXED,16.1,BOTTOM,2055,コントロール ワード,23,13,10,0.5652173913043478,23,0.14935064935064934,154,2.4782608695652173,15
overall,MIXED,16.13,TOP,4645,シャドウフレイム,23,13,10,0.5652173913043478,23,0.034954407294832825,658,2.0434782608695654,15
overall,MIXED,16.18,TOP,3161,ショウジンの矛,23,13,10,0.5652173913043478,23,0.06845238095238096,336,2.8260869565217392,15
overall,MIXED,16.1,TOP,6631,ストライドブレイカー,23,13,10,0.5652173913043478,23,0.14935064935064934,154,0.8695652173913043,15
overall,MIXED,15.19,ALL,3065,スピリット ビサージュ,23,13,10,0.5652173913043478,23,0.02,1150,2.3043478260869565,15
overall,MIXED,16.10,ALL,3065,スピリット ビサージュ,23,13,10,0.5652173913043478,23,0.02072072072072072,1110,2.8260869565217392,15
overall,MIXED,15.19,ALL,1031,チェイン ベスト,23,13,10,0.5652173913043478,23,0.02,1150,3.652173913043478,15
overall,MIXED,15.13,TOP,2021,トンネル掘り,23,13,10,0.5652173913043478,23,0.11979166666666667,192,2.9130434782608696,15
overall,MIXED,15.23,TOP,1054,ドラン シールド,23,13,10,0.5652173913043478,23,0.19827586206896552,116,0.5217391304347826,15
overall,MIXED,16.4,ALL,1054,ドラン シールド,23,13,10,0.5652173913043478,23,0.04339622641509434,530,0.7391304347826086,15
overall,MIXED,16.14,MIDDLE,1055,ドラン ブレード,23,13,10,0.5652173913043478,23,0.033045977011494254,696,0.782608695652174,15
overall,MIXED,15.19,ALL,1033,ヌルマジック マント,23,13,10,0.5652173913043478,23,0.02,1150,3.608695652173913,15
overall,MIXED,16.15,UTILITY,4642,バンドルグラスの鏡,23,13,10,0.5652173913043478,23,0.02784503631961259,826,4.0,15
overall,MIXED,16.7,ALL,2524,バンドルパイプ,23,13,10,0.5652173913043478,23,0.02987012987012987,770,2.4782608695652173,15
overall,MIXED,16.3,ALL,3046,ファントム ダンサー,23,13,10,0.5652173913043478,23,0.026136363636363635,880,2.130434782608696,15
overall,MIXED,14.21,BOTTOM,3363,ファーサイト オルタレーション,23,13,10,0.5652173913043478,23,0.4107142857142857,56,6.0,15
overall,MIXED,16.10,ALL,3076,ブランブル ベスト,23,13,10,0.5652173913043478,23,0.02072072072072072,1110,3.217391304347826,15
overall,MIXED,14.21,TOP,3047,プレート スチールキャップ,23,13,10,0.5652173913043478,23,0.4107142857142857,56,2.4347826086956523,15
overall,MIXED,16.7,ALL,3145,ヘクステック オルタネーター,23,13,10,0.5652173913043478,23,0.02987012987012987,770,3.347826086956522,15
overall,MIXED,15.21,JUNGLE,3111,マーキュリー ブーツ,23,13,10,0.5652173913043478,23,0.19491525423728814,118,1.9130434782608696,15
overall,MIXED,16.18,BOTTOM,3033,モータル リマインダー,23,13,10,0.5652173913043478,23,0.06845238095238096,336,2.6956521739130435,15
overall,MIXED,15.7,BOTTOM,3032,ユン・タル ワイルドアロー,23,13,10,0.5652173913043478,23,0.25,92,1.7826086956521738,15
overall,MIXED,16.12,ALL,3094,ラピッド ファイアキャノン,23,13,10,0.5652173913043478,23,0.025842696629213482,890,2.9565217391304346,15
overall,MIXED,16.15,MIDDLE,3116,リーライ クリスタル セプター,23,13,10,0.5652173913043478,23,0.02784503631961259,826,2.9130434782608696,15
overall,MIXED,14.21,ALL,3153,ルインドキング ブレード,23,13,10,0.5652173913043478,23,0.08214285714285714,280,1.434782608695652,15
overall,MIXED,15.14,ALL,1028,ルビー クリスタル,23,13,10,0.5652173913043478,23,0.05,460,3.6956521739130435,15
overall,MIXED,16.15,ALL,3082,ワーデン メイル,23,13,10,0.5652173913043478,23,0.005569007263922518,4130,4.217391304347826,15
overall,MIXED,16.17,BOTTOM,1053,ヴァンパイア セプター,23,13,10,0.5652173913043478,23,0.022817460317460316,1008,3.608695652173913,15
overall,MIXED,16.1,ALL,2003,体力ポーション,23,13,10,0.5652173913043478,23,0.02987012987012987,770,1.173913043478261,15
overall,MIXED,16.17,MIDDLE,2003,体力ポーション,23,13,10,0.5652173913043478,23,0.022817460317460316,1008,1.0,15
overall,MIXED,16.16,UTILITY,3084,心の鋼,23,13,10,0.5652173913043478,23,0.03453453453453453,666,1.7826086956521738,15
overall,MIXED,16.7,ALL,3876,至点のソリ,23,13,10,0.5652173913043478,23,0.02987012987012987,770,0.08695652173913043,15
overall,MIXED,16.7,UTILITY,3876,至点のソリ,23,13,10,0.5652173913043478,23,0.14935064935064934,154,0.08695652173913043,15
overall,MIXED,16.17,ALL,2010,英気満点ビスケット,23,13,10,0.5652173913043478,23,0.004563492063492064,5040,1.9130434782608696,15
overall,MIXED,15.8,ALL,2503,黒炎のトーチ,23,13,10,0.5652173913043478,23,0.03538461538461538,650,2.130434782608696,15
overall,MIXED,15.23,ALL,1038,B. F. ソード,23,12,11,0.5217391304347826,23,0.039655172413793106,580,3.4782608695652173,15
overall,MIXED,15.17,ALL,1018,アジリティ クローク,23,12,11,0.5217391304347826,23,0.028395061728395062,810,3.6956521739130435,15
overall,MIXED,16.17,JUNGLE,1018,アジリティ クローク,23,12,11,0.5217391304347826,23,0.022817460317460316,1008,3.652173913043478,15
overall,MIXED,15.11,MIDDLE,3364,オラクル レンズ,23,12,11,0.5217391304347826,23,0.2169811320754717,106,6.0,15
overall,MIXED,16.11,UTILITY,1029,クロース アーマー,23,12,11,0.5217391304347826,23,0.09745762711864407,236,4.260869565217392,15
overall,MIXED,15.4,JUNGLE,2055,コントロール ワード,23,12,11,0.5217391304347826,23,0.42592592592592593,54,1.9130434782608696,15
overall,MIXED,16.1,TOP,2055,コントロール ワード,23,12,11,0.5217391304347826,23,0.14935064935064934,154,2.6956521739130435,15
overall,MIXED,16.5,ALL,3068,サンファイア イージス,23,12,11,0.5217391304347826,23,0.028395061728395062,810,2.0,15
overall,MIXED,16.14,JUNGLE,3161,ショウジンの矛,23,12,11,0.5217391304347826,23,0.033045977011494254,696,1.7826086956521738,15
overall,MIXED,14.23,BOTTOM,3340,ステルス ワード,23,12,11,0.5217391304347826,23,0.5476190476190477,42,6.0,15
overall,MIXED,15.10,TOP,3075,ソーンメイル,23,12,11,0.5217391304347826,23,0.16666666666666666,138,2.739130434782609,15
overall,MIXED,16.12,ALL,1031,チェイン ベスト,23,12,11,0.5217391304347826,23,0.025842696629213482,890,4.173913043478261,15
overall,MIXED,15.10,TOP,3078,トリニティ フォース,23,12,11,0.5217391304347826,23,0.16666666666666666,138,2.652173913043478,15
overall,MIXED,15.17,ALL,3036,ドミニク リガード,23,12,11,0.5217391304347826,23,0.028395061728395062,810,2.391304347826087,15
overall,MIXED,16.8,ALL,3870,ドリーム メーカー,23,12,11,0.5217391304347826,23,0.032857142857142856,700,0.43478260869565216,15
overall,MIXED,16.8,UTILITY,3870,ドリーム メーカー,23,12,11,0.5217391304347826,23,0.16428571428571428,140,0.43478260869565216,15
overall,MIXED,16.3,ALL,3814,ナイト エッジ,23,12,11,0.5217391304347826,23,0.026136363636363635,880,3.0,15
overall,MIXED,16.1,ALL,6675,ナヴォリ フリッカーブレード,23,12,11,0.5217391304347826,23,0.02987012987012987,770,1.8695652173913044,15
overall,MIXED,16.13,TOP,3181,ハルブレイカー,23,12,11,0.5217391304347826,23,0.034954407294832825,658,2.260869565217391,15
overall,MIXED,16.7,BOTTOM,1037,ピッケル,23,12,11,0.5217391304347826,23,0.14935064935064934,154,3.652173913043478,15
overall,MIXED,16.15,UTILITY,3114,フォビドゥン アイドル,23,12,11,0.5217391304347826,23,0.02784503631961259,826,3.869565217391304,15
overall,MIXED,15.19,JUNGLE,3071,ブラック クリーバー,23,12,11,0.5217391304347826,23,0.09956709956709957,231,1.8695652173913044,15
overall,MIXED,14.22,TOP,3047,プレート スチールキャップ,23,12,11,0.5217391304347826,23,0.39655172413793105,58,2.217391304347826,15
overall,MIXED,14.24,TOP,3047,プレート スチールキャップ,23,12,11,0.5217391304347826,23,0.46,50,2.3043478260869565,15
overall,MIXED,16.14,MIDDLE,3146,ヘクステック ガンブレード,23,12,11,0.5217391304347826,23,0.033045977011494254,696,0.8695652173913043,15
overall,MIXED,16.14,JUNGLE,3152,ヘクステック ロケットベルト,23,12,11,0.5217391304347826,23,0.033045977011494254,696,1.0869565217391304,15
overall,MIXED,15.24,MIDDLE,4628,ホライゾン フォーカス,23,12,11,0.5217391304347826,23,0.06725146198830409,342,2.347826086956522,15
overall,MIXED,16.12,ALL,6699,ボルテイク サイクロソード,23,12,11,0.5217391304347826,23,0.025842696629213482,890,2.1739130434782608,15
overall,MIXED,16.13,ALL,3156,マルモティウスの胃袋,23,12,11,0.5217391304347826,23,0.006990881458966565,3290,2.6956521739130435,15
overall,MIXED,16.11,ALL,3035,ラスト ウィスパー,23,12,11,0.5217391304347826,23,0.019491525423728815,1180,3.260869565217391,15
overall,MIXED,15.17,ALL,3094,ラピッド ファイアキャノン,23,12,11,0.5217391304347826,23,0.028395061728395062,810,2.9130434782608696,15
overall,MIXED,16.12,ALL,4633,リフトメーカー,23,12,11,0.5217391304347826,23,0.025842696629213482,890,2.3043478260869565,15
overall,MIXED,15.10,MIDDLE,6657,ロッド オブ エイジス,23,12,11,0.5217391304347826,23,0.16666666666666666,138,2.217391304347826,15
overall,MIXED,15.12,ALL,6657,ロッド オブ エイジス,23,12,11,0.5217391304347826,23,0.045098039215686274,510,1.9565217391304348,15
overall,MIXED,15.8,MIDDLE,6657,ロッド オブ エイジス,23,12,11,0.5217391304347826,23,0.17692307692307693,130,2.347826086956522,15
overall,MIXED,16.17,BOTTOM,2003,体力ポーション,23,12,11,0.5217391304347826,23,0.022817460317460316,1008,1.3478260869565217,15
overall,MIXED,15.20,ALL,3142,妖夢の霊剣,23,12,11,0.5217391304347826,23,0.03484848484848485,660,1.173913043478261,15
overall,MIXED,16.13,MIDDLE,3916,忘却のオーブ,23,12,11,0.5217391304347826,23,0.034954407294832825,658,2.9130434782608696,15
overall,MIXED,16.1,ALL,3171,真紅のアイオニア ブーツ,23,12,11,0.5217391304347826,23,0.02987012987012987,770,2.869565217391304,15
overall,MIXED,16.1,MIDDLE,3171,真紅のアイオニア ブーツ,23,12,11,0.5217391304347826,23,0.14935064935064934,154,2.869565217391304,15
overall,MIXED,16.10,ALL,2502,終わりなき絶望,23,12,11,0.5217391304347826,23,0.02072072072072072,1110,2.5652173913043477,15
overall,MIXED,16.5,ALL,6692,赤月の刃,23,12,11,0.5217391304347826,23,0.028395061728395062,810,1.6956521739130435,15
overall,MIXED,15.23,ALL,3175,連呪使いのブーツ,23,12,11,0.5217391304347826,23,0.039655172413793106,580,2.652173913043478,15
overall,MIXED,15.23,MIDDLE,2503,黒炎のトーチ,23,12,11,0.5217391304347826,23,0.19827586206896552,116,2.0869565217391304,15
overall,MIXED,15.13,ALL,1038,B. F. ソード,23,11,12,0.4782608695652174,23,0.023958333333333335,960,3.260869565217391,15
overall,MIXED,16.17,JUNGLE,2422,ちょっとだけ魔法がかった靴,23,11,12,0.4782608695652174,23,0.022817460317460316,1008,3.5652173913043477,15
overall,MIXED,16.13,TOP,6673,イモータル シールドボウ,23,11,12,0.4782608695652174,23,0.034954407294832825,658,2.782608695652174,15
overall,MIXED,16.15,JUNGLE,3031,インフィニティ エッジ,23,11,12,0.4782608695652174,23,0.02784503631961259,826,3.217391304347826,15
overall,MIXED,15.16,ALL,3508,エッセンス リーバー,23,11,12,0.4782608695652174,23,0.04259259259259259,540,1.6521739130434783,15
overall,MIXED,16.6,ALL,3508,エッセンス リーバー,23,11,12,0.4782608695652174,23,0.030263157894736843,760,1.4782608695652173,15
overall,MIXED,16.16,JUNGLE,3067,キンドルジェム,23,11,12,0.4782608695652174,23,0.03453453453453453,666,3.1739130434782608,15
overall,MIXED,16.9,MIDDLE,2055,コントロール ワード,23,11,12,0.4782608695652174,23,0.14556962025316456,158,2.5217391304347827,15
overall,MIXED,14.19,ALL,3087,スタティック シヴ,23,11,12,0.4782608695652174,23,0.05476190476190476,420,1.9565217391304348,15
overall,MIXED,15.18,ALL,4646,ストームサージ,23,11,12,0.4782608695652174,23,0.03538461538461538,650,2.260869565217391,15
overall,MIXED,15.10,ALL,1031,チェイン ベスト,23,11,12,0.4782608695652174,23,0.03333333333333333,690,3.5217391304347827,15
overall,MIXED,15.18,ALL,3036,ドミニク リガード,23,11,12,0.4782608695652174,23,0.03538461538461538,650,3.1739130434782608,15
overall,MIXED,15.17,BOTTOM,6675,ナヴォリ フリッカーブレード,23,11,12,0.4782608695652174,23,0.1419753086419753,162,2.4782608695652173,15
overall,MIXED,16.4,ALL,3071,ブラック クリーバー,23,11,12,0.4782608695652174,23,0.04339622641509434,530,1.9565217391304348,15
overall,MIXED,15.24,ALL,3877,ブラッドソング,23,11,12,0.4782608695652174,23,0.013450292397660818,1710,0.30434782608695654,15
overall,MIXED,15.24,UTILITY,3877,ブラッドソング,23,11,12,0.4782608695652174,23,0.06725146198830409,342,0.30434782608695654,15
overall,MIXED,16.14,ALL,8010,ブラッドレターの呪い,23,11,12,0.4782608695652174,23,0.0066091954022988505,3480,3.260869565217391,15
overall,MIXED,15.8,UTILITY,3047,プレート スチールキャップ,23,11,12,0.4782608695652174,23,0.17692307692307693,130,2.217391304347826,15
overall,MIXED,16.7,ALL,2523,ヘクスオプティックC44,23,11,12,0.4782608695652174,23,0.02987012987012987,770,1.434782608695652,15
overall,MIXED,15.18,ALL,3145,ヘクステック オルタネーター,23,11,12,0.4782608695652174,23,0.03538461538461538,650,2.9565217391304346,15
overall,MIXED,15.23,TOP,3111,マーキュリー ブーツ,23,11,12,0.4782608695652174,23,0.19827586206896552,116,2.652173913043478,15
overall,MIXED,16.8,TOP,3111,マーキュリー ブーツ,23,11,12,0.4782608695652174,23,0.16428571428571428,140,2.217391304347826,15
overall,MIXED,15.8,MIDDLE,1058,ムダニ デカイ ロッド,23,11,12,0.4782608695652174,23,0.17692307692307693,130,3.260869565217391,15
overall,MIXED,15.24,ALL,6617,ムーンストーンの再生,23,11,12,0.4782608695652174,23,0.013450292397660818,1710,2.3043478260869565,15
overall,MIXED,15.24,UTILITY,6617,ムーンストーンの再生,23,11,12,0.4782608695652174,23,0.06725146198830409,342,2.3043478260869565,15
overall,MIXED,16.10,ALL,6617,ムーンストーンの再生,23,11,12,0.4782608695652174,23,0.02072072072072072,1110,2.9565217391304346,15
overall,MIXED,16.10,UTILITY,6617,ムーンストーンの再生,23,11,12,0.4782608695652174,23,0.1036036036036036,222,2.9565217391304346,15
overall,MIXED,16.15,BOTTOM,3033,モータル リマインダー,23,11,12,0.4782608695652174,23,0.02784503631961259,826,2.608695652173913,15
overall,MIXED,16.16,JUNGLE,3089,ラバドン デスキャップ,23,11,12,0.4782608695652174,23,0.03453453453453453,666,2.652173913043478,15
overall,MIXED,16.15,ALL,3865,ワールド アトラス,23,11,12,0.4782608695652174,23,0.005569007263922518,4130,0.0,15
overall,MIXED,16.15,UTILITY,3865,ワールド アトラス,23,11,12,0.4782608695652174,23,0.02784503631961259,826,0.0,15
overall,MIXED,16.16,ALL,4630,枯死の宝石,23,11,12,0.4782608695652174,23,0.006906906906906907,3330,3.0,15
overall,MIXED,15.23,ALL,3171,真紅のアイオニア ブーツ,23,11,12,0.4782608695652174,23,0.039655172413793106,580,2.739130434782609,15
overall,MIXED,16.14,ALL,2010,英気満点ビスケット,23,11,12,0.4782608695652174,23,0.0066091954022988505,3480,1.7391304347826086,15
overall,MIXED,15.21,ALL,3067,キンドルジェム,23,10,13,0.43478260869565216,23,0.03898305084745763,590,3.652173913043478,15
overall,MIXED,14.20,BOTTOM,6676,コレクター,23,10,13,0.43478260869565216,23,0.25,92,1.5217391304347827,15
overall,MIXED,15.15,JUNGLE,2055,コントロール ワード,23,10,13,0.43478260869565216,23,0.2804878048780488,82,2.347826086956522,15
overall,MIXED,16.1,MIDDLE,2055,コントロール ワード,23,10,13,0.43478260869565216,23,0.14935064935064934,154,2.391304347826087,15
overall,MIXED,16.17,ALL,2065,シュレリアの戦歌,23,10,13,0.43478260869565216,23,0.004563492063492064,5040,1.8695652173913044,15
overall,MIXED,16.17,UTILITY,2065,シュレリアの戦歌,23,10,13,0.43478260869565216,23,0.022817460317460316,1008,1.8695652173913044,15
overall,MIXED,16.4,UTILITY,3020,ソーサラー シューズ,23,10,13,0.43478260869565216,23,0.2169811320754717,106,2.5652173913043477,15
overall,MIXED,15.24,ALL,3742,デッド マン プレート,23,10,13,0.43478260869565216,23,0.013450292397660818,1710,1.9130434782608696,15
overall,MIXED,15.18,ALL,2021,トンネル掘り,23,10,13,0.43478260869565216,23,0.03538461538461538,650,3.3043478260869565,15
overall,MIXED,15.2,ALL,1054,ドラン シールド,23,10,13,0.43478260869565216,23,0.05,460,0.7391304347826086,15
overall,MIXED,16.14,TOP,1120,ドラン ヘルム,23,10,13,0.43478260869565216,23,0.033045977011494254,696,0.5217391304347826,15
overall,MIXED,15.4,BOTTOM,3006,バーサーカー ブーツ,23,10,13,0.43478260869565216,23,0.42592592592592593,54,2.130434782608696,15
overall,MIXED,16.6,ALL,6697,ヒュブリス,23,10,13,0.43478260869565216,23,0.030263157894736843,760,1.8695652173913044,15
overall,MIXED,16.16,UTILITY,3118,マリグナンス,23,10,13,0.43478260869565216,23,0.03453453453453453,666,2.4347826086956523,15
overall,MIXED,15.19,MIDDLE,3111,マーキュリー ブーツ,23,10,13,0.43478260869565216,23,0.1,230,2.347826086956522,15
overall,MIXED,15.24,ALL,3033,モータル リマインダー,23,10,13,0.43478260869565216,23,0.013450292397660818,1710,2.0869565217391304,15
overall,MIXED,16.17,ALL,3865,ワールド アトラス,23,10,13,0.43478260869565216,23,0.004563492063492064,5040,0.34782608695652173,15
overall,MIXED,16.17,UTILITY,3865,ワールド アトラス,23,10,13,0.43478260869565216,23,0.022817460317460316,1008,0.34782608695652173,15
overall,MIXED,16.11,ALL,3171,真紅のアイオニア ブーツ,23,10,13,0.43478260869565216,23,0.019491525423728815,1180,2.782608695652174,15
overall,MIXED,16.11,MIDDLE,3171,真紅のアイオニア ブーツ,23,10,13,0.43478260869565216,23,0.09745762711864407,236,2.782608695652174,15
overall,MIXED,16.4,BOTTOM,2031,詰め替えポーション,23,10,13,0.43478260869565216,23,0.2169811320754717,106,1.0869565217391304,15
overall,MIXED,15.12,UTILITY,3158,アイオニア ブーツ,23,9,14,0.391304347826087,23,0.22549019607843138,102,2.739130434782609,15
overall,MIXED,14.22,ALL,3031,インフィニティ エッジ,23,9,14,0.391304347826087,23,0.07931034482758621,290,1.9565217391304348,15
overall,MIXED,16.12,JUNGLE,6672,クラーケン スレイヤー,23,9,14,0.391304347826087,23,0.12921348314606743,178,0.8260869565217391,15
overall,MIXED,15.10,ALL,6610,サンダード スカイ,23,9,14,0.391304347826087,23,0.03333333333333333,690,1.826086956521739,15
overall,MIXED,15.3,ALL,6631,ストライドブレイカー,23,9,14,0.391304347826087,23,0.05609756097560976,410,1.3478260869565217,15
overall,MIXED,16.18,ALL,1042,ダガー,23,9,14,0.391304347826087,23,0.01369047619047619,1680,3.608695652173913,15
overall,MIXED,16.15,JUNGLE,3742,デッド マン プレート,23,9,14,0.391304347826087,23,0.02784503631961259,826,1.391304347826087,15
overall,MIXED,16.17,BOTTOM,3051,ハースバウンド アックス,23,9,14,0.391304347826087,23,0.022817460317460316,1008,3.347826086956522,15
overall,MIXED,16.7,ALL,6697,ヒュブリス,23,9,14,0.391304347826087,23,0.02987012987012987,770,1.8695652173913044,15
overall,MIXED,16.13,JUNGLE,3044,ファージ,23,9,14,0.391304347826087,23,0.034954407294832825,658,2.608695652173913,15
overall,MIXED,16.10,ALL,2512,フィーンドハンターの矢,23,9,14,0.391304347826087,23,0.02072072072072072,1110,2.347826086956522,15
overall,MIXED,16.17,JUNGLE,3076,ブランブル ベスト,23,9,14,0.391304347826087,23,0.022817460317460316,1008,3.217391304347826,15
overall,MIXED,15.11,JUNGLE,3047,プレート スチールキャップ,23,9,14,0.391304347826087,23,0.2169811320754717,106,2.0869565217391304,15
overall,MIXED,15.10,ALL,3145,ヘクステック オルタネーター,23,9,14,0.391304347826087,23,0.03333333333333333,690,3.869565217391304,15
overall,MIXED,16.8,JUNGLE,3111,マーキュリー ブーツ,23,9,14,0.391304347826087,23,0.16428571428571428,140,1.4782608695652173,15
overall,MIXED,14.20,MIDDLE,6655,ルーデン エコー,23,9,14,0.391304347826087,23,0.25,92,2.5217391304347827,15
overall,MIXED,15.24,ALL,3070,女神の涙,23,9,14,0.391304347826087,23,0.013450292397660818,1710,1.8695652173913044,15
overall,MIXED,16.17,MIDDLE,3070,女神の涙,23,9,14,0.391304347826087,23,0.022817460317460316,1008,1.6956521739130435,15
overall,MIXED,16.8,ALL,3142,妖夢の霊剣,23,9,14,0.391304347826087,23,0.032857142857142856,700,1.434782608695652,15
overall,MIXED,16.6,BOTTOM,6672,クラーケン スレイヤー,23,8,15,0.34782608695652173,23,0.1513157894736842,152,1.9130434782608696,15
overall,MIXED,16.18,ALL,3068,サンファイア イージス,23,8,15,0.34782608695652173,23,0.01369047619047619,1680,1.7391304347826086,15
overall,MIXED,15.2,ALL,6631,ストライドブレイカー,23,8,15,0.34782608695652173,23,0.05,460,1.434782608695652,15
overall,MIXED,14.21,BOTTOM,3006,バーサーカー ブーツ,23,8,15,0.34782608695652173,23,0.4107142857142857,56,2.4347826086956523,15
overall,MIXED,15.18,BOTTOM,1037,ピッケル,23,8,15,0.34782608695652173,23,0.17692307692307693,130,3.391304347826087,15
overall,MIXED,16.3,BOTTOM,1037,ピッケル,23,8,15,0.34782608695652173,23,0.13068181818181818,176,3.5217391304347827,15
overall,MIXED,16.18,UTILITY,1001,ブーツ,23,8,15,0.34782608695652173,23,0.06845238095238096,336,2.4782608695652173,15
overall,MIXED,16.5,TOP,3111,マーキュリー ブーツ,23,8,15,0.34782608695652173,23,0.1419753086419753,162,2.4347826086956523,15
overall,MIXED,16.18,TOP,3084,心の鋼,23,8,15,0.34782608695652173,23,0.06845238095238096,336,1.3043478260869565,15
overall,MIXED,16.14,BOTTOM,3123,エクスキューショナー コーリング,23,7,16,0.30434782608695654,23,0.033045977011494254,696,3.4347826086956523,15
overall,MIXED,15.14,JUNGLE,2055,コントロール ワード,23,7,16,0.30434782608695654,23,0.25,92,2.391304347826087,15
overall,MIXED,14.22,ALL,2031,詰め替えポーション,23,7,16,0.30434782608695654,23,0.07931034482758621,290,1.4782608695652173,15
overall,MIXED,16.13,JUNGLE,2022,輝きのモート,23,7,16,0.30434782608695654,23,0.034954407294832825,658,3.608695652173913,15
overall,MIXED,15.10,ALL,1001,ブーツ,23,6,17,0.2608695652173913,23,0.03333333333333333,690,2.869565217391304,15
overall,MIXED,16.8,ALL,6692,赤月の刃,23,6,17,0.2608695652173913,23,0.032857142857142856,700,1.391304347826087,15
overall,MIXED,16.6,JUNGLE,6672,クラーケン スレイヤー,23,5,18,0.21739130434782608,23,0.1513157894736842,152,1.7826086956521738,15
overall,MIXED,16.13,ALL,1101,スコーチクロウの幼体,23,5,18,0.21739130434782608,23,0.006990881458966565,3290,0.2608695652173913,15
overall,MIXED,16.13,JUNGLE,1101,スコーチクロウの幼体,23,5,18,0.21739130434782608,23,0.034954407294832825,658,0.2608695652173913,15
overall,MIXED,15.21,JUNGLE,3047,プレート スチールキャップ,23,5,18,0.21739130434782608,23,0.19491525423728814,118,2.347826086956522,15
overall,MIXED,16.14,ALL,3866,ルーニック コンパス,23,5,18,0.21739130434782608,23,0.0066091954022988505,3480,0.2608695652173913,15
overall,MIXED,16.14,UTILITY,3866,ルーニック コンパス,23,5,18,0.21739130434782608,23,0.033045977011494254,696,0.2608695652173913,15
overall,MIXED,16.13,JUNGLE,3067,キンドルジェム,23,4,19,0.17391304347826086,23,0.034954407294832825,658,3.260869565217391,15
overall,MIXED,15.12,ALL,3175,連呪使いのブーツ,22,18,4,0.8181818181818182,22,0.043137254901960784,510,3.227272727272727,15
overall,MIXED,15.12,ALL,3036,ドミニク リガード,22,17,5,0.7727272727272727,22,0.043137254901960784,510,2.8181818181818183,15
overall,MIXED,16.15,TOP,3089,ラバドン デスキャップ,22,17,5,0.7727272727272727,22,0.026634382566585957,826,2.5,15
overall,MIXED,16.2,ALL,3097,UNKNOWN(3097),22,16,6,0.7272727272727273,22,0.030985915492957747,710,1.4090909090909092,15
overall,MIXED,16.13,BOTTOM,1058,ムダニ デカイ ロッド,22,16,6,0.7272727272727273,22,0.03343465045592705,658,2.727272727272727,15
overall,MIXED,16.10,ALL,2517,終わりなき飢え,22,16,6,0.7272727272727273,22,0.01981981981981982,1110,2.1818181818181817,15
overall,MIXED,16.11,ALL,6696,アクシオム アーク,22,15,7,0.6818181818181818,22,0.01864406779661017,1180,1.3181818181818181,15
overall,MIXED,15.13,ALL,6673,イモータル シールドボウ,22,15,7,0.6818181818181818,22,0.022916666666666665,960,3.0,15
overall,MIXED,16.10,UTILITY,3009,スイフトネス ブーツ,22,15,7,0.6818181818181818,22,0.0990990990990991,222,2.3181818181818183,15
overall,MIXED,15.10,MIDDLE,3157,ゾーニャの砂時計,22,15,7,0.6818181818181818,22,0.15942028985507245,138,1.4090909090909092,15
overall,MIXED,16.16,ALL,3077,ティアマット,22,15,7,0.6818181818181818,22,0.006606606606606606,3330,1.1363636363636365,15
overall,MIXED,16.1,ALL,3046,ファントム ダンサー,22,15,7,0.6818181818181818,22,0.02857142857142857,770,2.409090909090909,15
overall,MIXED,15.9,ALL,4633,リフトメーカー,22,15,7,0.6818181818181818,22,0.05116279069767442,430,2.1818181818181817,15
overall,MIXED,15.11,ALL,3175,連呪使いのブーツ,22,15,7,0.6818181818181818,22,0.04150943396226415,530,2.4545454545454546,15
overall,MIXED,16.16,JUNGLE,3031,インフィニティ エッジ,22,14,8,0.6363636363636364,22,0.03303303303303303,666,3.090909090909091,15
overall,MIXED,15.17,ALL,3068,サンファイア イージス,22,14,8,0.6363636363636364,22,0.027160493827160494,810,1.9090909090909092,15
overall,MIXED,16.15,ALL,1101,スコーチクロウの幼体,22,14,8,0.6363636363636364,22,0.005326876513317191,4130,0.09090909090909091,15
overall,MIXED,16.15,JUNGLE,1101,スコーチクロウの幼体,22,14,8,0.6363636363636364,22,0.026634382566585957,826,0.09090909090909091,15
overall,MIXED,15.7,JUNGLE,3340,ステルス ワード,22,14,8,0.6363636363636364,22,0.2391304347826087,92,6.0,15
overall,MIXED,16.8,ALL,6631,ストライドブレイカー,22,14,8,0.6363636363636364,22,0.03142857142857143,700,1.5,15
overall,MIXED,16.18,TOP,6333,デス ダンス,22,14,8,0.6363636363636364,22,0.06547619047619048,336,2.227272727272727,15
overall,MIXED,16.2,ALL,6333,デス ダンス,22,14,8,0.6363636363636364,22,0.030985915492957747,710,3.409090909090909,15
overall,MIXED,16.15,TOP,3115,ナッシャー トゥース,22,14,8,0.6363636363636364,22,0.026634382566585957,826,2.0454545454545454,15
overall,MIXED,15.14,ALL,3071,ブラック クリーバー,22,14,8,0.6363636363636364,22,0.04782608695652174,460,1.5909090909090908,15
overall,MIXED,15.17,BOTTOM,3072,ブラッドサースター,22,14,8,0.6363636363636364,22,0.13580246913580246,162,2.4545454545454546,15
overall,MIXED,16.17,UTILITY,2525,プロトプラズム ハーネス,22,14,8,0.6363636363636364,22,0.021825396825396824,1008,3.3636363636363638,15
overall,MIXED,16.13,JUNGLE,6698,プロフェイン ハイドラ,22,14,8,0.6363636363636364,22,0.03343465045592705,658,0.9545454545454546,15
overall,MIXED,15.11,ALL,1058,ムダニ デカイ ロッド,22,14,8,0.6363636363636364,22,0.04150943396226415,530,2.9545454545454546,15
overall,MIXED,15.17,MIDDLE,1058,ムダニ デカイ ロッド,22,14,8,0.6363636363636364,22,0.13580246913580246,162,2.909090909090909,15
overall,MIXED,15.20,MIDDLE,6653,ライアンドリーの仮面,22,14,8,0.6363636363636364,22,0.16793893129770993,131,2.3181818181818183,15
overall,MIXED,16.3,JUNGLE,6653,ライアンドリーの仮面,22,14,8,0.6363636363636364,22,0.125,176,2.1363636363636362,15
overall,MIXED,16.17,BOTTOM,3116,リーライ クリスタル セプター,22,14,8,0.6363636363636364,22,0.021825396825396824,1008,2.9545454545454546,15
overall,MIXED,16.10,TOP,1028,ルビー クリスタル,22,14,8,0.6363636363636364,22,0.0990990990990991,222,3.909090909090909,15
overall,MIXED,15.24,TOP,1036,ロング ソード,22,14,8,0.6363636363636364,22,0.06432748538011696,342,4.0,15
overall,MIXED,16.3,MIDDLE,1052,増魔の書,22,14,8,0.6363636363636364,22,0.125,176,3.1818181818181817,15
overall,MIXED,16.3,ALL,3876,至点のソリ,22,14,8,0.6363636363636364,22,0.025,880,0.4090909090909091,15
overall,MIXED,16.3,UTILITY,3876,至点のソリ,22,14,8,0.6363636363636364,22,0.125,176,0.4090909090909091,15
overall,MIXED,15.17,BOTTOM,1038,B. F. ソード,22,13,9,0.5909090909090909,22,0.13580246913580246,162,2.909090909090909,15
overall,MIXED,16.9,BOTTOM,1038,B. F. ソード,22,13,9,0.5909090909090909,22,0.13924050632911392,158,2.3181818181818183,15
overall,MIXED,16.16,JUNGLE,2422,ちょっとだけ魔法がかった靴,22,13,9,0.5909090909090909,22,0.03303303303303303,666,3.727272727272727,15
overall,MIXED,16.1,BOTTOM,1018,アジリティ クローク,22,13,9,0.5909090909090909,22,0.14285714285714285,154,3.6818181818181817,15
overall,MIXED,15.18,BOTTOM,3172,ガンメタル ブーツ,22,13,9,0.5909090909090909,22,0.16923076923076924,130,2.3636363636363638,15
overall,MIXED,15.23,ALL,3067,キンドルジェム,22,13,9,0.5909090909090909,22,0.03793103448275862,580,3.0454545454545454,15
overall,MIXED,15.16,BOTTOM,6672,クラーケン スレイヤー,22,13,9,0.5909090909090909,22,0.205607476635514,107,1.6363636363636365,15
overall,MIXED,16.13,MIDDLE,1029,クロース アーマー,22,13,9,0.5909090909090909,22,0.03343465045592705,658,3.8181818181818183,15
overall,MIXED,16.6,TOP,2055,コントロール ワード,22,13,9,0.5909090909090909,22,0.14473684210526316,152,2.090909090909091,15
overall,MIXED,16.17,JUNGLE,1011,ジャイアント ベルト,22,13,9,0.5909090909090909,22,0.021825396825396824,1008,3.8636363636363638,15
overall,MIXED,15.24,TOP,3173,チェインレースド クラッシャー,22,13,9,0.5909090909090909,22,0.06432748538011696,342,1.9545454545454546,15
overall,MIXED,15.24,JUNGLE,6333,デス ダンス,22,13,9,0.5909090909090909,22,0.06432748538011696,342,2.590909090909091,15
overall,MIXED,16.4,BOTTOM,3036,ドミニク リガード,22,13,9,0.5909090909090909,22,0.20754716981132076,106,2.409090909090909,15
overall,MIXED,15.13,ALL,3115,ナッシャー トゥース,22,13,9,0.5909090909090909,22,0.022916666666666665,960,2.090909090909091,15
overall,MIXED,16.13,ALL,4642,バンドルグラスの鏡,22,13,9,0.5909090909090909,22,0.006686930091185411,3290,3.8636363636363638,15
overall,MIXED,16.15,UTILITY,3110,フローズン ハート,22,13,9,0.5909090909090909,22,0.026634382566585957,826,3.1363636363636362,15
overall,MIXED,15.10,ALL,3072,ブラッドサースター,22,13,9,0.5909090909090909,22,0.03188405797101449,690,2.227272727272727,15
overall,MIXED,15.10,BOTTOM,3072,ブラッドサースター,22,13,9,0.5909090909090909,22,0.15942028985507245,138,2.227272727272727,15
overall,MIXED,16.16,JUNGLE,1058,ムダニ デカイ ロッド,22,13,9,0.5909090909090909,22,0.03303303303303303,666,2.772727272727273,15
overall,MIXED,15.8,JUNGLE,6653,ライアンドリーの仮面,22,13,9,0.5909090909090909,22,0.16923076923076924,130,1.4090909090909092,15
overall,MIXED,16.10,TOP,6653,ライアンドリーの仮面,22,13,9,0.5909090909090909,22,0.0990990990990991,222,2.227272727272727,15
overall,MIXED,16.5,MIDDLE,3089,ラバドン デスキャップ,22,13,9,0.5909090909090909,22,0.13580246913580246,162,2.409090909090909,15
overall,MIXED,16.12,BOTTOM,3094,ラピッド ファイアキャノン,22,13,9,0.5909090909090909,22,0.12429378531073447,177,2.909090909090909,15
overall,MIXED,15.12,ALL,3116,リーライ クリスタル セプター,22,13,9,0.5909090909090909,22,0.043137254901960784,510,1.9090909090909092,15
overall,MIXED,15.19,TOP,3116,リーライ クリスタル セプター,22,13,9,0.5909090909090909,22,0.09606986899563319,229,1.8181818181818181,15
overall,MIXED,15.13,BOTTOM,3085,ルナーン ハリケーン,22,13,9,0.5909090909090909,22,0.11458333333333333,192,2.909090909090909,15
overall,MIXED,15.12,MIDDLE,6655,ルーデン エコー,22,13,9,0.5909090909090909,22,0.21568627450980393,102,2.0,15
overall,MIXED,14.19,ALL,6692,赤月の刃,22,13,9,0.5909090909090909,22,0.05238095238095238,420,1.8181818181818181,15
overall,MIXED,15.14,ALL,6692,赤月の刃,22,13,9,0.5909090909090909,22,0.04782608695652174,460,1.7727272727272727,15
overall,MIXED,16.8,BOTTOM,1018,アジリティ クローク,22,12,10,0.5454545454545454,22,0.15714285714285714,140,3.6818181818181817,15
overall,MIXED,16.12,BOTTOM,6672,クラーケン スレイヤー,22,12,10,0.5454545454545454,22,0.12429378531073447,177,1.8636363636363635,15
overall,MIXED,16.16,TOP,3133,コールフィールド ウォーハンマー,22,12,10,0.5454545454545454,22,0.03303303303303303,666,3.4545454545454546,15
overall,MIXED,16.14,BOTTOM,2019,スチール シジル,22,12,10,0.5454545454545454,22,0.031609195402298854,696,4.045454545454546,15
overall,MIXED,15.11,ALL,6631,ストライドブレイカー,22,12,10,0.5454545454545454,22,0.04150943396226415,530,0.9090909090909091,15
overall,MIXED,14.19,JUNGLE,3020,ソーサラー シューズ,22,12,10,0.5454545454545454,22,0.2619047619047619,84,2.590909090909091,15
overall,MIXED,16.2,UTILITY,3020,ソーサラー シューズ,22,12,10,0.5454545454545454,22,0.15492957746478872,142,2.272727272727273,15
overall,MIXED,15.17,TOP,3075,ソーンメイル,22,12,10,0.5454545454545454,22,0.13580246913580246,162,2.8181818181818183,15
overall,MIXED,15.19,TOP,3075,ソーンメイル,22,12,10,0.5454545454545454,22,0.09606986899563319,229,2.1818181818181817,15
overall,MIXED,16.16,JUNGLE,1082,ダーク シール,22,12,10,0.5454545454545454,22,0.03303303303303303,666,2.272727272727273,15
overall,MIXED,14.22,ALL,3078,トリニティ フォース,22,12,10,0.5454545454545454,22,0.07586206896551724,290,2.272727272727273,15
overall,MIXED,15.19,JUNGLE,3078,トリニティ フォース,22,12,10,0.5454545454545454,22,0.09523809523809523,231,1.6363636363636365,15
overall,MIXED,15.13,TOP,1056,ドラン リング,22,12,10,0.5454545454545454,22,0.11458333333333333,192,0.9545454545454546,15
overall,MIXED,16.9,ALL,3870,ドリーム メーカー,22,12,10,0.5454545454545454,22,0.027848101265822784,790,0.36363636363636365,15
overall,MIXED,16.14,BOTTOM,6670,ヌーンクィヴァー,22,12,10,0.5454545454545454,22,0.031609195402298854,696,3.409090909090909,15
overall,MIXED,15.11,ALL,3181,ハルブレイカー,22,12,10,0.5454545454545454,22,0.04150943396226415,530,2.8636363636363638,15
overall,MIXED,15.13,TOP,3071,ブラック クリーバー,22,12,10,0.5454545454545454,22,0.11458333333333333,192,2.0,15
overall,MIXED,16.6,ALL,3072,ブラッドサースター,22,12,10,0.5454545454545454,22,0.02894736842105263,760,2.0,15
overall,MIXED,16.16,UTILITY,3145,ヘクステック オルタネーター,22,12,10,0.5454545454545454,22,0.03303303303303303,666,3.409090909090909,15
overall,MIXED,16.9,MIDDLE,1058,ムダニ デカイ ロッド,22,12,10,0.5454545454545454,22,0.13924050632911392,158,3.909090909090909,15
overall,MIXED,16.11,ALL,3033,モータル リマインダー,22,12,10,0.5454545454545454,22,0.01864406779661017,1180,2.272727272727273,15
overall,MIXED,14.24,ALL,6653,ライアンドリーの仮面,22,12,10,0.5454545454545454,22,0.088,250,1.8636363636363635,15
overall,MIXED,15.17,MIDDLE,6653,ライアンドリーの仮面,22,12,10,0.5454545454545454,22,0.13580246913580246,162,2.3181818181818183,15
overall,MIXED,16.13,TOP,3143,ランデュイン オーメン,22,12,10,0.5454545454545454,22,0.03343465045592705,658,1.6363636363636365,15
overall,MIXED,16.14,ALL,3074,ラヴァナス ハイドラ,22,12,10,0.5454545454545454,22,0.00632183908045977,3480,1.5909090909090908,15
overall,MIXED,15.13,ALL,1043,リカーブ ボウ,22,12,10,0.5454545454545454,22,0.022916666666666665,960,3.6363636363636362,15
overall,MIXED,15.4,ALL,3153,ルインドキング ブレード,22,12,10,0.5454545454545454,22,0.08148148148148149,270,1.8636363636363635,15
overall,MIXED,15.20,ALL,3085,ルナーン ハリケーン,22,12,10,0.5454545454545454,22,0.03333333333333333,660,2.6818181818181817,15
overall,MIXED,15.20,BOTTOM,3085,ルナーン ハリケーン,22,12,10,0.5454545454545454,22,0.16666666666666666,132,2.6818181818181817,15
overall,MIXED,15.20,ALL,6657,ロッド オブ エイジス,22,12,10,0.5454545454545454,22,0.03333333333333333,660,2.4545454545454546,15
overall,MIXED,16.16,JUNGLE,6665,変幻自在のジャック＝ショー,22,12,10,0.5454545454545454,22,0.03303303303303303,666,2.8181818181818183,15
overall,MIXED,16.15,JUNGLE,3142,妖夢の霊剣,22,12,10,0.5454545454545454,22,0.026634382566585957,826,1.6363636363636365,15
overall,MIXED,16.11,ALL,3147,悲愴な仮面,22,12,10,0.5454545454545454,22,0.01864406779661017,1180,3.3181818181818183,15
overall,MIXED,16.17,TOP,4401,自然の力,22,12,10,0.5454545454545454,22,0.021825396825396824,1008,2.772727272727273,15
overall,MIXED,15.9,ALL,6692,赤月の刃,22,12,10,0.5454545454545454,22,0.05116279069767442,430,1.9545454545454546,15
overall,MIXED,16.10,JUNGLE,2510,黄昏と暁,22,12,10,0.5454545454545454,22,0.0990990990990991,222,0.7272727272727273,15
overall,MIXED,15.17,MIDDLE,2503,黒炎のトーチ,22,12,10,0.5454545454545454,22,0.13580246913580246,162,2.227272727272727,15
overall,MIXED,15.9,ALL,3067,キンドルジェム,22,11,11,0.5,22,0.05116279069767442,430,3.6363636363636362,15
overall,MIXED,15.19,UTILITY,1029,クロース アーマー,22,11,11,0.5,22,0.09565217391304348,230,3.8636363636363638,15
overall,MIXED,15.14,ALL,6676,コレクター,22,11,11,0.5,22,0.04782608695652174,460,1.7727272727272727,15
overall,MIXED,16.12,ALL,3161,ショウジンの矛,22,11,11,0.5,22,0.024719101123595506,890,2.727272727272727,15
overall,MIXED,14.19,BOTTOM,3087,スタティック シヴ,22,11,11,0.5,22,0.2619047619047619,84,1.9545454545454546,15
overall,MIXED,15.18,ALL,6631,ストライドブレイカー,22,11,11,0.5,22,0.033846153846153845,650,0.9090909090909091,15
overall,MIXED,16.15,TOP,3211,スペクター カウル,22,11,11,0.5,22,0.026634382566585957,826,3.727272727272727,15
overall,MIXED,15.17,ALL,1031,チェイン ベスト,22,11,11,0.5,22,0.027160493827160494,810,3.4545454545454546,15
overall,MIXED,16.3,ALL,1031,チェイン ベスト,22,11,11,0.5,22,0.025,880,3.772727272727273,15
overall,MIXED,16.12,ALL,3173,チェインレースド クラッシャー,22,11,11,0.5,22,0.024719101123595506,890,2.909090909090909,15
overall,MIXED,16.12,MIDDLE,3173,チェインレースド クラッシャー,22,11,11,0.5,22,0.12359550561797752,178,2.909090909090909,15
overall,MIXED,16.13,ALL,3077,ティアマット,22,11,11,0.5,22,0.006686930091185411,3290,1.0909090909090908,15
overall,MIXED,15.3,ALL,1054,ドラン シールド,22,11,11,0.5,22,0.05365853658536585,410,1.6818181818181819,15
overall,MIXED,16.9,BOTTOM,1086,ドラン ボウ,22,11,11,0.5,22,0.13924050632911392,158,0.7727272727272727,15
overall,MIXED,15.18,MIDDLE,3006,バーサーカー ブーツ,22,11,11,0.5,22,0.16923076923076924,130,2.090909090909091,15
overall,MIXED,15.7,JUNGLE,3071,ブラック クリーバー,22,11,11,0.5,22,0.2391304347826087,92,2.090909090909091,15
overall,MIXED,16.3,BOTTOM,3072,ブラッドサースター,22,11,11,0.5,22,0.125,176,1.9545454545454546,15
overall,MIXED,15.7,ALL,3076,ブランブル ベスト,22,11,11,0.5,22,0.04782608695652174,460,3.9545454545454546,15
overall,MIXED,14.19,JUNGLE,3047,プレート スチールキャップ,22,11,11,0.5,22,0.2619047619047619,84,2.090909090909091,15
overall,MIXED,16.7,UTILITY,3047,プレート スチールキャップ,22,11,11,0.5,22,0.14285714285714285,154,2.0454545454545454,15
overall,MIXED,15.19,ALL,4628,ホライゾン フォーカス,22,11,11,0.5,22,0.019130434782608695,1150,2.1818181818181817,15
overall,MIXED,16.10,ALL,6664,ホロウ レディアンス,22,11,11,0.5,22,0.01981981981981982,1110,1.6818181818181819,15
overall,MIXED,16.9,ALL,6699,ボルテイク サイクロソード,22,11,11,0.5,22,0.027848101265822784,790,2.3636363636363638,15
overall,MIXED,15.10,ALL,3100,リッチ ベイン,22,11,11,0.5,22,0.03188405797101449,690,2.0,15
overall,MIXED,15.24,UTILITY,1028,ルビー クリスタル,22,11,11,0.5,22,0.06432748538011696,342,4.090909090909091,15
overall,MIXED,15.12,MIDDLE,6657,ロッド オブ エイジス,22,11,11,0.5,22,0.21568627450980393,102,2.0,15
overall,MIXED,16.15,JUNGLE,2003,体力ポーション,22,11,11,0.5,22,0.026634382566585957,826,1.0909090909090908,15
overall,MIXED,16.16,JUNGLE,1052,増魔の書,22,11,11,0.5,22,0.03303303303303303,666,3.0,15
overall,MIXED,16.18,TOP,1052,増魔の書,22,11,11,0.5,22,0.06547619047619048,336,3.6363636363636362,15
overall,MIXED,16.6,MIDDLE,1052,増魔の書,22,11,11,0.5,22,0.14473684210526316,152,3.8181818181818183,15
overall,MIXED,15.7,ALL,3084,心の鋼,22,11,11,0.5,22,0.04782608695652174,460,2.1363636363636362,15
overall,MIXED,16.2,ALL,3916,忘却のオーブ,22,11,11,0.5,22,0.030985915492957747,710,3.5454545454545454,15
overall,MIXED,15.7,ALL,3174,装甲強化の進撃,22,11,11,0.5,22,0.04782608695652174,460,2.5454545454545454,15
overall,MIXED,15.16,ALL,6692,赤月の刃,22,11,11,0.5,22,0.040740740740740744,540,1.3636363636363635,15
overall,MIXED,15.24,TOP,6692,赤月の刃,22,11,11,0.5,22,0.06432748538011696,342,1.2272727272727273,15
overall,MIXED,15.10,BOTTOM,3158,アイオニア ブーツ,22,10,12,0.45454545454545453,22,0.15942028985507245,138,2.6818181818181817,15
overall,MIXED,16.16,ALL,3504,アーデント センサー,22,10,12,0.45454545454545453,22,0.006606606606606606,3330,2.409090909090909,15
overall,MIXED,16.16,UTILITY,3113,エーテル ウィスプ,22,10,12,0.45454545454545453,22,0.03303303303303303,666,4.181818181818182,15
overall,MIXED,15.10,UTILITY,3067,キンドルジェム,22,10,12,0.45454545454545453,22,0.15942028985507245,138,3.8181818181818183,15
overall,MIXED,15.10,BOTTOM,6676,コレクター,22,10,12,0.45454545454545453,22,0.15942028985507245,138,1.7272727272727273,15
overall,MIXED,14.23,UTILITY,2055,コントロール ワード,22,10,12,0.45454545454545453,22,0.5238095238095238,42,2.4545454545454546,15
overall,MIXED,16.1,ALL,3068,サンファイア イージス,22,10,12,0.45454545454545453,22,0.02857142857142857,770,1.2727272727272727,15
overall,MIXED,15.4,ALL,4645,シャドウフレイム,22,10,12,0.45454545454545453,22,0.08148148148148149,270,2.0454545454545454,15
overall,MIXED,15.12,ALL,3161,ショウジンの矛,22,10,12,0.45454545454545453,22,0.043137254901960784,510,2.409090909090909,15
overall,MIXED,16.14,BOTTOM,3161,ショウジンの矛,22,10,12,0.45454545454545453,22,0.031609195402298854,696,2.4545454545454546,15
overall,MIXED,16.7,ALL,1011,ジャイアント ベルト,22,10,12,0.45454545454545453,22,0.02857142857142857,770,3.772727272727273,15
overall,MIXED,15.18,UTILITY,3009,スイフトネス ブーツ,22,10,12,0.45454545454545453,22,0.16923076923076924,130,3.1363636363636362,15
overall,MIXED,15.22,BOTTOM,3009,スイフトネス ブーツ,22,10,12,0.45454545454545453,22,0.16666666666666666,132,2.4545454545454546,15
overall,MIXED,16.3,TOP,3009,スイフトネス ブーツ,22,10,12,0.45454545454545453,22,0.125,176,2.272727272727273,15
overall,MIXED,16.12,BOTTOM,3087,スタティック シヴ,22,10,12,0.45454545454545453,22,0.12429378531073447,177,1.5,15
overall,MIXED,15.13,MIDDLE,4646,ストームサージ,22,10,12,0.45454545454545453,22,0.11518324607329843,191,2.3636363636363638,15
overall,MIXED,16.12,JUNGLE,3020,ソーサラー シューズ,22,10,12,0.45454545454545453,22,0.12359550561797752,178,2.090909090909091,15
overall,MIXED,16.9,MIDDLE,3157,ゾーニャの砂時計,22,10,12,0.45454545454545453,22,0.13924050632911392,158,1.0454545454545454,15
overall,MIXED,16.10,BOTTOM,1042,ダガー,22,10,12,0.45454545454545453,22,0.0990990990990991,222,3.1363636363636362,15
overall,MIXED,16.5,TOP,3006,バーサーカー ブーツ,22,10,12,0.45454545454545453,22,0.13580246913580246,162,2.6363636363636362,15
overall,MIXED,16.6,TOP,3006,バーサーカー ブーツ,22,10,12,0.45454545454545453,22,0.14473684210526316,152,2.090909090909091,15
overall,MIXED,16.7,BOTTOM,3046,ファントム ダンサー,22,10,12,0.45454545454545453,22,0.14285714285714285,154,2.0454545454545454,15
overall,MIXED,16.6,MIDDLE,3363,ファーサイト オルタレーション,22,10,12,0.45454545454545453,22,0.14473684210526316,152,6.0,15
overall,MIXED,16.5,JUNGLE,3071,ブラック クリーバー,22,10,12,0.45454545454545453,22,0.13580246913580246,162,2.227272727272727,15
overall,MIXED,14.24,JUNGLE,3047,プレート スチールキャップ,22,10,12,0.45454545454545453,22,0.44,50,2.272727272727273,15
overall,MIXED,16.7,BOTTOM,2523,ヘクスオプティックC44,22,10,12,0.45454545454545453,22,0.14285714285714285,154,1.4545454545454546,15
overall,MIXED,15.18,ALL,3152,ヘクステック ロケットベルト,22,10,12,0.45454545454545453,22,0.033846153846153845,650,1.5454545454545454,15
overall,MIXED,16.2,MIDDLE,1058,ムダニ デカイ ロッド,22,10,12,0.45454545454545453,22,0.15492957746478872,142,3.1818181818181817,15
overall,MIXED,16.13,BOTTOM,3089,ラバドン デスキャップ,22,10,12,0.45454545454545453,22,0.03343465045592705,658,2.6818181818181817,15
overall,MIXED,16.16,MIDDLE,4633,リフトメーカー,22,10,12,0.45454545454545453,22,0.03303303303303303,666,2.6363636363636362,15
overall,MIXED,16.10,UTILITY,1028,ルビー クリスタル,22,10,12,0.45454545454545453,22,0.0990990990990991,222,4.318181818181818,15
overall,MIXED,16.4,MIDDLE,6655,ルーデン エコー,22,10,12,0.45454545454545453,22,0.20754716981132076,106,1.9090909090909092,15
overall,MIXED,16.18,TOP,1036,ロング ソード,22,10,12,0.45454545454545453,22,0.06547619047619048,336,3.909090909090909,15
overall,MIXED,15.21,ALL,6692,赤月の刃,22,10,12,0.45454545454545453,22,0.03728813559322034,590,1.9545454545454546,15
overall,MIXED,15.23,ALL,3123,エクスキューショナー コーリング,22,9,13,0.4090909090909091,22,0.03793103448275862,580,3.409090909090909,15
overall,MIXED,16.15,TOP,3067,キンドルジェム,22,9,13,0.4090909090909091,22,0.026634382566585957,826,3.8181818181818183,15
overall,MIXED,15.20,ALL,6610,サンダード スカイ,22,9,13,0.4090909090909091,22,0.03333333333333333,660,1.7727272727272727,15
overall,MIXED,15.21,JUNGLE,6610,サンダード スカイ,22,9,13,0.4090909090909091,22,0.1864406779661017,118,1.5454545454545454,15
overall,MIXED,15.13,BOTTOM,3009,スイフトネス ブーツ,22,9,13,0.4090909090909091,22,0.11458333333333333,192,2.090909090909091,15
overall,MIXED,16.7,ALL,6631,ストライドブレイカー,22,9,13,0.4090909090909091,22,0.02857142857142857,770,0.9090909090909091,15
overall,MIXED,16.6,ALL,4646,ストームサージ,22,9,13,0.4090909090909091,22,0.02894736842105263,760,3.0454545454545454,15
overall,MIXED,16.10,ALL,3040,セラフ エンブレイス,22,9,13,0.4090909090909091,22,0.01981981981981982,1110,1.9090909090909092,15
overall,MIXED,16.9,TOP,1056,ドラン リング,22,9,13,0.4090909090909091,22,0.13924050632911392,158,0.45454545454545453,15
overall,MIXED,15.2,ALL,1037,ピッケル,22,9,13,0.4090909090909091,22,0.04782608695652174,460,3.1363636363636362,15
overall,MIXED,16.9,ALL,3046,ファントム ダンサー,22,9,13,0.4090909090909091,22,0.027848101265822784,790,2.227272727272727,15
overall,MIXED,16.17,MIDDLE,6664,ホロウ レディアンス,22,9,13,0.4090909090909091,22,0.021825396825396824,1008,1.9090909090909092,15
overall,MIXED,15.3,ALL,1028,ルビー クリスタル,22,9,13,0.4090909090909091,22,0.05365853658536585,410,4.136363636363637,15
overall,MIXED,15.8,BOTTOM,1036,ロング ソード,22,9,13,0.4090909090909091,22,0.16923076923076924,130,3.6818181818181817,15
overall,MIXED,16.17,MIDDLE,4005,帝国の指令,22,9,13,0.4090909090909091,22,0.021825396825396824,1008,2.772727272727273,15
overall,MIXED,16.14,MIDDLE,3916,忘却のオーブ,22,9,13,0.4090909090909091,22,0.031609195402298854,696,3.5454545454545454,15
overall,MIXED,16.16,MIDDLE,3916,忘却のオーブ,22,9,13,0.4090909090909091,22,0.03303303303303303,666,3.772727272727273,15
overall,MIXED,16.14,TOP,3147,悲愴な仮面,22,9,13,0.4090909090909091,22,0.031609195402298854,696,3.0454545454545454,15
overall,MIXED,16.16,ALL,2517,終わりなき飢え,22,9,13,0.4090909090909091,22,0.006606606606606606,3330,2.5,15
overall,MIXED,15.22,MIDDLE,2503,黒炎のトーチ,22,9,13,0.4090909090909091,22,0.16666666666666666,132,2.0454545454545454,15
overall,MIXED,15.11,BOTTOM,6676,コレクター,22,8,14,0.36363636363636365,22,0.20754716981132076,106,1.7727272727272727,15
overall,MIXED,16.7,BOTTOM,6676,コレクター,22,8,14,0.36363636363636365,22,0.14285714285714285,154,1.0454545454545454,15
overall,MIXED,15.3,JUNGLE,2055,コントロール ワード,22,8,14,0.36363636363636365,22,0.2682926829268293,82,2.9545454545454546,15
overall,MIXED,16.14,BOTTOM,3133,コールフィールド ウォーハンマー,22,8,14,0.36363636363636365,22,0.031609195402298854,696,3.4545454545454546,15
overall,MIXED,15.14,ALL,3871,ザズ＝ザクのレルムスパイク,22,8,14,0.36363636363636365,22,0.04782608695652174,460,0.2727272727272727,15
overall,MIXED,15.14,UTILITY,3871,ザズ＝ザクのレルムスパイク,22,8,14,0.36363636363636365,22,0.2391304347826087,92,0.2727272727272727,15
overall,MIXED,16.17,ALL,1101,スコーチクロウの幼体,22,8,14,0.36363636363636365,22,0.004365079365079365,5040,0.22727272727272727,15
overall,MIXED,16.17,JUNGLE,1101,スコーチクロウの幼体,22,8,14,0.36363636363636365,22,0.021825396825396824,1008,0.22727272727272727,15
overall,MIXED,16.10,JUNGLE,3020,ソーサラー シューズ,22,8,14,0.36363636363636365,22,0.0990990990990991,222,2.090909090909091,15
overall,MIXED,15.24,JUNGLE,2021,トンネル掘り,22,8,14,0.36363636363636365,22,0.06432748538011696,342,3.590909090909091,15
overall,MIXED,15.8,ALL,3076,ブランブル ベスト,22,8,14,0.36363636363636365,22,0.033846153846153845,650,3.1363636363636362,15
overall,MIXED,16.14,TOP,1001,ブーツ,22,8,14,0.36363636363636365,22,0.031609195402298854,696,2.8181818181818183,15
overall,MIXED,16.11,JUNGLE,6653,ライアンドリーの仮面,22,8,14,0.36363636363636365,22,0.09322033898305085,236,1.5909090909090908,15
overall,MIXED,16.18,ALL,1043,リカーブ ボウ,22,8,14,0.36363636363636365,22,0.013095238095238096,1680,3.3181818181818183,15
overall,MIXED,16.12,TOP,3153,ルインドキング ブレード,22,8,14,0.36363636363636365,22,0.12359550561797752,178,1.7272727272727273,15
overall,MIXED,16.2,ALL,3142,妖夢の霊剣,22,8,14,0.36363636363636365,22,0.030985915492957747,710,1.1363636363636365,15
overall,MIXED,16.3,ALL,6692,赤月の刃,22,8,14,0.36363636363636365,22,0.025,880,1.5454545454545454,15
overall,MIXED,15.19,ALL,2022,輝きのモート,22,8,14,0.36363636363636365,22,0.019130434782608695,1150,4.2272727272727275,15
overall,MIXED,16.12,ALL,2022,輝きのモート,22,8,14,0.36363636363636365,22,0.024719101123595506,890,3.909090909090909,15
overall,MIXED,15.8,UTILITY,3158,アイオニア ブーツ,22,7,15,0.3181818181818182,22,0.16923076923076924,130,3.0,15
overall,MIXED,16.12,ALL,6673,イモータル シールドボウ,22,7,15,0.3181818181818182,22,0.024719101123595506,890,2.5,15
overall,MIXED,15.7,ALL,3067,キンドルジェム,22,7,15,0.3181818181818182,22,0.04782608695652174,460,3.9545454545454546,15
overall,MIXED,16.10,ALL,1033,ヌルマジック マント,22,7,15,0.3181818181818182,22,0.01981981981981982,1110,3.4545454545454546,15
overall,MIXED,15.11,MIDDLE,6655,ルーデン エコー,22,7,15,0.3181818181818182,22,0.20754716981132076,106,2.590909090909091,15
overall,MIXED,16.18,MIDDLE,6657,ロッド オブ エイジス,22,7,15,0.3181818181818182,22,0.06547619047619048,336,2.227272727272727,15
overall,MIXED,16.17,MIDDLE,3135,ヴォイド スタッフ,22,7,15,0.3181818181818182,22,0.021825396825396824,1008,2.8636363636363638,15
overall,MIXED,16.6,ALL,3142,妖夢の霊剣,22,7,15,0.3181818181818182,22,0.02894736842105263,760,1.4090909090909092,15
overall,MIXED,16.14,JUNGLE,3084,心の鋼,22,7,15,0.3181818181818182,22,0.031609195402298854,696,1.0454545454545454,15
overall,MIXED,15.18,MIDDLE,2031,詰め替えポーション,22,7,15,0.3181818181818182,22,0.16923076923076924,130,1.3636363636363635,15
overall,MIXED,16.18,ALL,2422,ちょっとだけ魔法がかった靴,22,6,16,0.2727272727272727,22,0.013095238095238096,1680,3.4545454545454546,15
overall,MIXED,16.17,ALL,3866,ルーニック コンパス,22,6,16,0.2727272727272727,22,0.004365079365079365,5040,0.22727272727272727,15
overall,MIXED,16.17,UTILITY,3866,ルーニック コンパス,22,6,16,0.2727272727272727,22,0.021825396825396824,1008,0.22727272727272727,15
overall,MIXED,16.13,BOTTOM,3144,偵察兵のパチンコ,22,6,16,0.2727272727272727,22,0.03343465045592705,658,2.9545454545454546,15
overall,MIXED,16.14,BOTTOM,3070,女神の涙,22,5,17,0.22727272727272727,22,0.031609195402298854,696,1.8181818181818181,15
overall,MIXED,16.17,ALL,3513,ヘラルドの瞳,21,19,2,0.9047619047619048,21,0.004166666666666667,5040,6.0,15
overall,MIXED,15.12,ALL,3171,真紅のアイオニア ブーツ,21,18,3,0.8571428571428571,21,0.041176470588235294,510,2.7142857142857144,15
overall,MIXED,16.12,TOP,3009,スイフトネス ブーツ,21,17,4,0.8095238095238095,21,0.11797752808988764,178,2.4761904761904763,15
overall,MIXED,15.17,MIDDLE,3175,連呪使いのブーツ,21,17,4,0.8095238095238095,21,0.12962962962962962,162,3.0476190476190474,15
overall,MIXED,16.8,UTILITY,3009,スイフトネス ブーツ,21,16,5,0.7619047619047619,21,0.15,140,1.9523809523809523,15
overall,MIXED,15.20,ALL,3173,チェインレースド クラッシャー,21,16,5,0.7619047619047619,21,0.031818181818181815,660,2.2857142857142856,15
overall,MIXED,15.2,UTILITY,3118,マリグナンス,21,16,5,0.7619047619047619,21,0.22826086956521738,92,1.7142857142857142,15
overall,MIXED,16.10,ALL,3094,ラピッド ファイアキャノン,21,16,5,0.7619047619047619,21,0.01891891891891892,1110,2.6666666666666665,15
overall,MIXED,16.15,TOP,3008,グラトナス ブーツ,21,15,6,0.7142857142857143,21,0.025423728813559324,826,2.1904761904761907,15
overall,MIXED,15.19,ALL,1057,ネガトロン クローク,21,15,6,0.7142857142857143,21,0.018260869565217393,1150,3.238095238095238,15
overall,MIXED,16.14,TOP,3046,ファントム ダンサー,21,15,6,0.7142857142857143,21,0.03017241379310345,696,2.0,15
overall,MIXED,16.3,ALL,3035,ラスト ウィスパー,21,15,6,0.7142857142857143,21,0.023863636363636365,880,3.6666666666666665,15
overall,MIXED,16.15,TOP,2503,黒炎のトーチ,21,15,6,0.7142857142857143,21,0.025423728813559324,826,1.5714285714285714,15
overall,MIXED,16.8,BOTTOM,1038,B. F. ソード,21,14,7,0.6666666666666666,21,0.15,140,2.9047619047619047,15
overall,MIXED,16.13,JUNGLE,3031,インフィニティ エッジ,21,14,7,0.6666666666666666,21,0.031914893617021274,658,2.5238095238095237,15
overall,MIXED,16.16,TOP,2504,ケイニック ルーケルン,21,14,7,0.6666666666666666,21,0.03153153153153153,666,2.9523809523809526,15
overall,MIXED,16.13,BOTTOM,2019,スチール シジル,21,14,7,0.6666666666666666,21,0.031914893617021274,658,3.8095238095238093,15
overall,MIXED,16.15,JUNGLE,3748,タイタン ハイドラ,21,14,7,0.6666666666666666,21,0.025423728813559324,826,1.2857142857142858,15
overall,MIXED,15.13,JUNGLE,3078,トリニティ フォース,21,14,7,0.6666666666666666,21,0.109375,192,1.6666666666666667,15
overall,MIXED,15.17,TOP,3078,トリニティ フォース,21,14,7,0.6666666666666666,21,0.12962962962962962,162,1.7142857142857142,15
overall,MIXED,16.8,ALL,3046,ファントム ダンサー,21,14,7,0.6666666666666666,21,0.03,700,2.2857142857142856,15
overall,MIXED,15.12,JUNGLE,3071,ブラック クリーバー,21,14,7,0.6666666666666666,21,0.20588235294117646,102,2.142857142857143,15
overall,MIXED,16.6,UTILITY,6653,ライアンドリーの仮面,21,14,7,0.6666666666666666,21,0.1390728476821192,151,1.9047619047619047,15
overall,MIXED,16.4,MIDDLE,3089,ラバドン デスキャップ,21,14,7,0.6666666666666666,21,0.19811320754716982,106,1.7142857142857142,15
overall,MIXED,15.20,JUNGLE,3153,ルインドキング ブレード,21,14,7,0.6666666666666666,21,0.1590909090909091,132,1.9523809523809523,15
overall,MIXED,16.18,UTILITY,1052,増魔の書,21,14,7,0.6666666666666666,21,0.0625,336,3.9047619047619047,15
overall,MIXED,15.13,UTILITY,3171,真紅のアイオニア ブーツ,21,14,7,0.6666666666666666,21,0.109375,192,2.8095238095238093,15
overall,MIXED,15.19,TOP,3174,装甲強化の進撃,21,14,7,0.6666666666666666,21,0.09170305676855896,229,2.6666666666666665,15
overall,MIXED,16.16,ALL,2501,覇王のブラッドメイル,21,14,7,0.6666666666666666,21,0.006306306306306306,3330,2.4761904761904763,15
overall,MIXED,15.21,BOTTOM,3508,エッセンス リーバー,21,13,8,0.6190476190476191,21,0.1794871794871795,117,1.5238095238095237,15
overall,MIXED,15.12,BOTTOM,6676,コレクター,21,13,8,0.6190476190476191,21,0.2079207920792079,101,1.7619047619047619,15
overall,MIXED,14.21,UTILITY,2055,コントロール ワード,21,13,8,0.6190476190476191,21,0.375,56,2.761904761904762,15
overall,MIXED,14.20,ALL,4646,ストームサージ,21,13,8,0.6190476190476191,21,0.04565217391304348,460,2.4285714285714284,15
overall,MIXED,16.2,ALL,3065,スピリット ビサージュ,21,13,8,0.6190476190476191,21,0.029577464788732393,710,2.9523809523809526,15
overall,MIXED,16.17,UTILITY,3211,スペクター カウル,21,13,8,0.6190476190476191,21,0.020833333333333332,1008,3.4761904761904763,15
overall,MIXED,16.18,ALL,3211,スペクター カウル,21,13,8,0.6190476190476191,21,0.0125,1680,3.619047619047619,15
overall,MIXED,15.20,ALL,3040,セラフ エンブレイス,21,13,8,0.6190476190476191,21,0.031818181818181815,660,1.7619047619047619,15
overall,MIXED,16.2,ALL,6694,セリルダの怨恨,21,13,8,0.6190476190476191,21,0.029577464788732393,710,2.9047619047619047,15
overall,MIXED,15.21,MIDDLE,3157,ゾーニャの砂時計,21,13,8,0.6190476190476191,21,0.17796610169491525,118,0.8095238095238095,15
overall,MIXED,15.23,ALL,1082,ダーク シール,21,13,8,0.6190476190476191,21,0.03620689655172414,580,2.9523809523809526,15
overall,MIXED,15.23,ALL,2021,トンネル掘り,21,13,8,0.6190476190476191,21,0.03620689655172414,580,3.6666666666666665,15
overall,MIXED,15.20,TOP,1055,ドラン ブレード,21,13,8,0.6190476190476191,21,0.1590909090909091,132,1.1904761904761905,15
overall,MIXED,16.1,TOP,1056,ドラン リング,21,13,8,0.6190476190476191,21,0.13636363636363635,154,0.2857142857142857,15
overall,MIXED,16.16,BOTTOM,2512,フィーンドハンターの矢,21,13,8,0.6190476190476191,21,0.03153153153153153,666,1.8571428571428572,15
overall,MIXED,16.15,TOP,6664,ホロウ レディアンス,21,13,8,0.6190476190476191,21,0.025423728813559324,826,1.8571428571428572,15
overall,MIXED,14.19,ALL,3118,マリグナンス,21,13,8,0.6190476190476191,21,0.05,420,2.4285714285714284,15
overall,MIXED,16.17,TOP,3118,マリグナンス,21,13,8,0.6190476190476191,21,0.020833333333333332,1008,2.3333333333333335,15
overall,MIXED,15.21,ALL,3032,ユン・タル ワイルドアロー,21,13,8,0.6190476190476191,21,0.03559322033898305,590,1.8095238095238095,15
overall,MIXED,15.10,JUNGLE,6653,ライアンドリーの仮面,21,13,8,0.6190476190476191,21,0.15217391304347827,138,1.5714285714285714,15
overall,MIXED,15.23,MIDDLE,6653,ライアンドリーの仮面,21,13,8,0.6190476190476191,21,0.1810344827586207,116,2.9523809523809526,15
overall,MIXED,16.10,BOTTOM,3035,ラスト ウィスパー,21,13,8,0.6190476190476191,21,0.0945945945945946,222,3.5714285714285716,15
overall,MIXED,16.15,BOTTOM,3116,リーライ クリスタル セプター,21,13,8,0.6190476190476191,21,0.025423728813559324,826,2.857142857142857,15
overall,MIXED,16.11,MIDDLE,3153,ルインドキング ブレード,21,13,8,0.6190476190476191,21,0.08898305084745763,236,2.0476190476190474,15
overall,MIXED,16.5,UTILITY,1028,ルビー クリスタル,21,13,8,0.6190476190476191,21,0.12962962962962962,162,3.5714285714285716,15
overall,MIXED,16.9,JUNGLE,3073,実験的ヘクスプレート,21,13,8,0.6190476190476191,21,0.13291139240506328,158,2.0476190476190474,15
overall,MIXED,15.21,ALL,3876,至点のソリ,21,13,8,0.6190476190476191,21,0.03559322033898305,590,0.23809523809523808,15
overall,MIXED,15.21,UTILITY,3876,至点のソリ,21,13,8,0.6190476190476191,21,0.17796610169491525,118,0.23809523809523808,15
overall,MIXED,15.17,ALL,6692,赤月の刃,21,13,8,0.6190476190476191,21,0.025925925925925925,810,2.142857142857143,15
overall,MIXED,16.11,ALL,6692,赤月の刃,21,13,8,0.6190476190476191,21,0.017796610169491526,1180,1.7619047619047619,15
overall,MIXED,16.10,JUNGLE,3158,アイオニア ブーツ,21,12,9,0.5714285714285714,21,0.0945945945945946,222,1.8095238095238095,15
overall,MIXED,16.9,ALL,6673,イモータル シールドボウ,21,12,9,0.5714285714285714,21,0.026582278481012658,790,2.4761904761904763,15
overall,MIXED,15.2,ALL,3067,キンドルジェム,21,12,9,0.5714285714285714,21,0.04565217391304348,460,3.8095238095238093,15
overall,MIXED,16.10,JUNGLE,6676,コレクター,21,12,9,0.5714285714285714,21,0.0945945945945946,222,1.4285714285714286,15
overall,MIXED,15.13,MIDDLE,2055,コントロール ワード,21,12,9,0.5714285714285714,21,0.1099476439790576,191,2.3333333333333335,15
overall,MIXED,16.2,MIDDLE,2055,コントロール ワード,21,12,9,0.5714285714285714,21,0.14788732394366197,142,2.0476190476190474,15
overall,MIXED,16.5,MIDDLE,2055,コントロール ワード,21,12,9,0.5714285714285714,21,0.12962962962962962,162,2.0952380952380953,15
overall,MIXED,15.12,JUNGLE,6610,サンダード スカイ,21,12,9,0.5714285714285714,21,0.20588235294117646,102,1.5238095238095237,15
overall,MIXED,16.13,UTILITY,1011,ジャイアント ベルト,21,12,9,0.5714285714285714,21,0.0319634703196347,657,4.095238095238095,15
overall,MIXED,16.10,BOTTOM,3086,ジール,21,12,9,0.5714285714285714,21,0.0945945945945946,222,3.1904761904761907,15
overall,MIXED,15.10,ALL,3170,スイフトマーチ,21,12,9,0.5714285714285714,21,0.030434782608695653,690,2.4761904761904763,15
overall,MIXED,15.18,ALL,3170,スイフトマーチ,21,12,9,0.5714285714285714,21,0.03230769230769231,650,3.0952380952380953,15
overall,MIXED,16.16,BOTTOM,2019,スチール シジル,21,12,9,0.5714285714285714,21,0.03153153153153153,666,3.380952380952381,15
overall,MIXED,16.3,ALL,3053,ステラックの篭手,21,12,9,0.5714285714285714,21,0.023863636363636365,880,2.8095238095238093,15
overall,MIXED,16.8,ALL,3173,チェインレースド クラッシャー,21,12,9,0.5714285714285714,21,0.03,700,2.761904761904762,15
overall,MIXED,16.8,MIDDLE,3173,チェインレースド クラッシャー,21,12,9,0.5714285714285714,21,0.15,140,2.761904761904762,15
overall,MIXED,15.13,ALL,6333,デス ダンス,21,12,9,0.5714285714285714,21,0.021875,960,2.5238095238095237,15
overall,MIXED,15.13,MIDDLE,1054,ドラン シールド,21,12,9,0.5714285714285714,21,0.1099476439790576,191,0.42857142857142855,15
overall,MIXED,16.17,BOTTOM,1120,ドラン ヘルム,21,12,9,0.5714285714285714,21,0.020833333333333332,1008,1.0,15
overall,MIXED,16.8,TOP,1056,ドラン リング,21,12,9,0.5714285714285714,21,0.15,140,0.6666666666666666,15
overall,MIXED,16.9,UTILITY,3870,ドリーム メーカー,21,12,9,0.5714285714285714,21,0.13291139240506328,158,0.38095238095238093,15
overall,MIXED,16.13,JUNGLE,3814,ナイト エッジ,21,12,9,0.5714285714285714,21,0.031914893617021274,658,3.0,15
overall,MIXED,16.7,UTILITY,2524,バンドルパイプ,21,12,9,0.5714285714285714,21,0.13636363636363635,154,2.6666666666666665,15
overall,MIXED,16.9,ALL,3006,バーサーカー ブーツ,21,12,9,0.5714285714285714,21,0.026582278481012658,790,2.0476190476190474,15
overall,MIXED,15.18,UTILITY,3047,プレート スチールキャップ,21,12,9,0.5714285714285714,21,0.16153846153846155,130,3.238095238095238,15
overall,MIXED,16.13,JUNGLE,2525,プロトプラズム ハーネス,21,12,9,0.5714285714285714,21,0.031914893617021274,658,1.380952380952381,15
overall,MIXED,16.9,ALL,3152,ヘクステック ロケットベルト,21,12,9,0.5714285714285714,21,0.026582278481012658,790,1.3333333333333333,15
overall,MIXED,15.23,MIDDLE,1058,ムダニ デカイ ロッド,21,12,9,0.5714285714285714,21,0.1810344827586207,116,2.0952380952380953,15
overall,MIXED,16.14,TOP,3033,モータル リマインダー,21,12,9,0.5714285714285714,21,0.03017241379310345,696,2.857142857142857,15
overall,MIXED,16.15,BOTTOM,1053,ヴァンパイア セプター,21,12,9,0.5714285714285714,21,0.025423728813559324,826,3.3333333333333335,15
overall,MIXED,16.7,MIDDLE,1052,増魔の書,21,12,9,0.5714285714285714,21,0.13636363636363635,154,3.857142857142857,15
overall,MIXED,16.1,ALL,3147,悲愴な仮面,21,12,9,0.5714285714285714,21,0.02727272727272727,770,3.6666666666666665,15
overall,MIXED,16.17,TOP,3066,翼のムーンプレート,21,12,9,0.5714285714285714,21,0.020833333333333332,1008,3.5238095238095237,15
overall,MIXED,15.20,TOP,2031,詰め替えポーション,21,12,9,0.5714285714285714,21,0.1590909090909091,132,1.4761904761904763,15
overall,MIXED,16.8,ALL,2510,黄昏と暁,21,12,9,0.5714285714285714,21,0.03,700,1.0,15
overall,MIXED,16.16,BOTTOM,2503,黒炎のトーチ,21,12,9,0.5714285714285714,21,0.03153153153153153,666,1.5714285714285714,15
overall,MIXED,15.10,ALL,1038,B. F. ソード,21,11,10,0.5238095238095238,21,0.030434782608695653,690,3.0952380952380953,15
overall,MIXED,16.2,ALL,1038,B. F. ソード,21,11,10,0.5238095238095238,21,0.029577464788732393,710,3.4761904761904763,15
overall,MIXED,15.21,ALL,1018,アジリティ クローク,21,11,10,0.5238095238095238,21,0.03559322033898305,590,3.8095238095238093,15
overall,MIXED,14.24,ALL,3031,インフィニティ エッジ,21,11,10,0.5238095238095238,21,0.084,250,1.9523809523809523,15
overall,MIXED,16.6,MIDDLE,3364,オラクル レンズ,21,11,10,0.5238095238095238,21,0.13815789473684212,152,6.0,15
overall,MIXED,15.24,JUNGLE,1029,クロース アーマー,21,11,10,0.5238095238095238,21,0.06140350877192982,342,3.619047619047619,15
overall,MIXED,16.12,UTILITY,1029,クロース アーマー,21,11,10,0.5238095238095238,21,0.11797752808988764,178,4.0,15
overall,MIXED,15.20,MIDDLE,2055,コントロール ワード,21,11,10,0.5238095238095238,21,0.16030534351145037,131,2.0952380952380953,15
overall,MIXED,15.3,ALL,6610,サンダード スカイ,21,11,10,0.5238095238095238,21,0.05121951219512195,410,1.6666666666666667,15
overall,MIXED,16.16,BOTTOM,3161,ショウジンの矛,21,11,10,0.5238095238095238,21,0.03153153153153153,666,2.8095238095238093,15
overall,MIXED,15.8,BOTTOM,3009,スイフトネス ブーツ,21,11,10,0.5238095238095238,21,0.16153846153846155,130,2.3333333333333335,15
overall,MIXED,14.20,ALL,3087,スタティック シヴ,21,11,10,0.5238095238095238,21,0.04565217391304348,460,1.7142857142857142,15
overall,MIXED,16.10,ALL,3087,スタティック シヴ,21,11,10,0.5238095238095238,21,0.01891891891891892,1110,2.0,15
overall,MIXED,16.6,ALL,2019,スチール シジル,21,11,10,0.5238095238095238,21,0.02763157894736842,760,3.6666666666666665,15
overall,MIXED,16.15,JUNGLE,3053,ステラックの篭手,21,11,10,0.5238095238095238,21,0.025423728813559324,826,2.4285714285714284,15
overall,MIXED,15.10,ALL,3065,スピリット ビサージュ,21,11,10,0.5238095238095238,21,0.030434782608695653,690,3.5238095238095237,15
overall,MIXED,15.22,MIDDLE,3157,ゾーニャの砂時計,21,11,10,0.5238095238095238,21,0.1590909090909091,132,1.1428571428571428,15
overall,MIXED,15.10,ALL,3742,デッド マン プレート,21,11,10,0.5238095238095238,21,0.030434782608695653,690,2.619047619047619,15
overall,MIXED,16.8,ALL,3036,ドミニク リガード,21,11,10,0.5238095238095238,21,0.03,700,2.6666666666666665,15
overall,MIXED,15.21,TOP,1054,ドラン シールド,21,11,10,0.5238095238095238,21,0.17796610169491525,118,0.9523809523809523,15
overall,MIXED,15.1,BOTTOM,1055,ドラン ブレード,21,11,10,0.5238095238095238,21,0.5526315789473685,38,0.5714285714285714,15
overall,MIXED,14.21,MIDDLE,1056,ドラン リング,21,11,10,0.5238095238095238,21,0.38181818181818183,55,1.9523809523809523,15
overall,MIXED,16.1,ALL,3870,ドリーム メーカー,21,11,10,0.5238095238095238,21,0.02727272727272727,770,0.0,15
overall,MIXED,16.1,UTILITY,3870,ドリーム メーカー,21,11,10,0.5238095238095238,21,0.13725490196078433,153,0.0,15
overall,MIXED,15.15,ALL,6675,ナヴォリ フリッカーブレード,21,11,10,0.5238095238095238,21,0.05121951219512195,410,2.5238095238095237,15
overall,MIXED,16.11,BOTTOM,6697,ヒュブリス,21,11,10,0.5238095238095238,21,0.08898305084745763,236,1.8571428571428572,15
overall,MIXED,16.14,BOTTOM,3071,ブラック クリーバー,21,11,10,0.5238095238095238,21,0.03017241379310345,696,2.5714285714285716,15
overall,MIXED,14.22,JUNGLE,3047,プレート スチールキャップ,21,11,10,0.5238095238095238,21,0.3620689655172414,58,1.8571428571428572,15
overall,MIXED,16.8,ALL,2523,ヘクスオプティックC44,21,11,10,0.5238095238095238,21,0.03,700,1.7142857142857142,15
overall,MIXED,15.24,UTILITY,3118,マリグナンス,21,11,10,0.5238095238095238,21,0.06140350877192982,342,1.9523809523809523,15
overall,MIXED,16.6,ALL,3042,ムラマナ,21,11,10,0.5238095238095238,21,0.02763157894736842,760,1.5714285714285714,15
overall,MIXED,16.17,UTILITY,3165,モレロノミコン,21,11,10,0.5238095238095238,21,0.020833333333333332,1008,3.2857142857142856,15
overall,MIXED,15.16,ALL,3032,ユン・タル ワイルドアロー,21,11,10,0.5238095238095238,21,0.03888888888888889,540,2.142857142857143,15
overall,MIXED,16.5,UTILITY,6653,ライアンドリーの仮面,21,11,10,0.5238095238095238,21,0.12962962962962962,162,2.857142857142857,15
overall,MIXED,16.6,MIDDLE,6653,ライアンドリーの仮面,21,11,10,0.5238095238095238,21,0.13815789473684212,152,2.7142857142857144,15
overall,MIXED,15.19,ALL,3100,リッチ ベイン,21,11,10,0.5238095238095238,21,0.018260869565217393,1150,2.5238095238095237,15
overall,MIXED,16.11,TOP,4633,リフトメーカー,21,11,10,0.5238095238095238,21,0.08898305084745763,236,2.0,15
overall,MIXED,16.11,UTILITY,1028,ルビー クリスタル,21,11,10,0.5238095238095238,21,0.08898305084745763,236,4.285714285714286,15
overall,MIXED,16.15,MIDDLE,2003,体力ポーション,21,11,10,0.5238095238095238,21,0.025423728813559324,826,1.2857142857142858,15
overall,MIXED,16.17,UTILITY,2003,体力ポーション,21,11,10,0.5238095238095238,21,0.020833333333333332,1008,1.619047619047619,15
overall,MIXED,16.17,ALL,1006,再生の珠,21,11,10,0.5238095238095238,21,0.004166666666666667,5040,4.190476190476191,15
overall,MIXED,15.11,ALL,3876,至点のソリ,21,11,10,0.5238095238095238,21,0.03962264150943396,530,0.9047619047619048,15
overall,MIXED,15.11,UTILITY,3876,至点のソリ,21,11,10,0.5238095238095238,21,0.19811320754716982,106,0.9047619047619048,15
overall,MIXED,15.23,ALL,3876,至点のソリ,21,11,10,0.5238095238095238,21,0.03620689655172414,580,0.47619047619047616,15
overall,MIXED,15.23,UTILITY,3876,至点のソリ,21,11,10,0.5238095238095238,21,0.1810344827586207,116,0.47619047619047616,15
overall,MIXED,15.20,ALL,1038,B. F. ソード,21,10,11,0.47619047619047616,21,0.031818181818181815,660,2.8095238095238093,15
overall,MIXED,15.22,ALL,1038,B. F. ソード,21,10,11,0.47619047619047616,21,0.031818181818181815,660,2.761904761904762,15
overall,MIXED,16.3,BOTTOM,1038,B. F. ソード,21,10,11,0.47619047619047616,21,0.11931818181818182,176,3.6666666666666665,15
overall,MIXED,16.4,ALL,1038,B. F. ソード,21,10,11,0.47619047619047616,21,0.03962264150943396,530,4.0476190476190474,15
overall,MIXED,16.16,UTILITY,3504,アーデント センサー,21,10,11,0.47619047619047616,21,0.03153153153153153,666,2.380952380952381,15
overall,MIXED,15.22,ALL,3508,エッセンス リーバー,21,10,11,0.47619047619047616,21,0.031818181818181815,660,1.5714285714285714,15
overall,MIXED,16.18,BOTTOM,3508,エッセンス リーバー,21,10,11,0.47619047619047616,21,0.0625,336,1.9047619047619047,15
overall,MIXED,15.24,ALL,6701,オポチュニティー,21,10,11,0.47619047619047616,21,0.012280701754385965,1710,2.9047619047619047,15
overall,MIXED,15.7,JUNGLE,6610,サンダード スカイ,21,10,11,0.47619047619047616,21,0.22826086956521738,92,1.4285714285714286,15
overall,MIXED,15.8,ALL,3161,ショウジンの矛,21,10,11,0.47619047619047616,21,0.03230769230769231,650,2.0,15
overall,MIXED,16.17,BOTTOM,3161,ショウジンの矛,21,10,11,0.47619047619047616,21,0.020833333333333332,1008,2.6666666666666665,15
overall,MIXED,16.18,JUNGLE,3009,スイフトネス ブーツ,21,10,11,0.47619047619047616,21,0.0625,336,1.4285714285714286,15
overall,MIXED,16.15,ALL,3170,スイフトマーチ,21,10,11,0.47619047619047616,21,0.005084745762711864,4130,3.0,15
overall,MIXED,16.15,MIDDLE,3170,スイフトマーチ,21,10,11,0.47619047619047616,21,0.025423728813559324,826,3.0,15
overall,MIXED,15.14,ALL,3075,ソーンメイル,21,10,11,0.47619047619047616,21,0.04565217391304348,460,2.9047619047619047,15
overall,MIXED,16.18,MIDDLE,1082,ダーク シール,21,10,11,0.47619047619047616,21,0.0625,336,2.7142857142857144,15
overall,MIXED,16.5,ALL,1082,ダーク シール,21,10,11,0.47619047619047616,21,0.025925925925925925,810,2.8095238095238093,15
overall,MIXED,14.20,TOP,1056,ドラン リング,21,10,11,0.47619047619047616,21,0.22826086956521738,92,0.5714285714285714,15
overall,MIXED,15.20,TOP,1056,ドラン リング,21,10,11,0.47619047619047616,21,0.1590909090909091,132,0.5238095238095238,15
overall,MIXED,16.16,TOP,3181,ハルブレイカー,21,10,11,0.47619047619047616,21,0.03153153153153153,666,3.238095238095238,15
overall,MIXED,14.23,BOTTOM,3006,バーサーカー ブーツ,21,10,11,0.47619047619047616,21,0.5,42,2.238095238095238,15
overall,MIXED,15.8,MIDDLE,3363,ファーサイト オルタレーション,21,10,11,0.47619047619047616,21,0.16153846153846155,130,6.0,15
overall,MIXED,15.21,TOP,3071,ブラック クリーバー,21,10,11,0.47619047619047616,21,0.17796610169491525,118,2.5714285714285716,15
overall,MIXED,15.4,ALL,3071,ブラック クリーバー,21,10,11,0.47619047619047616,21,0.07777777777777778,270,1.9047619047619047,15
overall,MIXED,16.12,TOP,3071,ブラック クリーバー,21,10,11,0.47619047619047616,21,0.11797752808988764,178,2.5714285714285716,15
overall,MIXED,16.8,JUNGLE,3071,ブラック クリーバー,21,10,11,0.47619047619047616,21,0.15,140,1.5238095238095237,15
overall,MIXED,16.11,ALL,6620,ヘリアの残響,21,10,11,0.47619047619047616,21,0.017796610169491526,1180,2.4761904761904763,15
overall,MIXED,16.11,UTILITY,6620,ヘリアの残響,21,10,11,0.47619047619047616,21,0.08898305084745763,236,2.4761904761904763,15
overall,MIXED,15.21,TOP,3111,マーキュリー ブーツ,21,10,11,0.47619047619047616,21,0.17796610169491525,118,2.238095238095238,15
overall,MIXED,15.8,JUNGLE,3111,マーキュリー ブーツ,21,10,11,0.47619047619047616,21,0.16153846153846155,130,2.6666666666666665,15
overall,MIXED,16.18,BOTTOM,3094,ラピッド ファイアキャノン,21,10,11,0.47619047619047616,21,0.0625,336,2.619047619047619,15
overall,MIXED,15.17,ALL,3085,ルナーン ハリケーン,21,10,11,0.47619047619047616,21,0.025925925925925925,810,2.9047619047619047,15
overall,MIXED,15.17,BOTTOM,3085,ルナーン ハリケーン,21,10,11,0.47619047619047616,21,0.12962962962962962,162,2.9047619047619047,15
overall,MIXED,15.7,ALL,1028,ルビー クリスタル,21,10,11,0.47619047619047616,21,0.04565217391304348,460,3.3333333333333335,15
overall,MIXED,16.11,JUNGLE,1036,ロング ソード,21,10,11,0.47619047619047616,21,0.08898305084745763,236,3.6666666666666665,15
overall,MIXED,16.3,JUNGLE,1036,ロング ソード,21,10,11,0.47619047619047616,21,0.11931818181818182,176,3.9047619047619047,15
overall,MIXED,14.21,ALL,2003,体力ポーション,21,10,11,0.47619047619047616,21,0.075,280,1.0,15
overall,MIXED,16.12,ALL,3070,女神の涙,21,10,11,0.47619047619047616,21,0.02359550561797753,890,2.1904761904761907,15
overall,MIXED,16.16,TOP,2502,終わりなき絶望,21,10,11,0.47619047619047616,21,0.03153153153153153,666,2.8095238095238093,15
overall,MIXED,16.9,ALL,3876,至点のソリ,21,10,11,0.47619047619047616,21,0.026582278481012658,790,0.14285714285714285,15
overall,MIXED,16.9,UTILITY,3876,至点のソリ,21,10,11,0.47619047619047616,21,0.13291139240506328,158,0.14285714285714285,15
overall,MIXED,15.16,MIDDLE,2031,詰め替えポーション,21,10,11,0.47619047619047616,21,0.19444444444444445,108,1.1904761904761905,15
overall,MIXED,16.9,UTILITY,2031,詰め替えポーション,21,10,11,0.47619047619047616,21,0.13291139240506328,158,1.619047619047619,15
overall,MIXED,16.2,BOTTOM,1018,アジリティ クローク,21,9,12,0.42857142857142855,21,0.14788732394366197,142,3.4285714285714284,15
overall,MIXED,15.16,BOTTOM,3508,エッセンス リーバー,21,9,12,0.42857142857142855,21,0.19626168224299065,107,1.619047619047619,15
overall,MIXED,15.9,BOTTOM,6676,コレクター,21,9,12,0.42857142857142855,21,0.2441860465116279,86,1.8095238095238095,15
overall,MIXED,15.13,TOP,2055,コントロール ワード,21,9,12,0.42857142857142855,21,0.109375,192,1.8095238095238095,15
overall,MIXED,15.19,BOTTOM,2055,コントロール ワード,21,9,12,0.42857142857142855,21,0.09130434782608696,230,2.142857142857143,15
overall,MIXED,15.15,ALL,3871,ザズ＝ザクのレルムスパイク,21,9,12,0.42857142857142855,21,0.05121951219512195,410,0.47619047619047616,15
overall,MIXED,15.15,UTILITY,3871,ザズ＝ザクのレルムスパイク,21,9,12,0.42857142857142855,21,0.25609756097560976,82,0.47619047619047616,15
overall,MIXED,16.16,UTILITY,4645,シャドウフレイム,21,9,12,0.42857142857142855,21,0.03153153153153153,666,2.9523809523809526,15
overall,MIXED,15.12,BOTTOM,3009,スイフトネス ブーツ,21,9,12,0.42857142857142855,21,0.2079207920792079,101,2.8095238095238093,15
overall,MIXED,15.21,TOP,6631,ストライドブレイカー,21,9,12,0.42857142857142855,21,0.17796610169491525,118,0.7142857142857143,15
overall,MIXED,16.3,ALL,3065,スピリット ビサージュ,21,9,12,0.42857142857142855,21,0.023863636363636365,880,2.5238095238095237,15
overall,MIXED,16.17,TOP,3211,スペクター カウル,21,9,12,0.42857142857142855,21,0.020833333333333332,1008,3.7142857142857144,15
overall,MIXED,14.22,ALL,3157,ゾーニャの砂時計,21,9,12,0.42857142857142855,21,0.07241379310344828,290,1.0952380952380953,15
overall,MIXED,16.10,ALL,1031,チェイン ベスト,21,9,12,0.42857142857142855,21,0.01891891891891892,1110,3.238095238095238,15
overall,MIXED,16.18,ALL,3115,ナッシャー トゥース,21,9,12,0.42857142857142855,21,0.0125,1680,2.619047619047619,15
overall,MIXED,16.8,ALL,3006,バーサーカー ブーツ,21,9,12,0.42857142857142855,21,0.03,700,1.8571428571428572,15
overall,MIXED,16.15,TOP,3110,フローズン ハート,21,9,12,0.42857142857142855,21,0.025423728813559324,826,2.4285714285714284,15
overall,MIXED,15.17,JUNGLE,3071,ブラック クリーバー,21,9,12,0.42857142857142855,21,0.12962962962962962,162,2.3333333333333335,15
overall,MIXED,16.9,ALL,3076,ブランブル ベスト,21,9,12,0.42857142857142855,21,0.026582278481012658,790,3.3333333333333335,15
overall,MIXED,15.21,ALL,1001,ブーツ,21,9,12,0.42857142857142855,21,0.03559322033898305,590,3.0952380952380953,15
overall,MIXED,15.24,UTILITY,1001,ブーツ,21,9,12,0.42857142857142855,21,0.06140350877192982,342,3.3333333333333335,15
overall,MIXED,16.14,UTILITY,3145,ヘクステック オルタネーター,21,9,12,0.42857142857142855,21,0.03017241379310345,696,4.095238095238095,15
overall,MIXED,15.19,ALL,6664,ホロウ レディアンス,21,9,12,0.42857142857142855,21,0.018260869565217393,1150,1.8095238095238095,15
overall,MIXED,16.3,UTILITY,6653,ライアンドリーの仮面,21,9,12,0.42857142857142855,21,0.11931818181818182,176,2.6666666666666665,15
overall,MIXED,16.7,JUNGLE,6653,ライアンドリーの仮面,21,9,12,0.42857142857142855,21,0.13636363636363635,154,1.619047619047619,15
overall,MIXED,15.19,ALL,1043,リカーブ ボウ,21,9,12,0.42857142857142855,21,0.018260869565217393,1150,2.761904761904762,15
overall,MIXED,16.1,TOP,1028,ルビー クリスタル,21,9,12,0.42857142857142855,21,0.13636363636363635,154,3.8095238095238093,15
overall,MIXED,14.22,ALL,6655,ルーデン エコー,21,9,12,0.42857142857142855,21,0.07241379310344828,290,2.4285714285714284,15
overall,MIXED,16.14,UTILITY,1036,ロング ソード,21,9,12,0.42857142857142855,21,0.03017241379310345,696,3.4761904761904763,15
overall,MIXED,15.9,ALL,1052,増魔の書,21,9,12,0.42857142857142855,21,0.04883720930232558,430,3.5238095238095237,15
overall,MIXED,16.15,MIDDLE,3070,女神の涙,21,9,12,0.42857142857142855,21,0.025423728813559324,826,1.8095238095238095,15
overall,MIXED,15.19,ALL,3147,悲愴な仮面,21,9,12,0.42857142857142855,21,0.018260869565217393,1150,3.0952380952380953,15
overall,MIXED,16.14,ALL,3066,翼のムーンプレート,21,9,12,0.42857142857142855,21,0.00603448275862069,3480,3.4761904761904763,15
overall,MIXED,15.22,BOTTOM,2031,詰め替えポーション,21,9,12,0.42857142857142855,21,0.1590909090909091,132,0.9523809523809523,15
overall,MIXED,16.17,MIDDLE,2508,運命の灰,21,9,12,0.42857142857142855,21,0.020833333333333332,1008,3.4285714285714284,15
overall,MIXED,16.1,ALL,6673,イモータル シールドボウ,21,8,13,0.38095238095238093,21,0.02727272727272727,770,2.142857142857143,15
overall,MIXED,16.16,TOP,6673,イモータル シールドボウ,21,8,13,0.38095238095238093,21,0.03153153153153153,666,2.9523809523809526,15
overall,MIXED,16.4,ALL,6673,イモータル シールドボウ,21,8,13,0.38095238095238093,21,0.03962264150943396,530,2.4285714285714284,15
overall,MIXED,16.10,ALL,3172,ガンメタル ブーツ,21,8,13,0.38095238095238093,21,0.01891891891891892,1110,2.761904761904762,15
overall,MIXED,16.10,MIDDLE,3172,ガンメタル ブーツ,21,8,13,0.38095238095238093,21,0.0945945945945946,222,2.761904761904762,15
overall,MIXED,16.14,TOP,3133,コールフィールド ウォーハンマー,21,8,13,0.38095238095238093,21,0.03017241379310345,696,3.761904761904762,15
overall,MIXED,16.11,UTILITY,3075,ソーンメイル,21,8,13,0.38095238095238093,21,0.08898305084745763,236,2.8095238095238093,15
overall,MIXED,16.5,TOP,2021,トンネル掘り,21,8,13,0.38095238095238093,21,0.12962962962962962,162,3.380952380952381,15
overall,MIXED,15.19,ALL,3108,フィンディッシュの古書,21,8,13,0.38095238095238093,21,0.018260869565217393,1150,3.4761904761904763,15
overall,MIXED,15.16,JUNGLE,3111,マーキュリー ブーツ,21,8,13,0.38095238095238093,21,0.19444444444444445,108,1.8095238095238095,15
overall,MIXED,15.24,JUNGLE,3084,心の鋼,21,8,13,0.38095238095238093,21,0.06140350877192982,342,1.4761904761904763,15
overall,MIXED,16.9,ALL,3916,忘却のオーブ,21,8,13,0.38095238095238093,21,0.026582278481012658,790,3.6666666666666665,15
overall,MIXED,15.8,ALL,2022,輝きのモート,21,8,13,0.38095238095238093,21,0.03230769230769231,650,3.761904761904762,15
overall,MIXED,16.7,ALL,3508,エッセンス リーバー,21,7,14,0.3333333333333333,21,0.02727272727272727,770,1.5714285714285714,15
overall,MIXED,16.16,ALL,3170,スイフトマーチ,21,7,14,0.3333333333333333,21,0.006306306306306306,3330,2.619047619047619,15
overall,MIXED,16.16,MIDDLE,3170,スイフトマーチ,21,7,14,0.3333333333333333,21,0.03153153153153153,666,2.619047619047619,15
overall,MIXED,16.12,UTILITY,3340,ステルス ワード,21,7,14,0.3333333333333333,21,0.11797752808988764,178,6.0,15
overall,MIXED,15.21,ALL,3065,スピリット ビサージュ,21,7,14,0.3333333333333333,21,0.03559322033898305,590,3.0,15
overall,MIXED,15.20,ALL,3036,ドミニク リガード,21,7,14,0.3333333333333333,21,0.031818181818181815,660,3.142857142857143,15
overall,MIXED,15.13,BOTTOM,1037,ピッケル,21,7,14,0.3333333333333333,21,0.109375,192,3.1904761904761907,15
overall,MIXED,16.16,MIDDLE,1037,ピッケル,21,7,14,0.3333333333333333,21,0.03153153153153153,666,3.9523809523809526,15
overall,MIXED,16.13,TOP,3108,フィンディッシュの古書,21,7,14,0.3333333333333333,21,0.031914893617021274,658,4.0,15
overall,MIXED,15.16,JUNGLE,3047,プレート スチールキャップ,21,7,14,0.3333333333333333,21,0.19444444444444445,108,1.7619047619047619,15
overall,MIXED,16.16,TOP,6699,ボルテイク サイクロソード,21,7,14,0.3333333333333333,21,0.03153153153153153,666,2.0,15
overall,MIXED,16.11,UTILITY,3111,マーキュリー ブーツ,21,7,14,0.3333333333333333,21,0.08898305084745763,236,2.619047619047619,15
overall,MIXED,16.15,TOP,3074,ラヴァナス ハイドラ,21,7,14,0.3333333333333333,21,0.025423728813559324,826,1.6666666666666667,15
overall,MIXED,15.11,ALL,3116,リーライ クリスタル セプター,21,7,14,0.3333333333333333,21,0.03962264150943396,530,2.3333333333333335,15
overall,MIXED,15.19,JUNGLE,1028,ルビー クリスタル,21,7,14,0.3333333333333333,21,0.09090909090909091,231,3.9047619047619047,15
overall,MIXED,16.15,ALL,3866,ルーニック コンパス,21,7,14,0.3333333333333333,21,0.005084745762711864,4130,0.14285714285714285,15
overall,MIXED,16.15,UTILITY,3866,ルーニック コンパス,21,7,14,0.3333333333333333,21,0.025423728813559324,826,0.14285714285714285,15
overall,MIXED,16.5,BOTTOM,1036,ロング ソード,21,7,14,0.3333333333333333,21,0.12962962962962962,162,3.619047619047619,15
overall,MIXED,16.8,MIDDLE,1052,増魔の書,21,7,14,0.3333333333333333,21,0.15,140,3.619047619047619,15
overall,MIXED,15.13,BOTTOM,2031,詰め替えポーション,21,7,14,0.3333333333333333,21,0.109375,192,1.380952380952381,15
overall,MIXED,16.2,TOP,2031,詰め替えポーション,21,7,14,0.3333333333333333,21,0.14788732394366197,142,1.2857142857142858,15
overall,MIXED,16.6,TOP,2031,詰め替えポーション,21,7,14,0.3333333333333333,21,0.13815789473684212,152,1.6666666666666667,15
overall,MIXED,15.13,BOTTOM,1018,アジリティ クローク,21,6,15,0.2857142857142857,21,0.109375,192,3.857142857142857,15
overall,MIXED,16.3,MIDDLE,2055,コントロール ワード,21,6,15,0.2857142857142857,21,0.11931818181818182,176,2.3333333333333335,15
overall,MIXED,15.12,ALL,3076,ブランブル ベスト,21,6,15,0.2857142857142857,21,0.041176470588235294,510,3.4761904761904763,15
overall,MIXED,15.24,ALL,3042,ムラマナ,21,6,15,0.2857142857142857,21,0.012280701754385965,1710,1.6666666666666667,15
overall,MIXED,16.8,MIDDLE,2503,黒炎のトーチ,21,6,15,0.2857142857142857,21,0.15,140,1.6666666666666667,15
overall,MIXED,16.16,BOTTOM,1043,リカーブ ボウ,21,5,16,0.23809523809523808,21,0.03153153153153153,666,3.380952380952381,15
overall,MIXED,15.13,MIDDLE,2503,黒炎のトーチ,21,5,16,0.23809523809523808,21,0.1099476439790576,191,1.5714285714285714,15
overall,MIXED,16.13,MIDDLE,3041,メジャイ ソウルスティーラー,20,17,3,0.85,20,0.030395136778115502,658,2.65,15
overall,MIXED,16.8,JUNGLE,3020,ソーサラー シューズ,20,16,4,0.8,20,0.14285714285714285,140,2.25,15
overall,MIXED,16.10,JUNGLE,6699,ボルテイク サイクロソード,20,16,4,0.8,20,0.09009009009009009,222,1.6,15
overall,MIXED,15.14,ALL,3175,連呪使いのブーツ,20,16,4,0.8,20,0.043478260869565216,460,2.45,15
overall,MIXED,16.15,ALL,3097,UNKNOWN(3097),20,15,5,0.75,20,0.004842615012106538,4130,1.75,15
overall,MIXED,16.13,MIDDLE,3031,インフィニティ エッジ,20,15,5,0.75,20,0.030395136778115502,658,1.95,15
overall,MIXED,16.13,TOP,3133,コールフィールド ウォーハンマー,20,15,5,0.75,20,0.030395136778115502,658,3.05,15
overall,MIXED,15.9,ALL,4645,シャドウフレイム,20,15,5,0.75,20,0.046511627906976744,430,2.05,15
overall,MIXED,15.19,JUNGLE,3157,ゾーニャの砂時計,20,15,5,0.75,20,0.08658008658008658,231,1.25,15
overall,MIXED,15.22,JUNGLE,3071,ブラック クリーバー,20,15,5,0.75,20,0.15151515151515152,132,1.75,15
overall,MIXED,16.13,MIDDLE,6664,ホロウ レディアンス,20,15,5,0.75,20,0.030395136778115502,658,2.35,15
overall,MIXED,16.16,JUNGLE,1038,B. F. ソード,20,14,6,0.7,20,0.03003003003003003,666,3.65,15
overall,MIXED,16.3,JUNGLE,3158,アイオニア ブーツ,20,14,6,0.7,20,0.11363636363636363,176,2.55,15
overall,MIXED,16.14,TOP,3031,インフィニティ エッジ,20,14,6,0.7,20,0.028735632183908046,696,2.5,15
overall,MIXED,15.15,ALL,6676,コレクター,20,14,6,0.7,20,0.04878048780487805,410,1.95,15
overall,MIXED,16.15,TOP,3087,スタティック シヴ,20,14,6,0.7,20,0.024213075060532687,826,1.65,15
overall,MIXED,16.3,ALL,3173,チェインレースド クラッシャー,20,14,6,0.7,20,0.022727272727272728,880,2.25,15
overall,MIXED,16.3,MIDDLE,3173,チェインレースド クラッシャー,20,14,6,0.7,20,0.11363636363636363,176,2.25,15
overall,MIXED,15.12,ALL,6675,ナヴォリ フリッカーブレード,20,14,6,0.7,20,0.0392156862745098,510,2.5,15
overall,MIXED,15.13,ALL,3152,ヘクステック ロケットベルト,20,14,6,0.7,20,0.020833333333333332,960,1.7,15
overall,MIXED,16.15,JUNGLE,3156,マルモティウスの胃袋,20,14,6,0.7,20,0.024213075060532687,826,2.95,15
overall,MIXED,15.12,ALL,3089,ラバドン デスキャップ,20,14,6,0.7,20,0.0392156862745098,510,2.2,15
overall,MIXED,16.16,UTILITY,4005,帝国の指令,20,14,6,0.7,20,0.03003003003003003,666,3.1,15
overall,MIXED,16.12,ALL,3916,忘却のオーブ,20,14,6,0.7,20,0.02247191011235955,890,2.7,15
overall,MIXED,16.15,MIDDLE,2421,砕けたアームガード,20,14,6,0.7,20,0.024213075060532687,826,1.2,15
overall,MIXED,15.19,ALL,3091,ウィッツ エンド,20,13,7,0.65,20,0.017391304347826087,1150,2.9,15
overall,MIXED,16.5,TOP,3364,オラクル レンズ,20,13,7,0.65,20,0.12345679012345678,162,6.0,15
overall,MIXED,16.9,JUNGLE,6672,クラーケン スレイヤー,20,13,7,0.65,20,0.12658227848101267,158,2.4,15
overall,MIXED,15.16,MIDDLE,2055,コントロール ワード,20,13,7,0.65,20,0.18518518518518517,108,3.0,15
overall,MIXED,15.11,JUNGLE,6610,サンダード スカイ,20,13,7,0.65,20,0.18867924528301888,106,1.7,15
overall,MIXED,15.14,ALL,6610,サンダード スカイ,20,13,7,0.65,20,0.043478260869565216,460,1.7,15
overall,MIXED,15.10,ALL,4646,ストームサージ,20,13,7,0.65,20,0.028985507246376812,690,2.25,15
overall,MIXED,15.9,ALL,3869,セレスティアル オポジション,20,13,7,0.65,20,0.046511627906976744,430,0.55,15
overall,MIXED,15.9,UTILITY,3869,セレスティアル オポジション,20,13,7,0.65,20,0.23255813953488372,86,0.55,15
overall,MIXED,14.20,UTILITY,3020,ソーサラー シューズ,20,13,7,0.65,20,0.21739130434782608,92,3.2,15
overall,MIXED,16.18,ALL,3814,ナイト エッジ,20,13,7,0.65,20,0.011904761904761904,1680,3.15,15
overall,MIXED,16.17,MIDDLE,3115,ナッシャー トゥース,20,13,7,0.65,20,0.01984126984126984,1008,1.75,15
overall,MIXED,15.8,BOTTOM,1037,ピッケル,20,13,7,0.65,20,0.15384615384615385,130,3.8,15
overall,MIXED,16.8,MIDDLE,3363,ファーサイト オルタレーション,20,13,7,0.65,20,0.14285714285714285,140,6.0,15
overall,MIXED,16.16,UTILITY,1026,ブラスティング ワンド,20,13,7,0.65,20,0.03003003003003003,666,3.95,15
overall,MIXED,16.16,BOTTOM,3071,ブラック クリーバー,20,13,7,0.65,20,0.03003003003003003,666,2.25,15
overall,MIXED,16.9,ALL,3072,ブラッドサースター,20,13,7,0.65,20,0.02531645569620253,790,1.5,15
overall,MIXED,16.13,ALL,8010,ブラッドレターの呪い,20,13,7,0.65,20,0.0060790273556231,3290,2.5,15
overall,MIXED,15.9,ALL,1058,ムダニ デカイ ロッド,20,13,7,0.65,20,0.046511627906976744,430,2.85,15
overall,MIXED,15.21,BOTTOM,3032,ユン・タル ワイルドアロー,20,13,7,0.65,20,0.17094017094017094,117,1.75,15
overall,MIXED,15.3,JUNGLE,6653,ライアンドリーの仮面,20,13,7,0.65,20,0.24390243902439024,82,1.3,15
overall,MIXED,16.1,ALL,3035,ラスト ウィスパー,20,13,7,0.65,20,0.025974025974025976,770,3.35,15
overall,MIXED,16.6,MIDDLE,3089,ラバドン デスキャップ,20,13,7,0.65,20,0.13157894736842105,152,2.2,15
overall,MIXED,16.8,ALL,3116,リーライ クリスタル セプター,20,13,7,0.65,20,0.02857142857142857,700,2.45,15
overall,MIXED,15.13,MIDDLE,3153,ルインドキング ブレード,20,13,7,0.65,20,0.10471204188481675,191,2.1,15
overall,MIXED,15.18,JUNGLE,3153,ルインドキング ブレード,20,13,7,0.65,20,0.15384615384615385,130,2.0,15
overall,MIXED,15.13,TOP,1028,ルビー クリスタル,20,13,7,0.65,20,0.10416666666666667,192,3.85,15
overall,MIXED,16.7,UTILITY,1052,増魔の書,20,13,7,0.65,20,0.12987012987012986,154,3.85,15
overall,MIXED,16.18,ALL,3147,悲愴な仮面,20,13,7,0.65,20,0.011904761904761904,1680,3.65,15
overall,MIXED,15.22,ALL,3876,至点のソリ,20,13,7,0.65,20,0.030303030303030304,660,0.2,15
overall,MIXED,15.22,UTILITY,3876,至点のソリ,20,13,7,0.65,20,0.15151515151515152,132,0.2,15
overall,MIXED,14.22,ALL,6692,赤月の刃,20,13,7,0.65,20,0.06896551724137931,290,1.9,15
overall,MIXED,14.24,ALL,3158,アイオニア ブーツ,20,12,8,0.6,20,0.08,250,2.1,15
overall,MIXED,15.19,BOTTOM,3158,アイオニア ブーツ,20,12,8,0.6,20,0.08695652173913043,230,2.85,15
overall,MIXED,16.3,BOTTOM,3508,エッセンス リーバー,20,12,8,0.6,20,0.11363636363636363,176,2.1,15
overall,MIXED,15.8,ALL,3172,ガンメタル ブーツ,20,12,8,0.6,20,0.03076923076923077,650,1.85,15
overall,MIXED,16.6,ALL,3026,ガーディアン エンジェル,20,12,8,0.6,20,0.02631578947368421,760,2.6,15
overall,MIXED,15.21,ALL,1029,クロース アーマー,20,12,8,0.6,20,0.03389830508474576,590,3.7,15
overall,MIXED,15.9,ALL,1029,クロース アーマー,20,12,8,0.6,20,0.046511627906976744,430,3.9,15
overall,MIXED,14.23,ALL,6676,コレクター,20,12,8,0.6,20,0.09523809523809523,210,1.8,15
overall,MIXED,15.2,ALL,6610,サンダード スカイ,20,12,8,0.6,20,0.043478260869565216,460,1.35,15
overall,MIXED,16.4,ALL,3161,ショウジンの矛,20,12,8,0.6,20,0.03773584905660377,530,2.55,15
overall,MIXED,16.17,BOTTOM,2420,シーカー アームガード,20,12,8,0.6,20,0.01984126984126984,1008,1.3,15
overall,MIXED,15.11,BOTTOM,3009,スイフトネス ブーツ,20,12,8,0.6,20,0.18867924528301888,106,2.25,15
overall,MIXED,16.17,TOP,3087,スタティック シヴ,20,12,8,0.6,20,0.01984126984126984,1008,1.8,15
overall,MIXED,16.5,ALL,4646,ストームサージ,20,12,8,0.6,20,0.024691358024691357,810,2.2,15
overall,MIXED,16.18,TOP,3065,スピリット ビサージュ,20,12,8,0.6,20,0.05952380952380952,336,2.9,15
overall,MIXED,16.8,ALL,3065,スピリット ビサージュ,20,12,8,0.6,20,0.02857142857142857,700,2.7,15
overall,MIXED,15.22,ALL,3040,セラフ エンブレイス,20,12,8,0.6,20,0.030303030303030304,660,2.15,15
overall,MIXED,15.13,BOTTOM,6675,ナヴォリ フリッカーブレード,20,12,8,0.6,20,0.10416666666666667,192,2.75,15
overall,MIXED,16.13,TOP,1057,ネガトロン クローク,20,12,8,0.6,20,0.030395136778115502,658,2.8,15
overall,MIXED,16.13,TOP,3046,ファントム ダンサー,20,12,8,0.6,20,0.030395136778115502,658,2.35,15
overall,MIXED,15.22,TOP,3071,ブラック クリーバー,20,12,8,0.6,20,0.15151515151515152,132,1.8,15
overall,MIXED,16.9,JUNGLE,3071,ブラック クリーバー,20,12,8,0.6,20,0.12658227848101267,158,2.45,15
overall,MIXED,16.10,MIDDLE,3145,ヘクステック オルタネーター,20,12,8,0.6,20,0.09009009009009009,222,3.65,15
overall,MIXED,14.19,ALL,1058,ムダニ デカイ ロッド,20,12,8,0.6,20,0.047619047619047616,420,2.75,15
overall,MIXED,14.23,ALL,3153,ルインドキング ブレード,20,12,8,0.6,20,0.09523809523809523,210,1.9,15
overall,MIXED,15.20,MIDDLE,6655,ルーデン エコー,20,12,8,0.6,20,0.15267175572519084,131,2.15,15
overall,MIXED,16.15,ALL,3168,不滅の道,20,12,8,0.6,20,0.004842615012106538,4130,2.35,15
overall,MIXED,16.15,MIDDLE,3168,不滅の道,20,12,8,0.6,20,0.024213075060532687,826,2.35,15
overall,MIXED,16.15,TOP,2003,体力ポーション,20,12,8,0.6,20,0.024213075060532687,826,1.25,15
overall,MIXED,16.2,ALL,3070,女神の涙,20,12,8,0.6,20,0.028169014084507043,710,2.8,15
overall,MIXED,15.2,ALL,3175,連呪使いのブーツ,20,12,8,0.6,20,0.043478260869565216,460,2.6,15
overall,MIXED,16.17,JUNGLE,1038,B. F. ソード,20,11,9,0.55,20,0.01984126984126984,1008,3.65,15
overall,MIXED,16.15,JUNGLE,2422,ちょっとだけ魔法がかった靴,20,11,9,0.55,20,0.024213075060532687,826,3.75,15
overall,MIXED,15.20,UTILITY,3158,アイオニア ブーツ,20,11,9,0.55,20,0.15151515151515152,132,2.85,15
overall,MIXED,15.16,MIDDLE,3364,オラクル レンズ,20,11,9,0.55,20,0.18518518518518517,108,6.0,15
overall,MIXED,16.8,UTILITY,3067,キンドルジェム,20,11,9,0.55,20,0.14285714285714285,140,3.65,15
overall,MIXED,15.13,ALL,6672,クラーケン スレイヤー,20,11,9,0.55,20,0.020833333333333332,960,1.75,15
overall,MIXED,15.15,ALL,6672,クラーケン スレイヤー,20,11,9,0.55,20,0.04878048780487805,410,1.4,15
overall,MIXED,14.22,ALL,1029,クロース アーマー,20,11,9,0.55,20,0.06896551724137931,290,3.25,15
overall,MIXED,16.18,TOP,2055,コントロール ワード,20,11,9,0.55,20,0.05952380952380952,336,2.55,15
overall,MIXED,16.2,ALL,6610,サンダード スカイ,20,11,9,0.55,20,0.028169014084507043,710,1.35,15
overall,MIXED,15.2,ALL,3068,サンファイア イージス,20,11,9,0.55,20,0.043478260869565216,460,2.0,15
overall,MIXED,14.21,ALL,4645,シャドウフレイム,20,11,9,0.55,20,0.07142857142857142,280,2.55,15
overall,MIXED,16.9,TOP,3161,ショウジンの矛,20,11,9,0.55,20,0.12658227848101267,158,1.9,15
overall,MIXED,15.3,JUNGLE,3340,ステルス ワード,20,11,9,0.55,20,0.24390243902439024,82,6.0,15
overall,MIXED,16.1,ALL,1031,チェイン ベスト,20,11,9,0.55,20,0.025974025974025976,770,4.1,15
overall,MIXED,16.16,MIDDLE,6333,デス ダンス,20,11,9,0.55,20,0.03003003003003003,666,1.85,15
overall,MIXED,16.14,JUNGLE,2021,トンネル掘り,20,11,9,0.55,20,0.028735632183908046,696,3.3,15
overall,MIXED,15.17,BOTTOM,3036,ドミニク リガード,20,11,9,0.55,20,0.12345679012345678,162,2.25,15
overall,MIXED,15.8,ALL,3036,ドミニク リガード,20,11,9,0.55,20,0.03076923076923077,650,2.9,15
overall,MIXED,15.8,BOTTOM,3036,ドミニク リガード,20,11,9,0.55,20,0.15384615384615385,130,2.9,15
overall,MIXED,15.18,TOP,1056,ドラン リング,20,11,9,0.55,20,0.15384615384615385,130,0.45,15
overall,MIXED,15.22,ALL,3115,ナッシャー トゥース,20,11,9,0.55,20,0.030303030303030304,660,1.75,15
overall,MIXED,16.2,ALL,3046,ファントム ダンサー,20,11,9,0.55,20,0.028169014084507043,710,2.25,15
overall,MIXED,14.24,BOTTOM,3363,ファーサイト オルタレーション,20,11,9,0.55,20,0.4,50,6.0,15
overall,MIXED,16.18,ALL,3108,フィンディッシュの古書,20,11,9,0.55,20,0.011904761904761904,1680,3.6,15
overall,MIXED,16.6,BOTTOM,3072,ブラッドサースター,20,11,9,0.55,20,0.13157894736842105,152,2.0,15
overall,MIXED,15.19,ALL,3152,ヘクステック ロケットベルト,20,11,9,0.55,20,0.017391304347826087,1150,0.95,15
overall,MIXED,15.14,ALL,3118,マリグナンス,20,11,9,0.55,20,0.043478260869565216,460,1.7,15
overall,MIXED,15.22,ALL,3118,マリグナンス,20,11,9,0.55,20,0.030303030303030304,660,2.65,15
overall,MIXED,15.14,ALL,3032,ユン・タル ワイルドアロー,20,11,9,0.55,20,0.043478260869565216,460,1.8,15
overall,MIXED,15.22,BOTTOM,3032,ユン・タル ワイルドアロー,20,11,9,0.55,20,0.15151515151515152,132,1.95,15
overall,MIXED,16.11,TOP,6653,ライアンドリーの仮面,20,11,9,0.55,20,0.0847457627118644,236,2.55,15
overall,MIXED,16.7,ALL,3089,ラバドン デスキャップ,20,11,9,0.55,20,0.025974025974025976,770,2.65,15
overall,MIXED,15.22,BOTTOM,3094,ラピッド ファイアキャノン,20,11,9,0.55,20,0.15151515151515152,132,2.85,15
overall,MIXED,16.11,BOTTOM,3094,ラピッド ファイアキャノン,20,11,9,0.55,20,0.0847457627118644,236,2.95,15
overall,MIXED,16.9,ALL,3094,ラピッド ファイアキャノン,20,11,9,0.55,20,0.02531645569620253,790,2.05,15
overall,MIXED,15.13,TOP,4633,リフトメーカー,20,11,9,0.55,20,0.10416666666666667,192,2.7,15
overall,MIXED,16.10,TOP,4633,リフトメーカー,20,11,9,0.55,20,0.09009009009009009,222,2.2,15
overall,MIXED,16.9,JUNGLE,4633,リフトメーカー,20,11,9,0.55,20,0.12658227848101267,158,1.95,15
overall,MIXED,16.16,JUNGLE,3116,リーライ クリスタル セプター,20,11,9,0.55,20,0.03003003003003003,666,2.15,15
overall,MIXED,14.20,MIDDLE,3153,ルインドキング ブレード,20,11,9,0.55,20,0.21739130434782608,92,2.15,15
overall,MIXED,15.16,ALL,3085,ルナーン ハリケーン,20,11,9,0.55,20,0.037037037037037035,540,3.25,15
overall,MIXED,15.16,BOTTOM,3085,ルナーン ハリケーン,20,11,9,0.55,20,0.18691588785046728,107,3.25,15
overall,MIXED,15.20,MIDDLE,6657,ロッド オブ エイジス,20,11,9,0.55,20,0.15267175572519084,131,2.35,15
overall,MIXED,16.18,ALL,1053,ヴァンパイア セプター,20,11,9,0.55,20,0.011904761904761904,1680,4.1,15
overall,MIXED,16.6,ALL,3070,女神の涙,20,11,9,0.55,20,0.02631578947368421,760,1.75,15
overall,MIXED,15.20,ALL,3084,心の鋼,20,11,9,0.55,20,0.030303030303030304,660,1.8,15
overall,MIXED,16.14,UTILITY,3084,心の鋼,20,11,9,0.55,20,0.028735632183908046,696,2.15,15
overall,MIXED,16.5,ALL,3171,真紅のアイオニア ブーツ,20,11,9,0.55,20,0.024691358024691357,810,3.1,15
overall,MIXED,16.5,MIDDLE,3171,真紅のアイオニア ブーツ,20,11,9,0.55,20,0.12345679012345678,162,3.1,15
overall,MIXED,16.2,MIDDLE,2031,詰め替えポーション,20,11,9,0.55,20,0.14084507042253522,142,1.75,15
overall,MIXED,16.14,TOP,2022,輝きのモート,20,11,9,0.55,20,0.028735632183908046,696,4.45,15
overall,MIXED,15.4,ALL,3158,アイオニア ブーツ,20,10,10,0.5,20,0.07407407407407407,270,2.8,15
overall,MIXED,16.16,TOP,6662,アイスボーン ガントレット,20,10,10,0.5,20,0.03003003003003003,666,2.3,15
overall,MIXED,14.21,BOTTOM,3031,インフィニティ エッジ,20,10,10,0.5,20,0.35714285714285715,56,2.2,15
overall,MIXED,15.22,BOTTOM,3508,エッセンス リーバー,20,10,10,0.5,20,0.15151515151515152,132,1.6,15
overall,MIXED,14.20,MIDDLE,3364,オラクル レンズ,20,10,10,0.5,20,0.21739130434782608,92,6.0,15
overall,MIXED,15.16,BOTTOM,6676,コレクター,20,10,10,0.5,20,0.18691588785046728,107,2.5,15
overall,MIXED,16.4,BOTTOM,6676,コレクター,20,10,10,0.5,20,0.18867924528301888,106,2.1,15
overall,MIXED,15.16,ALL,6610,サンダード スカイ,20,10,10,0.5,20,0.037037037037037035,540,1.65,15
overall,MIXED,15.8,JUNGLE,6610,サンダード スカイ,20,10,10,0.5,20,0.15384615384615385,130,1.6,15
overall,MIXED,15.9,ALL,6610,サンダード スカイ,20,10,10,0.5,20,0.046511627906976744,430,2.0,15
overall,MIXED,15.12,ALL,3871,ザズ＝ザクのレルムスパイク,20,10,10,0.5,20,0.0392156862745098,510,0.35,15
overall,MIXED,15.12,UTILITY,3871,ザズ＝ザクのレルムスパイク,20,10,10,0.5,20,0.19607843137254902,102,0.35,15
overall,MIXED,16.9,ALL,2420,シーカー アームガード,20,10,10,0.5,20,0.02531645569620253,790,1.85,15
overall,MIXED,16.18,ALL,3086,ジール,20,10,10,0.5,20,0.011904761904761904,1680,2.55,15
overall,MIXED,15.17,BOTTOM,3009,スイフトネス ブーツ,20,10,10,0.5,20,0.12345679012345678,162,2.75,15
overall,MIXED,16.10,JUNGLE,2019,スチール シジル,20,10,10,0.5,20,0.09009009009009009,222,3.8,15
overall,MIXED,15.14,ALL,6631,ストライドブレイカー,20,10,10,0.5,20,0.043478260869565216,460,1.2,15
overall,MIXED,15.22,TOP,6631,ストライドブレイカー,20,10,10,0.5,20,0.15151515151515152,132,1.15,15
overall,MIXED,16.15,MIDDLE,6694,セリルダの怨恨,20,10,10,0.5,20,0.024213075060532687,826,2.65,15
overall,MIXED,16.5,JUNGLE,3020,ソーサラー シューズ,20,10,10,0.5,20,0.12345679012345678,162,2.2,15
overall,MIXED,15.15,ALL,3157,ゾーニャの砂時計,20,10,10,0.5,20,0.04878048780487805,410,1.35,15
overall,MIXED,16.3,ALL,1042,ダガー,20,10,10,0.5,20,0.022727272727272728,880,3.6,15
overall,MIXED,16.10,MIDDLE,1082,ダーク シール,20,10,10,0.5,20,0.09009009009009009,222,2.2,15
overall,MIXED,16.14,JUNGLE,3742,デッド マン プレート,20,10,10,0.5,20,0.028735632183908046,696,2.05,15
overall,MIXED,15.18,TOP,3078,トリニティ フォース,20,10,10,0.5,20,0.15384615384615385,130,1.55,15
overall,MIXED,16.12,TOP,3078,トリニティ フォース,20,10,10,0.5,20,0.11235955056179775,178,1.8,15
overall,MIXED,15.4,ALL,1054,ドラン シールド,20,10,10,0.5,20,0.07407407407407407,270,0.5,15
overall,MIXED,15.23,TOP,1055,ドラン ブレード,20,10,10,0.5,20,0.1724137931034483,116,1.05,15
overall,MIXED,16.12,ALL,1120,ドラン ヘルム,20,10,10,0.5,20,0.02247191011235955,890,0.75,15
overall,MIXED,16.12,TOP,1056,ドラン リング,20,10,10,0.5,20,0.11235955056179775,178,0.45,15
overall,MIXED,16.12,ALL,1033,ヌルマジック マント,20,10,10,0.5,20,0.02247191011235955,890,4.05,15
overall,MIXED,15.20,BOTTOM,1037,ピッケル,20,10,10,0.5,20,0.15151515151515152,132,3.8,15
overall,MIXED,16.14,TOP,3110,フローズン ハート,20,10,10,0.5,20,0.028735632183908046,696,1.8,15
overall,MIXED,15.24,UTILITY,3076,ブランブル ベスト,20,10,10,0.5,20,0.05847953216374269,342,3.95,15
overall,MIXED,15.2,JUNGLE,3047,プレート スチールキャップ,20,10,10,0.5,20,0.21739130434782608,92,2.05,15
overall,MIXED,16.17,JUNGLE,3145,ヘクステック オルタネーター,20,10,10,0.5,20,0.01984126984126984,1008,2.45,15
overall,MIXED,15.19,UTILITY,3111,マーキュリー ブーツ,20,10,10,0.5,20,0.08695652173913043,230,3.15,15
overall,MIXED,16.6,ALL,3094,ラピッド ファイアキャノン,20,10,10,0.5,20,0.02631578947368421,760,2.65,15
overall,MIXED,15.14,ALL,3116,リーライ クリスタル セプター,20,10,10,0.5,20,0.043478260869565216,460,2.55,15
overall,MIXED,15.2,ALL,3116,リーライ クリスタル セプター,20,10,10,0.5,20,0.043478260869565216,460,2.2,15
overall,MIXED,16.18,MIDDLE,3116,リーライ クリスタル セプター,20,10,10,0.5,20,0.05952380952380952,336,2.25,15
overall,MIXED,15.19,TOP,1028,ルビー クリスタル,20,10,10,0.5,20,0.08733624454148471,229,3.65,15
overall,MIXED,16.17,UTILITY,1036,ロング ソード,20,10,10,0.5,20,0.01984126984126984,1008,4.25,15
overall,MIXED,16.16,TOP,3082,ワーデン メイル,20,10,10,0.5,20,0.03003003003003003,666,2.75,15
overall,MIXED,16.3,ALL,3084,心の鋼,20,10,10,0.5,20,0.022727272727272728,880,1.7,15
overall,MIXED,16.17,MIDDLE,3147,悲愴な仮面,20,10,10,0.5,20,0.01984126984126984,1008,3.4,15
overall,MIXED,16.17,ALL,6695,毒蛇の牙,20,10,10,0.5,20,0.003968253968253968,5040,2.95,15
overall,MIXED,15.16,ALL,2502,終わりなき絶望,20,10,10,0.5,20,0.037037037037037035,540,2.1,15
overall,MIXED,16.17,BOTTOM,2517,終わりなき飢え,20,10,10,0.5,20,0.01984126984126984,1008,2.85,15
overall,MIXED,15.20,BOTTOM,2031,詰め替えポーション,20,10,10,0.5,20,0.15151515151515152,132,1.25,15
overall,MIXED,16.16,TOP,2022,輝きのモート,20,10,10,0.5,20,0.03003003003003003,666,4.2,15
overall,MIXED,16.3,JUNGLE,2510,黄昏と暁,20,10,10,0.5,20,0.11363636363636363,176,1.8,15
overall,MIXED,14.19,UTILITY,3158,アイオニア ブーツ,20,9,11,0.45,20,0.23809523809523808,84,2.6,15
overall,MIXED,15.13,BOTTOM,3158,アイオニア ブーツ,20,9,11,0.45,20,0.10416666666666667,192,2.55,15
overall,MIXED,15.14,UTILITY,3158,アイオニア ブーツ,20,9,11,0.45,20,0.21739130434782608,92,3.05,15
overall,MIXED,15.9,UTILITY,3158,アイオニア ブーツ,20,9,11,0.45,20,0.23255813953488372,86,3.1,15
overall,MIXED,14.20,ALL,1018,アジリティ クローク,20,9,11,0.45,20,0.043478260869565216,460,3.65,15
overall,MIXED,16.17,JUNGLE,3179,アンブラル グレイブ,20,9,11,0.45,20,0.01984126984126984,1008,2.15,15
overall,MIXED,16.10,TOP,3364,オラクル レンズ,20,9,11,0.45,20,0.09009009009009009,222,6.0,15
overall,MIXED,15.12,ALL,3067,キンドルジェム,20,9,11,0.45,20,0.0392156862745098,510,3.4,15
overall,MIXED,16.7,JUNGLE,6672,クラーケン スレイヤー,20,9,11,0.45,20,0.12987012987012986,154,1.25,15
overall,MIXED,15.11,ALL,1029,クロース アーマー,20,9,11,0.45,20,0.03773584905660377,530,3.5,15
overall,MIXED,16.17,BOTTOM,1029,クロース アーマー,20,9,11,0.45,20,0.01984126984126984,1008,3.6,15
overall,MIXED,16.7,UTILITY,1029,クロース アーマー,20,9,11,0.45,20,0.12987012987012986,154,3.45,15
overall,MIXED,16.11,ALL,3008,グラトナス ブーツ,20,9,11,0.45,20,0.01694915254237288,1180,1.6,15
overall,MIXED,15.11,JUNGLE,2055,コントロール ワード,20,9,11,0.45,20,0.18867924528301888,106,2.5,15
overall,MIXED,16.1,ALL,3133,コールフィールド ウォーハンマー,20,9,11,0.45,20,0.025974025974025976,770,3.65,15
overall,MIXED,16.1,JUNGLE,6610,サンダード スカイ,20,9,11,0.45,20,0.12987012987012986,154,1.5,15
overall,MIXED,15.24,JUNGLE,4645,シャドウフレイム,20,9,11,0.45,20,0.05847953216374269,342,2.05,15
overall,MIXED,15.24,MIDDLE,3040,セラフ エンブレイス,20,9,11,0.45,20,0.05847953216374269,342,1.15,15
overall,MIXED,16.16,JUNGLE,3748,タイタン ハイドラ,20,9,11,0.45,20,0.03003003003003003,666,0.95,15
overall,MIXED,15.19,BOTTOM,1042,ダガー,20,9,11,0.45,20,0.08695652173913043,230,4.1,15
overall,MIXED,16.6,ALL,1031,チェイン ベスト,20,9,11,0.45,20,0.02631578947368421,760,3.05,15
overall,MIXED,15.13,TOP,3078,トリニティ フォース,20,9,11,0.45,20,0.10416666666666667,192,2.35,15
overall,MIXED,15.4,ALL,3078,トリニティ フォース,20,9,11,0.45,20,0.07407407407407407,270,1.35,15
overall,MIXED,14.22,MIDDLE,1056,ドラン リング,20,9,11,0.45,20,0.3448275862068966,58,1.8,15
overall,MIXED,16.16,ALL,3051,ハースバウンド アックス,20,9,11,0.45,20,0.006006006006006006,3330,3.35,15
overall,MIXED,16.16,ALL,2520,バスティオンブレイカー,20,9,11,0.45,20,0.006006006006006006,3330,1.85,15
overall,MIXED,15.19,JUNGLE,1037,ピッケル,20,9,11,0.45,20,0.08658008658008658,231,3.6,15
overall,MIXED,16.13,JUNGLE,3363,ファーサイト オルタレーション,20,9,11,0.45,20,0.030395136778115502,658,6.0,15
overall,MIXED,16.14,JUNGLE,3044,ファージ,20,9,11,0.45,20,0.028735632183908046,696,2.8,15
overall,MIXED,16.15,TOP,3044,ファージ,20,9,11,0.45,20,0.024213075060532687,826,3.55,15
overall,MIXED,16.18,BOTTOM,3072,ブラッドサースター,20,9,11,0.45,20,0.05952380952380952,336,1.8,15
overall,MIXED,16.9,ALL,1001,ブーツ,20,9,11,0.45,20,0.02531645569620253,790,2.75,15
overall,MIXED,16.13,UTILITY,3152,ヘクステック ロケットベルト,20,9,11,0.45,20,0.030441400304414,657,1.1,15
overall,MIXED,16.18,JUNGLE,6653,ライアンドリーの仮面,20,9,11,0.45,20,0.05952380952380952,336,1.45,15
overall,MIXED,16.7,ALL,3094,ラピッド ファイアキャノン,20,9,11,0.45,20,0.025974025974025976,770,2.7,15
overall,MIXED,16.9,UTILITY,1028,ルビー クリスタル,20,9,11,0.45,20,0.12658227848101267,158,3.8,15
overall,MIXED,16.4,BOTTOM,1036,ロング ソード,20,9,11,0.45,20,0.18867924528301888,106,3.7,15
overall,MIXED,16.13,ALL,3865,ワールド アトラス,20,9,11,0.45,20,0.0060790273556231,3290,0.1,15
overall,MIXED,16.14,BOTTOM,3135,ヴォイド スタッフ,20,9,11,0.45,20,0.028735632183908046,696,3.5,15
overall,MIXED,15.24,JUNGLE,1052,増魔の書,20,9,11,0.45,20,0.05847953216374269,342,3.25,15
overall,MIXED,16.10,ALL,3070,女神の涙,20,9,11,0.45,20,0.018018018018018018,1110,1.85,15
overall,MIXED,16.15,BOTTOM,3070,女神の涙,20,9,11,0.45,20,0.024213075060532687,826,2.25,15
overall,MIXED,16.14,JUNGLE,3142,妖夢の霊剣,20,9,11,0.45,20,0.028735632183908046,696,1.0,15
overall,MIXED,16.8,ALL,3876,至点のソリ,20,9,11,0.45,20,0.02857142857142857,700,0.15,15
overall,MIXED,16.8,UTILITY,3876,至点のソリ,20,9,11,0.45,20,0.14285714285714285,140,0.15,15
overall,MIXED,16.1,TOP,2031,詰め替えポーション,20,9,11,0.45,20,0.12987012987012986,154,1.5,15
overall,MIXED,16.4,TOP,2031,詰め替えポーション,20,9,11,0.45,20,0.19047619047619047,105,1.15,15
overall,MIXED,15.13,BOTTOM,1038,B. F. ソード,20,8,12,0.4,20,0.10416666666666667,192,3.15,15
overall,MIXED,15.23,UTILITY,3158,アイオニア ブーツ,20,8,12,0.4,20,0.1724137931034483,116,2.85,15
overall,MIXED,16.15,TOP,3158,アイオニア ブーツ,20,8,12,0.4,20,0.024213075060532687,826,2.8,15
overall,MIXED,16.4,ALL,1018,アジリティ クローク,20,8,12,0.4,20,0.03773584905660377,530,3.8,15
overall,MIXED,16.9,BOTTOM,1018,アジリティ クローク,20,8,12,0.4,20,0.12658227848101267,158,3.4,15
overall,MIXED,16.17,TOP,2504,ケイニック ルーケルン,20,8,12,0.4,20,0.01984126984126984,1008,2.45,15
overall,MIXED,15.23,MIDDLE,2055,コントロール ワード,20,8,12,0.4,20,0.1724137931034483,116,1.85,15
overall,MIXED,15.10,ALL,3068,サンファイア イージス,20,8,12,0.4,20,0.028985507246376812,690,2.25,15
overall,MIXED,15.10,UTILITY,3009,スイフトネス ブーツ,20,8,12,0.4,20,0.14492753623188406,138,3.0,15
overall,MIXED,15.20,UTILITY,3009,スイフトネス ブーツ,20,8,12,0.4,20,0.15151515151515152,132,2.9,15
overall,MIXED,16.14,ALL,1101,スコーチクロウの幼体,20,8,12,0.4,20,0.005747126436781609,3480,0.05,15
overall,MIXED,16.14,JUNGLE,1101,スコーチクロウの幼体,20,8,12,0.4,20,0.028735632183908046,696,0.05,15
overall,MIXED,15.12,ALL,6631,ストライドブレイカー,20,8,12,0.4,20,0.0392156862745098,510,1.1,15
overall,MIXED,16.17,JUNGLE,6694,セリルダの怨恨,20,8,12,0.4,20,0.01984126984126984,1008,2.95,15
overall,MIXED,15.2,ALL,3075,ソーンメイル,20,8,12,0.4,20,0.043478260869565216,460,2.5,15
overall,MIXED,16.15,TOP,1042,ダガー,20,8,12,0.4,20,0.024213075060532687,826,3.4,15
overall,MIXED,14.24,ALL,1031,チェイン ベスト,20,8,12,0.4,20,0.08,250,3.55,15
overall,MIXED,15.18,ALL,1031,チェイン ベスト,20,8,12,0.4,20,0.03076923076923077,650,3.1,15
overall,MIXED,16.17,TOP,3077,ティアマット,20,8,12,0.4,20,0.01984126984126984,1008,1.95,15
overall,MIXED,16.6,TOP,1055,ドラン ブレード,20,8,12,0.4,20,0.13157894736842105,152,0.7,15
overall,MIXED,16.5,ALL,3870,ドリーム メーカー,20,8,12,0.4,20,0.024691358024691357,810,0.45,15
overall,MIXED,16.5,UTILITY,3870,ドリーム メーカー,20,8,12,0.4,20,0.12345679012345678,162,0.45,15
overall,MIXED,16.7,ALL,3870,ドリーム メーカー,20,8,12,0.4,20,0.025974025974025976,770,0.1,15
overall,MIXED,16.7,UTILITY,3870,ドリーム メーカー,20,8,12,0.4,20,0.12987012987012986,154,0.1,15
overall,MIXED,16.13,JUNGLE,6675,ナヴォリ フリッカーブレード,20,8,12,0.4,20,0.030395136778115502,658,0.65,15
overall,MIXED,15.23,ALL,1033,ヌルマジック マント,20,8,12,0.4,20,0.034482758620689655,580,3.7,15
overall,MIXED,15.24,ALL,6670,ヌーンクィヴァー,20,8,12,0.4,20,0.011695906432748537,1710,3.65,15
overall,MIXED,16.17,JUNGLE,2520,バスティオンブレイカー,20,8,12,0.4,20,0.01984126984126984,1008,2.45,15
overall,MIXED,16.6,ALL,2524,バンドルパイプ,20,8,12,0.4,20,0.02631578947368421,760,2.65,15
overall,MIXED,16.6,UTILITY,2524,バンドルパイプ,20,8,12,0.4,20,0.13245033112582782,151,2.65,15
overall,MIXED,16.1,ALL,3110,フローズン ハート,20,8,12,0.4,20,0.025974025974025976,770,2.7,15
overall,MIXED,16.13,MIDDLE,1001,ブーツ,20,8,12,0.4,20,0.030395136778115502,658,3.05,15
overall,MIXED,16.1,ALL,3145,ヘクステック オルタネーター,20,8,12,0.4,20,0.025974025974025976,770,3.05,15
overall,MIXED,16.18,BOTTOM,1058,ムダニ デカイ ロッド,20,8,12,0.4,20,0.05952380952380952,336,3.0,15
overall,MIXED,16.18,ALL,6617,ムーンストーンの再生,20,8,12,0.4,20,0.011904761904761904,1680,2.45,15
overall,MIXED,16.18,UTILITY,6617,ムーンストーンの再生,20,8,12,0.4,20,0.05952380952380952,336,2.45,15
overall,MIXED,16.13,ALL,3032,ユン・タル ワイルドアロー,20,8,12,0.4,20,0.0060790273556231,3290,1.2,15
overall,MIXED,15.19,MIDDLE,3153,ルインドキング ブレード,20,8,12,0.4,20,0.08695652173913043,230,1.5,15
overall,MIXED,16.3,ALL,3085,ルナーン ハリケーン,20,8,12,0.4,20,0.022727272727272728,880,2.85,15
overall,MIXED,16.3,BOTTOM,3085,ルナーン ハリケーン,20,8,12,0.4,20,0.11363636363636363,176,2.85,15
overall,MIXED,15.19,BOTTOM,1036,ロング ソード,20,8,12,0.4,20,0.08695652173913043,230,3.9,15
overall,MIXED,16.12,JUNGLE,1036,ロング ソード,20,8,12,0.4,20,0.11235955056179775,178,3.25,15
overall,MIXED,16.7,BOTTOM,1036,ロング ソード,20,8,12,0.4,20,0.12987012987012986,154,3.7,15
overall,MIXED,15.13,ALL,3147,悲愴な仮面,20,8,12,0.4,20,0.020833333333333332,960,3.3,15
overall,MIXED,15.2,ALL,2502,終わりなき絶望,20,8,12,0.4,20,0.043478260869565216,460,2.3,15
overall,MIXED,16.15,TOP,4401,自然の力,20,8,12,0.4,20,0.024213075060532687,826,2.8,15
overall,MIXED,15.23,TOP,2031,詰め替えポーション,20,8,12,0.4,20,0.1724137931034483,116,1.75,15
overall,MIXED,16.7,BOTTOM,3508,エッセンス リーバー,20,7,13,0.35,20,0.12987012987012986,154,1.55,15
overall,MIXED,14.20,JUNGLE,2055,コントロール ワード,20,7,13,0.35,20,0.21739130434782608,92,3.05,15
overall,MIXED,15.9,ALL,3871,ザズ＝ザクのレルムスパイク,20,7,13,0.35,20,0.046511627906976744,430,0.55,15
overall,MIXED,15.9,UTILITY,3871,ザズ＝ザクのレルムスパイク,20,7,13,0.35,20,0.23255813953488372,86,0.55,15
overall,MIXED,16.14,ALL,3057,シーン,20,7,13,0.35,20,0.005747126436781609,3480,2.55,15
overall,MIXED,15.17,UTILITY,3020,ソーサラー シューズ,20,7,13,0.35,20,0.12422360248447205,161,2.65,15
overall,MIXED,14.19,ALL,3157,ゾーニャの砂時計,20,7,13,0.35,20,0.047619047619047616,420,1.15,15
overall,MIXED,16.12,ALL,1082,ダーク シール,20,7,13,0.35,20,0.02247191011235955,890,2.65,15
overall,MIXED,15.1,MIDDLE,1056,ドラン リング,20,7,13,0.35,20,0.5405405405405406,37,1.2,15
overall,MIXED,16.2,ALL,3814,ナイト エッジ,20,7,13,0.35,20,0.028169014084507043,710,2.55,15
overall,MIXED,16.9,ALL,6697,ヒュブリス,20,7,13,0.35,20,0.02531645569620253,790,1.8,15
overall,MIXED,16.14,JUNGLE,3363,ファーサイト オルタレーション,20,7,13,0.35,20,0.028735632183908046,696,6.0,15
overall,MIXED,16.10,ALL,3044,ファージ,20,7,13,0.35,20,0.018018018018018018,1110,2.85,15
overall,MIXED,16.16,TOP,3044,ファージ,20,7,13,0.35,20,0.03003003003003003,666,2.85,15
overall,MIXED,16.2,ALL,3108,フィンディッシュの古書,20,7,13,0.35,20,0.028169014084507043,710,3.7,15
overall,MIXED,16.14,ALL,2020,ブルータライザー,20,7,13,0.35,20,0.005747126436781609,3480,2.95,15
overall,MIXED,15.17,TOP,3111,マーキュリー ブーツ,20,7,13,0.35,20,0.12345679012345678,162,2.4,15
overall,MIXED,16.2,JUNGLE,6653,ライアンドリーの仮面,20,7,13,0.35,20,0.14084507042253522,142,2.3,15
overall,MIXED,15.23,ALL,3094,ラピッド ファイアキャノン,20,7,13,0.35,20,0.034482758620689655,580,3.0,15
overall,MIXED,16.1,ALL,3094,ラピッド ファイアキャノン,20,7,13,0.35,20,0.025974025974025976,770,2.2,15
overall,MIXED,15.4,ALL,1036,ロング ソード,20,7,13,0.35,20,0.07407407407407407,270,3.6,15
overall,MIXED,16.12,BOTTOM,1036,ロング ソード,20,7,13,0.35,20,0.11299435028248588,177,3.35,15
overall,MIXED,16.15,ALL,1006,再生の珠,20,7,13,0.35,20,0.004842615012106538,4130,3.95,15
overall,MIXED,15.2,MIDDLE,2031,詰め替えポーション,20,7,13,0.35,20,0.21739130434782608,92,1.35,15
overall,MIXED,15.22,TOP,2031,詰め替えポーション,20,7,13,0.35,20,0.15151515151515152,132,1.7,15
overall,MIXED,15.8,TOP,2031,詰め替えポーション,20,7,13,0.35,20,0.15384615384615385,130,1.1,15
overall,MIXED,16.17,TOP,3508,エッセンス リーバー,20,6,14,0.3,20,0.01984126984126984,1008,1.8,15
overall,MIXED,15.15,ALL,1029,クロース アーマー,20,6,14,0.3,20,0.04878048780487805,410,3.6,15
overall,MIXED,15.5,ALL,2055,コントロール ワード,20,6,14,0.3,20,0.2,100,1.3,15
overall,MIXED,16.18,BOTTOM,2055,コントロール ワード,20,6,14,0.3,20,0.05952380952380952,336,2.4,15
overall,MIXED,16.18,BOTTOM,4645,シャドウフレイム,20,6,14,0.3,20,0.05952380952380952,336,2.35,15
overall,MIXED,15.10,ALL,1042,ダガー,20,6,14,0.3,20,0.028985507246376812,690,3.9,15
overall,MIXED,16.4,ALL,6333,デス ダンス,20,6,14,0.3,20,0.03773584905660377,530,3.4,15
overall,MIXED,16.10,ALL,3877,ブラッドソング,20,6,14,0.3,20,0.018018018018018018,1110,0.35,15
overall,MIXED,16.10,UTILITY,3877,ブラッドソング,20,6,14,0.3,20,0.09009009009009009,222,0.35,15
overall,MIXED,15.14,ALL,1001,ブーツ,20,6,14,0.3,20,0.043478260869565216,460,3.4,15
overall,MIXED,16.13,TOP,1001,ブーツ,20,6,14,0.3,20,0.030395136778115502,658,2.9,15
overall,MIXED,16.13,TOP,1058,ムダニ デカイ ロッド,20,6,14,0.3,20,0.030395136778115502,658,3.35,15
overall,MIXED,16.4,ALL,3032,ユン・タル ワイルドアロー,20,6,14,0.3,20,0.03773584905660377,530,1.45,15
overall,MIXED,16.3,JUNGLE,1028,ルビー クリスタル,20,6,14,0.3,20,0.11363636363636363,176,3.55,15
overall,MIXED,15.8,ALL,2502,終わりなき絶望,20,6,14,0.3,20,0.03076923076923077,650,2.3,15
overall,MIXED,16.8,TOP,2031,詰め替えポーション,20,6,14,0.3,20,0.14285714285714285,140,1.15,15
overall,MIXED,15.20,ALL,1018,アジリティ クローク,20,5,15,0.25,20,0.030303030303030304,660,4.25,15
overall,MIXED,15.23,ALL,1029,クロース アーマー,20,5,15,0.25,20,0.034482758620689655,580,3.4,15
overall,MIXED,15.10,BOTTOM,3009,スイフトネス ブーツ,20,5,15,0.25,20,0.14492753623188406,138,2.5,15
overall,MIXED,15.14,TOP,2031,詰め替えポーション,20,5,15,0.25,20,0.21739130434782608,92,1.05,15
overall,MIXED,16.17,MIDDLE,1001,ブーツ,20,3,17,0.15,20,0.01984126984126984,1008,3.15,15
overall,MIXED,16.17,JUNGLE,3513,ヘラルドの瞳,19,18,1,0.9473684210526315,19,0.018849206349206348,1008,6.0,15
overall,MIXED,15.15,ALL,3174,装甲強化の進撃,19,18,1,0.9473684210526315,19,0.046341463414634146,410,2.526315789473684,15
overall,MIXED,16.2,ALL,2021,トンネル掘り,19,17,2,0.8947368421052632,19,0.02676056338028169,710,3.8947368421052633,15
overall,MIXED,16.14,MIDDLE,3041,メジャイ ソウルスティーラー,19,17,2,0.8947368421052632,19,0.027298850574712645,696,2.473684210526316,15
overall,MIXED,15.20,ALL,3170,スイフトマーチ,19,16,3,0.8421052631578947,19,0.02878787878787879,660,2.6842105263157894,15
overall,MIXED,15.13,ALL,3041,メジャイ ソウルスティーラー,19,16,3,0.8421052631578947,19,0.019791666666666666,960,3.210526315789474,15
overall,MIXED,15.24,UTILITY,3171,真紅のアイオニア ブーツ,19,16,3,0.8421052631578947,19,0.05555555555555555,342,3.1578947368421053,15
overall,MIXED,15.13,BOTTOM,3172,ガンメタル ブーツ,19,15,4,0.7894736842105263,19,0.09895833333333333,192,1.7894736842105263,15
overall,MIXED,15.16,ALL,3172,ガンメタル ブーツ,19,15,4,0.7894736842105263,19,0.03518518518518519,540,2.1578947368421053,15
overall,MIXED,16.13,ALL,4629,コズミック ドライブ,19,15,4,0.7894736842105263,19,0.005775075987841946,3290,2.8947368421052633,15
overall,MIXED,15.13,ALL,3173,チェインレースド クラッシャー,19,15,4,0.7894736842105263,19,0.019791666666666666,960,2.526315789473684,15
overall,MIXED,15.12,BOTTOM,3036,ドミニク リガード,19,15,4,0.7894736842105263,19,0.18811881188118812,101,2.8421052631578947,15
overall,MIXED,15.24,ALL,6665,変幻自在のジャック＝ショー,19,15,4,0.7894736842105263,19,0.011111111111111112,1710,3.5789473684210527,15
overall,MIXED,16.13,BOTTOM,3161,ショウジンの矛,19,14,5,0.7368421052631579,19,0.028875379939209727,658,2.789473684210526,15
overall,MIXED,15.24,JUNGLE,6631,ストライドブレイカー,19,14,5,0.7368421052631579,19,0.05555555555555555,342,1.263157894736842,15
overall,MIXED,16.15,BOTTOM,4646,ストームサージ,19,14,5,0.7368421052631579,19,0.023002421307506054,826,2.736842105263158,15
overall,MIXED,16.11,ALL,1057,ネガトロン クローク,19,14,5,0.7368421052631579,19,0.016101694915254237,1180,3.8947368421052633,15
overall,MIXED,15.22,ALL,3171,真紅のアイオニア ブーツ,19,14,5,0.7368421052631579,19,0.02878787878787879,660,2.8947368421052633,15
overall,MIXED,15.15,TOP,2502,終わりなき絶望,19,14,5,0.7368421052631579,19,0.23170731707317074,82,2.3684210526315788,15
overall,MIXED,15.14,ALL,3174,装甲強化の進撃,19,14,5,0.7368421052631579,19,0.041304347826086954,460,2.3684210526315788,15
overall,MIXED,15.12,ALL,3508,エッセンス リーバー,19,13,6,0.6842105263157895,19,0.03725490196078431,510,2.210526315789474,15
overall,MIXED,15.19,ALL,4629,コズミック ドライブ,19,13,6,0.6842105263157895,19,0.01652173913043478,1150,2.0,15
overall,MIXED,16.7,ALL,2420,シーカー アームガード,19,13,6,0.6842105263157895,19,0.024675324675324677,770,2.0,15
overall,MIXED,15.22,ALL,3870,ドリーム メーカー,19,13,6,0.6842105263157895,19,0.02878787878787879,660,0.2631578947368421,15
overall,MIXED,15.22,UTILITY,3870,ドリーム メーカー,19,13,6,0.6842105263157895,19,0.14393939393939395,132,0.2631578947368421,15
overall,MIXED,14.22,ALL,1037,ピッケル,19,13,6,0.6842105263157895,19,0.06551724137931035,290,2.526315789473684,15
overall,MIXED,16.18,BOTTOM,3046,ファントム ダンサー,19,13,6,0.6842105263157895,19,0.05654761904761905,336,1.9473684210526316,15
overall,MIXED,15.23,MIDDLE,3363,ファーサイト オルタレーション,19,13,6,0.6842105263157895,19,0.16379310344827586,116,6.0,15
overall,MIXED,16.10,ALL,3108,フィンディッシュの古書,19,13,6,0.6842105263157895,19,0.017117117117117116,1110,3.526315789473684,15
overall,MIXED,16.16,ALL,3155,ヘクスドリンカー,19,13,6,0.6842105263157895,19,0.005705705705705706,3330,2.1578947368421053,15
overall,MIXED,15.7,ALL,1058,ムダニ デカイ ロッド,19,13,6,0.6842105263157895,19,0.041304347826086954,460,2.526315789473684,15
overall,MIXED,16.16,TOP,3143,ランデュイン オーメン,19,13,6,0.6842105263157895,19,0.028528528528528527,666,1.5263157894736843,15
overall,MIXED,16.18,ALL,3074,ラヴァナス ハイドラ,19,13,6,0.6842105263157895,19,0.01130952380952381,1680,0.8947368421052632,15
overall,MIXED,16.1,MIDDLE,1052,増魔の書,19,13,6,0.6842105263157895,19,0.12337662337662338,154,3.0,15
overall,MIXED,15.13,TOP,3084,心の鋼,19,13,6,0.6842105263157895,19,0.09895833333333333,192,2.1578947368421053,15
overall,MIXED,16.13,UTILITY,2508,運命の灰,19,13,6,0.6842105263157895,19,0.0289193302891933,657,3.526315789473684,15
overall,MIXED,16.15,ALL,3504,アーデント センサー,19,12,7,0.631578947368421,19,0.004600484261501211,4130,2.210526315789474,15
overall,MIXED,15.21,TOP,3364,オラクル レンズ,19,12,7,0.631578947368421,19,0.16101694915254236,118,6.0,15
overall,MIXED,15.24,TOP,1011,ジャイアント ベルト,19,12,7,0.631578947368421,19,0.05555555555555555,342,3.3157894736842106,15
overall,MIXED,14.23,ALL,3157,ゾーニャの砂時計,19,12,7,0.631578947368421,19,0.09047619047619047,210,1.263157894736842,15
overall,MIXED,16.16,UTILITY,1031,チェイン ベスト,19,12,7,0.631578947368421,19,0.028528528528528527,666,4.2105263157894735,15
overall,MIXED,16.11,JUNGLE,6333,デス ダンス,19,12,7,0.631578947368421,19,0.08050847457627118,236,3.210526315789474,15
overall,MIXED,16.2,ALL,3078,トリニティ フォース,19,12,7,0.631578947368421,19,0.02676056338028169,710,1.7894736842105263,15
overall,MIXED,16.5,BOTTOM,3036,ドミニク リガード,19,12,7,0.631578947368421,19,0.11728395061728394,162,2.6842105263157894,15
overall,MIXED,16.15,BOTTOM,1120,ドラン ヘルム,19,12,7,0.631578947368421,19,0.023002421307506054,826,1.3157894736842106,15
overall,MIXED,15.24,ALL,1057,ネガトロン クローク,19,12,7,0.631578947368421,19,0.011111111111111112,1710,2.4210526315789473,15
overall,MIXED,16.7,TOP,3006,バーサーカー ブーツ,19,12,7,0.631578947368421,19,0.12337662337662338,154,2.0526315789473686,15
overall,MIXED,15.9,ALL,1037,ピッケル,19,12,7,0.631578947368421,19,0.044186046511627906,430,3.8947368421052633,15
overall,MIXED,15.12,ALL,3072,ブラッドサースター,19,12,7,0.631578947368421,19,0.03725490196078431,510,1.105263157894737,15
overall,MIXED,15.22,ALL,3072,ブラッドサースター,19,12,7,0.631578947368421,19,0.02878787878787879,660,2.0,15
overall,MIXED,15.19,UTILITY,3076,ブランブル ベスト,19,12,7,0.631578947368421,19,0.08260869565217391,230,3.3157894736842106,15
overall,MIXED,16.10,MIDDLE,3089,ラバドン デスキャップ,19,12,7,0.631578947368421,19,0.08558558558558559,222,2.6842105263157894,15
overall,MIXED,16.3,UTILITY,1028,ルビー クリスタル,19,12,7,0.631578947368421,19,0.10795454545454546,176,4.052631578947368,15
overall,MIXED,16.17,TOP,3082,ワーデン メイル,19,12,7,0.631578947368421,19,0.018849206349206348,1008,2.8421052631578947,15
overall,MIXED,16.18,ALL,3073,実験的ヘクスプレート,19,12,7,0.631578947368421,19,0.01130952380952381,1680,2.3684210526315788,15
overall,MIXED,16.13,JUNGLE,2031,詰め替えポーション,19,12,7,0.631578947368421,19,0.028875379939209727,658,1.368421052631579,15
overall,MIXED,15.24,ALL,3109,騎士の誓い,19,12,7,0.631578947368421,19,0.011111111111111112,1710,2.6842105263157894,15
overall,MIXED,15.24,UTILITY,3109,騎士の誓い,19,12,7,0.631578947368421,19,0.05555555555555555,342,2.6842105263157894,15
overall,MIXED,16.1,JUNGLE,3158,アイオニア ブーツ,19,11,8,0.5789473684210527,19,0.12337662337662338,154,1.9473684210526316,15
overall,MIXED,16.11,JUNGLE,3158,アイオニア ブーツ,19,11,8,0.5789473684210527,19,0.08050847457627118,236,2.8421052631578947,15
overall,MIXED,16.10,ALL,6696,アクシオム アーク,19,11,8,0.5789473684210527,19,0.017117117117117116,1110,1.7894736842105263,15
overall,MIXED,14.20,BOTTOM,3031,インフィニティ エッジ,19,11,8,0.5789473684210527,19,0.20652173913043478,92,2.789473684210526,15
overall,MIXED,15.7,MIDDLE,3364,オラクル レンズ,19,11,8,0.5789473684210527,19,0.20652173913043478,92,6.0,15
overall,MIXED,16.4,BOTTOM,6672,クラーケン スレイヤー,19,11,8,0.5789473684210527,19,0.1792452830188679,106,2.263157894736842,15
overall,MIXED,16.8,UTILITY,1029,クロース アーマー,19,11,8,0.5789473684210527,19,0.1357142857142857,140,3.6842105263157894,15
overall,MIXED,15.24,ALL,2504,ケイニック ルーケルン,19,11,8,0.5789473684210527,19,0.011111111111111112,1710,2.6842105263157894,15
overall,MIXED,16.11,TOP,2055,コントロール ワード,19,11,8,0.5789473684210527,19,0.08050847457627118,236,2.526315789473684,15
overall,MIXED,15.23,TOP,6610,サンダード スカイ,19,11,8,0.5789473684210527,19,0.16379310344827586,116,2.4210526315789473,15
overall,MIXED,15.24,JUNGLE,3068,サンファイア イージス,19,11,8,0.5789473684210527,19,0.05555555555555555,342,1.2105263157894737,15
overall,MIXED,16.2,TOP,3009,スイフトネス ブーツ,19,11,8,0.5789473684210527,19,0.13380281690140844,142,2.3157894736842106,15
overall,MIXED,15.22,ALL,3170,スイフトマーチ,19,11,8,0.5789473684210527,19,0.02878787878787879,660,2.4210526315789473,15
overall,MIXED,16.14,TOP,3087,スタティック シヴ,19,11,8,0.5789473684210527,19,0.027298850574712645,696,1.8421052631578947,15
overall,MIXED,16.7,ALL,2019,スチール シジル,19,11,8,0.5789473684210527,19,0.024675324675324677,770,3.8421052631578947,15
overall,MIXED,16.5,TOP,3053,ステラックの篭手,19,11,8,0.5789473684210527,19,0.11728395061728394,162,2.4210526315789473,15
overall,MIXED,15.23,MIDDLE,3157,ゾーニャの砂時計,19,11,8,0.5789473684210527,19,0.16379310344827586,116,1.6842105263157894,15
overall,MIXED,16.2,JUNGLE,3157,ゾーニャの砂時計,19,11,8,0.5789473684210527,19,0.13380281690140844,142,1.736842105263158,15
overall,MIXED,16.10,ALL,3748,タイタン ハイドラ,19,11,8,0.5789473684210527,19,0.017117117117117116,1110,1.1578947368421053,15
overall,MIXED,16.9,ALL,3814,ナイト エッジ,19,11,8,0.5789473684210527,19,0.024050632911392405,790,2.6315789473684212,15
overall,MIXED,16.11,TOP,1037,ピッケル,19,11,8,0.5789473684210527,19,0.08050847457627118,236,3.789473684210526,15
overall,MIXED,16.7,ALL,3044,ファージ,19,11,8,0.5789473684210527,19,0.024675324675324677,770,2.736842105263158,15
overall,MIXED,16.10,ALL,1026,ブラスティング ワンド,19,11,8,0.5789473684210527,19,0.017117117117117116,1110,3.1578947368421053,15
overall,MIXED,16.5,TOP,3071,ブラック クリーバー,19,11,8,0.5789473684210527,19,0.11728395061728394,162,1.736842105263158,15
overall,MIXED,16.11,ALL,3072,ブラッドサースター,19,11,8,0.5789473684210527,19,0.016101694915254237,1180,2.210526315789474,15
overall,MIXED,16.16,TOP,1001,ブーツ,19,11,8,0.5789473684210527,19,0.028528528528528527,666,3.1052631578947367,15
overall,MIXED,15.12,ALL,3118,マリグナンス,19,11,8,0.5789473684210527,19,0.03725490196078431,510,1.894736842105263,15
overall,MIXED,16.6,MIDDLE,3118,マリグナンス,19,11,8,0.5789473684210527,19,0.125,152,2.3157894736842106,15
overall,MIXED,16.3,ALL,3033,モータル リマインダー,19,11,8,0.5789473684210527,19,0.02159090909090909,880,2.9473684210526314,15
overall,MIXED,15.14,BOTTOM,3032,ユン・タル ワイルドアロー,19,11,8,0.5789473684210527,19,0.20652173913043478,92,1.7894736842105263,15
overall,MIXED,15.7,ALL,3089,ラバドン デスキャップ,19,11,8,0.5789473684210527,19,0.041304347826086954,460,2.473684210526316,15
overall,MIXED,15.17,BOTTOM,3094,ラピッド ファイアキャノン,19,11,8,0.5789473684210527,19,0.11728395061728394,162,2.736842105263158,15
overall,MIXED,15.17,ALL,3100,リッチ ベイン,19,11,8,0.5789473684210527,19,0.02345679012345679,810,1.9473684210526316,15
overall,MIXED,15.18,TOP,4633,リフトメーカー,19,11,8,0.5789473684210527,19,0.14615384615384616,130,2.5789473684210527,15
overall,MIXED,16.16,TOP,1052,増魔の書,19,11,8,0.5789473684210527,19,0.028528528528528527,666,3.6842105263157894,15
overall,MIXED,15.10,TOP,3084,心の鋼,19,11,8,0.5789473684210527,19,0.13768115942028986,138,2.0,15
overall,MIXED,15.20,ALL,3147,悲愴な仮面,19,11,8,0.5789473684210527,19,0.02878787878787879,660,3.473684210526316,15
overall,MIXED,15.10,TOP,3174,装甲強化の進撃,19,11,8,0.5789473684210527,19,0.13768115942028986,138,2.6842105263157894,15
overall,MIXED,16.8,ALL,2022,輝きのモート,19,11,8,0.5789473684210527,19,0.027142857142857142,700,3.8421052631578947,15
overall,MIXED,16.11,ALL,2508,運命の灰,19,11,8,0.5789473684210527,19,0.016101694915254237,1180,2.8947368421052633,15
overall,MIXED,16.17,TOP,2508,運命の灰,19,11,8,0.5789473684210527,19,0.018849206349206348,1008,3.8947368421052633,15
overall,MIXED,15.21,MIDDLE,2503,黒炎のトーチ,19,11,8,0.5789473684210527,19,0.16101694915254236,118,1.8421052631578947,15
overall,MIXED,15.23,ALL,1018,アジリティ クローク,19,10,9,0.5263157894736842,19,0.032758620689655175,580,3.3684210526315788,15
overall,MIXED,15.22,UTILITY,3067,キンドルジェム,19,10,9,0.5263157894736842,19,0.14393939393939395,132,3.526315789473684,15
overall,MIXED,16.15,TOP,2504,ケイニック ルーケルン,19,10,9,0.5263157894736842,19,0.023002421307506054,826,1.5263157894736843,15
overall,MIXED,16.17,UTILITY,2504,ケイニック ルーケルン,19,10,9,0.5263157894736842,19,0.018849206349206348,1008,3.0526315789473686,15
overall,MIXED,14.22,BOTTOM,6676,コレクター,19,10,9,0.5263157894736842,19,0.3275862068965517,58,1.5789473684210527,15
overall,MIXED,16.7,JUNGLE,6676,コレクター,19,10,9,0.5263157894736842,19,0.12337662337662338,154,1.4736842105263157,15
overall,MIXED,16.12,MIDDLE,2055,コントロール ワード,19,10,9,0.5263157894736842,19,0.10674157303370786,178,2.6842105263157894,15
overall,MIXED,15.22,ALL,3133,コールフィールド ウォーハンマー,19,10,9,0.5263157894736842,19,0.02878787878787879,660,2.789473684210526,15
overall,MIXED,16.17,ALL,1027,サファイア クリスタル,19,10,9,0.5263157894736842,19,0.00376984126984127,5040,3.6315789473684212,15
overall,MIXED,16.7,ALL,3068,サンファイア イージス,19,10,9,0.5263157894736842,19,0.024675324675324677,770,1.894736842105263,15
overall,MIXED,15.3,MIDDLE,4645,シャドウフレイム,19,10,9,0.5263157894736842,19,0.23170731707317074,82,2.3684210526315788,15
overall,MIXED,14.20,BOTTOM,3009,スイフトネス ブーツ,19,10,9,0.5263157894736842,19,0.20652173913043478,92,1.894736842105263,15
overall,MIXED,14.21,ALL,3009,スイフトネス ブーツ,19,10,9,0.5263157894736842,19,0.06785714285714285,280,2.526315789473684,15
overall,MIXED,15.18,BOTTOM,3009,スイフトネス ブーツ,19,10,9,0.5263157894736842,19,0.14615384615384616,130,2.6842105263157894,15
overall,MIXED,14.20,BOTTOM,3087,スタティック シヴ,19,10,9,0.5263157894736842,19,0.20652173913043478,92,1.736842105263158,15
overall,MIXED,16.16,TOP,3087,スタティック シヴ,19,10,9,0.5263157894736842,19,0.028528528528528527,666,2.0526315789473686,15
overall,MIXED,16.11,JUNGLE,2019,スチール シジル,19,10,9,0.5263157894736842,19,0.08050847457627118,236,4.157894736842105,15
overall,MIXED,16.13,TOP,2019,スチール シジル,19,10,9,0.5263157894736842,19,0.028875379939209727,658,3.6315789473684212,15
overall,MIXED,16.11,TOP,3053,ステラックの篭手,19,10,9,0.5263157894736842,19,0.08050847457627118,236,2.4210526315789473,15
overall,MIXED,16.2,TOP,6631,ストライドブレイカー,19,10,9,0.5263157894736842,19,0.13380281690140844,142,1.105263157894737,15
overall,MIXED,16.1,ALL,3065,スピリット ビサージュ,19,10,9,0.5263157894736842,19,0.024675324675324677,770,3.1052631578947367,15
overall,MIXED,16.17,BOTTOM,3040,セラフ エンブレイス,19,10,9,0.5263157894736842,19,0.018849206349206348,1008,1.1578947368421053,15
overall,MIXED,14.22,ALL,3869,セレスティアル オポジション,19,10,9,0.5263157894736842,19,0.06551724137931035,290,0.0,15
overall,MIXED,14.22,UTILITY,3869,セレスティアル オポジション,19,10,9,0.5263157894736842,19,0.3275862068965517,58,0.0,15
overall,MIXED,15.24,TOP,3020,ソーサラー シューズ,19,10,9,0.5263157894736842,19,0.05555555555555555,342,2.263157894736842,15
overall,MIXED,16.9,JUNGLE,3020,ソーサラー シューズ,19,10,9,0.5263157894736842,19,0.12025316455696203,158,2.0,15
overall,MIXED,15.20,TOP,3075,ソーンメイル,19,10,9,0.5263157894736842,19,0.14393939393939395,132,2.5789473684210527,15
overall,MIXED,15.13,BOTTOM,1042,ダガー,19,10,9,0.5263157894736842,19,0.09895833333333333,192,3.6315789473684212,15
overall,MIXED,15.21,ALL,1042,ダガー,19,10,9,0.5263157894736842,19,0.03220338983050847,590,3.526315789473684,15
overall,MIXED,16.15,JUNGLE,1031,チェイン ベスト,19,10,9,0.5263157894736842,19,0.023002421307506054,826,4.105263157894737,15
overall,MIXED,15.22,ALL,3742,デッド マン プレート,19,10,9,0.5263157894736842,19,0.02878787878787879,660,3.0526315789473686,15
overall,MIXED,16.3,TOP,3078,トリニティ フォース,19,10,9,0.5263157894736842,19,0.10795454545454546,176,1.7894736842105263,15
overall,MIXED,14.19,ALL,2021,トンネル掘り,19,10,9,0.5263157894736842,19,0.04523809523809524,420,2.9473684210526314,15
overall,MIXED,15.9,TOP,1054,ドラン シールド,19,10,9,0.5263157894736842,19,0.22093023255813954,86,0.7894736842105263,15
overall,MIXED,15.17,TOP,1055,ドラン ブレード,19,10,9,0.5263157894736842,19,0.11728395061728394,162,0.47368421052631576,15
overall,MIXED,16.17,BOTTOM,3115,ナッシャー トゥース,19,10,9,0.5263157894736842,19,0.018849206349206348,1008,2.9473684210526314,15
overall,MIXED,16.18,ALL,2520,バスティオンブレイカー,19,10,9,0.5263157894736842,19,0.01130952380952381,1680,2.3684210526315788,15
overall,MIXED,16.10,BOTTOM,6697,ヒュブリス,19,10,9,0.5263157894736842,19,0.08558558558558559,222,1.2105263157894737,15
overall,MIXED,15.11,JUNGLE,3071,ブラック クリーバー,19,10,9,0.5263157894736842,19,0.1792452830188679,106,1.631578947368421,15
overall,MIXED,16.3,TOP,3071,ブラック クリーバー,19,10,9,0.5263157894736842,19,0.10795454545454546,176,1.894736842105263,15
overall,MIXED,16.16,JUNGLE,1001,ブーツ,19,10,9,0.5263157894736842,19,0.028528528528528527,666,2.4210526315789473,15
overall,MIXED,16.17,UTILITY,3152,ヘクステック ロケットベルト,19,10,9,0.5263157894736842,19,0.018849206349206348,1008,1.263157894736842,15
overall,MIXED,16.12,UTILITY,3111,マーキュリー ブーツ,19,10,9,0.5263157894736842,19,0.10674157303370786,178,2.5789473684210527,15
overall,MIXED,16.7,TOP,3111,マーキュリー ブーツ,19,10,9,0.5263157894736842,19,0.12337662337662338,154,2.4210526315789473,15
overall,MIXED,14.20,ALL,1058,ムダニ デカイ ロッド,19,10,9,0.5263157894736842,19,0.041304347826086954,460,2.526315789473684,15
overall,MIXED,16.18,ALL,3042,ムラマナ,19,10,9,0.5263157894736842,19,0.01130952380952381,1680,1.736842105263158,15
overall,MIXED,16.6,BOTTOM,3042,ムラマナ,19,10,9,0.5263157894736842,19,0.125,152,1.4210526315789473,15
overall,MIXED,16.15,TOP,3033,モータル リマインダー,19,10,9,0.5263157894736842,19,0.023002421307506054,826,2.6842105263157894,15
overall,MIXED,15.17,JUNGLE,6653,ライアンドリーの仮面,19,10,9,0.5263157894736842,19,0.11728395061728394,162,1.9473684210526316,15
overall,MIXED,15.2,JUNGLE,6653,ライアンドリーの仮面,19,10,9,0.5263157894736842,19,0.20652173913043478,92,1.5789473684210527,15
overall,MIXED,16.12,JUNGLE,6653,ライアンドリーの仮面,19,10,9,0.5263157894736842,19,0.10674157303370786,178,1.631578947368421,15
overall,MIXED,16.7,MIDDLE,6653,ライアンドリーの仮面,19,10,9,0.5263157894736842,19,0.12337662337662338,154,2.736842105263158,15
overall,MIXED,15.21,ALL,3094,ラピッド ファイアキャノン,19,10,9,0.5263157894736842,19,0.03220338983050847,590,3.263157894736842,15
overall,MIXED,16.6,BOTTOM,3094,ラピッド ファイアキャノン,19,10,9,0.5263157894736842,19,0.125,152,2.6315789473684212,15
overall,MIXED,16.9,BOTTOM,3094,ラピッド ファイアキャノン,19,10,9,0.5263157894736842,19,0.12025316455696203,158,2.1052631578947367,15
overall,MIXED,16.14,TOP,3074,ラヴァナス ハイドラ,19,10,9,0.5263157894736842,19,0.027298850574712645,696,1.6842105263157894,15
overall,MIXED,16.16,ALL,3074,ラヴァナス ハイドラ,19,10,9,0.5263157894736842,19,0.005705705705705706,3330,1.4210526315789473,15
overall,MIXED,15.19,TOP,4633,リフトメーカー,19,10,9,0.5263157894736842,19,0.08296943231441048,229,2.6842105263157894,15
overall,MIXED,15.17,TOP,3116,リーライ クリスタル セプター,19,10,9,0.5263157894736842,19,0.11728395061728394,162,2.0526315789473686,15
overall,MIXED,15.22,ALL,3085,ルナーン ハリケーン,19,10,9,0.5263157894736842,19,0.02878787878787879,660,3.1578947368421053,15
overall,MIXED,15.22,BOTTOM,3085,ルナーン ハリケーン,19,10,9,0.5263157894736842,19,0.14393939393939395,132,3.1578947368421053,15
overall,MIXED,16.11,TOP,1028,ルビー クリスタル,19,10,9,0.5263157894736842,19,0.08050847457627118,236,3.736842105263158,15
overall,MIXED,14.23,ALL,6655,ルーデン エコー,19,10,9,0.5263157894736842,19,0.09047619047619047,210,2.0526315789473686,15
overall,MIXED,16.14,TOP,3083,ワーモグ アーマー,19,10,9,0.5263157894736842,19,0.027298850574712645,696,1.6842105263157894,15
overall,MIXED,16.15,MIDDLE,3135,ヴォイド スタッフ,19,10,9,0.5263157894736842,19,0.023002421307506054,826,2.6315789473684212,15
overall,MIXED,15.11,ALL,3084,心の鋼,19,10,9,0.5263157894736842,19,0.035849056603773584,530,1.4736842105263157,15
overall,MIXED,15.15,ALL,3084,心の鋼,19,10,9,0.5263157894736842,19,0.046341463414634146,410,2.0,15
overall,MIXED,15.18,ALL,3084,心の鋼,19,10,9,0.5263157894736842,19,0.02923076923076923,650,1.6842105263157894,15
overall,MIXED,16.16,JUNGLE,3084,心の鋼,19,10,9,0.5263157894736842,19,0.028528528528528527,666,1.631578947368421,15
overall,MIXED,16.5,ALL,3916,忘却のオーブ,19,10,9,0.5263157894736842,19,0.02345679012345679,810,3.6315789473684212,15
overall,MIXED,16.10,ALL,2530,旋律のダイアデム,19,10,9,0.5263157894736842,19,0.017117117117117116,1110,1.7894736842105263,15
overall,MIXED,16.10,UTILITY,2530,旋律のダイアデム,19,10,9,0.5263157894736842,19,0.08558558558558559,222,1.7894736842105263,15
overall,MIXED,15.16,ALL,3171,真紅のアイオニア ブーツ,19,10,9,0.5263157894736842,19,0.03518518518518519,540,2.9473684210526314,15
overall,MIXED,15.19,ALL,2421,砕けたアームガード,19,10,9,0.5263157894736842,19,0.01652173913043478,1150,2.0526315789473686,15
overall,MIXED,16.5,ALL,2510,黄昏と暁,19,10,9,0.5263157894736842,19,0.02345679012345679,810,1.5263157894736843,15
overall,MIXED,16.7,MIDDLE,2503,黒炎のトーチ,19,10,9,0.5263157894736842,19,0.12337662337662338,154,2.3684210526315788,15
overall,MIXED,15.21,UTILITY,3158,アイオニア ブーツ,19,9,10,0.47368421052631576,19,0.16101694915254236,118,2.8947368421052633,15
overall,MIXED,15.7,UTILITY,3158,アイオニア ブーツ,19,9,10,0.47368421052631576,19,0.20652173913043478,92,3.0,15
overall,MIXED,14.19,ALL,1018,アジリティ クローク,19,9,10,0.47368421052631576,19,0.04523809523809524,420,3.9473684210526314,15
overall,MIXED,16.15,MIDDLE,1018,アジリティ クローク,19,9,10,0.47368421052631576,19,0.023002421307506054,826,3.473684210526316,15
overall,MIXED,16.10,ALL,6673,イモータル シールドボウ,19,9,10,0.47368421052631576,19,0.017117117117117116,1110,2.473684210526316,15
overall,MIXED,15.8,MIDDLE,3364,オラクル レンズ,19,9,10,0.47368421052631576,19,0.14615384615384616,130,6.0,15
overall,MIXED,15.17,ALL,3133,コールフィールド ウォーハンマー,19,9,10,0.47368421052631576,19,0.02345679012345679,810,3.210526315789474,15
overall,MIXED,15.23,MIDDLE,4645,シャドウフレイム,19,9,10,0.47368421052631576,19,0.16379310344827586,116,1.7894736842105263,15
overall,MIXED,15.16,ALL,2420,シーカー アームガード,19,9,10,0.47368421052631576,19,0.03518518518518519,540,1.7894736842105263,15
overall,MIXED,15.13,ALL,1011,ジャイアント ベルト,19,9,10,0.47368421052631576,19,0.019791666666666666,960,3.6315789473684212,15
overall,MIXED,16.2,ALL,1011,ジャイアント ベルト,19,9,10,0.47368421052631576,19,0.02676056338028169,710,3.5789473684210527,15
overall,MIXED,15.23,BOTTOM,3009,スイフトネス ブーツ,19,9,10,0.47368421052631576,19,0.16379310344827586,116,2.473684210526316,15
overall,MIXED,15.21,ALL,4646,ストームサージ,19,9,10,0.47368421052631576,19,0.03220338983050847,590,2.3157894736842106,15
overall,MIXED,16.11,ALL,3040,セラフ エンブレイス,19,9,10,0.47368421052631576,19,0.016101694915254237,1180,2.0526315789473686,15
overall,MIXED,16.6,ALL,6694,セリルダの怨恨,19,9,10,0.47368421052631576,19,0.025,760,2.0526315789473686,15
overall,MIXED,16.17,BOTTOM,3134,セレイテッド ダーク,19,9,10,0.47368421052631576,19,0.018849206349206348,1008,2.3157894736842106,15
overall,MIXED,15.4,MIDDLE,3020,ソーサラー シューズ,19,9,10,0.47368421052631576,19,0.35185185185185186,54,2.736842105263158,15
overall,MIXED,16.7,ALL,1031,チェイン ベスト,19,9,10,0.47368421052631576,19,0.024675324675324677,770,3.1578947368421053,15
overall,MIXED,16.8,ALL,1031,チェイン ベスト,19,9,10,0.47368421052631576,19,0.027142857142857142,700,3.8947368421052633,15
overall,MIXED,15.12,JUNGLE,3078,トリニティ フォース,19,9,10,0.47368421052631576,19,0.18627450980392157,102,1.1578947368421053,15
overall,MIXED,15.1,ALL,1054,ドラン シールド,19,9,10,0.47368421052631576,19,0.1,190,1.1578947368421053,15
overall,MIXED,14.23,BOTTOM,1055,ドラン ブレード,19,9,10,0.47368421052631576,19,0.4523809523809524,42,0.47368421052631576,15
overall,MIXED,16.16,BOTTOM,3115,ナッシャー トゥース,19,9,10,0.47368421052631576,19,0.028528528528528527,666,2.9473684210526314,15
overall,MIXED,15.24,ALL,6675,ナヴォリ フリッカーブレード,19,9,10,0.47368421052631576,19,0.011111111111111112,1710,1.8421052631578947,15
overall,MIXED,15.13,ALL,3181,ハルブレイカー,19,9,10,0.47368421052631576,19,0.019791666666666666,960,2.736842105263158,15
overall,MIXED,15.24,TOP,3006,バーサーカー ブーツ,19,9,10,0.47368421052631576,19,0.05555555555555555,342,2.0,15
overall,MIXED,16.2,ALL,3006,バーサーカー ブーツ,19,9,10,0.47368421052631576,19,0.02676056338028169,710,2.473684210526316,15
overall,MIXED,14.23,ALL,1037,ピッケル,19,9,10,0.47368421052631576,19,0.09047619047619047,210,4.0,15
overall,MIXED,15.20,ALL,3046,ファントム ダンサー,19,9,10,0.47368421052631576,19,0.02878787878787879,660,2.3684210526315788,15
overall,MIXED,16.18,ALL,3044,ファージ,19,9,10,0.47368421052631576,19,0.01130952380952381,1680,2.6315789473684212,15
overall,MIXED,16.15,UTILITY,1026,ブラスティング ワンド,19,9,10,0.47368421052631576,19,0.023002421307506054,826,3.8421052631578947,15
overall,MIXED,15.10,TOP,3071,ブラック クリーバー,19,9,10,0.47368421052631576,19,0.13768115942028986,138,1.8421052631578947,15
overall,MIXED,16.1,ALL,3076,ブランブル ベスト,19,9,10,0.47368421052631576,19,0.024675324675324677,770,3.1578947368421053,15
overall,MIXED,15.15,ALL,1001,ブーツ,19,9,10,0.47368421052631576,19,0.046341463414634146,410,3.4210526315789473,15
overall,MIXED,15.24,MIDDLE,1001,ブーツ,19,9,10,0.47368421052631576,19,0.05555555555555555,342,3.0526315789473686,15
overall,MIXED,15.7,UTILITY,3047,プレート スチールキャップ,19,9,10,0.47368421052631576,19,0.20652173913043478,92,3.0526315789473686,15
overall,MIXED,16.8,BOTTOM,2523,ヘクスオプティックC44,19,9,10,0.47368421052631576,19,0.1357142857142857,140,1.736842105263158,15
overall,MIXED,15.24,MIDDLE,3111,マーキュリー ブーツ,19,9,10,0.47368421052631576,19,0.05555555555555555,342,2.789473684210526,15
overall,MIXED,15.7,JUNGLE,6653,ライアンドリーの仮面,19,9,10,0.47368421052631576,19,0.20652173913043478,92,1.4210526315789473,15
overall,MIXED,16.9,MIDDLE,6653,ライアンドリーの仮面,19,9,10,0.47368421052631576,19,0.12025316455696203,158,2.3157894736842106,15
overall,MIXED,16.16,JUNGLE,3100,リッチ ベイン,19,9,10,0.47368421052631576,19,0.028528528528528527,666,1.736842105263158,15
overall,MIXED,16.10,TOP,3116,リーライ クリスタル セプター,19,9,10,0.47368421052631576,19,0.08558558558558559,222,1.8421052631578947,15
overall,MIXED,16.11,MIDDLE,3116,リーライ クリスタル セプター,19,9,10,0.47368421052631576,19,0.08050847457627118,236,2.736842105263158,15
overall,MIXED,16.6,UTILITY,1028,ルビー クリスタル,19,9,10,0.47368421052631576,19,0.12582781456953643,151,4.2631578947368425,15
overall,MIXED,15.18,MIDDLE,6655,ルーデン エコー,19,9,10,0.47368421052631576,19,0.14615384615384616,130,2.1578947368421053,15
overall,MIXED,15.23,ALL,6657,ロッド オブ エイジス,19,9,10,0.47368421052631576,19,0.032758620689655175,580,1.6842105263157894,15
overall,MIXED,15.23,MIDDLE,6657,ロッド オブ エイジス,19,9,10,0.47368421052631576,19,0.16379310344827586,116,1.6842105263157894,15
overall,MIXED,16.13,UTILITY,3865,ワールド アトラス,19,9,10,0.47368421052631576,19,0.0289193302891933,657,0.10526315789473684,15
overall,MIXED,16.11,ALL,6665,変幻自在のジャック＝ショー,19,9,10,0.47368421052631576,19,0.016101694915254237,1180,2.473684210526316,15
overall,MIXED,16.10,JUNGLE,3073,実験的ヘクスプレート,19,9,10,0.47368421052631576,19,0.08558558558558559,222,1.894736842105263,15
overall,MIXED,15.2,ALL,3084,心の鋼,19,9,10,0.47368421052631576,19,0.041304347826086954,460,1.5789473684210527,15
overall,MIXED,15.10,ALL,3916,忘却のオーブ,19,9,10,0.47368421052631576,19,0.02753623188405797,690,3.473684210526316,15
overall,MIXED,16.13,TOP,3147,悲愴な仮面,19,9,10,0.47368421052631576,19,0.028875379939209727,658,3.736842105263158,15
overall,MIXED,16.11,ALL,2502,終わりなき絶望,19,9,10,0.47368421052631576,19,0.016101694915254237,1180,2.0526315789473686,15
overall,MIXED,16.6,UTILITY,2031,詰め替えポーション,19,9,10,0.47368421052631576,19,0.12582781456953643,151,1.4210526315789473,15
overall,MIXED,16.1,ALL,2022,輝きのモート,19,9,10,0.47368421052631576,19,0.024675324675324677,770,4.052631578947368,15
overall,MIXED,16.9,ALL,2022,輝きのモート,19,9,10,0.47368421052631576,19,0.024050632911392405,790,3.8947368421052633,15
overall,MIXED,15.22,MIDDLE,3175,連呪使いのブーツ,19,9,10,0.47368421052631576,19,0.14393939393939395,132,2.263157894736842,15
overall,MIXED,15.15,ALL,2503,黒炎のトーチ,19,9,10,0.47368421052631576,19,0.046341463414634146,410,2.6842105263157894,15
overall,MIXED,15.7,ALL,1038,B. F. ソード,19,8,11,0.42105263157894735,19,0.041304347826086954,460,3.1578947368421053,15
overall,MIXED,14.19,MIDDLE,3364,オラクル レンズ,19,8,11,0.42105263157894735,19,0.2261904761904762,84,6.0,15
overall,MIXED,16.8,JUNGLE,6676,コレクター,19,8,11,0.42105263157894735,19,0.1357142857142857,140,1.1578947368421053,15
overall,MIXED,14.20,ALL,4645,シャドウフレイム,19,8,11,0.42105263157894735,19,0.041304347826086954,460,2.736842105263158,15
overall,MIXED,15.15,ALL,1011,ジャイアント ベルト,19,8,11,0.42105263157894735,19,0.046341463414634146,410,3.0,15
overall,MIXED,16.16,UTILITY,1011,ジャイアント ベルト,19,8,11,0.42105263157894735,19,0.028528528528528527,666,4.052631578947368,15
overall,MIXED,16.8,UTILITY,3020,ソーサラー シューズ,19,8,11,0.42105263157894735,19,0.1357142857142857,140,2.789473684210526,15
overall,MIXED,16.5,ALL,1042,ダガー,19,8,11,0.42105263157894735,19,0.02345679012345679,810,3.1052631578947367,15
overall,MIXED,16.12,JUNGLE,3078,トリニティ フォース,19,8,11,0.42105263157894735,19,0.10674157303370786,178,1.368421052631579,15
overall,MIXED,15.11,TOP,1055,ドラン ブレード,19,8,11,0.42105263157894735,19,0.1792452830188679,106,1.3157894736842106,15
overall,MIXED,16.18,MIDDLE,1055,ドラン ブレード,19,8,11,0.42105263157894735,19,0.05654761904761905,336,0.5789473684210527,15
overall,MIXED,16.16,TOP,1120,ドラン ヘルム,19,8,11,0.42105263157894735,19,0.028528528528528527,666,1.0526315789473684,15
overall,MIXED,16.6,TOP,1056,ドラン リング,19,8,11,0.42105263157894735,19,0.125,152,0.42105263157894735,15
overall,MIXED,14.19,ALL,3115,ナッシャー トゥース,19,8,11,0.42105263157894735,19,0.04523809523809524,420,2.1052631578947367,15
overall,MIXED,16.18,BOTTOM,6675,ナヴォリ フリッカーブレード,19,8,11,0.42105263157894735,19,0.05654761904761905,336,2.263157894736842,15
overall,MIXED,15.24,TOP,3181,ハルブレイカー,19,8,11,0.42105263157894735,19,0.05555555555555555,342,2.0526315789473686,15
overall,MIXED,16.1,MIDDLE,3363,ファーサイト オルタレーション,19,8,11,0.42105263157894735,19,0.12337662337662338,154,6.0,15
overall,MIXED,16.10,BOTTOM,2512,フィーンドハンターの矢,19,8,11,0.42105263157894735,19,0.08558558558558559,222,2.473684210526316,15
overall,MIXED,16.3,ALL,3110,フローズン ハート,19,8,11,0.42105263157894735,19,0.02159090909090909,880,2.3684210526315788,15
overall,MIXED,16.11,ALL,1026,ブラスティング ワンド,19,8,11,0.42105263157894735,19,0.016101694915254237,1180,3.3684210526315788,15
overall,MIXED,15.13,JUNGLE,3111,マーキュリー ブーツ,19,8,11,0.42105263157894735,19,0.09895833333333333,192,2.4210526315789473,15
overall,MIXED,15.18,JUNGLE,3111,マーキュリー ブーツ,19,8,11,0.42105263157894735,19,0.14615384615384616,130,2.6842105263157894,15
overall,MIXED,16.12,MIDDLE,1058,ムダニ デカイ ロッド,19,8,11,0.42105263157894735,19,0.10674157303370786,178,3.210526315789474,15
overall,MIXED,15.24,BOTTOM,3035,ラスト ウィスパー,19,8,11,0.42105263157894735,19,0.05571847507331378,341,3.263157894736842,15
overall,MIXED,16.14,ALL,3143,ランデュイン オーメン,19,8,11,0.42105263157894735,19,0.005459770114942529,3480,2.0,15
overall,MIXED,15.13,JUNGLE,3153,ルインドキング ブレード,19,8,11,0.42105263157894735,19,0.09895833333333333,192,1.2105263157894737,15
overall,MIXED,15.19,TOP,3153,ルインドキング ブレード,19,8,11,0.42105263157894735,19,0.08296943231441048,229,1.894736842105263,15
overall,MIXED,15.9,ALL,6657,ロッド オブ エイジス,19,8,11,0.42105263157894735,19,0.044186046511627906,430,2.0,15
overall,MIXED,14.19,ALL,1036,ロング ソード,19,8,11,0.42105263157894735,19,0.04523809523809524,420,3.210526315789474,15
overall,MIXED,16.7,JUNGLE,1036,ロング ソード,19,8,11,0.42105263157894735,19,0.12337662337662338,154,3.789473684210526,15
overall,MIXED,16.17,UTILITY,3082,ワーデン メイル,19,8,11,0.42105263157894735,19,0.018849206349206348,1008,3.473684210526316,15
overall,MIXED,15.19,ALL,3916,忘却のオーブ,19,8,11,0.42105263157894735,19,0.01652173913043478,1150,3.6842105263157894,15
overall,MIXED,15.23,ALL,2502,終わりなき絶望,19,8,11,0.42105263157894735,19,0.032758620689655175,580,2.3157894736842106,15
overall,MIXED,15.14,MIDDLE,2031,詰め替えポーション,19,8,11,0.42105263157894735,19,0.20652173913043478,92,1.3157894736842106,15
overall,MIXED,16.7,ALL,6692,赤月の刃,19,8,11,0.42105263157894735,19,0.024675324675324677,770,1.7894736842105263,15
overall,MIXED,16.3,TOP,2510,黄昏と暁,19,8,11,0.42105263157894735,19,0.10795454545454546,176,2.0526315789473686,15
overall,MIXED,15.12,ALL,1018,アジリティ クローク,19,7,12,0.3684210526315789,19,0.03725490196078431,510,3.3684210526315788,15
overall,MIXED,15.18,BOTTOM,1018,アジリティ クローク,19,7,12,0.3684210526315789,19,0.14615384615384616,130,3.210526315789474,15
overall,MIXED,15.18,ALL,3123,エクスキューショナー コーリング,19,7,12,0.3684210526315789,19,0.02923076923076923,650,2.8947368421052633,15
overall,MIXED,15.10,TOP,3364,オラクル レンズ,19,7,12,0.3684210526315789,19,0.13768115942028986,138,6.0,15
overall,MIXED,16.17,ALL,1102,ガストウォーカーの幼体,19,7,12,0.3684210526315789,19,0.00376984126984127,5040,0.10526315789473684,15
overall,MIXED,16.17,JUNGLE,1102,ガストウォーカーの幼体,19,7,12,0.3684210526315789,19,0.018849206349206348,1008,0.10526315789473684,15
overall,MIXED,16.18,TOP,1029,クロース アーマー,19,7,12,0.3684210526315789,19,0.05654761904761905,336,3.473684210526316,15
overall,MIXED,16.17,BOTTOM,3133,コールフィールド ウォーハンマー,19,7,12,0.3684210526315789,19,0.018849206349206348,1008,2.9473684210526314,15
overall,MIXED,15.24,ALL,3086,ジール,19,7,12,0.3684210526315789,19,0.011111111111111112,1710,3.473684210526316,15
overall,MIXED,16.8,ALL,2019,スチール シジル,19,7,12,0.3684210526315789,19,0.027142857142857142,700,3.210526315789474,15
overall,MIXED,15.17,ALL,3053,ステラックの篭手,19,7,12,0.3684210526315789,19,0.02345679012345679,810,3.0,15
overall,MIXED,14.20,ALL,3157,ゾーニャの砂時計,19,7,12,0.3684210526315789,19,0.041304347826086954,460,1.1578947368421053,15
overall,MIXED,16.14,ALL,3302,テルミヌス,19,7,12,0.3684210526315789,19,0.005459770114942529,3480,2.9473684210526314,15
overall,MIXED,15.16,TOP,1054,ドラン シールド,19,7,12,0.3684210526315789,19,0.17592592592592593,108,0.7894736842105263,15
overall,MIXED,16.17,TOP,3108,フィンディッシュの古書,19,7,12,0.3684210526315789,19,0.018849206349206348,1008,3.6315789473684212,15
overall,MIXED,15.18,TOP,3071,ブラック クリーバー,19,7,12,0.3684210526315789,19,0.14615384615384616,130,1.8421052631578947,15
overall,MIXED,15.13,ALL,6664,ホロウ レディアンス,19,7,12,0.3684210526315789,19,0.019791666666666666,960,2.1052631578947367,15
overall,MIXED,16.15,JUNGLE,3118,マリグナンス,19,7,12,0.3684210526315789,19,0.023002421307506054,826,1.894736842105263,15
overall,MIXED,16.13,BOTTOM,3032,ユン・タル ワイルドアロー,19,7,12,0.3684210526315789,19,0.028875379939209727,658,1.2105263157894737,15
overall,MIXED,15.21,JUNGLE,6653,ライアンドリーの仮面,19,7,12,0.3684210526315789,19,0.16101694915254236,118,1.8421052631578947,15
overall,MIXED,15.20,ALL,3107,リデンプション,19,7,12,0.3684210526315789,19,0.02878787878787879,660,1.4736842105263157,15
overall,MIXED,15.20,UTILITY,3107,リデンプション,19,7,12,0.3684210526315789,19,0.14393939393939395,132,1.4736842105263157,15
overall,MIXED,15.23,ALL,4633,リフトメーカー,19,7,12,0.3684210526315789,19,0.032758620689655175,580,2.1052631578947367,15
overall,MIXED,15.19,TOP,1036,ロング ソード,19,7,12,0.3684210526315789,19,0.08296943231441048,229,3.8421052631578947,15
overall,MIXED,15.13,ALL,3070,女神の涙,19,7,12,0.3684210526315789,19,0.019791666666666666,960,1.7894736842105263,15
overall,MIXED,15.23,ALL,3142,妖夢の霊剣,19,7,12,0.3684210526315789,19,0.032758620689655175,580,1.368421052631579,15
overall,MIXED,15.12,MIDDLE,2031,詰め替えポーション,19,7,12,0.3684210526315789,19,0.18627450980392157,102,1.6842105263157894,15
overall,MIXED,16.1,BOTTOM,1038,B. F. ソード,19,6,13,0.3157894736842105,19,0.12337662337662338,154,3.3684210526315788,15
overall,MIXED,15.18,MIDDLE,2055,コントロール ワード,19,6,13,0.3157894736842105,19,0.14615384615384616,130,2.3684210526315788,15
overall,MIXED,16.12,ALL,1011,ジャイアント ベルト,19,6,13,0.3157894736842105,19,0.021348314606741574,890,3.5789473684210527,15
overall,MIXED,16.7,TOP,3009,スイフトネス ブーツ,19,6,13,0.3157894736842105,19,0.12337662337662338,154,2.6842105263157894,15
overall,MIXED,15.23,JUNGLE,3020,ソーサラー シューズ,19,6,13,0.3157894736842105,19,0.16379310344827586,116,2.526315789473684,15
overall,MIXED,16.16,TOP,1042,ダガー,19,6,13,0.3157894736842105,19,0.028528528528528527,666,3.789473684210526,15
overall,MIXED,15.10,JUNGLE,3078,トリニティ フォース,19,6,13,0.3157894736842105,19,0.13768115942028986,138,1.5263157894736843,15
overall,MIXED,15.24,BOTTOM,3042,ムラマナ,19,6,13,0.3157894736842105,19,0.05571847507331378,341,1.631578947368421,15
overall,MIXED,15.11,ALL,4633,リフトメーカー,19,6,13,0.3157894736842105,19,0.035849056603773584,530,2.0,15
overall,MIXED,16.10,MIDDLE,3153,ルインドキング ブレード,19,6,13,0.3157894736842105,19,0.08558558558558559,222,1.9473684210526316,15
overall,MIXED,16.7,UTILITY,1028,ルビー クリスタル,19,6,13,0.3157894736842105,19,0.12337662337662338,154,4.105263157894737,15
overall,MIXED,16.9,ALL,3147,悲愴な仮面,19,6,13,0.3157894736842105,19,0.024050632911392405,790,3.1578947368421053,15
overall,MIXED,14.19,ALL,3067,キンドルジェム,19,5,14,0.2631578947368421,19,0.04523809523809524,420,3.5789473684210527,15
overall,MIXED,15.17,JUNGLE,6610,サンダード スカイ,19,5,14,0.2631578947368421,19,0.11728395061728394,162,1.263157894736842,15
overall,MIXED,15.7,ALL,6631,ストライドブレイカー,19,5,14,0.2631578947368421,19,0.041304347826086954,460,1.105263157894737,15
overall,MIXED,16.3,ALL,3108,フィンディッシュの古書,19,5,14,0.2631578947368421,19,0.02159090909090909,880,3.3157894736842106,15
overall,MIXED,15.3,ALL,3032,ユン・タル ワイルドアロー,19,5,14,0.2631578947368421,19,0.046341463414634146,410,1.368421052631579,15
overall,MIXED,15.3,BOTTOM,3032,ユン・タル ワイルドアロー,19,5,14,0.2631578947368421,19,0.23170731707317074,82,1.368421052631579,15
overall,MIXED,15.17,ALL,1043,リカーブ ボウ,19,5,14,0.2631578947368421,19,0.02345679012345679,810,3.210526315789474,15
overall,MIXED,16.6,UTILITY,1052,増魔の書,19,5,14,0.2631578947368421,19,0.12582781456953643,151,3.6315789473684212,15
overall,MIXED,15.10,ALL,1018,アジリティ クローク,19,4,15,0.21052631578947367,19,0.02753623188405797,690,3.8421052631578947,15
overall,MIXED,16.7,ALL,2021,トンネル掘り,19,4,15,0.21052631578947367,19,0.024675324675324677,770,3.210526315789474,15
overall,MIXED,15.2,ALL,2021,トンネル掘り,18,17,1,0.9444444444444444,18,0.0391304347826087,460,3.0555555555555554,15
overall,MIXED,15.11,ALL,3172,ガンメタル ブーツ,18,15,3,0.8333333333333334,18,0.033962264150943396,530,2.3333333333333335,15
overall,MIXED,15.8,ALL,3171,真紅のアイオニア ブーツ,18,15,3,0.8333333333333334,18,0.027692307692307693,650,2.6666666666666665,15
overall,MIXED,16.15,JUNGLE,2517,終わりなき飢え,18,15,3,0.8333333333333334,18,0.021791767554479417,826,3.1666666666666665,15
overall,MIXED,16.12,TOP,6631,ストライドブレイカー,18,14,4,0.7777777777777778,18,0.10112359550561797,178,1.1666666666666667,15
overall,MIXED,15.18,TOP,3075,ソーンメイル,18,14,4,0.7777777777777778,18,0.13846153846153847,130,2.611111111111111,15
overall,MIXED,15.11,ALL,3173,チェインレースド クラッシャー,18,14,4,0.7777777777777778,18,0.033962264150943396,530,2.5,15
overall,MIXED,16.18,TOP,1037,ピッケル,18,14,4,0.7777777777777778,18,0.05357142857142857,336,2.8333333333333335,15
overall,MIXED,16.10,UTILITY,3116,リーライ クリスタル セプター,18,14,4,0.7777777777777778,18,0.08108108108108109,222,2.2777777777777777,15
overall,MIXED,16.9,UTILITY,1052,増魔の書,18,14,4,0.7777777777777778,18,0.11392405063291139,158,4.166666666666667,15
overall,MIXED,15.12,TOP,3364,オラクル レンズ,18,13,5,0.7222222222222222,18,0.17647058823529413,102,6.0,15
overall,MIXED,15.23,ALL,3172,ガンメタル ブーツ,18,13,5,0.7222222222222222,18,0.03103448275862069,580,1.9444444444444444,15
overall,MIXED,15.18,ALL,3124,グインソー レイジブレード,18,13,5,0.7222222222222222,18,0.027692307692307693,650,2.7222222222222223,15
overall,MIXED,15.12,ALL,3053,ステラックの篭手,18,13,5,0.7222222222222222,18,0.03529411764705882,510,2.9444444444444446,15
overall,MIXED,15.18,ALL,3065,スピリット ビサージュ,18,13,5,0.7222222222222222,18,0.027692307692307693,650,2.7222222222222223,15
overall,MIXED,16.4,ALL,3065,スピリット ビサージュ,18,13,5,0.7222222222222222,18,0.033962264150943396,530,2.5555555555555554,15
overall,MIXED,16.11,ALL,6694,セリルダの怨恨,18,13,5,0.7222222222222222,18,0.015254237288135594,1180,2.6666666666666665,15
overall,MIXED,16.4,ALL,3742,デッド マン プレート,18,13,5,0.7222222222222222,18,0.033962264150943396,530,2.388888888888889,15
overall,MIXED,14.21,ALL,3078,トリニティ フォース,18,13,5,0.7222222222222222,18,0.06428571428571428,280,1.8888888888888888,15
overall,MIXED,15.10,ALL,3076,ブランブル ベスト,18,13,5,0.7222222222222222,18,0.02608695652173913,690,2.7777777777777777,15
overall,MIXED,16.11,ALL,2525,プロトプラズム ハーネス,18,13,5,0.7222222222222222,18,0.015254237288135594,1180,3.0555555555555554,15
overall,MIXED,16.4,ALL,2525,プロトプラズム ハーネス,18,13,5,0.7222222222222222,18,0.033962264150943396,530,2.4444444444444446,15
overall,MIXED,16.15,UTILITY,1058,ムダニ デカイ ロッド,18,13,5,0.7222222222222222,18,0.021791767554479417,826,3.111111111111111,15
overall,MIXED,16.5,ALL,3033,モータル リマインダー,18,13,5,0.7222222222222222,18,0.022222222222222223,810,2.7777777777777777,15
overall,MIXED,16.10,MIDDLE,6653,ライアンドリーの仮面,18,13,5,0.7222222222222222,18,0.08108108108108109,222,2.7777777777777777,15
overall,MIXED,15.16,ALL,3100,リッチ ベイン,18,13,5,0.7222222222222222,18,0.03333333333333333,540,2.2222222222222223,15
overall,MIXED,16.5,ALL,4633,リフトメーカー,18,13,5,0.7222222222222222,18,0.022222222222222223,810,2.2222222222222223,15
overall,MIXED,14.24,ALL,1028,ルビー クリスタル,18,13,5,0.7222222222222222,18,0.072,250,3.8333333333333335,15
overall,MIXED,16.5,UTILITY,6655,ルーデン エコー,18,13,5,0.7222222222222222,18,0.1111111111111111,162,2.0,15
overall,MIXED,15.17,TOP,3174,装甲強化の進撃,18,13,5,0.7222222222222222,18,0.1111111111111111,162,2.5555555555555554,15
overall,MIXED,15.19,JUNGLE,3174,装甲強化の進撃,18,13,5,0.7222222222222222,18,0.07792207792207792,231,1.6111111111111112,15
overall,MIXED,15.9,ALL,1038,B. F. ソード,18,12,6,0.6666666666666666,18,0.04186046511627907,430,3.4444444444444446,15
overall,MIXED,15.19,ALL,6662,アイスボーン ガントレット,18,12,6,0.6666666666666666,18,0.01565217391304348,1150,2.3333333333333335,15
overall,MIXED,16.13,JUNGLE,3179,アンブラル グレイブ,18,12,6,0.6666666666666666,18,0.02735562310030395,658,1.7777777777777777,15
overall,MIXED,15.24,MIDDLE,6673,イモータル シールドボウ,18,12,6,0.6666666666666666,18,0.05263157894736842,342,2.7777777777777777,15
overall,MIXED,15.24,ALL,3091,ウィッツ エンド,18,12,6,0.6666666666666666,18,0.010526315789473684,1710,2.9444444444444446,15
overall,MIXED,15.10,ALL,3172,ガンメタル ブーツ,18,12,6,0.6666666666666666,18,0.02608695652173913,690,2.2222222222222223,15
overall,MIXED,16.13,MIDDLE,6672,クラーケン スレイヤー,18,12,6,0.6666666666666666,18,0.02735562310030395,658,2.1666666666666665,15
overall,MIXED,15.7,ALL,3068,サンファイア イージス,18,12,6,0.6666666666666666,18,0.0391304347826087,460,2.111111111111111,15
overall,MIXED,15.1,ALL,3871,ザズ＝ザクのレルムスパイク,18,12,6,0.6666666666666666,18,0.09473684210526316,190,0.1111111111111111,15
overall,MIXED,15.1,UTILITY,3871,ザズ＝ザクのレルムスパイク,18,12,6,0.6666666666666666,18,0.47368421052631576,38,0.1111111111111111,15
overall,MIXED,15.2,ALL,3065,スピリット ビサージュ,18,12,6,0.6666666666666666,18,0.0391304347826087,460,1.8888888888888888,15
overall,MIXED,15.20,MIDDLE,3040,セラフ エンブレイス,18,12,6,0.6666666666666666,18,0.13740458015267176,131,1.8333333333333333,15
overall,MIXED,14.20,JUNGLE,3020,ソーサラー シューズ,18,12,6,0.6666666666666666,18,0.1956521739130435,92,2.0555555555555554,15
overall,MIXED,15.17,JUNGLE,3075,ソーンメイル,18,12,6,0.6666666666666666,18,0.1111111111111111,162,3.0555555555555554,15
overall,MIXED,14.24,MIDDLE,1056,ドラン リング,18,12,6,0.6666666666666666,18,0.36,50,1.7777777777777777,15
overall,MIXED,15.12,BOTTOM,3072,ブラッドサースター,18,12,6,0.6666666666666666,18,0.1782178217821782,101,0.9444444444444444,15
overall,MIXED,16.7,ALL,3076,ブランブル ベスト,18,12,6,0.6666666666666666,18,0.023376623376623377,770,3.0555555555555554,15
overall,MIXED,16.16,MIDDLE,3146,ヘクステック ガンブレード,18,12,6,0.6666666666666666,18,0.02702702702702703,666,1.1666666666666667,15
overall,MIXED,15.24,ALL,3041,メジャイ ソウルスティーラー,18,12,6,0.6666666666666666,18,0.010526315789473684,1710,2.388888888888889,15
overall,MIXED,15.13,MIDDLE,3089,ラバドン デスキャップ,18,12,6,0.6666666666666666,18,0.09424083769633508,191,1.7777777777777777,15
overall,MIXED,14.19,ALL,3094,ラピッド ファイアキャノン,18,12,6,0.6666666666666666,18,0.04285714285714286,420,2.9444444444444446,15
overall,MIXED,15.11,ALL,3100,リッチ ベイン,18,12,6,0.6666666666666666,18,0.033962264150943396,530,2.2222222222222223,15
overall,MIXED,16.17,ALL,3168,不滅の道,18,12,6,0.6666666666666666,18,0.0035714285714285713,5040,3.2222222222222223,15
overall,MIXED,16.17,MIDDLE,3168,不滅の道,18,12,6,0.6666666666666666,18,0.017857142857142856,1008,3.2222222222222223,15
overall,MIXED,15.10,BOTTOM,1038,B. F. ソード,18,11,7,0.6111111111111112,18,0.13043478260869565,138,3.1666666666666665,15
overall,MIXED,16.15,TOP,1038,B. F. ソード,18,11,7,0.6111111111111112,18,0.021791767554479417,826,3.4444444444444446,15
overall,MIXED,15.10,JUNGLE,3158,アイオニア ブーツ,18,11,7,0.6111111111111112,18,0.13043478260869565,138,2.3333333333333335,15
overall,MIXED,16.15,UTILITY,3504,アーデント センサー,18,11,7,0.6111111111111112,18,0.021791767554479417,826,2.111111111111111,15
overall,MIXED,15.4,BOTTOM,3031,インフィニティ エッジ,18,11,7,0.6111111111111112,18,0.3333333333333333,54,1.6111111111111112,15
overall,MIXED,16.10,JUNGLE,3026,ガーディアン エンジェル,18,11,7,0.6111111111111112,18,0.08108108108108109,222,3.6666666666666665,15
overall,MIXED,16.9,JUNGLE,3026,ガーディアン エンジェル,18,11,7,0.6111111111111112,18,0.11392405063291139,158,3.4444444444444446,15
overall,MIXED,14.19,BOTTOM,6672,クラーケン スレイヤー,18,11,7,0.6111111111111112,18,0.21428571428571427,84,1.3888888888888888,15
overall,MIXED,14.20,ALL,3068,サンファイア イージス,18,11,7,0.6111111111111112,18,0.0391304347826087,460,1.7777777777777777,15
overall,MIXED,15.21,ALL,3068,サンファイア イージス,18,11,7,0.6111111111111112,18,0.030508474576271188,590,2.2777777777777777,15
overall,MIXED,16.10,ALL,1011,ジャイアント ベルト,18,11,7,0.6111111111111112,18,0.016216216216216217,1110,3.388888888888889,15
overall,MIXED,15.19,ALL,3050,ジーク コンバージェンス,18,11,7,0.6111111111111112,18,0.01565217391304348,1150,3.5555555555555554,15
overall,MIXED,15.19,UTILITY,3050,ジーク コンバージェンス,18,11,7,0.6111111111111112,18,0.0782608695652174,230,3.5555555555555554,15
overall,MIXED,16.5,TOP,3009,スイフトネス ブーツ,18,11,7,0.6111111111111112,18,0.1111111111111111,162,3.0555555555555554,15
overall,MIXED,15.24,BOTTOM,3170,スイフトマーチ,18,11,7,0.6111111111111112,18,0.05278592375366569,341,2.6666666666666665,15
overall,MIXED,15.17,ALL,2019,スチール シジル,18,11,7,0.6111111111111112,18,0.022222222222222223,810,4.277777777777778,15
overall,MIXED,15.22,TOP,3053,ステラックの篭手,18,11,7,0.6111111111111112,18,0.13636363636363635,132,2.888888888888889,15
overall,MIXED,16.9,ALL,3053,ステラックの篭手,18,11,7,0.6111111111111112,18,0.02278481012658228,790,3.1666666666666665,15
overall,MIXED,16.6,TOP,3075,ソーンメイル,18,11,7,0.6111111111111112,18,0.11842105263157894,152,1.8333333333333333,15
overall,MIXED,15.24,BOTTOM,1042,ダガー,18,11,7,0.6111111111111112,18,0.05278592375366569,341,4.111111111111111,15
overall,MIXED,16.16,JUNGLE,3742,デッド マン プレート,18,11,7,0.6111111111111112,18,0.02702702702702703,666,1.7777777777777777,15
overall,MIXED,16.5,JUNGLE,3078,トリニティ フォース,18,11,7,0.6111111111111112,18,0.1111111111111111,162,1.2777777777777777,15
overall,MIXED,16.6,BOTTOM,3078,トリニティ フォース,18,11,7,0.6111111111111112,18,0.11842105263157894,152,1.3888888888888888,15
overall,MIXED,15.17,MIDDLE,1054,ドラン シールド,18,11,7,0.6111111111111112,18,0.1111111111111111,162,0.3888888888888889,15
overall,MIXED,15.23,ALL,3115,ナッシャー トゥース,18,11,7,0.6111111111111112,18,0.03103448275862069,580,2.4444444444444446,15
overall,MIXED,16.16,ALL,4642,バンドルグラスの鏡,18,11,7,0.6111111111111112,18,0.005405405405405406,3330,4.055555555555555,15
overall,MIXED,16.16,UTILITY,4642,バンドルグラスの鏡,18,11,7,0.6111111111111112,18,0.02702702702702703,666,4.055555555555555,15
overall,MIXED,16.12,ALL,6697,ヒュブリス,18,11,7,0.6111111111111112,18,0.020224719101123594,890,1.1666666666666667,15
overall,MIXED,16.7,TOP,1037,ピッケル,18,11,7,0.6111111111111112,18,0.11688311688311688,154,3.8333333333333335,15
overall,MIXED,15.22,BOTTOM,3072,ブラッドサースター,18,11,7,0.6111111111111112,18,0.13636363636363635,132,2.111111111111111,15
overall,MIXED,16.7,MIDDLE,3145,ヘクステック オルタネーター,18,11,7,0.6111111111111112,18,0.11688311688311688,154,3.7222222222222223,15
overall,MIXED,15.24,MIDDLE,6699,ボルテイク サイクロソード,18,11,7,0.6111111111111112,18,0.05263157894736842,342,1.7222222222222223,15
overall,MIXED,15.22,JUNGLE,3111,マーキュリー ブーツ,18,11,7,0.6111111111111112,18,0.13636363636363635,132,2.0555555555555554,15
overall,MIXED,16.1,MIDDLE,1058,ムダニ デカイ ロッド,18,11,7,0.6111111111111112,18,0.11688311688311688,154,3.0555555555555554,15
overall,MIXED,16.16,MIDDLE,3041,メジャイ ソウルスティーラー,18,11,7,0.6111111111111112,18,0.02702702702702703,666,2.888888888888889,15
overall,MIXED,15.8,TOP,6653,ライアンドリーの仮面,18,11,7,0.6111111111111112,18,0.13846153846153847,130,2.5,15
overall,MIXED,16.13,BOTTOM,6653,ライアンドリーの仮面,18,11,7,0.6111111111111112,18,0.02735562310030395,658,2.111111111111111,15
overall,MIXED,15.19,ALL,3035,ラスト ウィスパー,18,11,7,0.6111111111111112,18,0.01565217391304348,1150,3.888888888888889,15
overall,MIXED,16.17,JUNGLE,3100,リッチ ベイン,18,11,7,0.6111111111111112,18,0.017857142857142856,1008,1.2777777777777777,15
overall,MIXED,16.5,MIDDLE,3153,ルインドキング ブレード,18,11,7,0.6111111111111112,18,0.1111111111111111,162,1.7222222222222223,15
overall,MIXED,15.23,ALL,3085,ルナーン ハリケーン,18,11,7,0.6111111111111112,18,0.03103448275862069,580,2.7777777777777777,15
overall,MIXED,15.23,BOTTOM,3085,ルナーン ハリケーン,18,11,7,0.6111111111111112,18,0.15517241379310345,116,2.7777777777777777,15
overall,MIXED,16.9,UTILITY,6655,ルーデン エコー,18,11,7,0.6111111111111112,18,0.11392405063291139,158,2.0555555555555554,15
overall,MIXED,16.16,UTILITY,3802,ロスト チャプター,18,11,7,0.6111111111111112,18,0.02702702702702703,666,3.111111111111111,15
overall,MIXED,16.13,BOTTOM,1053,ヴァンパイア セプター,18,11,7,0.6111111111111112,18,0.02735562310030395,658,3.7222222222222223,15
overall,MIXED,14.21,ALL,1052,増魔の書,18,11,7,0.6111111111111112,18,0.06428571428571428,280,3.8333333333333335,15
overall,MIXED,15.17,MIDDLE,1052,増魔の書,18,11,7,0.6111111111111112,18,0.1111111111111111,162,3.8333333333333335,15
overall,MIXED,15.16,ALL,3084,心の鋼,18,11,7,0.6111111111111112,18,0.03333333333333333,540,2.1666666666666665,15
overall,MIXED,16.12,ALL,3084,心の鋼,18,11,7,0.6111111111111112,18,0.020224719101123594,890,1.6111111111111112,15
overall,MIXED,16.6,JUNGLE,3084,心の鋼,18,11,7,0.6111111111111112,18,0.11842105263157894,152,1.5,15
overall,MIXED,16.18,ALL,2517,終わりなき飢え,18,11,7,0.6111111111111112,18,0.010714285714285714,1680,3.4444444444444446,15
overall,MIXED,15.9,ALL,3876,至点のソリ,18,11,7,0.6111111111111112,18,0.04186046511627907,430,0.8333333333333334,15
overall,MIXED,15.9,UTILITY,3876,至点のソリ,18,11,7,0.6111111111111112,18,0.20930232558139536,86,0.8333333333333334,15
overall,MIXED,16.4,ALL,3876,至点のソリ,18,11,7,0.6111111111111112,18,0.033962264150943396,530,0.0,15
overall,MIXED,16.4,UTILITY,3876,至点のソリ,18,11,7,0.6111111111111112,18,0.16981132075471697,106,0.0,15
overall,MIXED,16.16,TOP,2501,覇王のブラッドメイル,18,11,7,0.6111111111111112,18,0.02702702702702703,666,2.2222222222222223,15
overall,MIXED,16.16,UTILITY,2022,輝きのモート,18,11,7,0.6111111111111112,18,0.02702702702702703,666,4.333333333333333,15
overall,MIXED,15.11,ALL,3109,騎士の誓い,18,11,7,0.6111111111111112,18,0.033962264150943396,530,2.0555555555555554,15
overall,MIXED,15.11,UTILITY,3109,騎士の誓い,18,11,7,0.6111111111111112,18,0.16981132075471697,106,2.0555555555555554,15
overall,MIXED,16.12,JUNGLE,2510,黄昏と暁,18,11,7,0.6111111111111112,18,0.10112359550561797,178,1.7777777777777777,15
overall,MIXED,16.14,ALL,3097,UNKNOWN(3097),18,10,8,0.5555555555555556,18,0.005172413793103448,3480,2.0,15
overall,MIXED,16.15,BOTTOM,6673,イモータル シールドボウ,18,10,8,0.5555555555555556,18,0.021791767554479417,826,2.9444444444444446,15
overall,MIXED,14.24,BOTTOM,3031,インフィニティ エッジ,18,10,8,0.5555555555555556,18,0.36,50,1.7777777777777777,15
overall,MIXED,15.10,ALL,3123,エクスキューショナー コーリング,18,10,8,0.5555555555555556,18,0.02608695652173913,690,2.9444444444444446,15
overall,MIXED,15.22,TOP,3364,オラクル レンズ,18,10,8,0.5555555555555556,18,0.13636363636363635,132,6.0,15
overall,MIXED,16.2,MIDDLE,3364,オラクル レンズ,18,10,8,0.5555555555555556,18,0.1267605633802817,142,6.0,15
overall,MIXED,14.22,ALL,6672,クラーケン スレイヤー,18,10,8,0.5555555555555556,18,0.06206896551724138,290,1.7222222222222223,15
overall,MIXED,15.16,ALL,1029,クロース アーマー,18,10,8,0.5555555555555556,18,0.03333333333333333,540,3.7222222222222223,15
overall,MIXED,16.4,JUNGLE,2055,コントロール ワード,18,10,8,0.5555555555555556,18,0.16981132075471697,106,2.4444444444444446,15
overall,MIXED,16.7,MIDDLE,2055,コントロール ワード,18,10,8,0.5555555555555556,18,0.11688311688311688,154,2.388888888888889,15
overall,MIXED,14.22,ALL,3871,ザズ＝ザクのレルムスパイク,18,10,8,0.5555555555555556,18,0.06206896551724138,290,0.16666666666666666,15
overall,MIXED,14.22,UTILITY,3871,ザズ＝ザクのレルムスパイク,18,10,8,0.5555555555555556,18,0.3103448275862069,58,0.16666666666666666,15
overall,MIXED,15.10,BOTTOM,3161,ショウジンの矛,18,10,8,0.5555555555555556,18,0.13043478260869565,138,2.5555555555555554,15
overall,MIXED,15.21,ALL,3170,スイフトマーチ,18,10,8,0.5555555555555556,18,0.030508474576271188,590,2.4444444444444446,15
overall,MIXED,15.10,TOP,6631,ストライドブレイカー,18,10,8,0.5555555555555556,18,0.13043478260869565,138,1.2777777777777777,15
overall,MIXED,15.13,JUNGLE,6631,ストライドブレイカー,18,10,8,0.5555555555555556,18,0.09375,192,0.9444444444444444,15
overall,MIXED,15.16,ALL,6631,ストライドブレイカー,18,10,8,0.5555555555555556,18,0.03333333333333333,540,1.3333333333333333,15
overall,MIXED,16.3,ALL,3040,セラフ エンブレイス,18,10,8,0.5555555555555556,18,0.020454545454545454,880,1.7777777777777777,15
overall,MIXED,16.14,JUNGLE,6694,セリルダの怨恨,18,10,8,0.5555555555555556,18,0.02586206896551724,696,3.1666666666666665,15
overall,MIXED,16.11,MIDDLE,1082,ダーク シール,18,10,8,0.5555555555555556,18,0.07627118644067797,236,2.611111111111111,15
overall,MIXED,16.8,ALL,1082,ダーク シール,18,10,8,0.5555555555555556,18,0.025714285714285714,700,3.0,15
overall,MIXED,15.8,ALL,1031,チェイン ベスト,18,10,8,0.5555555555555556,18,0.027692307692307693,650,3.111111111111111,15
overall,MIXED,15.16,ALL,2021,トンネル掘り,18,10,8,0.5555555555555556,18,0.03333333333333333,540,3.7222222222222223,15
overall,MIXED,14.19,ALL,1054,ドラン シールド,18,10,8,0.5555555555555556,18,0.04285714285714286,420,1.3888888888888888,15
overall,MIXED,16.4,TOP,1054,ドラン シールド,18,10,8,0.5555555555555556,18,0.17142857142857143,105,0.5,15
overall,MIXED,16.2,TOP,1055,ドラン ブレード,18,10,8,0.5555555555555556,18,0.1267605633802817,142,0.7222222222222222,15
overall,MIXED,16.9,TOP,1055,ドラン ブレード,18,10,8,0.5555555555555556,18,0.11392405063291139,158,0.7222222222222222,15
overall,MIXED,15.17,ALL,3870,ドリーム メーカー,18,10,8,0.5555555555555556,18,0.022222222222222223,810,0.1111111111111111,15
overall,MIXED,15.17,UTILITY,3870,ドリーム メーカー,18,10,8,0.5555555555555556,18,0.11180124223602485,161,0.1111111111111111,15
overall,MIXED,16.15,JUNGLE,3814,ナイト エッジ,18,10,8,0.5555555555555556,18,0.021791767554479417,826,3.388888888888889,15
overall,MIXED,16.9,BOTTOM,1037,ピッケル,18,10,8,0.5555555555555556,18,0.11392405063291139,158,3.4444444444444446,15
overall,MIXED,16.5,ALL,3108,フィンディッシュの古書,18,10,8,0.5555555555555556,18,0.022222222222222223,810,3.2222222222222223,15
overall,MIXED,15.16,JUNGLE,3071,ブラック クリーバー,18,10,8,0.5555555555555556,18,0.16666666666666666,108,2.2222222222222223,15
overall,MIXED,16.11,ALL,6698,プロフェイン ハイドラ,18,10,8,0.5555555555555556,18,0.015254237288135594,1180,1.3333333333333333,15
overall,MIXED,16.2,ALL,3152,ヘクステック ロケットベルト,18,10,8,0.5555555555555556,18,0.02535211267605634,710,1.5555555555555556,15
overall,MIXED,15.11,MIDDLE,3118,マリグナンス,18,10,8,0.5555555555555556,18,0.16981132075471697,106,1.3888888888888888,15
overall,MIXED,15.18,ALL,3118,マリグナンス,18,10,8,0.5555555555555556,18,0.027692307692307693,650,2.2777777777777777,15
overall,MIXED,16.16,TOP,3033,モータル リマインダー,18,10,8,0.5555555555555556,18,0.02702702702702703,666,1.5555555555555556,15
overall,MIXED,16.5,ALL,3032,ユン・タル ワイルドアロー,18,10,8,0.5555555555555556,18,0.022222222222222223,810,1.5555555555555556,15
overall,MIXED,14.19,JUNGLE,6653,ライアンドリーの仮面,18,10,8,0.5555555555555556,18,0.21428571428571427,84,1.1666666666666667,15
overall,MIXED,15.12,MIDDLE,6653,ライアンドリーの仮面,18,10,8,0.5555555555555556,18,0.17647058823529413,102,2.888888888888889,15
overall,MIXED,15.2,ALL,3089,ラバドン デスキャップ,18,10,8,0.5555555555555556,18,0.0391304347826087,460,2.3333333333333335,15
overall,MIXED,16.1,MIDDLE,3089,ラバドン デスキャップ,18,10,8,0.5555555555555556,18,0.11688311688311688,154,2.2222222222222223,15
overall,MIXED,16.2,ALL,3094,ラピッド ファイアキャノン,18,10,8,0.5555555555555556,18,0.02535211267605634,710,3.4444444444444446,15
overall,MIXED,15.15,ALL,6655,ルーデン エコー,18,10,8,0.5555555555555556,18,0.04390243902439024,410,1.9444444444444444,15
overall,MIXED,15.17,TOP,1036,ロング ソード,18,10,8,0.5555555555555556,18,0.1111111111111111,162,3.6666666666666665,15
overall,MIXED,16.5,MIDDLE,1052,増魔の書,18,10,8,0.5555555555555556,18,0.1111111111111111,162,3.8333333333333335,15
overall,MIXED,16.11,ALL,3073,実験的ヘクスプレート,18,10,8,0.5555555555555556,18,0.015254237288135594,1180,2.3333333333333335,15
overall,MIXED,16.9,ALL,3171,真紅のアイオニア ブーツ,18,10,8,0.5555555555555556,18,0.02278481012658228,790,2.7222222222222223,15
overall,MIXED,16.9,MIDDLE,3171,真紅のアイオニア ブーツ,18,10,8,0.5555555555555556,18,0.11392405063291139,158,2.7222222222222223,15
overall,MIXED,15.3,ALL,2502,終わりなき絶望,18,10,8,0.5555555555555556,18,0.04390243902439024,410,2.6666666666666665,15
overall,MIXED,15.16,ALL,3876,至点のソリ,18,10,8,0.5555555555555556,18,0.03333333333333333,540,0.0,15
overall,MIXED,15.16,UTILITY,3876,至点のソリ,18,10,8,0.5555555555555556,18,0.16666666666666666,108,0.0,15
overall,MIXED,15.20,TOP,3174,装甲強化の進撃,18,10,8,0.5555555555555556,18,0.13636363636363635,132,1.9444444444444444,15
overall,MIXED,15.11,BOTTOM,2031,詰め替えポーション,18,10,8,0.5555555555555556,18,0.16981132075471697,106,1.4444444444444444,15
overall,MIXED,16.4,MIDDLE,2031,詰め替えポーション,18,10,8,0.5555555555555556,18,0.16981132075471697,106,1.2222222222222223,15
overall,MIXED,15.11,JUNGLE,6692,赤月の刃,18,10,8,0.5555555555555556,18,0.16981132075471697,106,1.7222222222222223,15
overall,MIXED,15.10,ALL,3109,騎士の誓い,18,10,8,0.5555555555555556,18,0.02608695652173913,690,2.2777777777777777,15
overall,MIXED,15.14,ALL,2503,黒炎のトーチ,18,10,8,0.5555555555555556,18,0.0391304347826087,460,1.8888888888888888,15
overall,MIXED,15.18,ALL,1038,B. F. ソード,18,9,9,0.5,18,0.027692307692307693,650,3.388888888888889,15
overall,MIXED,15.21,ALL,1038,B. F. ソード,18,9,9,0.5,18,0.030508474576271188,590,2.7222222222222223,15
overall,MIXED,15.23,BOTTOM,1038,B. F. ソード,18,9,9,0.5,18,0.15517241379310345,116,3.6666666666666665,15
overall,MIXED,16.1,ALL,3097,UNKNOWN(3097),18,9,9,0.5,18,0.023376623376623377,770,2.0,15
overall,MIXED,16.10,ALL,2422,ちょっとだけ魔法がかった靴,18,9,9,0.5,18,0.016216216216216217,1110,3.388888888888889,15
overall,MIXED,16.15,MIDDLE,6696,アクシオム アーク,18,9,9,0.5,18,0.021791767554479417,826,2.2222222222222223,15
overall,MIXED,16.18,JUNGLE,6696,アクシオム アーク,18,9,9,0.5,18,0.05357142857142857,336,1.5,15
overall,MIXED,16.13,JUNGLE,1018,アジリティ クローク,18,9,9,0.5,18,0.02735562310030395,658,3.7222222222222223,15
overall,MIXED,16.14,ALL,3504,アーデント センサー,18,9,9,0.5,18,0.005172413793103448,3480,2.7777777777777777,15
overall,MIXED,16.2,ALL,6673,イモータル シールドボウ,18,9,9,0.5,18,0.02535211267605634,710,2.0555555555555554,15
overall,MIXED,15.17,ALL,3091,ウィッツ エンド,18,9,9,0.5,18,0.022222222222222223,810,2.9444444444444446,15
overall,MIXED,15.19,ALL,3123,エクスキューショナー コーリング,18,9,9,0.5,18,0.01565217391304348,1150,2.888888888888889,15
overall,MIXED,16.15,JUNGLE,3123,エクスキューショナー コーリング,18,9,9,0.5,18,0.021791767554479417,826,3.1666666666666665,15
overall,MIXED,16.6,BOTTOM,3508,エッセンス リーバー,18,9,9,0.5,18,0.11842105263157894,152,1.5,15
overall,MIXED,15.24,ALL,3113,エーテル ウィスプ,18,9,9,0.5,18,0.010526315789473684,1710,3.2777777777777777,15
overall,MIXED,16.7,MIDDLE,3364,オラクル レンズ,18,9,9,0.5,18,0.11688311688311688,154,6.0,15
overall,MIXED,15.3,ALL,3067,キンドルジェム,18,9,9,0.5,18,0.04390243902439024,410,3.2777777777777777,15
overall,MIXED,16.9,ALL,3008,グラトナス ブーツ,18,9,9,0.5,18,0.02278481012658228,790,2.6666666666666665,15
overall,MIXED,15.6,ALL,2055,コントロール ワード,18,9,9,0.5,18,0.225,80,2.611111111111111,15
overall,MIXED,15.9,ALL,3161,ショウジンの矛,18,9,9,0.5,18,0.04186046511627907,430,1.6666666666666667,15
overall,MIXED,16.16,ALL,3057,シーン,18,9,9,0.5,18,0.005405405405405406,3330,2.611111111111111,15
overall,MIXED,16.18,BOTTOM,3086,ジール,18,9,9,0.5,18,0.05357142857142857,336,2.7222222222222223,15
overall,MIXED,15.19,TOP,3009,スイフトネス ブーツ,18,9,9,0.5,18,0.07860262008733625,229,2.3333333333333335,15
overall,MIXED,15.19,TOP,3053,ステラックの篭手,18,9,9,0.5,18,0.07860262008733625,229,2.1666666666666665,15
overall,MIXED,16.18,JUNGLE,3053,ステラックの篭手,18,9,9,0.5,18,0.05357142857142857,336,2.6666666666666665,15
overall,MIXED,16.5,ALL,3134,セレイテッド ダーク,18,9,9,0.5,18,0.022222222222222223,810,2.9444444444444446,15
overall,MIXED,15.10,ALL,3036,ドミニク リガード,18,9,9,0.5,18,0.02608695652173913,690,2.7777777777777777,15
overall,MIXED,15.2,TOP,1055,ドラン ブレード,18,9,9,0.5,18,0.1956521739130435,92,0.0,15
overall,MIXED,16.3,ALL,6675,ナヴォリ フリッカーブレード,18,9,9,0.5,18,0.020454545454545454,880,1.8888888888888888,15
overall,MIXED,15.24,ALL,1033,ヌルマジック マント,18,9,9,0.5,18,0.010526315789473684,1710,3.7777777777777777,15
overall,MIXED,16.10,ALL,6670,ヌーンクィヴァー,18,9,9,0.5,18,0.016216216216216217,1110,2.888888888888889,15
overall,MIXED,16.3,TOP,3006,バーサーカー ブーツ,18,9,9,0.5,18,0.10227272727272728,176,2.388888888888889,15
overall,MIXED,15.13,ALL,3044,ファージ,18,9,9,0.5,18,0.01875,960,2.9444444444444446,15
overall,MIXED,16.8,ALL,3108,フィンディッシュの古書,18,9,9,0.5,18,0.025714285714285714,700,3.3333333333333335,15
overall,MIXED,16.16,ALL,3114,フォビドゥン アイドル,18,9,9,0.5,18,0.005405405405405406,3330,4.055555555555555,15
overall,MIXED,16.16,UTILITY,3114,フォビドゥン アイドル,18,9,9,0.5,18,0.02702702702702703,666,4.055555555555555,15
overall,MIXED,16.15,UTILITY,3071,ブラック クリーバー,18,9,9,0.5,18,0.021791767554479417,826,2.611111111111111,15
overall,MIXED,15.16,ALL,3072,ブラッドサースター,18,9,9,0.5,18,0.03333333333333333,540,1.8888888888888888,15
overall,MIXED,15.16,BOTTOM,3072,ブラッドサースター,18,9,9,0.5,18,0.16822429906542055,107,1.8888888888888888,15
overall,MIXED,16.5,ALL,3877,ブラッドソング,18,9,9,0.5,18,0.022222222222222223,810,0.2777777777777778,15
overall,MIXED,16.5,UTILITY,3877,ブラッドソング,18,9,9,0.5,18,0.1111111111111111,162,0.2777777777777778,15
overall,MIXED,16.11,MIDDLE,3145,ヘクステック オルタネーター,18,9,9,0.5,18,0.07627118644067797,236,3.4444444444444446,15
overall,MIXED,16.8,MIDDLE,3145,ヘクステック オルタネーター,18,9,9,0.5,18,0.12857142857142856,140,3.0555555555555554,15
overall,MIXED,16.14,TOP,6699,ボルテイク サイクロソード,18,9,9,0.5,18,0.02586206896551724,696,2.7222222222222223,15
overall,MIXED,15.8,TOP,3111,マーキュリー ブーツ,18,9,9,0.5,18,0.13846153846153847,130,1.7222222222222223,15
overall,MIXED,16.17,ALL,3222,ミカエルの祝福,18,9,9,0.5,18,0.0035714285714285713,5040,1.3888888888888888,15
overall,MIXED,16.17,UTILITY,3222,ミカエルの祝福,18,9,9,0.5,18,0.017857142857142856,1008,1.3888888888888888,15
overall,MIXED,15.12,ALL,1058,ムダニ デカイ ロッド,18,9,9,0.5,18,0.03529411764705882,510,3.8333333333333335,15
overall,MIXED,16.11,ALL,6617,ムーンストーンの再生,18,9,9,0.5,18,0.015254237288135594,1180,2.9444444444444446,15
overall,MIXED,16.11,UTILITY,6617,ムーンストーンの再生,18,9,9,0.5,18,0.07627118644067797,236,2.9444444444444446,15
overall,MIXED,15.19,ALL,3033,モータル リマインダー,18,9,9,0.5,18,0.01565217391304348,1150,2.7222222222222223,15
overall,MIXED,15.22,ALL,3035,ラスト ウィスパー,18,9,9,0.5,18,0.02727272727272727,660,3.2222222222222223,15
overall,MIXED,16.8,ALL,3089,ラバドン デスキャップ,18,9,9,0.5,18,0.025714285714285714,700,2.0555555555555554,15
overall,MIXED,16.7,BOTTOM,3094,ラピッド ファイアキャノン,18,9,9,0.5,18,0.11688311688311688,154,2.7777777777777777,15
overall,MIXED,16.16,TOP,3074,ラヴァナス ハイドラ,18,9,9,0.5,18,0.02702702702702703,666,1.5,15
overall,MIXED,15.24,UTILITY,3116,リーライ クリスタル セプター,18,9,9,0.5,18,0.05263157894736842,342,2.6666666666666665,15
overall,MIXED,16.11,JUNGLE,3153,ルインドキング ブレード,18,9,9,0.5,18,0.07627118644067797,236,1.5,15
overall,MIXED,16.2,TOP,1028,ルビー クリスタル,18,9,9,0.5,18,0.1267605633802817,142,3.7777777777777777,15
overall,MIXED,16.1,UTILITY,6655,ルーデン エコー,18,9,9,0.5,18,0.11764705882352941,153,2.3333333333333335,15
overall,MIXED,15.22,ALL,2003,体力ポーション,18,9,9,0.5,18,0.02727272727272727,660,0.9444444444444444,15
overall,MIXED,16.15,MIDDLE,4005,帝国の指令,18,9,9,0.5,18,0.021791767554479417,826,1.6111111111111112,15
overall,MIXED,16.10,ALL,3084,心の鋼,18,9,9,0.5,18,0.016216216216216217,1110,1.3333333333333333,15
overall,MIXED,16.12,ALL,3147,悲愴な仮面,18,9,9,0.5,18,0.020224719101123594,890,3.0,15
overall,MIXED,15.12,ALL,2502,終わりなき絶望,18,9,9,0.5,18,0.03529411764705882,510,1.8333333333333333,15
overall,MIXED,16.16,ALL,3066,翼のムーンプレート,18,9,9,0.5,18,0.005405405405405406,3330,3.0,15
overall,MIXED,15.16,TOP,2031,詰め替えポーション,18,9,9,0.5,18,0.16666666666666666,108,1.5555555555555556,15
overall,MIXED,14.21,ALL,6692,赤月の刃,18,9,9,0.5,18,0.06428571428571428,280,1.8888888888888888,15
overall,MIXED,15.19,TOP,6692,赤月の刃,18,9,9,0.5,18,0.07860262008733625,229,1.7222222222222223,15
overall,MIXED,16.16,JUNGLE,2022,輝きのモート,18,9,9,0.5,18,0.02702702702702703,666,3.9444444444444446,15
overall,MIXED,16.17,TOP,2022,輝きのモート,18,9,9,0.5,18,0.017857142857142856,1008,4.0,15
overall,MIXED,16.18,TOP,2510,黄昏と暁,18,9,9,0.5,18,0.05357142857142857,336,2.0,15
overall,MIXED,16.14,JUNGLE,1038,B. F. ソード,18,8,10,0.4444444444444444,18,0.02586206896551724,696,3.888888888888889,15
overall,MIXED,14.22,BOTTOM,3031,インフィニティ エッジ,18,8,10,0.4444444444444444,18,0.3103448275862069,58,1.9444444444444444,15
overall,MIXED,14.23,ALL,3031,インフィニティ エッジ,18,8,10,0.4444444444444444,18,0.08571428571428572,210,2.7222222222222223,15
overall,MIXED,16.15,TOP,3091,ウィッツ エンド,18,8,10,0.4444444444444444,18,0.021791767554479417,826,2.111111111111111,15
overall,MIXED,16.2,ALL,3508,エッセンス リーバー,18,8,10,0.4444444444444444,18,0.02535211267605634,710,1.5,15
overall,MIXED,15.12,MIDDLE,3364,オラクル レンズ,18,8,10,0.4444444444444444,18,0.17647058823529413,102,6.0,15
overall,MIXED,16.1,UTILITY,3067,キンドルジェム,18,8,10,0.4444444444444444,18,0.11764705882352941,153,3.1666666666666665,15
overall,MIXED,14.24,ALL,6672,クラーケン スレイヤー,18,8,10,0.4444444444444444,18,0.072,250,1.5,15
overall,MIXED,15.14,ALL,6672,クラーケン スレイヤー,18,8,10,0.4444444444444444,18,0.0391304347826087,460,1.7777777777777777,15
overall,MIXED,16.8,JUNGLE,6672,クラーケン スレイヤー,18,8,10,0.4444444444444444,18,0.12857142857142856,140,1.6666666666666667,15
overall,MIXED,16.18,JUNGLE,3124,グインソー レイジブレード,18,8,10,0.4444444444444444,18,0.05357142857142857,336,0.6666666666666666,15
overall,MIXED,16.6,JUNGLE,6676,コレクター,18,8,10,0.4444444444444444,18,0.11842105263157894,152,0.8888888888888888,15
overall,MIXED,15.18,TOP,2055,コントロール ワード,18,8,10,0.4444444444444444,18,0.13846153846153847,130,2.0555555555555554,15
overall,MIXED,15.20,BOTTOM,2055,コントロール ワード,18,8,10,0.4444444444444444,18,0.13636363636363635,132,2.3333333333333335,15
overall,MIXED,16.8,JUNGLE,6610,サンダード スカイ,18,8,10,0.4444444444444444,18,0.12857142857142856,140,2.2777777777777777,15
overall,MIXED,15.13,TOP,3161,ショウジンの矛,18,8,10,0.4444444444444444,18,0.09375,192,2.4444444444444446,15
overall,MIXED,15.20,TOP,3161,ショウジンの矛,18,8,10,0.4444444444444444,18,0.13636363636363635,132,2.1666666666666665,15
overall,MIXED,16.2,ALL,3161,ショウジンの矛,18,8,10,0.4444444444444444,18,0.02535211267605634,710,2.888888888888889,15
overall,MIXED,16.7,ALL,3050,ジーク コンバージェンス,18,8,10,0.4444444444444444,18,0.023376623376623377,770,2.611111111111111,15
overall,MIXED,15.8,UTILITY,3009,スイフトネス ブーツ,18,8,10,0.4444444444444444,18,0.13846153846153847,130,2.9444444444444446,15
overall,MIXED,16.9,UTILITY,3009,スイフトネス ブーツ,18,8,10,0.4444444444444444,18,0.11392405063291139,158,2.2777777777777777,15
overall,MIXED,16.3,JUNGLE,2019,スチール シジル,18,8,10,0.4444444444444444,18,0.10227272727272728,176,3.1666666666666665,15
overall,MIXED,16.7,TOP,6631,ストライドブレイカー,18,8,10,0.4444444444444444,18,0.11688311688311688,154,0.8888888888888888,15
overall,MIXED,15.14,ALL,4646,ストームサージ,18,8,10,0.4444444444444444,18,0.0391304347826087,460,2.6666666666666665,15
overall,MIXED,15.23,ALL,4646,ストームサージ,18,8,10,0.4444444444444444,18,0.03103448275862069,580,2.8333333333333335,15
overall,MIXED,16.3,TOP,3020,ソーサラー シューズ,18,8,10,0.4444444444444444,18,0.10227272727272728,176,2.5555555555555554,15
overall,MIXED,15.8,TOP,3075,ソーンメイル,18,8,10,0.4444444444444444,18,0.13846153846153847,130,2.111111111111111,15
overall,MIXED,16.7,TOP,3075,ソーンメイル,18,8,10,0.4444444444444444,18,0.11688311688311688,154,2.1666666666666665,15
overall,MIXED,16.18,BOTTOM,3157,ゾーニャの砂時計,18,8,10,0.4444444444444444,18,0.05357142857142857,336,1.0,15
overall,MIXED,16.5,ALL,1031,チェイン ベスト,18,8,10,0.4444444444444444,18,0.022222222222222223,810,3.1666666666666665,15
overall,MIXED,15.3,TOP,1054,ドラン シールド,18,8,10,0.4444444444444444,18,0.21951219512195122,82,1.2222222222222223,15
overall,MIXED,15.7,ALL,1054,ドラン シールド,18,8,10,0.4444444444444444,18,0.0391304347826087,460,1.1111111111111112,15
overall,MIXED,15.9,ALL,3870,ドリーム メーカー,18,8,10,0.4444444444444444,18,0.04186046511627907,430,0.6666666666666666,15
overall,MIXED,15.9,UTILITY,3870,ドリーム メーカー,18,8,10,0.4444444444444444,18,0.20930232558139536,86,0.6666666666666666,15
overall,MIXED,16.10,ALL,6675,ナヴォリ フリッカーブレード,18,8,10,0.4444444444444444,18,0.016216216216216217,1110,2.0555555555555554,15
overall,MIXED,15.13,ALL,1057,ネガトロン クローク,18,8,10,0.4444444444444444,18,0.01875,960,3.2777777777777777,15
overall,MIXED,15.1,ALL,3006,バーサーカー ブーツ,18,8,10,0.4444444444444444,18,0.09473684210526316,190,2.2777777777777777,15
overall,MIXED,15.13,JUNGLE,1037,ピッケル,18,8,10,0.4444444444444444,18,0.09375,192,3.4444444444444446,15
overall,MIXED,15.11,MIDDLE,3363,ファーサイト オルタレーション,18,8,10,0.4444444444444444,18,0.16981132075471697,106,6.0,15
overall,MIXED,15.18,ALL,3110,フローズン ハート,18,8,10,0.4444444444444444,18,0.027692307692307693,650,3.0555555555555554,15
overall,MIXED,15.12,TOP,3071,ブラック クリーバー,18,8,10,0.4444444444444444,18,0.17647058823529413,102,1.7222222222222223,15
overall,MIXED,16.6,ALL,3877,ブラッドソング,18,8,10,0.4444444444444444,18,0.02368421052631579,760,0.4444444444444444,15
overall,MIXED,16.6,UTILITY,3877,ブラッドソング,18,8,10,0.4444444444444444,18,0.11920529801324503,151,0.4444444444444444,15
overall,MIXED,15.19,UTILITY,1001,ブーツ,18,8,10,0.4444444444444444,18,0.0782608695652174,230,3.2777777777777777,15
overall,MIXED,15.9,JUNGLE,3047,プレート スチールキャップ,18,8,10,0.4444444444444444,18,0.20930232558139536,86,2.2222222222222223,15
overall,MIXED,16.6,ALL,2525,プロトプラズム ハーネス,18,8,10,0.4444444444444444,18,0.02368421052631579,760,2.4444444444444446,15
overall,MIXED,15.4,ALL,3111,マーキュリー ブーツ,18,8,10,0.4444444444444444,18,0.06666666666666667,270,2.611111111111111,15
overall,MIXED,16.12,TOP,3111,マーキュリー ブーツ,18,8,10,0.4444444444444444,18,0.10112359550561797,178,2.8333333333333335,15
overall,MIXED,15.10,ALL,3042,ムラマナ,18,8,10,0.4444444444444444,18,0.02608695652173913,690,1.6111111111111112,15
overall,MIXED,15.24,BOTTOM,3033,モータル リマインダー,18,8,10,0.4444444444444444,18,0.05278592375366569,341,1.7777777777777777,15
overall,MIXED,16.1,TOP,6653,ライアンドリーの仮面,18,8,10,0.4444444444444444,18,0.11688311688311688,154,2.5,15
overall,MIXED,16.2,TOP,6653,ライアンドリーの仮面,18,8,10,0.4444444444444444,18,0.1267605633802817,142,1.5,15
overall,MIXED,16.2,UTILITY,6653,ライアンドリーの仮面,18,8,10,0.4444444444444444,18,0.1267605633802817,142,2.1666666666666665,15
overall,MIXED,15.13,ALL,3035,ラスト ウィスパー,18,8,10,0.4444444444444444,18,0.01875,960,3.7222222222222223,15
overall,MIXED,16.2,JUNGLE,4633,リフトメーカー,18,8,10,0.4444444444444444,18,0.1267605633802817,142,2.0555555555555554,15
overall,MIXED,15.7,ALL,3085,ルナーン ハリケーン,18,8,10,0.4444444444444444,18,0.0391304347826087,460,2.5,15
overall,MIXED,16.15,MIDDLE,1028,ルビー クリスタル,18,8,10,0.4444444444444444,18,0.021791767554479417,826,3.8333333333333335,15
overall,MIXED,15.24,ALL,3802,ロスト チャプター,18,8,10,0.4444444444444444,18,0.010526315789473684,1710,2.888888888888889,15
overall,MIXED,15.19,JUNGLE,1036,ロング ソード,18,8,10,0.4444444444444444,18,0.07792207792207792,231,3.611111111111111,15
overall,MIXED,15.14,MIDDLE,1052,増魔の書,18,8,10,0.4444444444444444,18,0.1956521739130435,92,3.8333333333333335,15
overall,MIXED,16.13,JUNGLE,6665,変幻自在のジャック＝ショー,18,8,10,0.4444444444444444,18,0.02735562310030395,658,3.2222222222222223,15
overall,MIXED,15.21,ALL,3142,妖夢の霊剣,18,8,10,0.4444444444444444,18,0.030508474576271188,590,1.2222222222222223,15
overall,MIXED,16.17,TOP,3916,忘却のオーブ,18,8,10,0.4444444444444444,18,0.017857142857142856,1008,2.7222222222222223,15
overall,MIXED,16.6,ALL,2022,輝きのモート,18,8,10,0.4444444444444444,18,0.02368421052631579,760,4.277777777777778,15
overall,MIXED,16.18,BOTTOM,2503,黒炎のトーチ,18,8,10,0.4444444444444444,18,0.05357142857142857,336,1.9444444444444444,15
overall,MIXED,16.5,MIDDLE,2503,黒炎のトーチ,18,8,10,0.4444444444444444,18,0.1111111111111111,162,2.0,15
overall,MIXED,16.17,TOP,1038,B. F. ソード,18,7,11,0.3888888888888889,18,0.017857142857142856,1008,4.333333333333333,15
overall,MIXED,16.12,BOTTOM,1018,アジリティ クローク,18,7,11,0.3888888888888889,18,0.1016949152542373,177,3.7222222222222223,15
overall,MIXED,16.17,TOP,1018,アジリティ クローク,18,7,11,0.3888888888888889,18,0.017857142857142856,1008,4.055555555555555,15
overall,MIXED,16.16,JUNGLE,6673,イモータル シールドボウ,18,7,11,0.3888888888888889,18,0.02702702702702703,666,2.4444444444444446,15
overall,MIXED,15.17,TOP,3364,オラクル レンズ,18,7,11,0.3888888888888889,18,0.1111111111111111,162,6.0,15
overall,MIXED,15.20,MIDDLE,3364,オラクル レンズ,18,7,11,0.3888888888888889,18,0.13740458015267176,131,6.0,15
overall,MIXED,14.19,ALL,1029,クロース アーマー,18,7,11,0.3888888888888889,18,0.04285714285714286,420,3.611111111111111,15
overall,MIXED,15.4,ALL,1029,クロース アーマー,18,7,11,0.3888888888888889,18,0.06666666666666667,270,3.8333333333333335,15
overall,MIXED,15.24,ALL,3124,グインソー レイジブレード,18,7,11,0.3888888888888889,18,0.010526315789473684,1710,1.8333333333333333,15
overall,MIXED,15.20,ALL,3068,サンファイア イージス,18,7,11,0.3888888888888889,18,0.02727272727272727,660,1.5555555555555556,15
overall,MIXED,15.17,ALL,1011,ジャイアント ベルト,18,7,11,0.3888888888888889,18,0.022222222222222223,810,3.5555555555555554,15
overall,MIXED,15.11,ALL,3053,ステラックの篭手,18,7,11,0.3888888888888889,18,0.033962264150943396,530,2.1666666666666665,15
overall,MIXED,15.24,UTILITY,3340,ステルス ワード,18,7,11,0.3888888888888889,18,0.05263157894736842,342,6.0,15
overall,MIXED,15.20,ALL,6631,ストライドブレイカー,18,7,11,0.3888888888888889,18,0.02727272727272727,660,0.7222222222222222,15
overall,MIXED,15.9,ALL,6631,ストライドブレイカー,18,7,11,0.3888888888888889,18,0.04186046511627907,430,1.6666666666666667,15
overall,MIXED,16.3,ALL,6694,セリルダの怨恨,18,7,11,0.3888888888888889,18,0.020454545454545454,880,3.1666666666666665,15
overall,MIXED,16.3,JUNGLE,6333,デス ダンス,18,7,11,0.3888888888888889,18,0.10227272727272728,176,2.9444444444444446,15
overall,MIXED,16.8,TOP,3078,トリニティ フォース,18,7,11,0.3888888888888889,18,0.12857142857142856,140,1.3888888888888888,15
overall,MIXED,15.8,TOP,1056,ドラン リング,18,7,11,0.3888888888888889,18,0.13846153846153847,130,0.3888888888888889,15
overall,MIXED,15.14,ALL,3115,ナッシャー トゥース,18,7,11,0.3888888888888889,18,0.0391304347826087,460,1.8888888888888888,15
overall,MIXED,16.17,TOP,3115,ナッシャー トゥース,18,7,11,0.3888888888888889,18,0.017857142857142856,1008,2.111111111111111,15
overall,MIXED,16.8,ALL,1033,ヌルマジック マント,18,7,11,0.3888888888888889,18,0.025714285714285714,700,3.7222222222222223,15
overall,MIXED,16.15,ALL,2520,バスティオンブレイカー,18,7,11,0.3888888888888889,18,0.0043583535108958835,4130,2.2777777777777777,15
overall,MIXED,16.18,TOP,3110,フローズン ハート,18,7,11,0.3888888888888889,18,0.05357142857142857,336,2.7222222222222223,15
overall,MIXED,16.5,ALL,3072,ブラッドサースター,18,7,11,0.3888888888888889,18,0.022222222222222223,810,2.0555555555555554,15
overall,MIXED,15.11,ALL,1001,ブーツ,18,7,11,0.3888888888888889,18,0.033962264150943396,530,2.3333333333333335,15
overall,MIXED,15.22,ALL,1001,ブーツ,18,7,11,0.3888888888888889,18,0.02727272727272727,660,3.4444444444444446,15
overall,MIXED,15.11,JUNGLE,3111,マーキュリー ブーツ,18,7,11,0.3888888888888889,18,0.16981132075471697,106,2.5,15
overall,MIXED,15.22,TOP,3111,マーキュリー ブーツ,18,7,11,0.3888888888888889,18,0.13636363636363635,132,2.5555555555555554,15
overall,MIXED,16.14,UTILITY,3165,モレロノミコン,18,7,11,0.3888888888888889,18,0.02586206896551724,696,3.3333333333333335,15
overall,MIXED,15.22,MIDDLE,6653,ライアンドリーの仮面,18,7,11,0.3888888888888889,18,0.13636363636363635,132,2.3333333333333335,15
overall,MIXED,16.3,TOP,1028,ルビー クリスタル,18,7,11,0.3888888888888889,18,0.10227272727272728,176,3.9444444444444446,15
overall,MIXED,16.14,UTILITY,3802,ロスト チャプター,18,7,11,0.3888888888888889,18,0.02586206896551724,696,3.1666666666666665,15
overall,MIXED,14.20,MIDDLE,2031,詰め替えポーション,18,7,11,0.3888888888888889,18,0.1956521739130435,92,1.3888888888888888,15
overall,MIXED,15.2,ALL,6692,赤月の刃,18,7,11,0.3888888888888889,18,0.0391304347826087,460,1.4444444444444444,15
overall,MIXED,16.12,ALL,3123,エクスキューショナー コーリング,18,6,12,0.3333333333333333,18,0.020224719101123594,890,2.1666666666666665,15
overall,MIXED,15.13,JUNGLE,3133,コールフィールド ウォーハンマー,18,6,12,0.3333333333333333,18,0.09375,192,3.2777777777777777,15
overall,MIXED,15.17,UTILITY,3075,ソーンメイル,18,6,12,0.3333333333333333,18,0.11180124223602485,161,3.5,15
overall,MIXED,15.20,ALL,1082,ダーク シール,18,6,12,0.3333333333333333,18,0.02727272727272727,660,2.7777777777777777,15
overall,MIXED,15.10,ALL,3870,ドリーム メーカー,18,6,12,0.3333333333333333,18,0.02608695652173913,690,0.2777777777777778,15
overall,MIXED,15.10,UTILITY,3870,ドリーム メーカー,18,6,12,0.3333333333333333,18,0.13043478260869565,138,0.2777777777777778,15
overall,MIXED,16.1,BOTTOM,1037,ピッケル,18,6,12,0.3333333333333333,18,0.11688311688311688,154,3.388888888888889,15
overall,MIXED,16.4,ALL,3145,ヘクステック オルタネーター,18,6,12,0.3333333333333333,18,0.033962264150943396,530,4.111111111111111,15
overall,MIXED,15.20,ALL,3152,ヘクステック ロケットベルト,18,6,12,0.3333333333333333,18,0.02727272727272727,660,1.3333333333333333,15
overall,MIXED,16.4,BOTTOM,3032,ユン・タル ワイルドアロー,18,6,12,0.3333333333333333,18,0.16981132075471697,106,1.5555555555555556,15
overall,MIXED,16.11,TOP,3116,リーライ クリスタル セプター,18,6,12,0.3333333333333333,18,0.07627118644067797,236,2.611111111111111,15
overall,MIXED,16.3,UTILITY,6655,ルーデン エコー,18,6,12,0.3333333333333333,18,0.10227272727272728,176,1.9444444444444444,15
overall,MIXED,16.8,BOTTOM,1036,ロング ソード,18,6,12,0.3333333333333333,18,0.12857142857142856,140,3.8333333333333335,15
overall,MIXED,16.5,ALL,2022,輝きのモート,18,6,12,0.3333333333333333,18,0.022222222222222223,810,4.055555555555555,15
overall,MIXED,16.6,ALL,3108,フィンディッシュの古書,18,5,13,0.2777777777777778,18,0.02368421052631579,760,2.7222222222222223,15
overall,MIXED,15.21,UTILITY,3047,プレート スチールキャップ,18,5,13,0.2777777777777778,18,0.15254237288135594,118,2.9444444444444446,15
overall,MIXED,16.15,BOTTOM,4628,ホライゾン フォーカス,18,5,13,0.2777777777777778,18,0.021791767554479417,826,2.5555555555555554,15
overall,MIXED,15.23,ALL,3032,ユン・タル ワイルドアロー,18,5,13,0.2777777777777778,18,0.03103448275862069,580,1.9444444444444444,15
overall,MIXED,15.23,BOTTOM,3032,ユン・タル ワイルドアロー,18,5,13,0.2777777777777778,18,0.15517241379310345,116,1.9444444444444444,15
overall,MIXED,16.7,MIDDLE,3153,ルインドキング ブレード,18,5,13,0.2777777777777778,18,0.11688311688311688,154,2.2777777777777777,15
overall,MIXED,15.11,ALL,2503,黒炎のトーチ,18,5,13,0.2777777777777778,18,0.033962264150943396,530,2.1666666666666665,15
overall,MIXED,15.20,TOP,2055,コントロール ワード,18,4,14,0.2222222222222222,18,0.13636363636363635,132,2.2222222222222223,15
overall,MIXED,15.24,BOTTOM,3078,トリニティ フォース,18,4,14,0.2222222222222222,18,0.05278592375366569,341,1.9444444444444444,15
overall,MIXED,16.6,ALL,3814,ナイト エッジ,18,4,14,0.2222222222222222,18,0.02368421052631579,760,2.7222222222222223,15
overall,MIXED,16.17,TOP,1001,ブーツ,18,4,14,0.2222222222222222,18,0.017857142857142856,1008,2.4444444444444446,15
overall,MIXED,15.17,JUNGLE,3111,マーキュリー ブーツ,18,4,14,0.2222222222222222,18,0.1111111111111111,162,2.3333333333333335,15
overall,MIXED,16.18,UTILITY,3116,リーライ クリスタル セプター,18,4,14,0.2222222222222222,18,0.05357142857142857,336,2.3333333333333335,15
overall,MIXED,16.16,MIDDLE,3147,悲愴な仮面,18,4,14,0.2222222222222222,18,0.02702702702702703,666,3.2777777777777777,15
overall,MIXED,16.11,TOP,3006,バーサーカー ブーツ,18,3,15,0.16666666666666666,18,0.07627118644067797,236,2.2222222222222223,15
overall,MIXED,16.16,MIDDLE,1001,ブーツ,18,3,15,0.16666666666666666,18,0.02702702702702703,666,3.0,15
overall,MIXED,15.21,ALL,3172,ガンメタル ブーツ,17,15,2,0.8823529411764706,17,0.0288135593220339,590,2.5294117647058822,15
overall,MIXED,15.11,ALL,3508,エッセンス リーバー,17,14,3,0.8235294117647058,17,0.03207547169811321,530,2.588235294117647,15
overall,MIXED,15.11,BOTTOM,3508,エッセンス リーバー,17,14,3,0.8235294117647058,17,0.16037735849056603,106,2.588235294117647,15
overall,MIXED,15.15,ALL,3172,ガンメタル ブーツ,17,14,3,0.8235294117647058,17,0.041463414634146344,410,1.9411764705882353,15
overall,MIXED,15.17,JUNGLE,3124,グインソー レイジブレード,17,14,3,0.8235294117647058,17,0.10493827160493827,162,2.411764705882353,15
overall,MIXED,16.10,BOTTOM,3094,ラピッド ファイアキャノン,17,14,3,0.8235294117647058,17,0.07657657657657657,222,2.7058823529411766,15
overall,MIXED,15.21,MIDDLE,3175,連呪使いのブーツ,17,14,3,0.8235294117647058,17,0.1440677966101695,118,2.6470588235294117,15
overall,MIXED,16.14,TOP,4645,シャドウフレイム,17,13,4,0.7647058823529411,17,0.02442528735632184,696,2.176470588235294,15
overall,MIXED,15.12,ALL,3170,スイフトマーチ,17,13,4,0.7647058823529411,17,0.03333333333333333,510,2.3529411764705883,15
overall,MIXED,16.16,UTILITY,4646,ストームサージ,17,13,4,0.7647058823529411,17,0.025525525525525526,666,3.0588235294117645,15
overall,MIXED,16.2,ALL,3040,セラフ エンブレイス,17,13,4,0.7647058823529411,17,0.023943661971830985,710,1.7058823529411764,15
overall,MIXED,16.16,UTILITY,3110,フローズン ハート,17,13,4,0.7647058823529411,17,0.025525525525525526,666,3.1176470588235294,15
overall,MIXED,16.17,TOP,2003,体力ポーション,17,13,4,0.7647058823529411,17,0.016865079365079364,1008,1.1176470588235294,15
overall,MIXED,15.20,ALL,3171,真紅のアイオニア ブーツ,17,13,4,0.7647058823529411,17,0.025757575757575757,660,2.8823529411764706,15
overall,MIXED,15.17,JUNGLE,3174,装甲強化の進撃,17,13,4,0.7647058823529411,17,0.10493827160493827,162,2.588235294117647,15
overall,MIXED,15.12,BOTTOM,3508,エッセンス リーバー,17,12,5,0.7058823529411765,17,0.16831683168316833,101,2.2941176470588234,15
overall,MIXED,14.22,ALL,6610,サンダード スカイ,17,12,5,0.7058823529411765,17,0.05862068965517241,290,1.7647058823529411,15
overall,MIXED,15.13,ALL,3068,サンファイア イージス,17,12,5,0.7058823529411765,17,0.017708333333333333,960,1.7058823529411764,15
overall,MIXED,16.11,ALL,3068,サンファイア イージス,17,12,5,0.7058823529411765,17,0.01440677966101695,1180,2.235294117647059,15
overall,MIXED,16.2,JUNGLE,4645,シャドウフレイム,17,12,5,0.7058823529411765,17,0.11971830985915492,142,2.0,15
overall,MIXED,16.3,ALL,3086,ジール,17,12,5,0.7058823529411765,17,0.019318181818181818,880,3.764705882352941,15
overall,MIXED,16.1,ALL,2019,スチール シジル,17,12,5,0.7058823529411765,17,0.02207792207792208,770,2.7058823529411766,15
overall,MIXED,16.16,MIDDLE,6694,セリルダの怨恨,17,12,5,0.7058823529411765,17,0.025525525525525526,666,2.6470588235294117,15
overall,MIXED,16.7,MIDDLE,1082,ダーク シール,17,12,5,0.7058823529411765,17,0.11038961038961038,154,3.411764705882353,15
overall,MIXED,15.22,ALL,6333,デス ダンス,17,12,5,0.7058823529411765,17,0.025757575757575757,660,2.764705882352941,15
overall,MIXED,16.18,JUNGLE,3036,ドミニク リガード,17,12,5,0.7058823529411765,17,0.050595238095238096,336,3.176470588235294,15
overall,MIXED,16.11,ALL,3814,ナイト エッジ,17,12,5,0.7058823529411765,17,0.01440677966101695,1180,2.6470588235294117,15
overall,MIXED,15.10,ALL,3115,ナッシャー トゥース,17,12,5,0.7058823529411765,17,0.02463768115942029,690,1.6470588235294117,15
overall,MIXED,15.18,ALL,3046,ファントム ダンサー,17,12,5,0.7058823529411765,17,0.026153846153846153,650,2.3529411764705883,15
overall,MIXED,14.19,ALL,3071,ブラック クリーバー,17,12,5,0.7058823529411765,17,0.04047619047619048,420,2.588235294117647,15
overall,MIXED,16.1,JUNGLE,3071,ブラック クリーバー,17,12,5,0.7058823529411765,17,0.11038961038961038,154,2.7058823529411766,15
overall,MIXED,15.22,ALL,4628,ホライゾン フォーカス,17,12,5,0.7058823529411765,17,0.025757575757575757,660,3.176470588235294,15
overall,MIXED,16.13,TOP,6664,ホロウ レディアンス,17,12,5,0.7058823529411765,17,0.025835866261398176,658,2.0588235294117645,15
overall,MIXED,16.15,TOP,3118,マリグナンス,17,12,5,0.7058823529411765,17,0.020581113801452784,826,2.3529411764705883,15
overall,MIXED,15.7,JUNGLE,3111,マーキュリー ブーツ,17,12,5,0.7058823529411765,17,0.18478260869565216,92,2.9411764705882355,15
overall,MIXED,16.15,ALL,3222,ミカエルの祝福,17,12,5,0.7058823529411765,17,0.004116222760290557,4130,1.2941176470588236,15
overall,MIXED,16.1,BOTTOM,3035,ラスト ウィスパー,17,12,5,0.7058823529411765,17,0.11038961038961038,154,3.3529411764705883,15
overall,MIXED,14.19,ALL,4633,リフトメーカー,17,12,5,0.7058823529411765,17,0.04047619047619048,420,1.9411764705882353,15
overall,MIXED,15.20,TOP,3116,リーライ クリスタル セプター,17,12,5,0.7058823529411765,17,0.12878787878787878,132,2.0,15
overall,MIXED,15.11,ALL,3085,ルナーン ハリケーン,17,12,5,0.7058823529411765,17,0.03207547169811321,530,2.4705882352941178,15
overall,MIXED,15.11,BOTTOM,3085,ルナーン ハリケーン,17,12,5,0.7058823529411765,17,0.16037735849056603,106,2.4705882352941178,15
overall,MIXED,16.13,MIDDLE,3135,ヴォイド スタッフ,17,12,5,0.7058823529411765,17,0.025835866261398176,658,2.823529411764706,15
overall,MIXED,15.13,ALL,2003,体力ポーション,17,12,5,0.7058823529411765,17,0.017708333333333333,960,1.1764705882352942,15
overall,MIXED,16.12,ALL,3109,騎士の誓い,17,12,5,0.7058823529411765,17,0.019101123595505618,890,2.588235294117647,15
overall,MIXED,15.21,ALL,6673,イモータル シールドボウ,17,11,6,0.6470588235294118,17,0.0288135593220339,590,2.823529411764706,15
overall,MIXED,16.17,BOTTOM,6673,イモータル シールドボウ,17,11,6,0.6470588235294118,17,0.016865079365079364,1008,2.764705882352941,15
overall,MIXED,15.14,ALL,3067,キンドルジェム,17,11,6,0.6470588235294118,17,0.03695652173913044,460,3.4705882352941178,15
overall,MIXED,15.21,JUNGLE,6672,クラーケン スレイヤー,17,11,6,0.6470588235294118,17,0.1440677966101695,118,1.7058823529411764,15
overall,MIXED,15.19,JUNGLE,4629,コズミック ドライブ,17,11,6,0.6470588235294118,17,0.0735930735930736,231,1.7647058823529411,15
overall,MIXED,14.23,ALL,3871,ザズ＝ザクのレルムスパイク,17,11,6,0.6470588235294118,17,0.08095238095238096,210,0.11764705882352941,15
overall,MIXED,14.23,UTILITY,3871,ザズ＝ザクのレルムスパイク,17,11,6,0.6470588235294118,17,0.40476190476190477,42,0.11764705882352941,15
overall,MIXED,15.13,ALL,3065,スピリット ビサージュ,17,11,6,0.6470588235294118,17,0.017708333333333333,960,2.6470588235294117,15
overall,MIXED,16.14,BOTTOM,3040,セラフ エンブレイス,17,11,6,0.6470588235294118,17,0.02442528735632184,696,1.7058823529411764,15
overall,MIXED,16.4,JUNGLE,3020,ソーサラー シューズ,17,11,6,0.6470588235294118,17,0.16037735849056603,106,1.2941176470588236,15
overall,MIXED,15.4,ALL,3075,ソーンメイル,17,11,6,0.6470588235294118,17,0.06296296296296296,270,1.9411764705882353,15
overall,MIXED,16.9,TOP,3075,ソーンメイル,17,11,6,0.6470588235294118,17,0.10759493670886076,158,3.0,15
overall,MIXED,16.4,MIDDLE,3157,ゾーニャの砂時計,17,11,6,0.6470588235294118,17,0.16037735849056603,106,1.1764705882352942,15
overall,MIXED,16.2,ALL,1042,ダガー,17,11,6,0.6470588235294118,17,0.023943661971830985,710,3.235294117647059,15
overall,MIXED,15.10,ALL,1082,ダーク シール,17,11,6,0.6470588235294118,17,0.02463768115942029,690,2.5294117647058822,15
overall,MIXED,16.16,JUNGLE,1031,チェイン ベスト,17,11,6,0.6470588235294118,17,0.025525525525525526,666,3.1176470588235294,15
overall,MIXED,15.17,ALL,6333,デス ダンス,17,11,6,0.6470588235294118,17,0.020987654320987655,810,2.588235294117647,15
overall,MIXED,16.11,TOP,2021,トンネル掘り,17,11,6,0.6470588235294118,17,0.07203389830508475,236,3.588235294117647,15
overall,MIXED,16.5,BOTTOM,3046,ファントム ダンサー,17,11,6,0.6470588235294118,17,0.10493827160493827,162,1.7647058823529411,15
overall,MIXED,15.24,ALL,1026,ブラスティング ワンド,17,11,6,0.6470588235294118,17,0.009941520467836258,1710,3.5294117647058822,15
overall,MIXED,15.17,TOP,3071,ブラック クリーバー,17,11,6,0.6470588235294118,17,0.10493827160493827,162,2.0588235294117645,15
overall,MIXED,16.16,UTILITY,3071,ブラック クリーバー,17,11,6,0.6470588235294118,17,0.025525525525525526,666,2.2941176470588234,15
overall,MIXED,15.11,ALL,3072,ブラッドサースター,17,11,6,0.6470588235294118,17,0.03207547169811321,530,0.9411764705882353,15
overall,MIXED,16.9,BOTTOM,3072,ブラッドサースター,17,11,6,0.6470588235294118,17,0.10759493670886076,158,1.5294117647058822,15
overall,MIXED,16.2,ALL,3076,ブランブル ベスト,17,11,6,0.6470588235294118,17,0.023943661971830985,710,3.823529411764706,15
overall,MIXED,16.3,ALL,2525,プロトプラズム ハーネス,17,11,6,0.6470588235294118,17,0.019318181818181818,880,1.9411764705882353,15
overall,MIXED,16.15,JUNGLE,3041,メジャイ ソウルスティーラー,17,11,6,0.6470588235294118,17,0.020581113801452784,826,1.7647058823529411,15
overall,MIXED,16.12,MIDDLE,6653,ライアンドリーの仮面,17,11,6,0.6470588235294118,17,0.09550561797752809,178,2.2941176470588234,15
overall,MIXED,16.8,ALL,4633,リフトメーカー,17,11,6,0.6470588235294118,17,0.024285714285714285,700,2.4705882352941178,15
overall,MIXED,16.14,BOTTOM,3116,リーライ クリスタル セプター,17,11,6,0.6470588235294118,17,0.02442528735632184,696,2.0,15
overall,MIXED,16.17,BOTTOM,3153,ルインドキング ブレード,17,11,6,0.6470588235294118,17,0.016865079365079364,1008,2.0,15
overall,MIXED,15.11,ALL,6657,ロッド オブ エイジス,17,11,6,0.6470588235294118,17,0.03207547169811321,530,1.7647058823529411,15
overall,MIXED,15.11,MIDDLE,6657,ロッド オブ エイジス,17,11,6,0.6470588235294118,17,0.16037735849056603,106,1.7647058823529411,15
overall,MIXED,15.4,ALL,1052,増魔の書,17,11,6,0.6470588235294118,17,0.06296296296296296,270,3.3529411764705883,15
overall,MIXED,16.12,ALL,6665,変幻自在のジャック＝ショー,17,11,6,0.6470588235294118,17,0.019101123595505618,890,3.588235294117647,15
overall,MIXED,16.5,BOTTOM,3142,妖夢の霊剣,17,11,6,0.6470588235294118,17,0.10493827160493827,162,1.1764705882352942,15
overall,MIXED,15.8,ALL,3147,悲愴な仮面,17,11,6,0.6470588235294118,17,0.026153846153846153,650,3.7058823529411766,15
overall,MIXED,16.6,ALL,3171,真紅のアイオニア ブーツ,17,11,6,0.6470588235294118,17,0.02236842105263158,760,2.764705882352941,15
overall,MIXED,16.6,MIDDLE,3171,真紅のアイオニア ブーツ,17,11,6,0.6470588235294118,17,0.1118421052631579,152,2.764705882352941,15
overall,MIXED,15.10,ALL,2502,終わりなき絶望,17,11,6,0.6470588235294118,17,0.02463768115942029,690,2.588235294117647,15
overall,MIXED,15.9,ALL,3174,装甲強化の進撃,17,11,6,0.6470588235294118,17,0.03953488372093023,430,2.176470588235294,15
overall,MIXED,15.13,ALL,2022,輝きのモート,17,11,6,0.6470588235294118,17,0.017708333333333333,960,4.0,15
overall,MIXED,16.12,BOTTOM,1038,B. F. ソード,17,10,7,0.5882352941176471,17,0.096045197740113,177,3.4705882352941178,15
overall,MIXED,15.16,ALL,6673,イモータル シールドボウ,17,10,7,0.5882352941176471,17,0.03148148148148148,540,2.7058823529411766,15
overall,MIXED,16.14,JUNGLE,6673,イモータル シールドボウ,17,10,7,0.5882352941176471,17,0.02442528735632184,696,3.0,15
overall,MIXED,16.4,ALL,3508,エッセンス リーバー,17,10,7,0.5882352941176471,17,0.03207547169811321,530,1.411764705882353,15
overall,MIXED,14.24,ALL,3067,キンドルジェム,17,10,7,0.5882352941176471,17,0.068,250,3.764705882352941,15
overall,MIXED,15.18,JUNGLE,6672,クラーケン スレイヤー,17,10,7,0.5882352941176471,17,0.13076923076923078,130,1.6470588235294117,15
overall,MIXED,16.13,TOP,3008,グラトナス ブーツ,17,10,7,0.5882352941176471,17,0.025835866261398176,658,2.823529411764706,15
overall,MIXED,16.12,TOP,3068,サンファイア イージス,17,10,7,0.5882352941176471,17,0.09550561797752809,178,2.235294117647059,15
overall,MIXED,14.23,ALL,4645,シャドウフレイム,17,10,7,0.5882352941176471,17,0.08095238095238096,210,2.235294117647059,15
overall,MIXED,15.20,ALL,2420,シーカー アームガード,17,10,7,0.5882352941176471,17,0.025757575757575757,660,1.8823529411764706,15
overall,MIXED,16.13,ALL,3170,スイフトマーチ,17,10,7,0.5882352941176471,17,0.005167173252279635,3290,2.7058823529411766,15
overall,MIXED,16.13,MIDDLE,3170,スイフトマーチ,17,10,7,0.5882352941176471,17,0.025835866261398176,658,2.7058823529411766,15
overall,MIXED,15.8,MIDDLE,4646,ストームサージ,17,10,7,0.5882352941176471,17,0.13076923076923078,130,2.588235294117647,15
overall,MIXED,16.10,UTILITY,4646,ストームサージ,17,10,7,0.5882352941176471,17,0.07657657657657657,222,3.1176470588235294,15
overall,MIXED,16.11,UTILITY,4646,ストームサージ,17,10,7,0.5882352941176471,17,0.07203389830508475,236,2.3529411764705883,15
overall,MIXED,16.3,ALL,3134,セレイテッド ダーク,17,10,7,0.5882352941176471,17,0.019318181818181818,880,3.411764705882353,15
overall,MIXED,16.7,MIDDLE,3157,ゾーニャの砂時計,17,10,7,0.5882352941176471,17,0.11038961038961038,154,1.411764705882353,15
overall,MIXED,16.17,JUNGLE,1042,ダガー,17,10,7,0.5882352941176471,17,0.016865079365079364,1008,3.7058823529411766,15
overall,MIXED,15.11,ALL,1082,ダーク シール,17,10,7,0.5882352941176471,17,0.03207547169811321,530,3.0588235294117645,15
overall,MIXED,15.9,MIDDLE,1082,ダーク シール,17,10,7,0.5882352941176471,17,0.19767441860465115,86,2.0588235294117645,15
overall,MIXED,15.21,ALL,3036,ドミニク リガード,17,10,7,0.5882352941176471,17,0.0288135593220339,590,3.235294117647059,15
overall,MIXED,15.22,ALL,3036,ドミニク リガード,17,10,7,0.5882352941176471,17,0.025757575757575757,660,2.9411764705882355,15
overall,MIXED,15.12,TOP,1055,ドラン ブレード,17,10,7,0.5882352941176471,17,0.16666666666666666,102,1.1764705882352942,15
overall,MIXED,16.14,JUNGLE,3814,ナイト エッジ,17,10,7,0.5882352941176471,17,0.02442528735632184,696,3.0588235294117645,15
overall,MIXED,16.11,ALL,3115,ナッシャー トゥース,17,10,7,0.5882352941176471,17,0.01440677966101695,1180,1.7058823529411764,15
overall,MIXED,16.16,TOP,1057,ネガトロン クローク,17,10,7,0.5882352941176471,17,0.025525525525525526,666,2.8823529411764706,15
overall,MIXED,15.11,TOP,3181,ハルブレイカー,17,10,7,0.5882352941176471,17,0.16037735849056603,106,3.0,15
overall,MIXED,16.13,ALL,3102,バンシー ヴェール,17,10,7,0.5882352941176471,17,0.005167173252279635,3290,3.176470588235294,15
overall,MIXED,16.13,UTILITY,4642,バンドルグラスの鏡,17,10,7,0.5882352941176471,17,0.0258751902587519,657,4.0,15
overall,MIXED,16.5,ALL,2524,バンドルパイプ,17,10,7,0.5882352941176471,17,0.020987654320987655,810,1.7647058823529411,15
overall,MIXED,15.13,TOP,1037,ピッケル,17,10,7,0.5882352941176471,17,0.08854166666666667,192,3.6470588235294117,15
overall,MIXED,15.19,TOP,1037,ピッケル,17,10,7,0.5882352941176471,17,0.07423580786026202,229,3.588235294117647,15
overall,MIXED,16.10,JUNGLE,1037,ピッケル,17,10,7,0.5882352941176471,17,0.07657657657657657,222,3.176470588235294,15
overall,MIXED,15.12,MIDDLE,3363,ファーサイト オルタレーション,17,10,7,0.5882352941176471,17,0.16666666666666666,102,6.0,15
overall,MIXED,16.16,JUNGLE,3044,ファージ,17,10,7,0.5882352941176471,17,0.025525525525525526,666,2.235294117647059,15
overall,MIXED,16.1,ALL,3072,ブラッドサースター,17,10,7,0.5882352941176471,17,0.02207792207792208,770,2.588235294117647,15
overall,MIXED,16.1,BOTTOM,3072,ブラッドサースター,17,10,7,0.5882352941176471,17,0.11038961038961038,154,2.588235294117647,15
overall,MIXED,15.23,MIDDLE,3118,マリグナンス,17,10,7,0.5882352941176471,17,0.14655172413793102,116,2.2941176470588234,15
overall,MIXED,16.13,UTILITY,3165,モレロノミコン,17,10,7,0.5882352941176471,17,0.0258751902587519,657,3.0588235294117645,15
overall,MIXED,16.12,ALL,3033,モータル リマインダー,17,10,7,0.5882352941176471,17,0.019101123595505618,890,2.4705882352941178,15
overall,MIXED,15.16,BOTTOM,3032,ユン・タル ワイルドアロー,17,10,7,0.5882352941176471,17,0.1588785046728972,107,1.8823529411764706,15
overall,MIXED,16.5,BOTTOM,3032,ユン・タル ワイルドアロー,17,10,7,0.5882352941176471,17,0.10493827160493827,162,1.4705882352941178,15
overall,MIXED,15.11,MIDDLE,6653,ライアンドリーの仮面,17,10,7,0.5882352941176471,17,0.16037735849056603,106,2.588235294117647,15
overall,MIXED,15.16,MIDDLE,3089,ラバドン デスキャップ,17,10,7,0.5882352941176471,17,0.1574074074074074,108,1.9411764705882353,15
overall,MIXED,15.23,MIDDLE,3089,ラバドン デスキャップ,17,10,7,0.5882352941176471,17,0.14655172413793102,116,2.411764705882353,15
overall,MIXED,16.14,MIDDLE,4633,リフトメーカー,17,10,7,0.5882352941176471,17,0.02442528735632184,696,2.588235294117647,15
overall,MIXED,16.7,UTILITY,3116,リーライ クリスタル セプター,17,10,7,0.5882352941176471,17,0.11038961038961038,154,2.0,15
overall,MIXED,15.1,ALL,3153,ルインドキング ブレード,17,10,7,0.5882352941176471,17,0.08947368421052632,190,1.3529411764705883,15
overall,MIXED,15.21,MIDDLE,6655,ルーデン エコー,17,10,7,0.5882352941176471,17,0.1440677966101695,118,2.2941176470588234,15
overall,MIXED,16.3,ALL,6657,ロッド オブ エイジス,17,10,7,0.5882352941176471,17,0.019318181818181818,880,2.0,15
overall,MIXED,15.19,UTILITY,1052,増魔の書,17,10,7,0.5882352941176471,17,0.07391304347826087,230,3.411764705882353,15
overall,MIXED,16.1,ALL,6665,変幻自在のジャック＝ショー,17,10,7,0.5882352941176471,17,0.02207792207792208,770,2.588235294117647,15
overall,MIXED,15.16,ALL,3142,妖夢の霊剣,17,10,7,0.5882352941176471,17,0.03148148148148148,540,1.2352941176470589,15
overall,MIXED,16.7,ALL,3142,妖夢の霊剣,17,10,7,0.5882352941176471,17,0.02207792207792208,770,0.9411764705882353,15
overall,MIXED,15.14,ALL,3084,心の鋼,17,10,7,0.5882352941176471,17,0.03695652173913044,460,1.7058823529411764,15
overall,MIXED,15.18,ALL,3147,悲愴な仮面,17,10,7,0.5882352941176471,17,0.026153846153846153,650,3.0,15
overall,MIXED,16.15,BOTTOM,2010,英気満点ビスケット,17,10,7,0.5882352941176471,17,0.020581113801452784,826,1.7058823529411764,15
overall,MIXED,15.2,ALL,3174,装甲強化の進撃,17,10,7,0.5882352941176471,17,0.03695652173913044,460,2.1176470588235294,15
overall,MIXED,15.23,TOP,6692,赤月の刃,17,10,7,0.5882352941176471,17,0.14655172413793102,116,2.235294117647059,15
overall,MIXED,15.16,UTILITY,3158,アイオニア ブーツ,17,9,8,0.5294117647058824,17,0.1574074074074074,108,3.1176470588235294,15
overall,MIXED,16.13,TOP,3158,アイオニア ブーツ,17,9,8,0.5294117647058824,17,0.025835866261398176,658,2.235294117647059,15
overall,MIXED,16.14,UTILITY,3504,アーデント センサー,17,9,8,0.5294117647058824,17,0.02442528735632184,696,2.823529411764706,15
overall,MIXED,16.11,MIDDLE,6673,イモータル シールドボウ,17,9,8,0.5294117647058824,17,0.07203389830508475,236,2.7058823529411766,15
overall,MIXED,15.14,ALL,3508,エッセンス リーバー,17,9,8,0.5294117647058824,17,0.03695652173913044,460,2.176470588235294,15
overall,MIXED,15.14,BOTTOM,3508,エッセンス リーバー,17,9,8,0.5294117647058824,17,0.18478260869565216,92,2.176470588235294,15
overall,MIXED,15.11,TOP,3364,オラクル レンズ,17,9,8,0.5294117647058824,17,0.16037735849056603,106,6.0,15
overall,MIXED,15.13,TOP,3364,オラクル レンズ,17,9,8,0.5294117647058824,17,0.08854166666666667,192,6.0,15
overall,MIXED,16.6,TOP,3364,オラクル レンズ,17,9,8,0.5294117647058824,17,0.1118421052631579,152,6.0,15
overall,MIXED,15.8,UTILITY,1029,クロース アーマー,17,9,8,0.5294117647058824,17,0.13076923076923078,130,4.235294117647059,15
overall,MIXED,16.13,ALL,1027,サファイア クリスタル,17,9,8,0.5294117647058824,17,0.005167173252279635,3290,3.5294117647058822,15
overall,MIXED,16.10,TOP,6610,サンダード スカイ,17,9,8,0.5294117647058824,17,0.07657657657657657,222,2.5294117647058822,15
overall,MIXED,16.13,TOP,3068,サンファイア イージス,17,9,8,0.5294117647058824,17,0.025835866261398176,658,1.8235294117647058,15
overall,MIXED,15.17,TOP,3161,ショウジンの矛,17,9,8,0.5294117647058824,17,0.10493827160493827,162,2.235294117647059,15
overall,MIXED,15.18,ALL,3161,ショウジンの矛,17,9,8,0.5294117647058824,17,0.026153846153846153,650,2.176470588235294,15
overall,MIXED,15.24,JUNGLE,3161,ショウジンの矛,17,9,8,0.5294117647058824,17,0.049707602339181284,342,2.0588235294117645,15
overall,MIXED,16.5,TOP,3161,ショウジンの矛,17,9,8,0.5294117647058824,17,0.10493827160493827,162,2.1176470588235294,15
overall,MIXED,15.10,TOP,3009,スイフトネス ブーツ,17,9,8,0.5294117647058824,17,0.12318840579710146,138,2.0588235294117645,15
overall,MIXED,15.22,UTILITY,3009,スイフトネス ブーツ,17,9,8,0.5294117647058824,17,0.12878787878787878,132,3.2941176470588234,15
overall,MIXED,16.4,ALL,6631,ストライドブレイカー,17,9,8,0.5294117647058824,17,0.03207547169811321,530,1.7647058823529411,15
overall,MIXED,16.5,ALL,3065,スピリット ビサージュ,17,9,8,0.5294117647058824,17,0.020987654320987655,810,3.0588235294117645,15
overall,MIXED,15.19,ALL,3211,スペクター カウル,17,9,8,0.5294117647058824,17,0.014782608695652174,1150,3.6470588235294117,15
overall,MIXED,16.13,JUNGLE,6694,セリルダの怨恨,17,9,8,0.5294117647058824,17,0.025835866261398176,658,2.235294117647059,15
overall,MIXED,14.19,UTILITY,3020,ソーサラー シューズ,17,9,8,0.5294117647058824,17,0.20238095238095238,84,2.235294117647059,15
overall,MIXED,16.13,JUNGLE,3748,タイタン ハイドラ,17,9,8,0.5294117647058824,17,0.025835866261398176,658,1.411764705882353,15
overall,MIXED,16.16,JUNGLE,1042,ダガー,17,9,8,0.5294117647058824,17,0.025525525525525526,666,3.8823529411764706,15
overall,MIXED,15.24,JUNGLE,1082,ダーク シール,17,9,8,0.5294117647058824,17,0.049707602339181284,342,2.4705882352941178,15
overall,MIXED,16.3,ALL,1082,ダーク シール,17,9,8,0.5294117647058824,17,0.019318181818181818,880,2.9411764705882355,15
overall,MIXED,16.14,MIDDLE,6333,デス ダンス,17,9,8,0.5294117647058824,17,0.02442528735632184,696,2.2941176470588234,15
overall,MIXED,16.15,MIDDLE,6333,デス ダンス,17,9,8,0.5294117647058824,17,0.020581113801452784,826,2.2941176470588234,15
overall,MIXED,15.17,ALL,3742,デッド マン プレート,17,9,8,0.5294117647058824,17,0.020987654320987655,810,2.1176470588235294,15
overall,MIXED,16.18,BOTTOM,3078,トリニティ フォース,17,9,8,0.5294117647058824,17,0.050595238095238096,336,1.8823529411764706,15
overall,MIXED,16.8,TOP,2021,トンネル掘り,17,9,8,0.5294117647058824,17,0.12142857142857143,140,3.588235294117647,15
overall,MIXED,14.21,ALL,1054,ドラン シールド,17,9,8,0.5294117647058824,17,0.060714285714285714,280,0.7647058823529411,15
overall,MIXED,15.24,TOP,3115,ナッシャー トゥース,17,9,8,0.5294117647058824,17,0.049707602339181284,342,2.3529411764705883,15
overall,MIXED,16.1,BOTTOM,6675,ナヴォリ フリッカーブレード,17,9,8,0.5294117647058824,17,0.11038961038961038,154,2.235294117647059,15
overall,MIXED,16.4,ALL,6675,ナヴォリ フリッカーブレード,17,9,8,0.5294117647058824,17,0.03207547169811321,530,2.0588235294117645,15
overall,MIXED,16.9,ALL,2524,バンドルパイプ,17,9,8,0.5294117647058824,17,0.021518987341772152,790,2.6470588235294117,15
overall,MIXED,16.2,BOTTOM,1037,ピッケル,17,9,8,0.5294117647058824,17,0.11971830985915492,142,3.6470588235294117,15
overall,MIXED,14.23,BOTTOM,3363,ファーサイト オルタレーション,17,9,8,0.5294117647058824,17,0.40476190476190477,42,6.0,15
overall,MIXED,15.7,MIDDLE,3363,ファーサイト オルタレーション,17,9,8,0.5294117647058824,17,0.18478260869565216,92,6.0,15
overall,MIXED,15.19,ALL,3044,ファージ,17,9,8,0.5294117647058824,17,0.014782608695652174,1150,3.411764705882353,15
overall,MIXED,16.13,MIDDLE,1026,ブラスティング ワンド,17,9,8,0.5294117647058824,17,0.025835866261398176,658,3.5294117647058822,15
overall,MIXED,16.14,UTILITY,3071,ブラック クリーバー,17,9,8,0.5294117647058824,17,0.02442528735632184,696,1.8823529411764706,15
overall,MIXED,16.11,BOTTOM,3072,ブラッドサースター,17,9,8,0.5294117647058824,17,0.07203389830508475,236,2.176470588235294,15
overall,MIXED,14.21,JUNGLE,3047,プレート スチールキャップ,17,9,8,0.5294117647058824,17,0.30357142857142855,56,1.2941176470588236,15
overall,MIXED,15.16,UTILITY,3047,プレート スチールキャップ,17,9,8,0.5294117647058824,17,0.1574074074074074,108,3.5294117647058822,15
overall,MIXED,15.4,TOP,3047,プレート スチールキャップ,17,9,8,0.5294117647058824,17,0.3148148148148148,54,2.764705882352941,15
overall,MIXED,16.14,UTILITY,2525,プロトプラズム ハーネス,17,9,8,0.5294117647058824,17,0.02442528735632184,696,3.0588235294117645,15
overall,MIXED,16.11,ALL,6664,ホロウ レディアンス,17,9,8,0.5294117647058824,17,0.01440677966101695,1180,2.2941176470588234,15
overall,MIXED,15.1,ALL,3111,マーキュリー ブーツ,17,9,8,0.5294117647058824,17,0.08947368421052632,190,2.8823529411764706,15
overall,MIXED,16.16,TOP,1058,ムダニ デカイ ロッド,17,9,8,0.5294117647058824,17,0.025525525525525526,666,2.8823529411764706,15
overall,MIXED,15.22,JUNGLE,6653,ライアンドリーの仮面,17,9,8,0.5294117647058824,17,0.12878787878787878,132,2.3529411764705883,15
overall,MIXED,16.2,MIDDLE,3089,ラバドン デスキャップ,17,9,8,0.5294117647058824,17,0.11971830985915492,142,2.8823529411764706,15
overall,MIXED,15.22,JUNGLE,3153,ルインドキング ブレード,17,9,8,0.5294117647058824,17,0.12878787878787878,132,1.5294117647058822,15
overall,MIXED,16.3,ALL,3144,偵察兵のパチンコ,17,9,8,0.5294117647058824,17,0.019318181818181818,880,2.9411764705882355,15
overall,MIXED,15.22,MIDDLE,1052,増魔の書,17,9,8,0.5294117647058824,17,0.12878787878787878,132,3.823529411764706,15
overall,MIXED,16.4,ALL,6665,変幻自在のジャック＝ショー,17,9,8,0.5294117647058824,17,0.03207547169811321,530,2.5294117647058822,15
overall,MIXED,15.3,ALL,3084,心の鋼,17,9,8,0.5294117647058824,17,0.041463414634146344,410,1.4705882352941178,15
overall,MIXED,16.8,TOP,3084,心の鋼,17,9,8,0.5294117647058824,17,0.12142857142857143,140,1.588235294117647,15
overall,MIXED,16.11,UTILITY,3916,忘却のオーブ,17,9,8,0.5294117647058824,17,0.07203389830508475,236,3.6470588235294117,15
overall,MIXED,16.8,ALL,3916,忘却のオーブ,17,9,8,0.5294117647058824,17,0.024285714285714285,700,2.764705882352941,15
overall,MIXED,16.13,ALL,2010,英気満点ビスケット,17,9,8,0.5294117647058824,17,0.005167173252279635,3290,1.588235294117647,15
overall,MIXED,15.10,MIDDLE,2031,詰め替えポーション,17,9,8,0.5294117647058824,17,0.12318840579710146,138,1.4705882352941178,15
overall,MIXED,15.7,ALL,3175,連呪使いのブーツ,17,9,8,0.5294117647058824,17,0.03695652173913044,460,2.4705882352941178,15
overall,MIXED,16.14,UTILITY,2508,運命の灰,17,9,8,0.5294117647058824,17,0.02442528735632184,696,3.0588235294117645,15
overall,MIXED,15.10,UTILITY,3109,騎士の誓い,17,9,8,0.5294117647058824,17,0.12318840579710146,138,2.3529411764705883,15
overall,MIXED,15.24,UTILITY,2503,黒炎のトーチ,17,9,8,0.5294117647058824,17,0.049707602339181284,342,2.0,15
overall,MIXED,15.13,ALL,3123,エクスキューショナー コーリング,17,8,9,0.47058823529411764,17,0.017708333333333333,960,3.0,15
overall,MIXED,16.17,MIDDLE,3113,エーテル ウィスプ,17,8,9,0.47058823529411764,17,0.016865079365079364,1008,2.9411764705882355,15
overall,MIXED,15.21,UTILITY,3067,キンドルジェム,17,8,9,0.47058823529411764,17,0.1440677966101695,118,3.588235294117647,15
overall,MIXED,15.12,MIDDLE,2055,コントロール ワード,17,8,9,0.47058823529411764,17,0.16666666666666666,102,2.411764705882353,15
overall,MIXED,16.2,TOP,2055,コントロール ワード,17,8,9,0.47058823529411764,17,0.11971830985915492,142,1.5294117647058822,15
overall,MIXED,15.10,JUNGLE,6610,サンダード スカイ,17,8,9,0.47058823529411764,17,0.12318840579710146,138,1.5294117647058822,15
overall,MIXED,15.16,JUNGLE,6610,サンダード スカイ,17,8,9,0.47058823529411764,17,0.1574074074074074,108,1.7647058823529411,15
overall,MIXED,15.22,ALL,3068,サンファイア イージス,17,8,9,0.47058823529411764,17,0.025757575757575757,660,1.588235294117647,15
overall,MIXED,15.4,ALL,3871,ザズ＝ザクのレルムスパイク,17,8,9,0.47058823529411764,17,0.06296296296296296,270,0.4117647058823529,15
overall,MIXED,15.4,UTILITY,3871,ザズ＝ザクのレルムスパイク,17,8,9,0.47058823529411764,17,0.3148148148148148,54,0.4117647058823529,15
overall,MIXED,16.11,ALL,3086,ジール,17,8,9,0.47058823529411764,17,0.01440677966101695,1180,3.3529411764705883,15
overall,MIXED,15.13,UTILITY,3009,スイフトネス ブーツ,17,8,9,0.47058823529411764,17,0.08854166666666667,192,2.235294117647059,15
overall,MIXED,16.12,UTILITY,3009,スイフトネス ブーツ,17,8,9,0.47058823529411764,17,0.09550561797752809,178,3.0588235294117645,15
overall,MIXED,15.21,ALL,3053,ステラックの篭手,17,8,9,0.47058823529411764,17,0.0288135593220339,590,2.6470588235294117,15
overall,MIXED,16.4,ALL,4646,ストームサージ,17,8,9,0.47058823529411764,17,0.03207547169811321,530,3.0588235294117645,15
overall,MIXED,14.22,ALL,3190,ソラリのロケット,17,8,9,0.47058823529411764,17,0.05862068965517241,290,1.4705882352941178,15
overall,MIXED,14.22,UTILITY,3190,ソラリのロケット,17,8,9,0.47058823529411764,17,0.29310344827586204,58,1.4705882352941178,15
overall,MIXED,15.10,UTILITY,3020,ソーサラー シューズ,17,8,9,0.47058823529411764,17,0.12318840579710146,138,2.235294117647059,15
overall,MIXED,16.15,MIDDLE,3075,ソーンメイル,17,8,9,0.47058823529411764,17,0.020581113801452784,826,2.235294117647059,15
overall,MIXED,16.18,UTILITY,3075,ソーンメイル,17,8,9,0.47058823529411764,17,0.050595238095238096,336,2.8823529411764706,15
overall,MIXED,16.3,JUNGLE,3157,ゾーニャの砂時計,17,8,9,0.47058823529411764,17,0.09659090909090909,176,1.3529411764705883,15
overall,MIXED,16.17,TOP,3748,タイタン ハイドラ,17,8,9,0.47058823529411764,17,0.016865079365079364,1008,1.411764705882353,15
overall,MIXED,16.14,JUNGLE,1042,ダガー,17,8,9,0.47058823529411764,17,0.02442528735632184,696,3.6470588235294117,15
overall,MIXED,16.2,ALL,1031,チェイン ベスト,17,8,9,0.47058823529411764,17,0.023943661971830985,710,3.5294117647058822,15
overall,MIXED,15.20,ALL,6333,デス ダンス,17,8,9,0.47058823529411764,17,0.025757575757575757,660,1.4705882352941178,15
overall,MIXED,16.6,ALL,3742,デッド マン プレート,17,8,9,0.47058823529411764,17,0.02236842105263158,760,1.5294117647058822,15
overall,MIXED,14.20,TOP,3078,トリニティ フォース,17,8,9,0.47058823529411764,17,0.18478260869565216,92,1.7647058823529411,15
overall,MIXED,15.10,TOP,2021,トンネル掘り,17,8,9,0.47058823529411764,17,0.12318840579710146,138,3.1176470588235294,15
overall,MIXED,15.2,TOP,1054,ドラン シールド,17,8,9,0.47058823529411764,17,0.18478260869565216,92,0.8235294117647058,15
overall,MIXED,15.13,TOP,3181,ハルブレイカー,17,8,9,0.47058823529411764,17,0.08854166666666667,192,2.5294117647058822,15
overall,MIXED,16.6,BOTTOM,1037,ピッケル,17,8,9,0.47058823529411764,17,0.1118421052631579,152,4.0,15
overall,MIXED,16.6,JUNGLE,3071,ブラック クリーバー,17,8,9,0.47058823529411764,17,0.1118421052631579,152,1.2941176470588236,15
overall,MIXED,16.9,ALL,3877,ブラッドソング,17,8,9,0.47058823529411764,17,0.021518987341772152,790,0.5294117647058824,15
overall,MIXED,16.9,UTILITY,3877,ブラッドソング,17,8,9,0.47058823529411764,17,0.10759493670886076,158,0.5294117647058824,15
overall,MIXED,14.23,TOP,3047,プレート スチールキャップ,17,8,9,0.47058823529411764,17,0.40476190476190477,42,2.588235294117647,15
overall,MIXED,16.5,MIDDLE,3145,ヘクステック オルタネーター,17,8,9,0.47058823529411764,17,0.10493827160493827,162,3.6470588235294117,15
overall,MIXED,16.15,ALL,3155,ヘクスドリンカー,17,8,9,0.47058823529411764,17,0.004116222760290557,4130,2.764705882352941,15
overall,MIXED,15.19,MIDDLE,4628,ホライゾン フォーカス,17,8,9,0.47058823529411764,17,0.07391304347826087,230,2.2941176470588234,15
overall,MIXED,16.14,MIDDLE,6664,ホロウ レディアンス,17,8,9,0.47058823529411764,17,0.02442528735632184,696,1.4705882352941178,15
overall,MIXED,16.17,JUNGLE,3118,マリグナンス,17,8,9,0.47058823529411764,17,0.016865079365079364,1008,1.4705882352941178,15
overall,MIXED,15.21,MIDDLE,1058,ムダニ デカイ ロッド,17,8,9,0.47058823529411764,17,0.1440677966101695,118,3.411764705882353,15
overall,MIXED,16.5,JUNGLE,6653,ライアンドリーの仮面,17,8,9,0.47058823529411764,17,0.10493827160493827,162,1.2352941176470589,15
overall,MIXED,15.18,ALL,3035,ラスト ウィスパー,17,8,9,0.47058823529411764,17,0.026153846153846153,650,3.8823529411764706,15
overall,MIXED,16.5,ALL,3035,ラスト ウィスパー,17,8,9,0.47058823529411764,17,0.020987654320987655,810,3.176470588235294,15
overall,MIXED,15.15,ALL,3089,ラバドン デスキャップ,17,8,9,0.47058823529411764,17,0.041463414634146344,410,2.411764705882353,15
overall,MIXED,15.19,MIDDLE,3116,リーライ クリスタル セプター,17,8,9,0.47058823529411764,17,0.07391304347826087,230,1.8823529411764706,15
overall,MIXED,16.14,BOTTOM,3153,ルインドキング ブレード,17,8,9,0.47058823529411764,17,0.02442528735632184,696,1.2941176470588236,15
overall,MIXED,15.7,BOTTOM,3085,ルナーン ハリケーン,17,8,9,0.47058823529411764,17,0.18478260869565216,92,2.6470588235294117,15
overall,MIXED,15.18,JUNGLE,1028,ルビー クリスタル,17,8,9,0.47058823529411764,17,0.13076923076923078,130,3.6470588235294117,15
overall,MIXED,16.16,UTILITY,2003,体力ポーション,17,8,9,0.47058823529411764,17,0.025525525525525526,666,1.588235294117647,15
overall,MIXED,15.12,MIDDLE,1052,増魔の書,17,8,9,0.47058823529411764,17,0.16666666666666666,102,3.411764705882353,15
overall,MIXED,15.15,MIDDLE,1052,増魔の書,17,8,9,0.47058823529411764,17,0.2073170731707317,82,3.6470588235294117,15
overall,MIXED,16.11,UTILITY,1052,増魔の書,17,8,9,0.47058823529411764,17,0.07203389830508475,236,4.294117647058823,15
overall,MIXED,16.13,MIDDLE,4005,帝国の指令,17,8,9,0.47058823529411764,17,0.025835866261398176,658,2.764705882352941,15
overall,MIXED,16.2,ALL,2502,終わりなき絶望,17,8,9,0.47058823529411764,17,0.023943661971830985,710,2.823529411764706,15
overall,MIXED,15.14,ALL,3876,至点のソリ,17,8,9,0.47058823529411764,17,0.03695652173913044,460,0.23529411764705882,15
overall,MIXED,15.14,UTILITY,3876,至点のソリ,17,8,9,0.47058823529411764,17,0.18478260869565216,92,0.23529411764705882,15
overall,MIXED,16.14,ALL,2501,覇王のブラッドメイル,17,8,9,0.47058823529411764,17,0.004885057471264368,3480,2.411764705882353,15
overall,MIXED,15.10,ALL,2022,輝きのモート,17,8,9,0.47058823529411764,17,0.02463768115942029,690,4.352941176470588,15
overall,MIXED,16.6,JUNGLE,2510,黄昏と暁,17,8,9,0.47058823529411764,17,0.1118421052631579,152,1.2352941176470589,15
overall,MIXED,16.1,MIDDLE,2503,黒炎のトーチ,17,8,9,0.47058823529411764,17,0.11038961038961038,154,2.0,15
overall,MIXED,15.12,ALL,1038,B. F. ソード,17,7,10,0.4117647058823529,17,0.03333333333333333,510,3.7058823529411766,15
overall,MIXED,15.22,ALL,2422,ちょっとだけ魔法がかった靴,17,7,10,0.4117647058823529,17,0.025757575757575757,660,3.5294117647058822,15
overall,MIXED,15.17,ALL,6673,イモータル シールドボウ,17,7,10,0.4117647058823529,17,0.020987654320987655,810,2.4705882352941178,15
overall,MIXED,15.15,MIDDLE,3364,オラクル レンズ,17,7,10,0.4117647058823529,17,0.2073170731707317,82,6.0,15
overall,MIXED,16.12,MIDDLE,3364,オラクル レンズ,17,7,10,0.4117647058823529,17,0.09550561797752809,178,6.0,15
overall,MIXED,16.17,BOTTOM,3364,オラクル レンズ,17,7,10,0.4117647058823529,17,0.016865079365079364,1008,6.0,15
overall,MIXED,16.11,ALL,3172,ガンメタル ブーツ,17,7,10,0.4117647058823529,17,0.01440677966101695,1180,1.8235294117647058,15
overall,MIXED,16.11,MIDDLE,3172,ガンメタル ブーツ,17,7,10,0.4117647058823529,17,0.07203389830508475,236,1.8235294117647058,15
overall,MIXED,15.9,UTILITY,3067,キンドルジェム,17,7,10,0.4117647058823529,17,0.19767441860465115,86,3.764705882352941,15
overall,MIXED,16.16,TOP,3067,キンドルジェム,17,7,10,0.4117647058823529,17,0.025525525525525526,666,3.8823529411764706,15
overall,MIXED,16.5,UTILITY,3067,キンドルジェム,17,7,10,0.4117647058823529,17,0.10493827160493827,162,3.2941176470588234,15
overall,MIXED,15.2,ALL,4646,ストームサージ,17,7,10,0.4117647058823529,17,0.03695652173913044,460,1.7647058823529411,15
overall,MIXED,15.9,ALL,4646,ストームサージ,17,7,10,0.4117647058823529,17,0.03953488372093023,430,2.823529411764706,15
overall,MIXED,16.14,JUNGLE,3211,スペクター カウル,17,7,10,0.4117647058823529,17,0.02442528735632184,696,2.5294117647058822,15
overall,MIXED,15.23,ALL,3040,セラフ エンブレイス,17,7,10,0.4117647058823529,17,0.029310344827586206,580,2.0,15
overall,MIXED,16.10,MIDDLE,3040,セラフ エンブレイス,17,7,10,0.4117647058823529,17,0.07657657657657657,222,1.9411764705882353,15
overall,MIXED,15.18,JUNGLE,3020,ソーサラー シューズ,17,7,10,0.4117647058823529,17,0.13076923076923078,130,3.235294117647059,15
overall,MIXED,15.18,UTILITY,3020,ソーサラー シューズ,17,7,10,0.4117647058823529,17,0.13076923076923078,130,2.8823529411764706,15
overall,MIXED,15.21,JUNGLE,3020,ソーサラー シューズ,17,7,10,0.4117647058823529,17,0.1440677966101695,118,2.4705882352941178,15
overall,MIXED,15.18,UTILITY,3075,ソーンメイル,17,7,10,0.4117647058823529,17,0.13076923076923078,130,3.588235294117647,15
overall,MIXED,15.14,ALL,3157,ゾーニャの砂時計,17,7,10,0.4117647058823529,17,0.03695652173913044,460,1.6470588235294117,15
overall,MIXED,15.23,ALL,3870,ドリーム メーカー,17,7,10,0.4117647058823529,17,0.029310344827586206,580,0.35294117647058826,15
overall,MIXED,15.23,UTILITY,3870,ドリーム メーカー,17,7,10,0.4117647058823529,17,0.14655172413793102,116,0.35294117647058826,15
overall,MIXED,16.14,TOP,3115,ナッシャー トゥース,17,7,10,0.4117647058823529,17,0.02442528735632184,696,2.5294117647058822,15
overall,MIXED,15.7,ALL,1033,ヌルマジック マント,17,7,10,0.4117647058823529,17,0.03695652173913044,460,3.6470588235294117,15
overall,MIXED,16.9,BOTTOM,3046,ファントム ダンサー,17,7,10,0.4117647058823529,17,0.10759493670886076,158,2.176470588235294,15
overall,MIXED,16.9,MIDDLE,3363,ファーサイト オルタレーション,17,7,10,0.4117647058823529,17,0.10759493670886076,158,6.0,15
overall,MIXED,15.18,ALL,3072,ブラッドサースター,17,7,10,0.4117647058823529,17,0.026153846153846153,650,1.9411764705882353,15
overall,MIXED,15.11,ALL,3145,ヘクステック オルタネーター,17,7,10,0.4117647058823529,17,0.03207547169811321,530,3.5294117647058822,15
overall,MIXED,15.17,ALL,6664,ホロウ レディアンス,17,7,10,0.4117647058823529,17,0.020987654320987655,810,1.8235294117647058,15
overall,MIXED,15.24,UTILITY,3111,マーキュリー ブーツ,17,7,10,0.4117647058823529,17,0.049707602339181284,342,3.411764705882353,15
overall,MIXED,16.10,ALL,3042,ムラマナ,17,7,10,0.4117647058823529,17,0.015315315315315315,1110,1.411764705882353,15
overall,MIXED,16.16,JUNGLE,3033,モータル リマインダー,17,7,10,0.4117647058823529,17,0.025525525525525526,666,2.588235294117647,15
overall,MIXED,16.6,ALL,3032,ユン・タル ワイルドアロー,17,7,10,0.4117647058823529,17,0.02236842105263158,760,1.7058823529411764,15
overall,MIXED,15.23,JUNGLE,6653,ライアンドリーの仮面,17,7,10,0.4117647058823529,17,0.14655172413793102,116,1.2941176470588236,15
overall,MIXED,16.17,TOP,3143,ランデュイン オーメン,17,7,10,0.4117647058823529,17,0.016865079365079364,1008,1.6470588235294117,15
overall,MIXED,14.24,ALL,3153,ルインドキング ブレード,17,7,10,0.4117647058823529,17,0.068,250,1.588235294117647,15
overall,MIXED,15.20,UTILITY,1028,ルビー クリスタル,17,7,10,0.4117647058823529,17,0.12878787878787878,132,4.588235294117647,15
overall,MIXED,16.11,JUNGLE,1028,ルビー クリスタル,17,7,10,0.4117647058823529,17,0.07203389830508475,236,4.176470588235294,15
overall,MIXED,16.11,ALL,6657,ロッド オブ エイジス,17,7,10,0.4117647058823529,17,0.01440677966101695,1180,2.0588235294117645,15
overall,MIXED,16.10,ALL,3144,偵察兵のパチンコ,17,7,10,0.4117647058823529,17,0.015315315315315315,1110,3.176470588235294,15
overall,MIXED,16.17,ALL,2152,力のエリクサー,17,7,10,0.4117647058823529,17,0.003373015873015873,5040,1.7058823529411764,15
overall,MIXED,16.13,BOTTOM,3070,女神の涙,17,7,10,0.4117647058823529,17,0.025835866261398176,658,2.4705882352941178,15
overall,MIXED,16.7,ALL,3070,女神の涙,17,7,10,0.4117647058823529,17,0.02207792207792208,770,1.4705882352941178,15
overall,MIXED,16.9,ALL,3142,妖夢の霊剣,17,7,10,0.4117647058823529,17,0.021518987341772152,790,2.0,15
overall,MIXED,16.14,UTILITY,4005,帝国の指令,17,7,10,0.4117647058823529,17,0.02442528735632184,696,2.176470588235294,15
overall,MIXED,16.12,ALL,2010,英気満点ビスケット,17,7,10,0.4117647058823529,17,0.019101123595505618,890,1.6470588235294117,15
overall,MIXED,14.20,TOP,2031,詰め替えポーション,17,7,10,0.4117647058823529,17,0.18478260869565216,92,1.411764705882353,15
overall,MIXED,15.15,MIDDLE,2031,詰め替えポーション,17,7,10,0.4117647058823529,17,0.2073170731707317,82,1.2352941176470589,15
overall,MIXED,16.13,MIDDLE,2508,運命の灰,17,7,10,0.4117647058823529,17,0.025835866261398176,658,3.176470588235294,15
overall,MIXED,16.18,ALL,2508,運命の灰,17,7,10,0.4117647058823529,17,0.01011904761904762,1680,3.4705882352941178,15
overall,MIXED,15.18,BOTTOM,6676,コレクター,17,6,11,0.35294117647058826,17,0.13076923076923078,130,2.0,15
overall,MIXED,16.5,JUNGLE,6676,コレクター,17,6,11,0.35294117647058826,17,0.10493827160493827,162,1.588235294117647,15
overall,MIXED,16.18,JUNGLE,6610,サンダード スカイ,17,6,11,0.35294117647058826,17,0.050595238095238096,336,2.411764705882353,15
overall,MIXED,15.2,ALL,1011,ジャイアント ベルト,17,6,11,0.35294117647058826,17,0.03695652173913044,460,3.3529411764705883,15
overall,MIXED,16.12,ALL,1101,スコーチクロウの幼体,17,6,11,0.35294117647058826,17,0.019101123595505618,890,0.0,15
overall,MIXED,16.12,JUNGLE,1101,スコーチクロウの幼体,17,6,11,0.35294117647058826,17,0.09550561797752809,178,0.0,15
overall,MIXED,15.16,ALL,3053,ステラックの篭手,17,6,11,0.35294117647058826,17,0.03148148148148148,540,2.4705882352941178,15
overall,MIXED,14.22,ALL,6631,ストライドブレイカー,17,6,11,0.35294117647058826,17,0.05862068965517241,290,1.3529411764705883,15
overall,MIXED,16.11,TOP,6631,ストライドブレイカー,17,6,11,0.35294117647058826,17,0.07203389830508475,236,1.2941176470588236,15
overall,MIXED,16.11,MIDDLE,4646,ストームサージ,17,6,11,0.35294117647058826,17,0.07203389830508475,236,2.3529411764705883,15
overall,MIXED,16.2,ALL,4646,ストームサージ,17,6,11,0.35294117647058826,17,0.023943661971830985,710,2.3529411764705883,15
overall,MIXED,15.5,ALL,3020,ソーサラー シューズ,17,6,11,0.35294117647058826,17,0.17,100,2.3529411764705883,15
overall,MIXED,15.6,ALL,3020,ソーサラー シューズ,17,6,11,0.35294117647058826,17,0.2125,80,2.7058823529411766,15
overall,MIXED,16.14,UTILITY,1031,チェイン ベスト,17,6,11,0.35294117647058826,17,0.02442528735632184,696,3.823529411764706,15
overall,MIXED,15.3,ALL,2021,トンネル掘り,17,6,11,0.35294117647058826,17,0.041463414634146344,410,3.176470588235294,15
overall,MIXED,15.20,BOTTOM,3036,ドミニク リガード,17,6,11,0.35294117647058826,17,0.12878787878787878,132,3.176470588235294,15
overall,MIXED,15.4,MIDDLE,1056,ドラン リング,17,6,11,0.35294117647058826,17,0.3148148148148148,54,0.7647058823529411,15
overall,MIXED,16.2,ALL,6675,ナヴォリ フリッカーブレード,17,6,11,0.35294117647058826,17,0.023943661971830985,710,1.7647058823529411,15
overall,MIXED,16.15,TOP,1033,ヌルマジック マント,17,6,11,0.35294117647058826,17,0.020581113801452784,826,3.2941176470588234,15
overall,MIXED,14.22,ALL,3071,ブラック クリーバー,17,6,11,0.35294117647058826,17,0.05862068965517241,290,1.7647058823529411,15
overall,MIXED,16.5,BOTTOM,3072,ブラッドサースター,17,6,11,0.35294117647058826,17,0.10493827160493827,162,2.0,15
overall,MIXED,15.20,UTILITY,3047,プレート スチールキャップ,17,6,11,0.35294117647058826,17,0.12878787878787878,132,3.1176470588235294,15
overall,MIXED,15.20,ALL,3145,ヘクステック オルタネーター,17,6,11,0.35294117647058826,17,0.025757575757575757,660,3.7058823529411766,15
overall,MIXED,16.9,MIDDLE,3145,ヘクステック オルタネーター,17,6,11,0.35294117647058826,17,0.10759493670886076,158,3.764705882352941,15
overall,MIXED,15.24,JUNGLE,3118,マリグナンス,17,6,11,0.35294117647058826,17,0.049707602339181284,342,1.1176470588235294,15
overall,MIXED,16.12,MIDDLE,3118,マリグナンス,17,6,11,0.35294117647058826,17,0.09550561797752809,178,2.411764705882353,15
overall,MIXED,16.11,ALL,1043,リカーブ ボウ,17,6,11,0.35294117647058826,17,0.01440677966101695,1180,3.6470588235294117,15
overall,MIXED,16.11,ALL,3100,リッチ ベイン,17,6,11,0.35294117647058826,17,0.01440677966101695,1180,1.8235294117647058,15
overall,MIXED,16.5,JUNGLE,3153,ルインドキング ブレード,17,6,11,0.35294117647058826,17,0.10493827160493827,162,1.3529411764705883,15
overall,MIXED,16.15,UTILITY,3802,ロスト チャプター,17,6,11,0.35294117647058826,17,0.020581113801452784,826,2.6470588235294117,15
overall,MIXED,15.12,JUNGLE,1036,ロング ソード,17,6,11,0.35294117647058826,17,0.16666666666666666,102,3.2941176470588234,15
overall,MIXED,16.5,JUNGLE,1036,ロング ソード,17,6,11,0.35294117647058826,17,0.10493827160493827,162,3.411764705882353,15
overall,MIXED,16.9,JUNGLE,1036,ロング ソード,17,6,11,0.35294117647058826,17,0.10759493670886076,158,3.588235294117647,15
overall,MIXED,15.10,MIDDLE,1052,増魔の書,17,6,11,0.35294117647058826,17,0.12318840579710146,138,3.588235294117647,15
overall,MIXED,15.18,MIDDLE,1052,増魔の書,17,6,11,0.35294117647058826,17,0.13076923076923078,130,3.1176470588235294,15
overall,MIXED,16.14,UTILITY,3070,女神の涙,17,6,11,0.35294117647058826,17,0.02442528735632184,696,1.8823529411764706,15
overall,MIXED,16.17,BOTTOM,3070,女神の涙,17,6,11,0.35294117647058826,17,0.016865079365079364,1008,2.176470588235294,15
overall,MIXED,16.15,TOP,3073,実験的ヘクスプレート,17,6,11,0.35294117647058826,17,0.020581113801452784,826,2.5294117647058822,15
overall,MIXED,15.13,ALL,3916,忘却のオーブ,17,6,11,0.35294117647058826,17,0.017708333333333333,960,3.235294117647059,15
overall,MIXED,16.5,ALL,3147,悲愴な仮面,17,6,11,0.35294117647058826,17,0.020987654320987655,810,2.6470588235294117,15
overall,MIXED,15.24,ALL,2422,ちょっとだけ魔法がかった靴,17,5,12,0.29411764705882354,17,0.009941520467836258,1710,3.7058823529411766,15
overall,MIXED,15.24,TOP,3123,エクスキューショナー コーリング,17,5,12,0.29411764705882354,17,0.049707602339181284,342,3.176470588235294,15
overall,MIXED,16.8,ALL,3508,エッセンス リーバー,17,5,12,0.29411764705882354,17,0.024285714285714285,700,1.5294117647058822,15
overall,MIXED,16.1,ALL,3172,ガンメタル ブーツ,17,5,12,0.29411764705882354,17,0.02207792207792208,770,2.411764705882353,15
overall,MIXED,16.1,MIDDLE,3172,ガンメタル ブーツ,17,5,12,0.29411764705882354,17,0.11038961038961038,154,2.411764705882353,15
overall,MIXED,16.1,ALL,4646,ストームサージ,17,5,12,0.29411764705882354,17,0.02207792207792208,770,2.176470588235294,15
overall,MIXED,16.10,TOP,3075,ソーンメイル,17,5,12,0.29411764705882354,17,0.07657657657657657,222,2.5294117647058822,15
overall,MIXED,16.16,TOP,3036,ドミニク リガード,17,5,12,0.29411764705882354,17,0.025525525525525526,666,2.5294117647058822,15
overall,MIXED,16.18,MIDDLE,3152,ヘクステック ロケットベルト,17,5,12,0.29411764705882354,17,0.050595238095238096,336,1.3529411764705883,15
overall,MIXED,15.12,TOP,3111,マーキュリー ブーツ,17,5,12,0.29411764705882354,17,0.16666666666666666,102,2.5294117647058822,15
overall,MIXED,16.2,ALL,3032,ユン・タル ワイルドアロー,17,5,12,0.29411764705882354,17,0.023943661971830985,710,1.2941176470588236,15
overall,MIXED,15.22,ALL,6657,ロッド オブ エイジス,17,5,12,0.29411764705882354,17,0.025757575757575757,660,2.411764705882353,15
overall,MIXED,16.15,UTILITY,3070,女神の涙,17,5,12,0.29411764705882354,17,0.020581113801452784,826,2.2941176470588234,15
overall,MIXED,16.14,MIDDLE,1029,クロース アーマー,17,4,13,0.23529411764705882,17,0.02442528735632184,696,3.9411764705882355,15
overall,MIXED,16.2,UTILITY,3009,スイフトネス ブーツ,17,4,13,0.23529411764705882,17,0.11971830985915492,142,2.1176470588235294,15
overall,MIXED,15.17,ALL,1042,ダガー,17,4,13,0.23529411764705882,17,0.020987654320987655,810,4.176470588235294,15
overall,MIXED,15.17,JUNGLE,3078,トリニティ フォース,17,4,13,0.23529411764705882,17,0.10493827160493827,162,1.2941176470588236,15
overall,MIXED,14.20,ALL,3145,ヘクステック オルタネーター,17,4,13,0.23529411764705882,17,0.03695652173913044,460,3.411764705882353,15
overall,MIXED,15.16,UTILITY,6653,ライアンドリーの仮面,17,4,13,0.23529411764705882,17,0.1574074074074074,108,2.411764705882353,15
overall,MIXED,16.2,BOTTOM,1036,ロング ソード,17,4,13,0.23529411764705882,17,0.11971830985915492,142,4.0588235294117645,15
overall,MIXED,15.19,JUNGLE,3158,アイオニア ブーツ,17,3,14,0.17647058823529413,17,0.0735930735930736,231,2.6470588235294117,15
overall,MIXED,16.5,JUNGLE,6672,クラーケン スレイヤー,17,3,14,0.17647058823529413,17,0.10493827160493827,162,1.411764705882353,15
overall,MIXED,15.13,JUNGLE,2021,トンネル掘り,17,3,14,0.17647058823529413,17,0.08854166666666667,192,2.3529411764705883,15
overall,MIXED,16.10,ALL,3113,エーテル ウィスプ,17,2,15,0.11764705882352941,17,0.015315315315315315,1110,1.6470588235294117,15
overall,MIXED,15.1,MIDDLE,3020,ソーサラー シューズ,17,2,15,0.11764705882352941,17,0.4594594594594595,37,2.3529411764705883,15
overall,MIXED,16.8,JUNGLE,6653,ライアンドリーの仮面,16,14,2,0.875,16,0.11428571428571428,140,1.6875,15
overall,MIXED,15.16,BOTTOM,3172,ガンメタル ブーツ,16,13,3,0.8125,16,0.14953271028037382,107,2.1875,15
overall,MIXED,15.23,ALL,3036,ドミニク リガード,16,13,3,0.8125,16,0.027586206896551724,580,2.5,15
overall,MIXED,15.23,ALL,3072,ブラッドサースター,16,13,3,0.8125,16,0.027586206896551724,580,2.125,15
overall,MIXED,15.23,BOTTOM,3072,ブラッドサースター,16,13,3,0.8125,16,0.13793103448275862,116,2.125,15
overall,MIXED,16.13,TOP,3033,モータル リマインダー,16,13,3,0.8125,16,0.0243161094224924,658,3.25,15
overall,MIXED,15.14,ALL,3085,ルナーン ハリケーン,16,13,3,0.8125,16,0.034782608695652174,460,3.0625,15
overall,MIXED,15.14,BOTTOM,3085,ルナーン ハリケーン,16,13,3,0.8125,16,0.17391304347826086,92,3.0625,15
overall,MIXED,15.14,ALL,3171,真紅のアイオニア ブーツ,16,13,3,0.8125,16,0.034782608695652174,460,2.8125,15
overall,MIXED,16.15,JUNGLE,2502,終わりなき絶望,16,13,3,0.8125,16,0.01937046004842615,826,1.5625,15
overall,MIXED,16.13,JUNGLE,6662,アイスボーン ガントレット,16,12,4,0.75,16,0.0243161094224924,658,1.0625,15
overall,MIXED,16.5,JUNGLE,3075,ソーンメイル,16,12,4,0.75,16,0.09876543209876543,162,2.25,15
overall,MIXED,15.23,ALL,3173,チェインレースド クラッシャー,16,12,4,0.75,16,0.027586206896551724,580,1.75,15
overall,MIXED,15.24,JUNGLE,3173,チェインレースド クラッシャー,16,12,4,0.75,16,0.04678362573099415,342,2.0,15
overall,MIXED,15.9,ALL,2021,トンネル掘り,16,12,4,0.75,16,0.037209302325581395,430,3.5625,15
overall,MIXED,15.13,MIDDLE,3006,バーサーカー ブーツ,16,12,4,0.75,16,0.08376963350785341,191,2.0625,15
overall,MIXED,16.7,ALL,3042,ムラマナ,16,12,4,0.75,16,0.02077922077922078,770,1.5625,15
overall,MIXED,15.18,TOP,6653,ライアンドリーの仮面,16,12,4,0.75,16,0.12307692307692308,130,2.75,15
overall,MIXED,15.8,TOP,3153,ルインドキング ブレード,16,12,4,0.75,16,0.12307692307692308,130,1.3125,15
overall,MIXED,14.21,ALL,3070,女神の涙,16,12,4,0.75,16,0.05714285714285714,280,2.0,15
overall,MIXED,16.12,ALL,6696,アクシオム アーク,16,11,5,0.6875,16,0.017977528089887642,890,2.5625,15
overall,MIXED,16.3,TOP,3364,オラクル レンズ,16,11,5,0.6875,16,0.09090909090909091,176,6.0,15
overall,MIXED,16.15,JUNGLE,3068,サンファイア イージス,16,11,5,0.6875,16,0.01937046004842615,826,2.125,15
overall,MIXED,16.7,MIDDLE,2420,シーカー アームガード,16,11,5,0.6875,16,0.1038961038961039,154,2.125,15
overall,MIXED,15.9,BOTTOM,3009,スイフトネス ブーツ,16,11,5,0.6875,16,0.18604651162790697,86,2.375,15
overall,MIXED,15.24,JUNGLE,2019,スチール シジル,16,11,5,0.6875,16,0.04678362573099415,342,3.1875,15
overall,MIXED,16.8,ALL,4646,ストームサージ,16,11,5,0.6875,16,0.022857142857142857,700,2.375,15
overall,MIXED,15.13,ALL,3134,セレイテッド ダーク,16,11,5,0.6875,16,0.016666666666666666,960,2.6875,15
overall,MIXED,15.19,MIDDLE,1054,ドラン シールド,16,11,5,0.6875,16,0.06956521739130435,230,0.6875,15
overall,MIXED,15.18,TOP,1055,ドラン ブレード,16,11,5,0.6875,16,0.12307692307692308,130,1.375,15
overall,MIXED,16.11,ALL,3044,ファージ,16,11,5,0.6875,16,0.013559322033898305,1180,2.9375,15
overall,MIXED,16.17,ALL,3121,フィンブルウィンター,16,11,5,0.6875,16,0.0031746031746031746,5040,2.0,15
overall,MIXED,16.16,ALL,8010,ブラッドレターの呪い,16,11,5,0.6875,16,0.004804804804804805,3330,2.4375,15
overall,MIXED,16.18,UTILITY,3076,ブランブル ベスト,16,11,5,0.6875,16,0.047619047619047616,336,4.125,15
overall,MIXED,16.15,UTILITY,4628,ホライゾン フォーカス,16,11,5,0.6875,16,0.01937046004842615,826,2.375,15
overall,MIXED,15.7,TOP,3111,マーキュリー ブーツ,16,11,5,0.6875,16,0.17391304347826086,92,2.4375,15
overall,MIXED,16.15,UTILITY,3222,ミカエルの祝福,16,11,5,0.6875,16,0.01937046004842615,826,1.375,15
overall,MIXED,15.9,MIDDLE,1058,ムダニ デカイ ロッド,16,11,5,0.6875,16,0.18604651162790697,86,2.6875,15
overall,MIXED,16.4,TOP,6653,ライアンドリーの仮面,16,11,5,0.6875,16,0.1523809523809524,105,2.8125,15
overall,MIXED,16.13,TOP,3089,ラバドン デスキャップ,16,11,5,0.6875,16,0.0243161094224924,658,3.3125,15
overall,MIXED,14.19,BOTTOM,3094,ラピッド ファイアキャノン,16,11,5,0.6875,16,0.19047619047619047,84,3.0,15
overall,MIXED,15.10,ALL,3085,ルナーン ハリケーン,16,11,5,0.6875,16,0.02318840579710145,690,2.75,15
overall,MIXED,14.22,ALL,1052,増魔の書,16,11,5,0.6875,16,0.05517241379310345,290,3.5625,15
overall,MIXED,15.10,ALL,3147,悲愴な仮面,16,11,5,0.6875,16,0.02318840579710145,690,3.375,15
overall,MIXED,15.22,ALL,2502,終わりなき絶望,16,11,5,0.6875,16,0.024242424242424242,660,2.3125,15
overall,MIXED,15.13,TOP,3174,装甲強化の進撃,16,11,5,0.6875,16,0.08333333333333333,192,2.5,15
overall,MIXED,16.12,UTILITY,3109,騎士の誓い,16,11,5,0.6875,16,0.0898876404494382,178,2.625,15
overall,MIXED,14.19,ALL,2503,黒炎のトーチ,16,11,5,0.6875,16,0.0380952380952381,420,1.4375,15
overall,MIXED,16.4,BOTTOM,1038,B. F. ソード,16,10,6,0.625,16,0.1509433962264151,106,4.3125,15
overall,MIXED,16.18,TOP,3158,アイオニア ブーツ,16,10,6,0.625,16,0.047619047619047616,336,2.875,15
overall,MIXED,15.19,TOP,6662,アイスボーン ガントレット,16,10,6,0.625,16,0.06986899563318777,229,2.625,15
overall,MIXED,16.7,ALL,6673,イモータル シールドボウ,16,10,6,0.625,16,0.02077922077922078,770,2.5,15
overall,MIXED,16.8,ALL,6673,イモータル シールドボウ,16,10,6,0.625,16,0.022857142857142857,700,2.75,15
overall,MIXED,16.5,UTILITY,1029,クロース アーマー,16,10,6,0.625,16,0.09876543209876543,162,4.375,15
overall,MIXED,16.13,JUNGLE,3124,グインソー レイジブレード,16,10,6,0.625,16,0.0243161094224924,658,0.875,15
overall,MIXED,16.12,ALL,3008,グラトナス ブーツ,16,10,6,0.625,16,0.017977528089887642,890,1.8125,15
overall,MIXED,16.14,TOP,3008,グラトナス ブーツ,16,10,6,0.625,16,0.022988505747126436,696,2.625,15
overall,MIXED,16.15,MIDDLE,3133,コールフィールド ウォーハンマー,16,10,6,0.625,16,0.01937046004842615,826,3.75,15
overall,MIXED,16.16,MIDDLE,2019,スチール シジル,16,10,6,0.625,16,0.024024024024024024,666,4.5625,15
overall,MIXED,15.13,TOP,3053,ステラックの篭手,16,10,6,0.625,16,0.08333333333333333,192,1.6875,15
overall,MIXED,15.7,ALL,3053,ステラックの篭手,16,10,6,0.625,16,0.034782608695652174,460,1.875,15
overall,MIXED,15.17,UTILITY,3340,ステルス ワード,16,10,6,0.625,16,0.09937888198757763,161,6.0,15
overall,MIXED,16.5,UTILITY,3340,ステルス ワード,16,10,6,0.625,16,0.09876543209876543,162,6.0,15
overall,MIXED,14.24,ALL,6631,ストライドブレイカー,16,10,6,0.625,16,0.064,250,0.875,15
overall,MIXED,14.19,ALL,4646,ストームサージ,16,10,6,0.625,16,0.0380952380952381,420,2.0,15
overall,MIXED,15.24,TOP,3065,スピリット ビサージュ,16,10,6,0.625,16,0.04678362573099415,342,3.1875,15
overall,MIXED,15.21,ALL,1082,ダーク シール,16,10,6,0.625,16,0.02711864406779661,590,2.5625,15
overall,MIXED,16.6,JUNGLE,6333,デス ダンス,16,10,6,0.625,16,0.10526315789473684,152,3.125,15
overall,MIXED,16.6,TOP,3078,トリニティ フォース,16,10,6,0.625,16,0.10526315789473684,152,2.1875,15
overall,MIXED,15.15,ALL,2021,トンネル掘り,16,10,6,0.625,16,0.03902439024390244,410,2.8125,15
overall,MIXED,15.7,ALL,3036,ドミニク リガード,16,10,6,0.625,16,0.034782608695652174,460,2.6875,15
overall,MIXED,15.20,ALL,3870,ドリーム メーカー,16,10,6,0.625,16,0.024242424242424242,660,0.375,15
overall,MIXED,15.20,UTILITY,3870,ドリーム メーカー,16,10,6,0.625,16,0.12121212121212122,132,0.375,15
overall,MIXED,15.20,ALL,3115,ナッシャー トゥース,16,10,6,0.625,16,0.024242424242424242,660,2.3125,15
overall,MIXED,15.24,JUNGLE,3115,ナッシャー トゥース,16,10,6,0.625,16,0.04678362573099415,342,1.375,15
overall,MIXED,16.15,UTILITY,1057,ネガトロン クローク,16,10,6,0.625,16,0.01937046004842615,826,3.9375,15
overall,MIXED,16.1,ALL,3006,バーサーカー ブーツ,16,10,6,0.625,16,0.02077922077922078,770,2.0625,15
overall,MIXED,16.16,JUNGLE,3363,ファーサイト オルタレーション,16,10,6,0.625,16,0.024024024024024024,666,6.0,15
overall,MIXED,16.11,ALL,3110,フローズン ハート,16,10,6,0.625,16,0.013559322033898305,1180,3.0,15
overall,MIXED,16.7,ALL,3110,フローズン ハート,16,10,6,0.625,16,0.02077922077922078,770,2.8125,15
overall,MIXED,16.17,UTILITY,1026,ブラスティング ワンド,16,10,6,0.625,16,0.015873015873015872,1008,4.25,15
overall,MIXED,15.2,TOP,3071,ブラック クリーバー,16,10,6,0.625,16,0.17391304347826086,92,2.3125,15
overall,MIXED,16.17,BOTTOM,3071,ブラック クリーバー,16,10,6,0.625,16,0.015873015873015872,1008,1.9375,15
overall,MIXED,16.2,JUNGLE,3071,ブラック クリーバー,16,10,6,0.625,16,0.11267605633802817,142,0.9375,15
overall,MIXED,16.15,JUNGLE,3076,ブランブル ベスト,16,10,6,0.625,16,0.01937046004842615,826,4.0,15
overall,MIXED,16.15,TOP,6699,ボルテイク サイクロソード,16,10,6,0.625,16,0.01937046004842615,826,1.25,15
overall,MIXED,15.14,MIDDLE,1058,ムダニ デカイ ロッド,16,10,6,0.625,16,0.17391304347826086,92,3.125,15
overall,MIXED,15.16,MIDDLE,1058,ムダニ デカイ ロッド,16,10,6,0.625,16,0.14814814814814814,108,3.3125,15
overall,MIXED,16.6,ALL,6617,ムーンストーンの再生,16,10,6,0.625,16,0.021052631578947368,760,2.625,15
overall,MIXED,16.6,UTILITY,6617,ムーンストーンの再生,16,10,6,0.625,16,0.10596026490066225,151,2.625,15
overall,MIXED,16.1,ALL,3032,ユン・タル ワイルドアロー,16,10,6,0.625,16,0.02077922077922078,770,1.5,15
overall,MIXED,16.17,TOP,3089,ラバドン デスキャップ,16,10,6,0.625,16,0.015873015873015872,1008,3.0625,15
overall,MIXED,16.15,TOP,3143,ランデュイン オーメン,16,10,6,0.625,16,0.01937046004842615,826,0.9375,15
overall,MIXED,16.2,TOP,4633,リフトメーカー,16,10,6,0.625,16,0.11267605633802817,142,2.5625,15
overall,MIXED,16.2,MIDDLE,3116,リーライ クリスタル セプター,16,10,6,0.625,16,0.11267605633802817,142,1.9375,15
overall,MIXED,16.1,ALL,3085,ルナーン ハリケーン,16,10,6,0.625,16,0.02077922077922078,770,2.8125,15
overall,MIXED,16.1,BOTTOM,3085,ルナーン ハリケーン,16,10,6,0.625,16,0.1038961038961039,154,2.8125,15
overall,MIXED,16.9,TOP,1028,ルビー クリスタル,16,10,6,0.625,16,0.10126582278481013,158,3.6875,15
overall,MIXED,15.3,MIDDLE,6655,ルーデン エコー,16,10,6,0.625,16,0.1951219512195122,82,1.875,15
overall,MIXED,16.14,BOTTOM,1053,ヴァンパイア セプター,16,10,6,0.625,16,0.022988505747126436,696,3.875,15
overall,MIXED,16.15,BOTTOM,3135,ヴォイド スタッフ,16,10,6,0.625,16,0.01937046004842615,826,2.125,15
overall,MIXED,16.14,BOTTOM,3144,偵察兵のパチンコ,16,10,6,0.625,16,0.022988505747126436,696,3.125,15
overall,MIXED,16.2,MIDDLE,1052,増魔の書,16,10,6,0.625,16,0.11267605633802817,142,3.0625,15
overall,MIXED,16.3,ALL,6665,変幻自在のジャック＝ショー,16,10,6,0.625,16,0.01818181818181818,880,2.1875,15
overall,MIXED,14.24,ALL,3084,心の鋼,16,10,6,0.625,16,0.064,250,1.875,15
overall,MIXED,16.1,ALL,3084,心の鋼,16,10,6,0.625,16,0.02077922077922078,770,1.1875,15
overall,MIXED,16.13,BOTTOM,2517,終わりなき飢え,16,10,6,0.625,16,0.0243161094224924,658,2.75,15
overall,MIXED,16.13,TOP,4401,自然の力,16,10,6,0.625,16,0.0243161094224924,658,2.5625,15
overall,MIXED,15.7,ALL,2503,黒炎のトーチ,16,10,6,0.625,16,0.034782608695652174,460,2.25,15
overall,MIXED,16.9,UTILITY,2503,黒炎のトーチ,16,10,6,0.625,16,0.10126582278481013,158,2.1875,15
overall,MIXED,15.18,UTILITY,3158,アイオニア ブーツ,16,9,7,0.5625,16,0.12307692307692308,130,2.875,15
overall,MIXED,15.24,MIDDLE,3031,インフィニティ エッジ,16,9,7,0.5625,16,0.04678362573099415,342,2.1875,15
overall,MIXED,15.19,ALL,3105,イージスの盾,16,9,7,0.5625,16,0.01391304347826087,1150,3.5,15
overall,MIXED,15.8,ALL,3123,エクスキューショナー コーリング,16,9,7,0.5625,16,0.024615384615384615,650,3.1875,15
overall,MIXED,15.18,TOP,3364,オラクル レンズ,16,9,7,0.5625,16,0.12307692307692308,130,6.0,15
overall,MIXED,15.23,MIDDLE,3364,オラクル レンズ,16,9,7,0.5625,16,0.13793103448275862,116,6.0,15
overall,MIXED,15.5,JUNGLE,3364,オラクル レンズ,16,9,7,0.5625,16,0.8,20,6.0,15
overall,MIXED,15.22,BOTTOM,3172,ガンメタル ブーツ,16,9,7,0.5625,16,0.12121212121212122,132,2.3125,15
overall,MIXED,15.8,BOTTOM,3172,ガンメタル ブーツ,16,9,7,0.5625,16,0.12307692307692308,130,1.875,15
overall,MIXED,16.6,ALL,3172,ガンメタル ブーツ,16,9,7,0.5625,16,0.021052631578947368,760,2.375,15
overall,MIXED,16.6,MIDDLE,3172,ガンメタル ブーツ,16,9,7,0.5625,16,0.10526315789473684,152,2.375,15
overall,MIXED,16.2,ALL,3026,ガーディアン エンジェル,16,9,7,0.5625,16,0.022535211267605635,710,3.75,15
overall,MIXED,16.6,UTILITY,3067,キンドルジェム,16,9,7,0.5625,16,0.10596026490066225,151,3.625,15
overall,MIXED,15.10,ALL,3124,グインソー レイジブレード,16,9,7,0.5625,16,0.02318840579710145,690,2.5625,15
overall,MIXED,14.21,ALL,3871,ザズ＝ザクのレルムスパイク,16,9,7,0.5625,16,0.05714285714285714,280,0.1875,15
overall,MIXED,14.21,UTILITY,3871,ザズ＝ザクのレルムスパイク,16,9,7,0.5625,16,0.2857142857142857,56,0.1875,15
overall,MIXED,16.3,BOTTOM,3161,ショウジンの矛,16,9,7,0.5625,16,0.09090909090909091,176,2.1875,15
overall,MIXED,16.6,BOTTOM,3161,ショウジンの矛,16,9,7,0.5625,16,0.10526315789473684,152,2.5625,15
overall,MIXED,15.22,ALL,1011,ジャイアント ベルト,16,9,7,0.5625,16,0.024242424242424242,660,3.625,15
overall,MIXED,16.15,JUNGLE,1011,ジャイアント ベルト,16,9,7,0.5625,16,0.01937046004842615,826,3.875,15
overall,MIXED,16.6,UTILITY,3009,スイフトネス ブーツ,16,9,7,0.5625,16,0.10596026490066225,151,2.5625,15
overall,MIXED,15.20,ALL,3053,ステラックの篭手,16,9,7,0.5625,16,0.024242424242424242,660,2.3125,15
overall,MIXED,14.22,JUNGLE,3340,ステルス ワード,16,9,7,0.5625,16,0.27586206896551724,58,6.0,15
overall,MIXED,15.15,ALL,6631,ストライドブレイカー,16,9,7,0.5625,16,0.03902439024390244,410,1.375,15
overall,MIXED,16.18,MIDDLE,4646,ストームサージ,16,9,7,0.5625,16,0.047619047619047616,336,3.375,15
overall,MIXED,15.22,MIDDLE,3040,セラフ エンブレイス,16,9,7,0.5625,16,0.12121212121212122,132,2.125,15
overall,MIXED,16.1,ALL,6694,セリルダの怨恨,16,9,7,0.5625,16,0.02077922077922078,770,2.8125,15
overall,MIXED,16.10,ALL,6694,セリルダの怨恨,16,9,7,0.5625,16,0.014414414414414415,1110,2.5625,15
overall,MIXED,16.10,ALL,3134,セレイテッド ダーク,16,9,7,0.5625,16,0.014414414414414415,1110,3.375,15
overall,MIXED,16.11,ALL,3134,セレイテッド ダーク,16,9,7,0.5625,16,0.013559322033898305,1180,3.3125,15
overall,MIXED,16.8,ALL,3134,セレイテッド ダーク,16,9,7,0.5625,16,0.022857142857142857,700,2.5625,15
overall,MIXED,14.24,ALL,3075,ソーンメイル,16,9,7,0.5625,16,0.064,250,3.0,15
overall,MIXED,16.1,TOP,3075,ソーンメイル,16,9,7,0.5625,16,0.1038961038961039,154,2.3125,15
overall,MIXED,15.23,ALL,6333,デス ダンス,16,9,7,0.5625,16,0.027586206896551724,580,2.6875,15
overall,MIXED,15.1,ALL,3078,トリニティ フォース,16,9,7,0.5625,16,0.08421052631578947,190,1.8125,15
overall,MIXED,15.20,TOP,3078,トリニティ フォース,16,9,7,0.5625,16,0.12121212121212122,132,1.375,15
overall,MIXED,15.23,TOP,3078,トリニティ フォース,16,9,7,0.5625,16,0.13793103448275862,116,1.4375,15
overall,MIXED,16.1,TOP,3078,トリニティ フォース,16,9,7,0.5625,16,0.1038961038961039,154,1.25,15
overall,MIXED,16.17,JUNGLE,1057,ネガトロン クローク,16,9,7,0.5625,16,0.015873015873015872,1008,3.6875,15
overall,MIXED,16.12,ALL,2524,バンドルパイプ,16,9,7,0.5625,16,0.017977528089887642,890,2.625,15
overall,MIXED,16.12,UTILITY,2524,バンドルパイプ,16,9,7,0.5625,16,0.0898876404494382,178,2.625,15
overall,MIXED,14.20,MIDDLE,3006,バーサーカー ブーツ,16,9,7,0.5625,16,0.17391304347826086,92,2.25,15
overall,MIXED,16.5,ALL,3044,ファージ,16,9,7,0.5625,16,0.019753086419753086,810,2.8125,15
overall,MIXED,16.15,UTILITY,3108,フィンディッシュの古書,16,9,7,0.5625,16,0.01937046004842615,826,2.9375,15
overall,MIXED,16.9,ALL,3108,フィンディッシュの古書,16,9,7,0.5625,16,0.020253164556962026,790,3.125,15
overall,MIXED,15.20,TOP,3071,ブラック クリーバー,16,9,7,0.5625,16,0.12121212121212122,132,2.3125,15
overall,MIXED,16.1,TOP,3071,ブラック クリーバー,16,9,7,0.5625,16,0.1038961038961039,154,2.1875,15
overall,MIXED,16.9,TOP,3071,ブラック クリーバー,16,9,7,0.5625,16,0.10126582278481013,158,2.375,15
overall,MIXED,15.8,ALL,3072,ブラッドサースター,16,9,7,0.5625,16,0.024615384615384615,650,1.8125,15
overall,MIXED,15.8,BOTTOM,3072,ブラッドサースター,16,9,7,0.5625,16,0.12307692307692308,130,1.8125,15
overall,MIXED,16.3,ALL,3076,ブランブル ベスト,16,9,7,0.5625,16,0.01818181818181818,880,3.8125,15
overall,MIXED,15.19,MIDDLE,3145,ヘクステック オルタネーター,16,9,7,0.5625,16,0.06956521739130435,230,3.3125,15
overall,MIXED,16.11,MIDDLE,3152,ヘクステック ロケットベルト,16,9,7,0.5625,16,0.06779661016949153,236,0.9375,15
overall,MIXED,16.6,ALL,3152,ヘクステック ロケットベルト,16,9,7,0.5625,16,0.021052631578947368,760,0.875,15
overall,MIXED,16.7,ALL,6620,ヘリアの残響,16,9,7,0.5625,16,0.02077922077922078,770,1.6875,15
overall,MIXED,15.10,ALL,6664,ホロウ レディアンス,16,9,7,0.5625,16,0.02318840579710145,690,2.0625,15
overall,MIXED,15.16,ALL,6664,ホロウ レディアンス,16,9,7,0.5625,16,0.02962962962962963,540,2.1875,15
overall,MIXED,15.13,ALL,3042,ムラマナ,16,9,7,0.5625,16,0.016666666666666666,960,1.875,15
overall,MIXED,15.22,ALL,3033,モータル リマインダー,16,9,7,0.5625,16,0.024242424242424242,660,2.5,15
overall,MIXED,15.8,ALL,3033,モータル リマインダー,16,9,7,0.5625,16,0.024615384615384615,650,2.1875,15
overall,MIXED,15.2,MIDDLE,6653,ライアンドリーの仮面,16,9,7,0.5625,16,0.17391304347826086,92,2.875,15
overall,MIXED,16.11,UTILITY,6653,ライアンドリーの仮面,16,9,7,0.5625,16,0.06779661016949153,236,1.9375,15
overall,MIXED,15.20,ALL,3035,ラスト ウィスパー,16,9,7,0.5625,16,0.024242424242424242,660,3.25,15
overall,MIXED,15.18,ALL,3089,ラバドン デスキャップ,16,9,7,0.5625,16,0.024615384615384615,650,2.75,15
overall,MIXED,15.19,ALL,3094,ラピッド ファイアキャノン,16,9,7,0.5625,16,0.01391304347826087,1150,2.8125,15
overall,MIXED,16.2,BOTTOM,3094,ラピッド ファイアキャノン,16,9,7,0.5625,16,0.11267605633802817,142,3.375,15
overall,MIXED,16.5,ALL,3094,ラピッド ファイアキャノン,16,9,7,0.5625,16,0.019753086419753086,810,3.0,15
overall,MIXED,15.2,ALL,4633,リフトメーカー,16,9,7,0.5625,16,0.034782608695652174,460,2.25,15
overall,MIXED,15.8,JUNGLE,4633,リフトメーカー,16,9,7,0.5625,16,0.12307692307692308,130,2.0625,15
overall,MIXED,15.17,UTILITY,6655,ルーデン エコー,16,9,7,0.5625,16,0.09937888198757763,161,2.25,15
overall,MIXED,16.8,ALL,6657,ロッド オブ エイジス,16,9,7,0.5625,16,0.022857142857142857,700,2.125,15
overall,MIXED,15.13,ALL,1053,ヴァンパイア セプター,16,9,7,0.5625,16,0.016666666666666666,960,2.75,15
overall,MIXED,16.15,BOTTOM,3144,偵察兵のパチンコ,16,9,7,0.5625,16,0.01937046004842615,826,3.8125,15
overall,MIXED,16.6,ALL,3073,実験的ヘクスプレート,16,9,7,0.5625,16,0.021052631578947368,760,2.125,15
overall,MIXED,15.18,ALL,3171,真紅のアイオニア ブーツ,16,9,7,0.5625,16,0.024615384615384615,650,2.8125,15
overall,MIXED,16.7,ALL,3171,真紅のアイオニア ブーツ,16,9,7,0.5625,16,0.02077922077922078,770,2.375,15
overall,MIXED,16.7,MIDDLE,3171,真紅のアイオニア ブーツ,16,9,7,0.5625,16,0.1038961038961039,154,2.375,15
overall,MIXED,16.3,ALL,2517,終わりなき飢え,16,9,7,0.5625,16,0.01818181818181818,880,2.875,15
overall,MIXED,15.18,UTILITY,2031,詰め替えポーション,16,9,7,0.5625,16,0.12307692307692308,130,1.875,15
overall,MIXED,15.22,UTILITY,2031,詰め替えポーション,16,9,7,0.5625,16,0.12121212121212122,132,2.125,15
overall,MIXED,15.8,JUNGLE,6692,赤月の刃,16,9,7,0.5625,16,0.12307692307692308,130,1.3125,15
overall,MIXED,15.18,MIDDLE,3175,連呪使いのブーツ,16,9,7,0.5625,16,0.12307692307692308,130,2.5,15
overall,MIXED,16.12,UTILITY,2503,黒炎のトーチ,16,9,7,0.5625,16,0.0898876404494382,178,2.4375,15
overall,MIXED,16.10,JUNGLE,2422,ちょっとだけ魔法がかった靴,16,8,8,0.5,16,0.07207207207207207,222,3.25,15
overall,MIXED,16.14,JUNGLE,6662,アイスボーン ガントレット,16,8,8,0.5,16,0.022988505747126436,696,0.75,15
overall,MIXED,15.11,ALL,1018,アジリティ クローク,16,8,8,0.5,16,0.03018867924528302,530,3.3125,15
overall,MIXED,16.14,MIDDLE,1018,アジリティ クローク,16,8,8,0.5,16,0.022988505747126436,696,3.875,15
overall,MIXED,16.15,JUNGLE,3179,アンブラル グレイブ,16,8,8,0.5,16,0.01937046004842615,826,1.6875,15
overall,MIXED,16.6,ALL,6673,イモータル シールドボウ,16,8,8,0.5,16,0.021052631578947368,760,2.3125,15
overall,MIXED,15.21,ALL,3123,エクスキューショナー コーリング,16,8,8,0.5,16,0.02711864406779661,590,2.875,15
overall,MIXED,15.15,ALL,3508,エッセンス リーバー,16,8,8,0.5,16,0.03902439024390244,410,1.875,15
overall,MIXED,15.15,BOTTOM,3508,エッセンス リーバー,16,8,8,0.5,16,0.1951219512195122,82,1.875,15
overall,MIXED,15.8,ALL,3508,エッセンス リーバー,16,8,8,0.5,16,0.024615384615384615,650,2.125,15
overall,MIXED,15.8,BOTTOM,3508,エッセンス リーバー,16,8,8,0.5,16,0.12307692307692308,130,2.125,15
overall,MIXED,16.11,ALL,3508,エッセンス リーバー,16,8,8,0.5,16,0.013559322033898305,1180,1.1875,15
overall,MIXED,15.5,UTILITY,3364,オラクル レンズ,16,8,8,0.5,16,0.8,20,6.0,15
overall,MIXED,16.13,ALL,1083,カル,16,8,8,0.5,16,0.004863221884498481,3290,2.4375,15
overall,MIXED,16.2,UTILITY,3067,キンドルジェム,16,8,8,0.5,16,0.11267605633802817,142,4.0625,15
overall,MIXED,16.15,TOP,6672,クラーケン スレイヤー,16,8,8,0.5,16,0.01937046004842615,826,2.625,15
overall,MIXED,16.16,UTILITY,2504,ケイニック ルーケルン,16,8,8,0.5,16,0.024024024024024024,666,3.375,15
overall,MIXED,16.18,ALL,2504,ケイニック ルーケルン,16,8,8,0.5,16,0.009523809523809525,1680,2.625,15
overall,MIXED,15.10,MIDDLE,2055,コントロール ワード,16,8,8,0.5,16,0.11594202898550725,138,2.4375,15
overall,MIXED,15.21,TOP,2055,コントロール ワード,16,8,8,0.5,16,0.13559322033898305,118,2.25,15
overall,MIXED,16.7,TOP,2055,コントロール ワード,16,8,8,0.5,16,0.1038961038961039,154,2.1875,15
overall,MIXED,14.20,ALL,6610,サンダード スカイ,16,8,8,0.5,16,0.034782608695652174,460,1.3125,15
overall,MIXED,16.2,ALL,3068,サンファイア イージス,16,8,8,0.5,16,0.022535211267605635,710,2.125,15
overall,MIXED,15.4,MIDDLE,4645,シャドウフレイム,16,8,8,0.5,16,0.2962962962962963,54,1.9375,15
overall,MIXED,15.22,ALL,3161,ショウジンの矛,16,8,8,0.5,16,0.024242424242424242,660,2.0625,15
overall,MIXED,16.8,ALL,3161,ショウジンの矛,16,8,8,0.5,16,0.022857142857142857,700,2.125,15
overall,MIXED,15.22,ALL,2420,シーカー アームガード,16,8,8,0.5,16,0.024242424242424242,660,1.6875,15
overall,MIXED,16.11,ALL,3050,ジーク コンバージェンス,16,8,8,0.5,16,0.013559322033898305,1180,2.25,15
overall,MIXED,16.9,ALL,2019,スチール シジル,16,8,8,0.5,16,0.020253164556962026,790,4.1875,15
overall,MIXED,16.9,TOP,6631,ストライドブレイカー,16,8,8,0.5,16,0.10126582278481013,158,1.1875,15
overall,MIXED,15.18,MIDDLE,4646,ストームサージ,16,8,8,0.5,16,0.12307692307692308,130,2.1875,15
overall,MIXED,15.3,ALL,3065,スピリット ビサージュ,16,8,8,0.5,16,0.03902439024390244,410,2.9375,15
overall,MIXED,15.24,ALL,3211,スペクター カウル,16,8,8,0.5,16,0.00935672514619883,1710,3.1875,15
overall,MIXED,16.15,JUNGLE,6694,セリルダの怨恨,16,8,8,0.5,16,0.01937046004842615,826,3.0625,15
overall,MIXED,15.13,TOP,3020,ソーサラー シューズ,16,8,8,0.5,16,0.08333333333333333,192,2.5625,15
overall,MIXED,15.13,UTILITY,3075,ソーンメイル,16,8,8,0.5,16,0.08333333333333333,192,3.625,15
overall,MIXED,15.22,TOP,3075,ソーンメイル,16,8,8,0.5,16,0.12121212121212122,132,2.9375,15
overall,MIXED,16.18,BOTTOM,1042,ダガー,16,8,8,0.5,16,0.047619047619047616,336,3.4375,15
overall,MIXED,15.12,ALL,1031,チェイン ベスト,16,8,8,0.5,16,0.03137254901960784,510,2.8125,15
overall,MIXED,15.23,ALL,1031,チェイン ベスト,16,8,8,0.5,16,0.027586206896551724,580,3.875,15
overall,MIXED,16.16,UTILITY,3742,デッド マン プレート,16,8,8,0.5,16,0.024024024024024024,666,2.5625,15
overall,MIXED,15.17,TOP,2021,トンネル掘り,16,8,8,0.5,16,0.09876543209876543,162,2.4375,15
overall,MIXED,15.10,BOTTOM,3036,ドミニク リガード,16,8,8,0.5,16,0.11594202898550725,138,2.6875,15
overall,MIXED,15.18,BOTTOM,3036,ドミニク リガード,16,8,8,0.5,16,0.12307692307692308,130,3.0,15
overall,MIXED,14.23,ALL,1056,ドラン リング,16,8,8,0.5,16,0.0761904761904762,210,1.0,15
overall,MIXED,16.14,TOP,1033,ヌルマジック マント,16,8,8,0.5,16,0.022988505747126436,696,3.375,15
overall,MIXED,16.15,TOP,1057,ネガトロン クローク,16,8,8,0.5,16,0.01937046004842615,826,3.9375,15
overall,MIXED,16.9,UTILITY,2524,バンドルパイプ,16,8,8,0.5,16,0.10126582278481013,158,2.625,15
overall,MIXED,16.9,TOP,3006,バーサーカー ブーツ,16,8,8,0.5,16,0.10126582278481013,158,2.0,15
overall,MIXED,15.17,JUNGLE,1037,ピッケル,16,8,8,0.5,16,0.09876543209876543,162,3.625,15
overall,MIXED,15.23,ALL,3046,ファントム ダンサー,16,8,8,0.5,16,0.027586206896551724,580,3.1875,15
overall,MIXED,16.3,BOTTOM,3046,ファントム ダンサー,16,8,8,0.5,16,0.09090909090909091,176,2.125,15
overall,MIXED,15.10,MIDDLE,3363,ファーサイト オルタレーション,16,8,8,0.5,16,0.11594202898550725,138,6.0,15
overall,MIXED,15.16,MIDDLE,3363,ファーサイト オルタレーション,16,8,8,0.5,16,0.14814814814814814,108,6.0,15
overall,MIXED,15.22,MIDDLE,3363,ファーサイト オルタレーション,16,8,8,0.5,16,0.12121212121212122,132,6.0,15
overall,MIXED,15.22,ALL,3044,ファージ,16,8,8,0.5,16,0.024242424242424242,660,3.0,15
overall,MIXED,16.17,JUNGLE,3110,フローズン ハート,16,8,8,0.5,16,0.015873015873015872,1008,2.5625,15
overall,MIXED,15.7,ALL,3072,ブラッドサースター,16,8,8,0.5,16,0.034782608695652174,460,2.375,15
overall,MIXED,16.4,ALL,1001,ブーツ,16,8,8,0.5,16,0.03018867924528302,530,2.5625,15
overall,MIXED,14.24,UTILITY,3047,プレート スチールキャップ,16,8,8,0.5,16,0.32,50,3.25,15
overall,MIXED,16.10,ALL,2525,プロトプラズム ハーネス,16,8,8,0.5,16,0.014414414414414415,1110,2.1875,15
overall,MIXED,16.15,BOTTOM,3152,ヘクステック ロケットベルト,16,8,8,0.5,16,0.01937046004842615,826,1.1875,15
overall,MIXED,16.12,ALL,6620,ヘリアの残響,16,8,8,0.5,16,0.017977528089887642,890,2.0,15
overall,MIXED,16.12,UTILITY,6620,ヘリアの残響,16,8,8,0.5,16,0.0898876404494382,178,2.0,15
overall,MIXED,16.9,ALL,6620,ヘリアの残響,16,8,8,0.5,16,0.020253164556962026,790,2.125,15
overall,MIXED,16.9,UTILITY,6620,ヘリアの残響,16,8,8,0.5,16,0.10126582278481013,158,2.125,15
overall,MIXED,16.1,MIDDLE,3118,マリグナンス,16,8,8,0.5,16,0.1038961038961039,154,2.5,15
overall,MIXED,16.10,UTILITY,3111,マーキュリー ブーツ,16,8,8,0.5,16,0.07207207207207207,222,2.375,15
overall,MIXED,16.16,UTILITY,3165,モレロノミコン,16,8,8,0.5,16,0.024024024024024024,666,3.625,15
overall,MIXED,16.4,UTILITY,6653,ライアンドリーの仮面,16,8,8,0.5,16,0.1509433962264151,106,3.125,15
overall,MIXED,16.12,BOTTOM,3035,ラスト ウィスパー,16,8,8,0.5,16,0.0903954802259887,177,3.25,15
overall,MIXED,16.17,JUNGLE,3089,ラバドン デスキャップ,16,8,8,0.5,16,0.015873015873015872,1008,3.375,15
overall,MIXED,16.7,MIDDLE,3089,ラバドン デスキャップ,16,8,8,0.5,16,0.1038961038961039,154,2.4375,15
overall,MIXED,15.11,ALL,3094,ラピッド ファイアキャノン,16,8,8,0.5,16,0.03018867924528302,530,2.5,15
overall,MIXED,15.17,TOP,4633,リフトメーカー,16,8,8,0.5,16,0.09876543209876543,162,3.1875,15
overall,MIXED,16.4,UTILITY,3116,リーライ クリスタル セプター,16,8,8,0.5,16,0.1509433962264151,106,1.875,15
overall,MIXED,14.19,MIDDLE,3153,ルインドキング ブレード,16,8,8,0.5,16,0.19047619047619047,84,1.9375,15
overall,MIXED,15.21,ALL,3085,ルナーン ハリケーン,16,8,8,0.5,16,0.02711864406779661,590,2.375,15
overall,MIXED,15.21,BOTTOM,3085,ルナーン ハリケーン,16,8,8,0.5,16,0.13675213675213677,117,2.375,15
overall,MIXED,15.8,JUNGLE,1028,ルビー クリスタル,16,8,8,0.5,16,0.12307692307692308,130,3.625,15
overall,MIXED,16.17,MIDDLE,1028,ルビー クリスタル,16,8,8,0.5,16,0.015873015873015872,1008,3.625,15
overall,MIXED,15.8,UTILITY,6655,ルーデン エコー,16,8,8,0.5,16,0.12307692307692308,130,2.1875,15
overall,MIXED,16.13,UTILITY,3802,ロスト チャプター,16,8,8,0.5,16,0.0243531202435312,657,3.1875,15
overall,MIXED,16.8,TOP,1036,ロング ソード,16,8,8,0.5,16,0.11428571428571428,140,3.9375,15
overall,MIXED,16.12,ALL,3865,ワールド アトラス,16,8,8,0.5,16,0.017977528089887642,890,0.1875,15
overall,MIXED,16.12,UTILITY,3865,ワールド アトラス,16,8,8,0.5,16,0.0898876404494382,178,0.1875,15
overall,MIXED,16.14,MIDDLE,3135,ヴォイド スタッフ,16,8,8,0.5,16,0.022988505747126436,696,2.6875,15
overall,MIXED,16.11,UTILITY,2003,体力ポーション,16,8,8,0.5,16,0.06779661016949153,236,1.0625,15
overall,MIXED,16.2,ALL,2003,体力ポーション,16,8,8,0.5,16,0.022535211267605635,710,1.3125,15
overall,MIXED,16.3,ALL,3070,女神の涙,16,8,8,0.5,16,0.01818181818181818,880,2.25,15
overall,MIXED,16.15,TOP,3916,忘却のオーブ,16,8,8,0.5,16,0.01937046004842615,826,2.6875,15
overall,MIXED,16.8,ALL,3147,悲愴な仮面,16,8,8,0.5,16,0.022857142857142857,700,2.4375,15
overall,MIXED,16.13,MIDDLE,4630,枯死の宝石,16,8,8,0.5,16,0.0243161094224924,658,3.8125,15
overall,MIXED,16.17,MIDDLE,4630,枯死の宝石,16,8,8,0.5,16,0.015873015873015872,1008,3.3125,15
overall,MIXED,16.13,ALL,2501,覇王のブラッドメイル,16,8,8,0.5,16,0.004863221884498481,3290,2.0625,15
overall,MIXED,16.2,UTILITY,2031,詰め替えポーション,16,8,8,0.5,16,0.11267605633802817,142,1.375,15
overall,MIXED,15.22,TOP,6692,赤月の刃,16,8,8,0.5,16,0.12121212121212122,132,2.0625,15
overall,MIXED,16.13,TOP,2022,輝きのモート,16,8,8,0.5,16,0.0243161094224924,658,4.1875,15
overall,MIXED,15.10,MIDDLE,3175,連呪使いのブーツ,16,8,8,0.5,16,0.11594202898550725,138,2.5,15
overall,MIXED,15.24,JUNGLE,3175,連呪使いのブーツ,16,8,8,0.5,16,0.04678362573099415,342,2.8125,15
overall,MIXED,16.5,ALL,2508,運命の灰,16,8,8,0.5,16,0.019753086419753086,810,2.4375,15
overall,MIXED,16.13,ALL,3097,UNKNOWN(3097),16,7,9,0.4375,16,0.004863221884498481,3290,2.0625,15
overall,MIXED,16.11,ALL,2422,ちょっとだけ魔法がかった靴,16,7,9,0.4375,16,0.013559322033898305,1180,3.75,15
overall,MIXED,15.11,ALL,3123,エクスキューショナー コーリング,16,7,9,0.4375,16,0.03018867924528302,530,3.5,15
overall,MIXED,16.2,BOTTOM,3508,エッセンス リーバー,16,7,9,0.4375,16,0.11267605633802817,142,1.4375,15
overall,MIXED,16.9,ALL,3508,エッセンス リーバー,16,7,9,0.4375,16,0.020253164556962026,790,1.8125,15
overall,MIXED,16.3,ALL,3172,ガンメタル ブーツ,16,7,9,0.4375,16,0.01818181818181818,880,2.9375,15
overall,MIXED,16.3,MIDDLE,3172,ガンメタル ブーツ,16,7,9,0.4375,16,0.09090909090909091,176,2.9375,15
overall,MIXED,15.22,JUNGLE,6672,クラーケン スレイヤー,16,7,9,0.4375,16,0.12121212121212122,132,1.5625,15
overall,MIXED,15.2,ALL,1029,クロース アーマー,16,7,9,0.4375,16,0.034782608695652174,460,4.0625,15
overall,MIXED,16.5,ALL,3124,グインソー レイジブレード,16,7,9,0.4375,16,0.019753086419753086,810,2.625,15
overall,MIXED,15.11,MIDDLE,2055,コントロール ワード,16,7,9,0.4375,16,0.1509433962264151,106,2.5,15
overall,MIXED,15.16,ALL,3068,サンファイア イージス,16,7,9,0.4375,16,0.02962962962962963,540,1.5625,15
overall,MIXED,14.22,ALL,4645,シャドウフレイム,16,7,9,0.4375,16,0.05517241379310345,290,1.875,15
overall,MIXED,16.17,JUNGLE,2420,シーカー アームガード,16,7,9,0.4375,16,0.015873015873015872,1008,0.75,15
overall,MIXED,16.9,MIDDLE,4646,ストームサージ,16,7,9,0.4375,16,0.10126582278481013,158,2.5625,15
overall,MIXED,16.13,TOP,3211,スペクター カウル,16,7,9,0.4375,16,0.0243161094224924,658,3.4375,15
overall,MIXED,16.1,ALL,3134,セレイテッド ダーク,16,7,9,0.4375,16,0.02077922077922078,770,2.8125,15
overall,MIXED,15.7,JUNGLE,3020,ソーサラー シューズ,16,7,9,0.4375,16,0.17391304347826086,92,2.25,15
overall,MIXED,16.3,TOP,3075,ソーンメイル,16,7,9,0.4375,16,0.09090909090909091,176,2.875,15
overall,MIXED,15.16,MIDDLE,3157,ゾーニャの砂時計,16,7,9,0.4375,16,0.14814814814814814,108,1.5625,15
overall,MIXED,16.17,UTILITY,3742,デッド マン プレート,16,7,9,0.4375,16,0.015873015873015872,1008,2.75,15
overall,MIXED,14.20,ALL,2021,トンネル掘り,16,7,9,0.4375,16,0.034782608695652174,460,3.3125,15
overall,MIXED,15.11,ALL,3036,ドミニク リガード,16,7,9,0.4375,16,0.03018867924528302,530,3.125,15
overall,MIXED,15.6,ALL,1055,ドラン ブレード,16,7,9,0.4375,16,0.2,80,1.0,15
overall,MIXED,16.8,ALL,2524,バンドルパイプ,16,7,9,0.4375,16,0.022857142857142857,700,2.5625,15
overall,MIXED,16.8,UTILITY,2524,バンドルパイプ,16,7,9,0.4375,16,0.11428571428571428,140,2.5625,15
overall,MIXED,16.7,ALL,3877,ブラッドソング,16,7,9,0.4375,16,0.02077922077922078,770,0.5625,15
overall,MIXED,16.7,UTILITY,3877,ブラッドソング,16,7,9,0.4375,16,0.1038961038961039,154,0.5625,15
overall,MIXED,15.23,ALL,3076,ブランブル ベスト,16,7,9,0.4375,16,0.027586206896551724,580,3.3125,15
overall,MIXED,15.23,ALL,3152,ヘクステック ロケットベルト,16,7,9,0.4375,16,0.027586206896551724,580,1.6875,15
overall,MIXED,16.2,ALL,6664,ホロウ レディアンス,16,7,9,0.4375,16,0.022535211267605635,710,2.625,15
overall,MIXED,14.20,ALL,3118,マリグナンス,16,7,9,0.4375,16,0.034782608695652174,460,2.6875,15
overall,MIXED,16.8,MIDDLE,3118,マリグナンス,16,7,9,0.4375,16,0.11428571428571428,140,2.125,15
overall,MIXED,16.14,ALL,3032,ユン・タル ワイルドアロー,16,7,9,0.4375,16,0.004597701149425287,3480,1.4375,15
overall,MIXED,16.6,BOTTOM,3032,ユン・タル ワイルドアロー,16,7,9,0.4375,16,0.10526315789473684,152,1.6875,15
overall,MIXED,16.1,ALL,3100,リッチ ベイン,16,7,9,0.4375,16,0.02077922077922078,770,3.0,15
overall,MIXED,14.20,TOP,3116,リーライ クリスタル セプター,16,7,9,0.4375,16,0.17391304347826086,92,1.75,15
overall,MIXED,15.23,ALL,3116,リーライ クリスタル セプター,16,7,9,0.4375,16,0.027586206896551724,580,2.4375,15
overall,MIXED,16.12,UTILITY,3116,リーライ クリスタル セプター,16,7,9,0.4375,16,0.0898876404494382,178,2.5625,15
overall,MIXED,16.16,BOTTOM,3153,ルインドキング ブレード,16,7,9,0.4375,16,0.024024024024024024,666,1.125,15
overall,MIXED,15.19,UTILITY,1028,ルビー クリスタル,16,7,9,0.4375,16,0.06956521739130435,230,3.75,15
overall,MIXED,15.22,JUNGLE,1028,ルビー クリスタル,16,7,9,0.4375,16,0.12121212121212122,132,3.75,15
overall,MIXED,16.8,UTILITY,1028,ルビー クリスタル,16,7,9,0.4375,16,0.11428571428571428,140,4.0,15
overall,MIXED,15.23,MIDDLE,6655,ルーデン エコー,16,7,9,0.4375,16,0.13793103448275862,116,2.3125,15
overall,MIXED,16.7,UTILITY,6655,ルーデン エコー,16,7,9,0.4375,16,0.1038961038961039,154,2.25,15
overall,MIXED,15.9,MIDDLE,6657,ロッド オブ エイジス,16,7,9,0.4375,16,0.18604651162790697,86,2.0,15
overall,MIXED,15.13,JUNGLE,1036,ロング ソード,16,7,9,0.4375,16,0.08333333333333333,192,3.75,15
overall,MIXED,16.1,BOTTOM,1036,ロング ソード,16,7,9,0.4375,16,0.1038961038961039,154,3.5625,15
overall,MIXED,16.14,TOP,3082,ワーデン メイル,16,7,9,0.4375,16,0.022988505747126436,696,2.625,15
overall,MIXED,16.11,ALL,1053,ヴァンパイア セプター,16,7,9,0.4375,16,0.013559322033898305,1180,3.4375,15
overall,MIXED,16.17,UTILITY,1006,再生の珠,16,7,9,0.4375,16,0.015873015873015872,1008,4.5625,15
overall,MIXED,16.9,MIDDLE,1052,増魔の書,16,7,9,0.4375,16,0.10126582278481013,158,4.4375,15
overall,MIXED,14.20,ALL,3084,心の鋼,16,7,9,0.4375,16,0.034782608695652174,460,1.25,15
overall,MIXED,16.14,BOTTOM,2517,終わりなき飢え,16,7,9,0.4375,16,0.022988505747126436,696,2.6875,15
overall,MIXED,15.19,JUNGLE,6692,赤月の刃,16,7,9,0.4375,16,0.06926406926406926,231,2.125,15
overall,MIXED,16.9,TOP,6692,赤月の刃,16,7,9,0.4375,16,0.10126582278481013,158,2.1875,15
overall,MIXED,16.13,JUNGLE,2422,ちょっとだけ魔法がかった靴,16,6,10,0.375,16,0.0243161094224924,658,3.375,15
overall,MIXED,16.8,ALL,2422,ちょっとだけ魔法がかった靴,16,6,10,0.375,16,0.022857142857142857,700,3.6875,15
overall,MIXED,15.12,BOTTOM,1018,アジリティ クローク,16,6,10,0.375,16,0.15841584158415842,101,3.4375,15
overall,MIXED,16.13,MIDDLE,1018,アジリティ クローク,16,6,10,0.375,16,0.0243161094224924,658,3.5625,15
overall,MIXED,15.15,ALL,3067,キンドルジェム,16,6,10,0.375,16,0.03902439024390244,410,3.4375,15
overall,MIXED,16.4,ALL,1029,クロース アーマー,16,6,10,0.375,16,0.03018867924528302,530,3.875,15
overall,MIXED,16.14,TOP,2504,ケイニック ルーケルン,16,6,10,0.375,16,0.022988505747126436,696,3.5,15
overall,MIXED,16.15,ALL,1027,サファイア クリスタル,16,6,10,0.375,16,0.00387409200968523,4130,3.0625,15
overall,MIXED,16.10,TOP,3068,サンファイア イージス,16,6,10,0.375,16,0.07207207207207207,222,1.75,15
overall,MIXED,16.4,ALL,3068,サンファイア イージス,16,6,10,0.375,16,0.03018867924528302,530,1.4375,15
overall,MIXED,15.24,BOTTOM,3161,ショウジンの矛,16,6,10,0.375,16,0.0469208211143695,341,2.875,15
overall,MIXED,16.17,TOP,3057,シーン,16,6,10,0.375,16,0.015873015873015872,1008,3.0625,15
overall,MIXED,15.19,ALL,3086,ジール,16,6,10,0.375,16,0.01391304347826087,1150,3.5625,15
overall,MIXED,15.24,BOTTOM,3086,ジール,16,6,10,0.375,16,0.0469208211143695,341,3.75,15
overall,MIXED,15.17,TOP,3009,スイフトネス ブーツ,16,6,10,0.375,16,0.09876543209876543,162,2.875,15
overall,MIXED,15.2,TOP,6631,ストライドブレイカー,16,6,10,0.375,16,0.17391304347826086,92,1.1875,15
overall,MIXED,16.14,MIDDLE,6694,セリルダの怨恨,16,6,10,0.375,16,0.022988505747126436,696,2.8125,15
overall,MIXED,16.9,ALL,6694,セリルダの怨恨,16,6,10,0.375,16,0.020253164556962026,790,1.6875,15
overall,MIXED,15.14,ALL,1042,ダガー,16,6,10,0.375,16,0.034782608695652174,460,4.0,15
overall,MIXED,16.2,ALL,1082,ダーク シール,16,6,10,0.375,16,0.022535211267605635,710,2.6875,15
overall,MIXED,16.9,ALL,1031,チェイン ベスト,16,6,10,0.375,16,0.020253164556962026,790,4.125,15
overall,MIXED,16.15,JUNGLE,3077,ティアマット,16,6,10,0.375,16,0.01937046004842615,826,1.5625,15
overall,MIXED,16.3,JUNGLE,3078,トリニティ フォース,16,6,10,0.375,16,0.09090909090909091,176,1.5,15
overall,MIXED,16.5,TOP,3078,トリニティ フォース,16,6,10,0.375,16,0.09876543209876543,162,1.75,15
overall,MIXED,15.19,ALL,3181,ハルブレイカー,16,6,10,0.375,16,0.01391304347826087,1150,2.8125,15
overall,MIXED,15.10,JUNGLE,1037,ピッケル,16,6,10,0.375,16,0.11594202898550725,138,3.1875,15
overall,MIXED,15.10,TOP,1037,ピッケル,16,6,10,0.375,16,0.11594202898550725,138,3.625,15
overall,MIXED,15.12,BOTTOM,1037,ピッケル,16,6,10,0.375,16,0.15841584158415842,101,3.5625,15
overall,MIXED,15.24,TOP,3044,ファージ,16,6,10,0.375,16,0.04678362573099415,342,3.0,15
overall,MIXED,15.3,JUNGLE,3071,ブラック クリーバー,16,6,10,0.375,16,0.1951219512195122,82,0.875,15
overall,MIXED,16.10,ALL,3072,ブラッドサースター,16,6,10,0.375,16,0.014414414414414415,1110,2.1875,15
overall,MIXED,16.13,ALL,2020,ブルータライザー,16,6,10,0.375,16,0.004863221884498481,3290,3.125,15
overall,MIXED,15.8,ALL,1001,ブーツ,16,6,10,0.375,16,0.024615384615384615,650,2.5625,15
overall,MIXED,15.3,ALL,3145,ヘクステック オルタネーター,16,6,10,0.375,16,0.03902439024390244,410,3.3125,15
overall,MIXED,16.8,ALL,6620,ヘリアの残響,16,6,10,0.375,16,0.022857142857142857,700,2.1875,15
overall,MIXED,16.8,UTILITY,6620,ヘリアの残響,16,6,10,0.375,16,0.11428571428571428,140,2.1875,15
overall,MIXED,15.13,MIDDLE,3111,マーキュリー ブーツ,16,6,10,0.375,16,0.08376963350785341,191,2.5625,15
overall,MIXED,15.21,MIDDLE,3111,マーキュリー ブーツ,16,6,10,0.375,16,0.13559322033898305,118,2.4375,15
overall,MIXED,15.11,JUNGLE,6653,ライアンドリーの仮面,16,6,10,0.375,16,0.1509433962264151,106,2.0625,15
overall,MIXED,16.3,TOP,6653,ライアンドリーの仮面,16,6,10,0.375,16,0.09090909090909091,176,2.75,15
overall,MIXED,15.8,ALL,3089,ラバドン デスキャップ,16,6,10,0.375,16,0.024615384615384615,650,1.9375,15
overall,MIXED,16.1,TOP,3116,リーライ クリスタル セプター,16,6,10,0.375,16,0.1038961038961039,154,2.125,15
overall,MIXED,15.17,TOP,3153,ルインドキング ブレード,16,6,10,0.375,16,0.09876543209876543,162,1.875,15
overall,MIXED,15.17,TOP,1028,ルビー クリスタル,16,6,10,0.375,16,0.09876543209876543,162,3.375,15
overall,MIXED,16.3,TOP,1036,ロング ソード,16,6,10,0.375,16,0.09090909090909091,176,3.9375,15
overall,MIXED,16.14,TOP,3073,実験的ヘクスプレート,16,6,10,0.375,16,0.022988505747126436,696,1.875,15
overall,MIXED,15.23,ALL,3084,心の鋼,16,6,10,0.375,16,0.027586206896551724,580,1.9375,15
overall,MIXED,16.13,ALL,3066,翼のムーンプレート,16,6,10,0.375,16,0.004863221884498481,3290,3.6875,15
overall,MIXED,15.10,TOP,6692,赤月の刃,16,6,10,0.375,16,0.11594202898550725,138,1.4375,15
overall,MIXED,14.19,ALL,2022,輝きのモート,16,6,10,0.375,16,0.0380952380952381,420,3.9375,15
overall,MIXED,16.14,MIDDLE,6696,アクシオム アーク,16,5,11,0.3125,16,0.022988505747126436,696,2.5,15
overall,MIXED,16.13,TOP,3091,ウィッツ エンド,16,5,11,0.3125,16,0.0243161094224924,658,2.1875,15
overall,MIXED,16.18,JUNGLE,1029,クロース アーマー,16,5,11,0.3125,16,0.047619047619047616,336,3.5625,15
overall,MIXED,15.18,ALL,6610,サンダード スカイ,16,5,11,0.3125,16,0.024615384615384615,650,1.25,15
overall,MIXED,16.6,ALL,3053,ステラックの篭手,16,5,11,0.3125,16,0.021052631578947368,760,2.6875,15
overall,MIXED,16.14,BOTTOM,4646,ストームサージ,16,5,11,0.3125,16,0.022988505747126436,696,2.25,15
overall,MIXED,16.2,TOP,3075,ソーンメイル,16,5,11,0.3125,16,0.11267605633802817,142,2.4375,15
overall,MIXED,16.14,JUNGLE,1031,チェイン ベスト,16,5,11,0.3125,16,0.022988505747126436,696,3.6875,15
overall,MIXED,14.24,ALL,1054,ドラン シールド,16,5,11,0.3125,16,0.064,250,0.625,15
overall,MIXED,16.16,UTILITY,3108,フィンディッシュの古書,16,5,11,0.3125,16,0.024024024024024024,666,3.625,15
overall,MIXED,16.1,ALL,3877,ブラッドソング,16,5,11,0.3125,16,0.02077922077922078,770,0.375,15
overall,MIXED,16.1,UTILITY,3877,ブラッドソング,16,5,11,0.3125,16,0.10457516339869281,153,0.375,15
overall,MIXED,16.12,ALL,3877,ブラッドソング,16,5,11,0.3125,16,0.017977528089887642,890,0.3125,15
overall,MIXED,16.12,UTILITY,3877,ブラッドソング,16,5,11,0.3125,16,0.0898876404494382,178,0.3125,15
overall,MIXED,16.14,MIDDLE,1001,ブーツ,16,5,11,0.3125,16,0.022988505747126436,696,3.375,15
overall,MIXED,16.17,JUNGLE,3156,マルモティウスの胃袋,16,5,11,0.3125,16,0.015873015873015872,1008,3.1875,15
overall,MIXED,15.16,TOP,3111,マーキュリー ブーツ,16,5,11,0.3125,16,0.14814814814814814,108,2.75,15
overall,MIXED,15.3,ALL,1058,ムダニ デカイ ロッド,16,5,11,0.3125,16,0.03902439024390244,410,3.5625,15
overall,MIXED,15.22,BOTTOM,1036,ロング ソード,16,5,11,0.3125,16,0.12121212121212122,132,4.0625,15
overall,MIXED,15.24,ALL,1053,ヴァンパイア セプター,16,5,11,0.3125,16,0.00935672514619883,1710,3.4375,15
overall,MIXED,16.14,ALL,3168,不滅の道,16,5,11,0.3125,16,0.004597701149425287,3480,2.0625,15
overall,MIXED,16.14,MIDDLE,3168,不滅の道,16,5,11,0.3125,16,0.022988505747126436,696,2.0625,15
overall,MIXED,16.2,BOTTOM,3142,妖夢の霊剣,16,5,11,0.3125,16,0.11267605633802817,142,1.25,15
overall,MIXED,16.17,UTILITY,2508,運命の灰,16,5,11,0.3125,16,0.015873015873015872,1008,3.1875,15
overall,MIXED,15.17,ALL,3123,エクスキューショナー コーリング,16,4,12,0.25,16,0.019753086419753086,810,3.625,15
overall,MIXED,15.23,ALL,3068,サンファイア イージス,16,4,12,0.25,16,0.027586206896551724,580,1.0,15
overall,MIXED,16.9,UTILITY,3340,ステルス ワード,16,4,12,0.25,16,0.10126582278481013,158,6.0,15
overall,MIXED,16.14,ALL,3114,フォビドゥン アイドル,16,4,12,0.25,16,0.004597701149425287,3480,3.5,15
overall,MIXED,16.14,UTILITY,3114,フォビドゥン アイドル,16,4,12,0.25,16,0.022988505747126436,696,3.5,15
overall,MIXED,15.23,ALL,3145,ヘクステック オルタネーター,16,4,12,0.25,16,0.027586206896551724,580,3.5625,15
overall,MIXED,16.12,MIDDLE,3145,ヘクステック オルタネーター,16,4,12,0.25,16,0.0898876404494382,178,3.3125,15
overall,MIXED,15.15,TOP,2031,詰め替えポーション,16,4,12,0.25,16,0.1951219512195122,82,1.6875,15
overall,MIXED,16.9,UTILITY,3067,キンドルジェム,16,3,13,0.1875,16,0.10126582278481013,158,3.4375,15
overall,MIXED,15.12,ALL,1001,ブーツ,16,2,14,0.125,16,0.03137254901960784,510,3.6875,15
overall,MIXED,15.17,MIDDLE,3111,マーキュリー ブーツ,16,2,14,0.125,16,0.09876543209876543,162,2.5625,15
overall,MIXED,15.19,JUNGLE,3173,チェインレースド クラッシャー,15,14,1,0.9333333333333333,15,0.06493506493506493,231,2.6,15
overall,MIXED,15.10,ALL,3041,メジャイ ソウルスティーラー,15,14,1,0.9333333333333333,15,0.021739130434782608,690,2.2,15
overall,MIXED,16.1,ALL,3040,セラフ エンブレイス,15,13,2,0.8666666666666667,15,0.01948051948051948,770,2.466666666666667,15
overall,MIXED,16.13,JUNGLE,3041,メジャイ ソウルスティーラー,15,13,2,0.8666666666666667,15,0.022796352583586626,658,1.9333333333333333,15
overall,MIXED,16.18,ALL,3041,メジャイ ソウルスティーラー,15,13,2,0.8666666666666667,15,0.008928571428571428,1680,2.4,15
overall,MIXED,16.2,ALL,3085,ルナーン ハリケーン,15,13,2,0.8666666666666667,15,0.02112676056338028,710,2.2,15
overall,MIXED,16.2,BOTTOM,3085,ルナーン ハリケーン,15,13,2,0.8666666666666667,15,0.1056338028169014,142,2.2,15
overall,MIXED,15.21,TOP,3174,装甲強化の進撃,15,13,2,0.8666666666666667,15,0.1271186440677966,118,3.0,15
overall,MIXED,16.18,BOTTOM,3026,ガーディアン エンジェル,15,12,3,0.8,15,0.044642857142857144,336,2.2,15
overall,MIXED,16.3,BOTTOM,3086,ジール,15,12,3,0.8,15,0.08522727272727272,176,3.8,15
overall,MIXED,14.22,ALL,3053,ステラックの篭手,15,12,3,0.8,15,0.05172413793103448,290,2.8666666666666667,15
overall,MIXED,15.16,ALL,4646,ストームサージ,15,12,3,0.8,15,0.027777777777777776,540,2.2,15
overall,MIXED,16.12,UTILITY,3075,ソーンメイル,15,12,3,0.8,15,0.08426966292134831,178,3.066666666666667,15
overall,MIXED,15.16,ALL,3036,ドミニク リガード,15,12,3,0.8,15,0.027777777777777776,540,2.933333333333333,15
overall,MIXED,16.18,BOTTOM,6670,ヌーンクィヴァー,15,12,3,0.8,15,0.044642857142857144,336,3.0,15
overall,MIXED,15.23,MIDDLE,4628,ホライゾン フォーカス,15,12,3,0.8,15,0.12931034482758622,116,2.066666666666667,15
overall,MIXED,15.2,ALL,3142,妖夢の霊剣,15,12,3,0.8,15,0.03260869565217391,460,1.4666666666666666,15
overall,MIXED,15.17,ALL,2502,終わりなき絶望,15,12,3,0.8,15,0.018518518518518517,810,2.1333333333333333,15
overall,MIXED,15.24,UTILITY,3175,連呪使いのブーツ,15,12,3,0.8,15,0.043859649122807015,342,2.4,15
overall,MIXED,16.17,MIDDLE,2510,黄昏と暁,15,12,3,0.8,15,0.01488095238095238,1008,1.3333333333333333,15
overall,MIXED,16.11,JUNGLE,3026,ガーディアン エンジェル,15,11,4,0.7333333333333333,15,0.0635593220338983,236,3.8,15
overall,MIXED,16.12,JUNGLE,6676,コレクター,15,11,4,0.7333333333333333,15,0.08426966292134831,178,1.2666666666666666,15
overall,MIXED,14.19,ALL,6610,サンダード スカイ,15,11,4,0.7333333333333333,15,0.03571428571428571,420,2.2,15
overall,MIXED,15.9,MIDDLE,4645,シャドウフレイム,15,11,4,0.7333333333333333,15,0.1744186046511628,86,2.2666666666666666,15
overall,MIXED,15.10,ALL,3040,セラフ エンブレイス,15,11,4,0.7333333333333333,15,0.021739130434782608,690,1.9333333333333333,15
overall,MIXED,15.16,TOP,3075,ソーンメイル,15,11,4,0.7333333333333333,15,0.1388888888888889,108,2.933333333333333,15
overall,MIXED,16.1,ALL,1042,ダガー,15,11,4,0.7333333333333333,15,0.01948051948051948,770,3.1333333333333333,15
overall,MIXED,15.11,TOP,2021,トンネル掘り,15,11,4,0.7333333333333333,15,0.14150943396226415,106,3.2,15
overall,MIXED,16.18,MIDDLE,1054,ドラン シールド,15,11,4,0.7333333333333333,15,0.044642857142857144,336,0.6666666666666666,15
overall,MIXED,16.11,BOTTOM,1056,ドラン リング,15,11,4,0.7333333333333333,15,0.0635593220338983,236,0.06666666666666667,15
overall,MIXED,16.7,ALL,3814,ナイト エッジ,15,11,4,0.7333333333333333,15,0.01948051948051948,770,3.1333333333333333,15
overall,MIXED,16.4,ALL,3115,ナッシャー トゥース,15,11,4,0.7333333333333333,15,0.02830188679245283,530,2.4,15
overall,MIXED,15.3,ALL,3110,フローズン ハート,15,11,4,0.7333333333333333,15,0.036585365853658534,410,2.6,15
overall,MIXED,14.20,ALL,1001,ブーツ,15,11,4,0.7333333333333333,15,0.03260869565217391,460,2.8,15
overall,MIXED,16.2,MIDDLE,3118,マリグナンス,15,11,4,0.7333333333333333,15,0.1056338028169014,142,2.1333333333333333,15
overall,MIXED,16.1,MIDDLE,6653,ライアンドリーの仮面,15,11,4,0.7333333333333333,15,0.09740259740259741,154,2.3333333333333335,15
overall,MIXED,15.17,MIDDLE,3089,ラバドン デスキャップ,15,11,4,0.7333333333333333,15,0.09259259259259259,162,2.3333333333333335,15
overall,MIXED,16.18,TOP,3074,ラヴァナス ハイドラ,15,11,4,0.7333333333333333,15,0.044642857142857144,336,0.9333333333333333,15
overall,MIXED,15.21,ALL,3100,リッチ ベイン,15,11,4,0.7333333333333333,15,0.025423728813559324,590,2.2666666666666666,15
overall,MIXED,16.1,ALL,3107,リデンプション,15,11,4,0.7333333333333333,15,0.01948051948051948,770,1.8666666666666667,15
overall,MIXED,16.1,UTILITY,3107,リデンプション,15,11,4,0.7333333333333333,15,0.09803921568627451,153,1.8666666666666667,15
overall,MIXED,16.7,JUNGLE,3153,ルインドキング ブレード,15,11,4,0.7333333333333333,15,0.09740259740259741,154,1.4,15
overall,MIXED,16.13,UTILITY,3147,悲愴な仮面,15,11,4,0.7333333333333333,15,0.0228310502283105,657,3.466666666666667,15
overall,MIXED,15.13,TOP,2502,終わりなき絶望,15,11,4,0.7333333333333333,15,0.078125,192,2.933333333333333,15
overall,MIXED,16.7,ALL,2502,終わりなき絶望,15,11,4,0.7333333333333333,15,0.01948051948051948,770,3.2666666666666666,15
overall,MIXED,15.13,JUNGLE,3174,装甲強化の進撃,15,11,4,0.7333333333333333,15,0.078125,192,2.466666666666667,15
overall,MIXED,15.22,TOP,3174,装甲強化の進撃,15,11,4,0.7333333333333333,15,0.11363636363636363,132,2.2666666666666666,15
overall,MIXED,15.8,ALL,3174,装甲強化の進撃,15,11,4,0.7333333333333333,15,0.023076923076923078,650,2.8666666666666667,15
overall,MIXED,15.16,MIDDLE,3175,連呪使いのブーツ,15,11,4,0.7333333333333333,15,0.1388888888888889,108,3.4,15
overall,MIXED,16.13,MIDDLE,1038,B. F. ソード,15,10,5,0.6666666666666666,15,0.022796352583586626,658,3.533333333333333,15
overall,MIXED,16.2,BOTTOM,3097,UNKNOWN(3097),15,10,5,0.6666666666666666,15,0.1056338028169014,142,1.6,15
overall,MIXED,15.23,TOP,3364,オラクル レンズ,15,10,5,0.6666666666666666,15,0.12931034482758622,116,6.0,15
overall,MIXED,16.15,TOP,3026,ガーディアン エンジェル,15,10,5,0.6666666666666666,15,0.018159806295399514,826,3.0,15
overall,MIXED,16.3,JUNGLE,6672,クラーケン スレイヤー,15,10,5,0.6666666666666666,15,0.08522727272727272,176,1.2666666666666666,15
overall,MIXED,15.13,ALL,3124,グインソー レイジブレード,15,10,5,0.6666666666666666,15,0.015625,960,2.4,15
overall,MIXED,15.16,ALL,3124,グインソー レイジブレード,15,10,5,0.6666666666666666,15,0.027777777777777776,540,2.3333333333333335,15
overall,MIXED,15.19,BOTTOM,3124,グインソー レイジブレード,15,10,5,0.6666666666666666,15,0.06521739130434782,230,2.2,15
overall,MIXED,15.21,ALL,3124,グインソー レイジブレード,15,10,5,0.6666666666666666,15,0.025423728813559324,590,1.7333333333333334,15
overall,MIXED,14.23,BOTTOM,6676,コレクター,15,10,5,0.6666666666666666,15,0.35714285714285715,42,2.066666666666667,15
overall,MIXED,15.23,JUNGLE,6610,サンダード スカイ,15,10,5,0.6666666666666666,15,0.12931034482758622,116,1.5333333333333334,15
overall,MIXED,16.16,UTILITY,6610,サンダード スカイ,15,10,5,0.6666666666666666,15,0.02252252252252252,666,1.8666666666666667,15
overall,MIXED,15.19,MIDDLE,2420,シーカー アームガード,15,10,5,0.6666666666666666,15,0.06521739130434782,230,1.4666666666666666,15
overall,MIXED,16.1,ALL,2420,シーカー アームガード,15,10,5,0.6666666666666666,15,0.01948051948051948,770,2.066666666666667,15
overall,MIXED,15.10,TOP,3053,ステラックの篭手,15,10,5,0.6666666666666666,15,0.10869565217391304,138,1.8666666666666667,15
overall,MIXED,14.24,JUNGLE,3340,ステルス ワード,15,10,5,0.6666666666666666,15,0.3,50,6.0,15
overall,MIXED,15.9,JUNGLE,3340,ステルス ワード,15,10,5,0.6666666666666666,15,0.1744186046511628,86,6.0,15
overall,MIXED,16.7,ALL,3065,スピリット ビサージュ,15,10,5,0.6666666666666666,15,0.01948051948051948,770,2.533333333333333,15
overall,MIXED,16.17,JUNGLE,3211,スペクター カウル,15,10,5,0.6666666666666666,15,0.01488095238095238,1008,3.3333333333333335,15
overall,MIXED,14.24,ALL,3869,セレスティアル オポジション,15,10,5,0.6666666666666666,15,0.06,250,0.06666666666666667,15
overall,MIXED,14.24,UTILITY,3869,セレスティアル オポジション,15,10,5,0.6666666666666666,15,0.3,50,0.06666666666666667,15
overall,MIXED,16.10,TOP,3020,ソーサラー シューズ,15,10,5,0.6666666666666666,15,0.06756756756756757,222,2.7333333333333334,15
overall,MIXED,14.20,ALL,3075,ソーンメイル,15,10,5,0.6666666666666666,15,0.03260869565217391,460,3.0,15
overall,MIXED,15.21,ALL,3173,チェインレースド クラッシャー,15,10,5,0.6666666666666666,15,0.025423728813559324,590,1.9333333333333333,15
overall,MIXED,15.19,JUNGLE,6333,デス ダンス,15,10,5,0.6666666666666666,15,0.06493506493506493,231,3.2,15
overall,MIXED,16.8,ALL,6333,デス ダンス,15,10,5,0.6666666666666666,15,0.02142857142857143,700,2.7333333333333334,15
overall,MIXED,16.1,TOP,2021,トンネル掘り,15,10,5,0.6666666666666666,15,0.09740259740259741,154,2.7333333333333334,15
overall,MIXED,15.11,ALL,6675,ナヴォリ フリッカーブレード,15,10,5,0.6666666666666666,15,0.02830188679245283,530,2.533333333333333,15
overall,MIXED,16.5,UTILITY,2524,バンドルパイプ,15,10,5,0.6666666666666666,15,0.09259259259259259,162,2.0,15
overall,MIXED,16.10,TOP,3071,ブラック クリーバー,15,10,5,0.6666666666666666,15,0.06756756756756757,222,2.2,15
overall,MIXED,16.2,TOP,3071,ブラック クリーバー,15,10,5,0.6666666666666666,15,0.1056338028169014,142,2.066666666666667,15
overall,MIXED,15.15,ALL,3076,ブランブル ベスト,15,10,5,0.6666666666666666,15,0.036585365853658534,410,3.8666666666666667,15
overall,MIXED,15.15,UTILITY,3047,プレート スチールキャップ,15,10,5,0.6666666666666666,15,0.18292682926829268,82,3.1333333333333333,15
overall,MIXED,16.13,UTILITY,4628,ホライゾン フォーカス,15,10,5,0.6666666666666666,15,0.0228310502283105,657,3.0,15
overall,MIXED,15.11,MIDDLE,1058,ムダニ デカイ ロッド,15,10,5,0.6666666666666666,15,0.14150943396226415,106,3.066666666666667,15
overall,MIXED,16.7,ALL,6617,ムーンストーンの再生,15,10,5,0.6666666666666666,15,0.01948051948051948,770,3.3333333333333335,15
overall,MIXED,15.10,BOTTOM,3085,ルナーン ハリケーン,15,10,5,0.6666666666666666,15,0.10869565217391304,138,2.8,15
overall,MIXED,15.4,ALL,1028,ルビー クリスタル,15,10,5,0.6666666666666666,15,0.05555555555555555,270,3.6,15
overall,MIXED,16.8,JUNGLE,1028,ルビー クリスタル,15,10,5,0.6666666666666666,15,0.10714285714285714,140,4.0,15
overall,MIXED,14.24,ALL,6655,ルーデン エコー,15,10,5,0.6666666666666666,15,0.06,250,1.6,15
overall,MIXED,15.10,JUNGLE,3142,妖夢の霊剣,15,10,5,0.6666666666666666,15,0.10869565217391304,138,1.0666666666666667,15
overall,MIXED,16.16,TOP,3073,実験的ヘクスプレート,15,10,5,0.6666666666666666,15,0.02252252252252252,666,2.2,15
overall,MIXED,15.24,ALL,4005,帝国の指令,15,10,5,0.6666666666666666,15,0.008771929824561403,1710,2.8666666666666667,15
overall,MIXED,15.24,UTILITY,4005,帝国の指令,15,10,5,0.6666666666666666,15,0.043859649122807015,342,2.8666666666666667,15
overall,MIXED,16.4,ALL,3084,心の鋼,15,10,5,0.6666666666666666,15,0.02830188679245283,530,1.8,15
overall,MIXED,16.14,MIDDLE,3147,悲愴な仮面,15,10,5,0.6666666666666666,15,0.021551724137931036,696,3.3333333333333335,15
overall,MIXED,16.3,ALL,2502,終わりなき絶望,15,10,5,0.6666666666666666,15,0.017045454545454544,880,3.066666666666667,15
overall,MIXED,15.7,ALL,3876,至点のソリ,15,10,5,0.6666666666666666,15,0.03260869565217391,460,0.4666666666666667,15
overall,MIXED,15.7,UTILITY,3876,至点のソリ,15,10,5,0.6666666666666666,15,0.16304347826086957,92,0.4666666666666667,15
overall,MIXED,16.10,JUNGLE,6692,赤月の刃,15,10,5,0.6666666666666666,15,0.06756756756756757,222,2.0,15
overall,MIXED,16.6,BOTTOM,1038,B. F. ソード,15,9,6,0.6,15,0.09868421052631579,152,3.6666666666666665,15
overall,MIXED,16.3,BOTTOM,3097,UNKNOWN(3097),15,9,6,0.6,15,0.08522727272727272,176,1.4,15
overall,MIXED,14.19,BOTTOM,1018,アジリティ クローク,15,9,6,0.6,15,0.17857142857142858,84,4.066666666666666,15
overall,MIXED,15.15,ALL,1018,アジリティ クローク,15,9,6,0.6,15,0.036585365853658534,410,3.6666666666666665,15
overall,MIXED,15.21,BOTTOM,1018,アジリティ クローク,15,9,6,0.6,15,0.1282051282051282,117,3.933333333333333,15
overall,MIXED,16.3,ALL,3179,アンブラル グレイブ,15,9,6,0.6,15,0.017045454545454544,880,1.1333333333333333,15
overall,MIXED,16.9,TOP,3364,オラクル レンズ,15,9,6,0.6,15,0.0949367088607595,158,6.0,15
overall,MIXED,15.2,ALL,3172,ガンメタル ブーツ,15,9,6,0.6,15,0.03260869565217391,460,2.0,15
overall,MIXED,15.9,ALL,3172,ガンメタル ブーツ,15,9,6,0.6,15,0.03488372093023256,430,2.2,15
overall,MIXED,15.23,UTILITY,3067,キンドルジェム,15,9,6,0.6,15,0.12931034482758622,116,3.2,15
overall,MIXED,14.20,BOTTOM,6672,クラーケン スレイヤー,15,9,6,0.6,15,0.16304347826086957,92,1.4,15
overall,MIXED,15.17,TOP,2055,コントロール ワード,15,9,6,0.6,15,0.09259259259259259,162,2.7333333333333334,15
overall,MIXED,15.14,ALL,3161,ショウジンの矛,15,9,6,0.6,15,0.03260869565217391,460,1.8666666666666667,15
overall,MIXED,16.3,MIDDLE,2420,シーカー アームガード,15,9,6,0.6,15,0.08522727272727272,176,1.9333333333333333,15
overall,MIXED,16.15,MIDDLE,2019,スチール シジル,15,9,6,0.6,15,0.018159806295399514,826,3.2666666666666666,15
overall,MIXED,16.15,UTILITY,3053,ステラックの篭手,15,9,6,0.6,15,0.018159806295399514,826,3.1333333333333333,15
overall,MIXED,15.18,ALL,3040,セラフ エンブレイス,15,9,6,0.6,15,0.023076923076923078,650,0.8,15
overall,MIXED,16.16,BOTTOM,3040,セラフ エンブレイス,15,9,6,0.6,15,0.02252252252252252,666,0.9333333333333333,15
overall,MIXED,15.23,UTILITY,3020,ソーサラー シューズ,15,9,6,0.6,15,0.12931034482758622,116,2.8666666666666667,15
overall,MIXED,16.13,TOP,3748,タイタン ハイドラ,15,9,6,0.6,15,0.022796352583586626,658,0.9333333333333333,15
overall,MIXED,16.16,TOP,3748,タイタン ハイドラ,15,9,6,0.6,15,0.02252252252252252,666,0.9333333333333333,15
overall,MIXED,15.13,MIDDLE,1082,ダーク シール,15,9,6,0.6,15,0.07853403141361257,191,2.6666666666666665,15
overall,MIXED,15.18,ALL,3173,チェインレースド クラッシャー,15,9,6,0.6,15,0.023076923076923078,650,2.533333333333333,15
overall,MIXED,16.17,TOP,3036,ドミニク リガード,15,9,6,0.6,15,0.01488095238095238,1008,3.066666666666667,15
overall,MIXED,16.3,ALL,2512,フィーンドハンターの矢,15,9,6,0.6,15,0.017045454545454544,880,2.6666666666666665,15
overall,MIXED,16.8,ALL,2512,フィーンドハンターの矢,15,9,6,0.6,15,0.02142857142857143,700,2.2666666666666666,15
overall,MIXED,15.19,ALL,3110,フローズン ハート,15,9,6,0.6,15,0.013043478260869565,1150,3.2666666666666666,15
overall,MIXED,16.18,ALL,1026,ブラスティング ワンド,15,9,6,0.6,15,0.008928571428571428,1680,3.8666666666666667,15
overall,MIXED,14.23,ALL,3071,ブラック クリーバー,15,9,6,0.6,15,0.07142857142857142,210,1.8,15
overall,MIXED,15.18,JUNGLE,3071,ブラック クリーバー,15,9,6,0.6,15,0.11538461538461539,130,1.5333333333333334,15
overall,MIXED,15.9,JUNGLE,3071,ブラック クリーバー,15,9,6,0.6,15,0.1744186046511628,86,1.7333333333333334,15
overall,MIXED,16.6,TOP,3071,ブラック クリーバー,15,9,6,0.6,15,0.09868421052631579,152,1.4,15
overall,MIXED,14.19,ALL,3072,ブラッドサースター,15,9,6,0.6,15,0.03571428571428571,420,2.2,15
overall,MIXED,15.11,BOTTOM,3072,ブラッドサースター,15,9,6,0.6,15,0.14150943396226415,106,0.8666666666666667,15
overall,MIXED,15.22,ALL,3145,ヘクステック オルタネーター,15,9,6,0.6,15,0.022727272727272728,660,3.6666666666666665,15
overall,MIXED,15.7,ALL,3145,ヘクステック オルタネーター,15,9,6,0.6,15,0.03260869565217391,460,2.533333333333333,15
overall,MIXED,15.2,ALL,4628,ホライゾン フォーカス,15,9,6,0.6,15,0.03260869565217391,460,2.6666666666666665,15
overall,MIXED,15.2,MIDDLE,1058,ムダニ デカイ ロッド,15,9,6,0.6,15,0.16304347826086957,92,3.3333333333333335,15
overall,MIXED,15.2,ALL,3165,モレロノミコン,15,9,6,0.6,15,0.03260869565217391,460,2.466666666666667,15
overall,MIXED,16.15,UTILITY,3165,モレロノミコン,15,9,6,0.6,15,0.018159806295399514,826,3.1333333333333333,15
overall,MIXED,15.10,ALL,3033,モータル リマインダー,15,9,6,0.6,15,0.021739130434782608,690,1.8666666666666667,15
overall,MIXED,15.14,TOP,6653,ライアンドリーの仮面,15,9,6,0.6,15,0.16304347826086957,92,2.0,15
overall,MIXED,15.21,MIDDLE,6653,ライアンドリーの仮面,15,9,6,0.6,15,0.1271186440677966,118,3.066666666666667,15
overall,MIXED,15.9,JUNGLE,6653,ライアンドリーの仮面,15,9,6,0.6,15,0.1744186046511628,86,1.6,15
overall,MIXED,16.9,JUNGLE,6653,ライアンドリーの仮面,15,9,6,0.6,15,0.0949367088607595,158,1.8666666666666667,15
overall,MIXED,15.17,ALL,3035,ラスト ウィスパー,15,9,6,0.6,15,0.018518518518518517,810,3.466666666666667,15
overall,MIXED,15.14,ALL,3089,ラバドン デスキャップ,15,9,6,0.6,15,0.03260869565217391,460,3.4,15
overall,MIXED,15.9,ALL,3116,リーライ クリスタル セプター,15,9,6,0.6,15,0.03488372093023256,430,2.8,15
overall,MIXED,15.24,BOTTOM,3153,ルインドキング ブレード,15,9,6,0.6,15,0.04398826979472141,341,1.9333333333333333,15
overall,MIXED,16.12,TOP,1028,ルビー クリスタル,15,9,6,0.6,15,0.08426966292134831,178,3.8666666666666667,15
overall,MIXED,16.12,UTILITY,1028,ルビー クリスタル,15,9,6,0.6,15,0.08426966292134831,178,3.466666666666667,15
overall,MIXED,15.18,ALL,6657,ロッド オブ エイジス,15,9,6,0.6,15,0.023076923076923078,650,2.1333333333333333,15
overall,MIXED,16.2,ALL,6665,変幻自在のジャック＝ショー,15,9,6,0.6,15,0.02112676056338028,710,2.533333333333333,15
overall,MIXED,15.18,ALL,3142,妖夢の霊剣,15,9,6,0.6,15,0.023076923076923078,650,1.0,15
overall,MIXED,16.16,JUNGLE,3142,妖夢の霊剣,15,9,6,0.6,15,0.02252252252252252,666,0.8666666666666667,15
overall,MIXED,16.15,MIDDLE,4630,枯死の宝石,15,9,6,0.6,15,0.018159806295399514,826,3.1333333333333333,15
overall,MIXED,16.16,MIDDLE,4630,枯死の宝石,15,9,6,0.6,15,0.02252252252252252,666,3.2,15
overall,MIXED,15.18,ALL,2502,終わりなき絶望,15,9,6,0.6,15,0.023076923076923078,650,2.6666666666666665,15
overall,MIXED,16.16,ALL,4401,自然の力,15,9,6,0.6,15,0.0045045045045045045,3330,3.0,15
overall,MIXED,15.18,TOP,2031,詰め替えポーション,15,9,6,0.6,15,0.11538461538461539,130,1.2666666666666666,15
overall,MIXED,15.12,JUNGLE,6692,赤月の刃,15,9,6,0.6,15,0.14705882352941177,102,1.6,15
overall,MIXED,15.7,ALL,3109,騎士の誓い,15,9,6,0.6,15,0.03260869565217391,460,2.6666666666666665,15
overall,MIXED,15.7,UTILITY,3109,騎士の誓い,15,9,6,0.6,15,0.16304347826086957,92,2.6666666666666665,15
overall,MIXED,15.21,BOTTOM,1038,B. F. ソード,15,8,7,0.5333333333333333,15,0.1282051282051282,117,2.7333333333333334,15
overall,MIXED,15.22,BOTTOM,1038,B. F. ソード,15,8,7,0.5333333333333333,15,0.11363636363636363,132,2.8666666666666667,15
overall,MIXED,16.14,BOTTOM,3097,UNKNOWN(3097),15,8,7,0.5333333333333333,15,0.021551724137931036,696,2.0,15
overall,MIXED,16.11,JUNGLE,6696,アクシオム アーク,15,8,7,0.5333333333333333,15,0.0635593220338983,236,0.6666666666666666,15
overall,MIXED,15.22,BOTTOM,1018,アジリティ クローク,15,8,7,0.5333333333333333,15,0.11363636363636363,132,3.6,15
overall,MIXED,15.20,ALL,6673,イモータル シールドボウ,15,8,7,0.5333333333333333,15,0.022727272727272728,660,2.066666666666667,15
overall,MIXED,16.14,JUNGLE,3123,エクスキューショナー コーリング,15,8,7,0.5333333333333333,15,0.021551724137931036,696,3.2,15
overall,MIXED,16.3,ALL,3123,エクスキューショナー コーリング,15,8,7,0.5333333333333333,15,0.017045454545454544,880,2.6,15
overall,MIXED,14.21,MIDDLE,3364,オラクル レンズ,15,8,7,0.5333333333333333,15,0.2727272727272727,55,6.0,15
overall,MIXED,16.18,ALL,1083,カル,15,8,7,0.5333333333333333,15,0.008928571428571428,1680,2.466666666666667,15
overall,MIXED,16.18,BOTTOM,1083,カル,15,8,7,0.5333333333333333,15,0.044642857142857144,336,2.466666666666667,15
overall,MIXED,16.12,JUNGLE,3026,ガーディアン エンジェル,15,8,7,0.5333333333333333,15,0.08426966292134831,178,3.0,15
overall,MIXED,15.10,ALL,6672,クラーケン スレイヤー,15,8,7,0.5333333333333333,15,0.021739130434782608,690,1.8,15
overall,MIXED,16.14,MIDDLE,3133,コールフィールド ウォーハンマー,15,8,7,0.5333333333333333,15,0.021551724137931036,696,3.3333333333333335,15
overall,MIXED,14.24,ALL,4645,シャドウフレイム,15,8,7,0.5333333333333333,15,0.06,250,2.6,15
overall,MIXED,15.7,ALL,1011,ジャイアント ベルト,15,8,7,0.5333333333333333,15,0.03260869565217391,460,3.8666666666666667,15
overall,MIXED,16.14,JUNGLE,1011,ジャイアント ベルト,15,8,7,0.5333333333333333,15,0.021551724137931036,696,3.1333333333333333,15
overall,MIXED,16.3,ALL,3050,ジーク コンバージェンス,15,8,7,0.5333333333333333,15,0.017045454545454544,880,2.533333333333333,15
overall,MIXED,15.21,UTILITY,3009,スイフトネス ブーツ,15,8,7,0.5333333333333333,15,0.1271186440677966,118,3.466666666666667,15
overall,MIXED,15.9,UTILITY,3009,スイフトネス ブーツ,15,8,7,0.5333333333333333,15,0.1744186046511628,86,3.533333333333333,15
overall,MIXED,15.11,ALL,3170,スイフトマーチ,15,8,7,0.5333333333333333,15,0.02830188679245283,530,3.066666666666667,15
overall,MIXED,15.24,JUNGLE,3053,ステラックの篭手,15,8,7,0.5333333333333333,15,0.043859649122807015,342,3.4,15
overall,MIXED,15.5,TOP,3340,ステルス ワード,15,8,7,0.5333333333333333,15,0.75,20,6.0,15
overall,MIXED,15.23,ALL,6631,ストライドブレイカー,15,8,7,0.5333333333333333,15,0.02586206896551724,580,0.6666666666666666,15
overall,MIXED,16.17,BOTTOM,3095,ストームレイザー,15,8,7,0.5333333333333333,15,0.01488095238095238,1008,1.6666666666666667,15
overall,MIXED,14.19,ALL,3065,スピリット ビサージュ,15,8,7,0.5333333333333333,15,0.03571428571428571,420,2.3333333333333335,15
overall,MIXED,15.17,JUNGLE,3065,スピリット ビサージュ,15,8,7,0.5333333333333333,15,0.09259259259259259,162,2.8,15
overall,MIXED,15.12,ALL,3040,セラフ エンブレイス,15,8,7,0.5333333333333333,15,0.029411764705882353,510,1.2666666666666666,15
overall,MIXED,15.24,BOTTOM,3134,セレイテッド ダーク,15,8,7,0.5333333333333333,15,0.04398826979472141,341,3.2666666666666666,15
overall,MIXED,16.17,JUNGLE,3134,セレイテッド ダーク,15,8,7,0.5333333333333333,15,0.01488095238095238,1008,2.6666666666666665,15
overall,MIXED,14.24,ALL,3190,ソラリのロケット,15,8,7,0.5333333333333333,15,0.06,250,1.1333333333333333,15
overall,MIXED,14.24,UTILITY,3190,ソラリのロケット,15,8,7,0.5333333333333333,15,0.3,50,1.1333333333333333,15
overall,MIXED,15.17,JUNGLE,3020,ソーサラー シューズ,15,8,7,0.5333333333333333,15,0.09259259259259259,162,3.1333333333333333,15
overall,MIXED,16.6,JUNGLE,3020,ソーサラー シューズ,15,8,7,0.5333333333333333,15,0.09868421052631579,152,1.5333333333333334,15
overall,MIXED,16.12,TOP,3075,ソーンメイル,15,8,7,0.5333333333333333,15,0.08426966292134831,178,2.533333333333333,15
overall,MIXED,16.18,ALL,3748,タイタン ハイドラ,15,8,7,0.5333333333333333,15,0.008928571428571428,1680,1.7333333333333334,15
overall,MIXED,16.9,ALL,1042,ダガー,15,8,7,0.5333333333333333,15,0.0189873417721519,790,3.7333333333333334,15
overall,MIXED,16.13,JUNGLE,1031,チェイン ベスト,15,8,7,0.5333333333333333,15,0.022796352583586626,658,3.0,15
overall,MIXED,15.11,TOP,3078,トリニティ フォース,15,8,7,0.5333333333333333,15,0.14150943396226415,106,1.4666666666666666,15
overall,MIXED,15.21,JUNGLE,3078,トリニティ フォース,15,8,7,0.5333333333333333,15,0.1271186440677966,118,1.1333333333333333,15
overall,MIXED,15.8,JUNGLE,3078,トリニティ フォース,15,8,7,0.5333333333333333,15,0.11538461538461539,130,1.6666666666666667,15
overall,MIXED,15.8,TOP,2021,トンネル掘り,15,8,7,0.5333333333333333,15,0.11538461538461539,130,2.8666666666666667,15
overall,MIXED,14.20,MIDDLE,1054,ドラン シールド,15,8,7,0.5333333333333333,15,0.16304347826086957,92,0.6666666666666666,15
overall,MIXED,15.21,TOP,1056,ドラン リング,15,8,7,0.5333333333333333,15,0.1271186440677966,118,0.3333333333333333,15
overall,MIXED,15.12,ALL,3870,ドリーム メーカー,15,8,7,0.5333333333333333,15,0.029411764705882353,510,0.6666666666666666,15
overall,MIXED,15.12,UTILITY,3870,ドリーム メーカー,15,8,7,0.5333333333333333,15,0.14705882352941177,102,0.6666666666666666,15
overall,MIXED,15.21,ALL,3115,ナッシャー トゥース,15,8,7,0.5333333333333333,15,0.025423728813559324,590,2.2666666666666666,15
overall,MIXED,15.15,BOTTOM,6675,ナヴォリ フリッカーブレード,15,8,7,0.5333333333333333,15,0.18292682926829268,82,2.7333333333333334,15
overall,MIXED,15.24,BOTTOM,6675,ナヴォリ フリッカーブレード,15,8,7,0.5333333333333333,15,0.04398826979472141,341,2.2,15
overall,MIXED,15.20,ALL,1033,ヌルマジック マント,15,8,7,0.5333333333333333,15,0.022727272727272728,660,3.7333333333333334,15
overall,MIXED,16.7,ALL,1033,ヌルマジック マント,15,8,7,0.5333333333333333,15,0.01948051948051948,770,4.133333333333334,15
overall,MIXED,16.10,TOP,3006,バーサーカー ブーツ,15,8,7,0.5333333333333333,15,0.06756756756756757,222,2.3333333333333335,15
overall,MIXED,15.17,BOTTOM,1037,ピッケル,15,8,7,0.5333333333333333,15,0.09259259259259259,162,3.1333333333333333,15
overall,MIXED,16.2,BOTTOM,3046,ファントム ダンサー,15,8,7,0.5333333333333333,15,0.1056338028169014,142,2.6,15
overall,MIXED,16.1,UTILITY,3108,フィンディッシュの古書,15,8,7,0.5333333333333333,15,0.09803921568627451,153,3.3333333333333335,15
overall,MIXED,15.22,ALL,3110,フローズン ハート,15,8,7,0.5333333333333333,15,0.022727272727272728,660,2.6,15
overall,MIXED,16.12,ALL,3072,ブラッドサースター,15,8,7,0.5333333333333333,15,0.016853932584269662,890,2.0,15
overall,MIXED,16.12,BOTTOM,3072,ブラッドサースター,15,8,7,0.5333333333333333,15,0.0847457627118644,177,2.0,15
overall,MIXED,15.21,ALL,3076,ブランブル ベスト,15,8,7,0.5333333333333333,15,0.025423728813559324,590,3.933333333333333,15
overall,MIXED,16.11,TOP,3076,ブランブル ベスト,15,8,7,0.5333333333333333,15,0.0635593220338983,236,3.466666666666667,15
overall,MIXED,16.16,JUNGLE,3076,ブランブル ベスト,15,8,7,0.5333333333333333,15,0.02252252252252252,666,2.6666666666666665,15
overall,MIXED,16.18,JUNGLE,1001,ブーツ,15,8,7,0.5333333333333333,15,0.044642857142857144,336,2.933333333333333,15
overall,MIXED,16.18,ALL,3146,ヘクステック ガンブレード,15,8,7,0.5333333333333333,15,0.008928571428571428,1680,1.2,15
overall,MIXED,16.12,MIDDLE,3152,ヘクステック ロケットベルト,15,8,7,0.5333333333333333,15,0.08426966292134831,178,1.0,15
overall,MIXED,16.17,TOP,3152,ヘクステック ロケットベルト,15,8,7,0.5333333333333333,15,0.01488095238095238,1008,1.2,15
overall,MIXED,16.7,UTILITY,6620,ヘリアの残響,15,8,7,0.5333333333333333,15,0.09740259740259741,154,1.8,15
overall,MIXED,16.3,ALL,6699,ボルテイク サイクロソード,15,8,7,0.5333333333333333,15,0.017045454545454544,880,1.6,15
overall,MIXED,15.15,ALL,3118,マリグナンス,15,8,7,0.5333333333333333,15,0.036585365853658534,410,1.5333333333333334,15
overall,MIXED,15.21,ALL,3118,マリグナンス,15,8,7,0.5333333333333333,15,0.025423728813559324,590,2.066666666666667,15
overall,MIXED,14.19,JUNGLE,3111,マーキュリー ブーツ,15,8,7,0.5333333333333333,15,0.17857142857142858,84,1.8,15
overall,MIXED,16.18,BOTTOM,3042,ムラマナ,15,8,7,0.5333333333333333,15,0.044642857142857144,336,1.9333333333333333,15
overall,MIXED,15.23,ALL,3033,モータル リマインダー,15,8,7,0.5333333333333333,15,0.02586206896551724,580,1.9333333333333333,15
overall,MIXED,15.13,UTILITY,6653,ライアンドリーの仮面,15,8,7,0.5333333333333333,15,0.078125,192,2.2666666666666666,15
overall,MIXED,15.15,MIDDLE,6653,ライアンドリーの仮面,15,8,7,0.5333333333333333,15,0.18292682926829268,82,2.533333333333333,15
overall,MIXED,15.10,MIDDLE,3089,ラバドン デスキャップ,15,8,7,0.5333333333333333,15,0.10869565217391304,138,1.8,15
overall,MIXED,15.11,BOTTOM,3094,ラピッド ファイアキャノン,15,8,7,0.5333333333333333,15,0.14150943396226415,106,2.6,15
overall,MIXED,15.21,BOTTOM,3094,ラピッド ファイアキャノン,15,8,7,0.5333333333333333,15,0.1282051282051282,117,3.3333333333333335,15
overall,MIXED,15.7,ALL,3094,ラピッド ファイアキャノン,15,8,7,0.5333333333333333,15,0.03260869565217391,460,3.2666666666666666,15
overall,MIXED,15.9,ALL,3094,ラピッド ファイアキャノン,15,8,7,0.5333333333333333,15,0.03488372093023256,430,2.8666666666666667,15
overall,MIXED,15.20,JUNGLE,4633,リフトメーカー,15,8,7,0.5333333333333333,15,0.11363636363636363,132,1.8666666666666667,15
overall,MIXED,16.18,JUNGLE,4633,リフトメーカー,15,8,7,0.5333333333333333,15,0.044642857142857144,336,1.8,15
overall,MIXED,14.21,ALL,3116,リーライ クリスタル セプター,15,8,7,0.5333333333333333,15,0.05357142857142857,280,2.4,15
overall,MIXED,15.13,TOP,3116,リーライ クリスタル セプター,15,8,7,0.5333333333333333,15,0.078125,192,2.0,15
overall,MIXED,16.9,UTILITY,3116,リーライ クリスタル セプター,15,8,7,0.5333333333333333,15,0.0949367088607595,158,2.4,15
overall,MIXED,14.19,JUNGLE,3153,ルインドキング ブレード,15,8,7,0.5333333333333333,15,0.17857142857142858,84,1.8,15
overall,MIXED,16.5,TOP,3153,ルインドキング ブレード,15,8,7,0.5333333333333333,15,0.09259259259259259,162,1.8666666666666667,15
overall,MIXED,16.8,MIDDLE,3153,ルインドキング ブレード,15,8,7,0.5333333333333333,15,0.10714285714285714,140,1.6,15
overall,MIXED,15.2,JUNGLE,1028,ルビー クリスタル,15,8,7,0.5333333333333333,15,0.16304347826086957,92,3.7333333333333334,15
overall,MIXED,15.20,BOTTOM,1036,ロング ソード,15,8,7,0.5333333333333333,15,0.11363636363636363,132,3.6,15
overall,MIXED,16.2,ALL,1053,ヴァンパイア セプター,15,8,7,0.5333333333333333,15,0.02112676056338028,710,3.0,15
overall,MIXED,15.24,UTILITY,2003,体力ポーション,15,8,7,0.5333333333333333,15,0.043859649122807015,342,1.0666666666666667,15
overall,MIXED,16.10,ALL,6665,変幻自在のジャック＝ショー,15,8,7,0.5333333333333333,15,0.013513513513513514,1110,3.0,15
overall,MIXED,16.11,ALL,3142,妖夢の霊剣,15,8,7,0.5333333333333333,15,0.012711864406779662,1180,1.1333333333333333,15
overall,MIXED,16.14,UTILITY,3142,妖夢の霊剣,15,8,7,0.5333333333333333,15,0.021551724137931036,696,1.5333333333333334,15
overall,MIXED,16.16,UTILITY,3142,妖夢の霊剣,15,8,7,0.5333333333333333,15,0.02252252252252252,666,1.6,15
overall,MIXED,15.16,TOP,3174,装甲強化の進撃,15,8,7,0.5333333333333333,15,0.1388888888888889,108,2.933333333333333,15
overall,MIXED,16.14,TOP,2501,覇王のブラッドメイル,15,8,7,0.5333333333333333,15,0.021551724137931036,696,2.466666666666667,15
overall,MIXED,16.7,JUNGLE,2510,黄昏と暁,15,8,7,0.5333333333333333,15,0.09740259740259741,154,1.7333333333333334,15
overall,MIXED,15.18,ALL,3091,ウィッツ エンド,15,7,8,0.4666666666666667,15,0.023076923076923078,650,3.2,15
overall,MIXED,16.14,TOP,3123,エクスキューショナー コーリング,15,7,8,0.4666666666666667,15,0.021551724137931036,696,3.0,15
overall,MIXED,16.9,BOTTOM,3508,エッセンス リーバー,15,7,8,0.4666666666666667,15,0.0949367088607595,158,1.8,15
overall,MIXED,16.2,JUNGLE,6672,クラーケン スレイヤー,15,7,8,0.4666666666666667,15,0.1056338028169014,142,1.8,15
overall,MIXED,16.16,MIDDLE,1029,クロース アーマー,15,7,8,0.4666666666666667,15,0.02252252252252252,666,3.7333333333333334,15
overall,MIXED,15.8,MIDDLE,2055,コントロール ワード,15,7,8,0.4666666666666667,15,0.11538461538461539,130,2.4,15
overall,MIXED,16.10,JUNGLE,3133,コールフィールド ウォーハンマー,15,7,8,0.4666666666666667,15,0.06756756756756757,222,3.4,15
overall,MIXED,16.16,MIDDLE,3133,コールフィールド ウォーハンマー,15,7,8,0.4666666666666667,15,0.02252252252252252,666,3.1333333333333333,15
overall,MIXED,15.4,ALL,6610,サンダード スカイ,15,7,8,0.4666666666666667,15,0.05555555555555555,270,2.2,15
overall,MIXED,16.4,ALL,6610,サンダード スカイ,15,7,8,0.4666666666666667,15,0.02830188679245283,530,1.0,15
overall,MIXED,15.19,JUNGLE,3068,サンファイア イージス,15,7,8,0.4666666666666667,15,0.06493506493506493,231,1.6666666666666667,15
overall,MIXED,16.1,TOP,3161,ショウジンの矛,15,7,8,0.4666666666666667,15,0.09740259740259741,154,2.7333333333333334,15
overall,MIXED,16.10,ALL,2420,シーカー アームガード,15,7,8,0.4666666666666667,15,0.013513513513513514,1110,1.8666666666666667,15
overall,MIXED,15.24,UTILITY,3170,スイフトマーチ,15,7,8,0.4666666666666667,15,0.043859649122807015,342,2.8,15
overall,MIXED,15.23,ALL,3053,ステラックの篭手,15,7,8,0.4666666666666667,15,0.02586206896551724,580,2.533333333333333,15
overall,MIXED,16.18,TOP,3053,ステラックの篭手,15,7,8,0.4666666666666667,15,0.044642857142857144,336,2.533333333333333,15
overall,MIXED,16.4,UTILITY,3340,ステルス ワード,15,7,8,0.4666666666666667,15,0.14150943396226415,106,6.0,15
overall,MIXED,15.12,MIDDLE,4646,ストームサージ,15,7,8,0.4666666666666667,15,0.14705882352941177,102,2.066666666666667,15
overall,MIXED,16.13,BOTTOM,3134,セレイテッド ダーク,15,7,8,0.4666666666666667,15,0.022796352583586626,658,2.8666666666666667,15
overall,MIXED,16.14,JUNGLE,3134,セレイテッド ダーク,15,7,8,0.4666666666666667,15,0.021551724137931036,696,2.2666666666666666,15
overall,MIXED,16.13,TOP,3157,ゾーニャの砂時計,15,7,8,0.4666666666666667,15,0.022796352583586626,658,1.3333333333333333,15
overall,MIXED,16.13,JUNGLE,1042,ダガー,15,7,8,0.4666666666666667,15,0.022796352583586626,658,4.0,15
overall,MIXED,16.18,TOP,1031,チェイン ベスト,15,7,8,0.4666666666666667,15,0.044642857142857144,336,3.933333333333333,15
overall,MIXED,16.6,ALL,3173,チェインレースド クラッシャー,15,7,8,0.4666666666666667,15,0.019736842105263157,760,2.3333333333333335,15
overall,MIXED,16.6,MIDDLE,3173,チェインレースド クラッシャー,15,7,8,0.4666666666666667,15,0.09868421052631579,152,2.3333333333333335,15
overall,MIXED,16.18,TOP,3742,デッド マン プレート,15,7,8,0.4666666666666667,15,0.044642857142857144,336,1.6,15
overall,MIXED,16.10,TOP,2021,トンネル掘り,15,7,8,0.4666666666666667,15,0.06756756756756757,222,3.533333333333333,15
overall,MIXED,15.11,BOTTOM,3036,ドミニク リガード,15,7,8,0.4666666666666667,15,0.14150943396226415,106,3.0,15
overall,MIXED,15.18,BOTTOM,6675,ナヴォリ フリッカーブレード,15,7,8,0.4666666666666667,15,0.11538461538461539,130,2.2666666666666666,15
overall,MIXED,15.21,ALL,6675,ナヴォリ フリッカーブレード,15,7,8,0.4666666666666667,15,0.025423728813559324,590,2.1333333333333333,15
overall,MIXED,15.18,ALL,6670,ヌーンクィヴァー,15,7,8,0.4666666666666667,15,0.023076923076923078,650,3.1333333333333333,15
overall,MIXED,16.14,UTILITY,1057,ネガトロン クローク,15,7,8,0.4666666666666667,15,0.021551724137931036,696,4.466666666666667,15
overall,MIXED,15.19,MIDDLE,3006,バーサーカー ブーツ,15,7,8,0.4666666666666667,15,0.06521739130434782,230,2.3333333333333335,15
overall,MIXED,16.4,ALL,3006,バーサーカー ブーツ,15,7,8,0.4666666666666667,15,0.02830188679245283,530,2.2,15
overall,MIXED,15.20,ALL,3108,フィンディッシュの古書,15,7,8,0.4666666666666667,15,0.022727272727272728,660,3.6,15
overall,MIXED,15.13,ALL,3110,フローズン ハート,15,7,8,0.4666666666666667,15,0.015625,960,2.6666666666666665,15
overall,MIXED,15.11,TOP,3071,ブラック クリーバー,15,7,8,0.4666666666666667,15,0.14150943396226415,106,1.7333333333333334,15
overall,MIXED,15.18,BOTTOM,3072,ブラッドサースター,15,7,8,0.4666666666666667,15,0.11538461538461539,130,2.0,15
overall,MIXED,16.12,UTILITY,1001,ブーツ,15,7,8,0.4666666666666667,15,0.08426966292134831,178,2.7333333333333334,15
overall,MIXED,15.10,UTILITY,3047,プレート スチールキャップ,15,7,8,0.4666666666666667,15,0.10869565217391304,138,3.6666666666666665,15
overall,MIXED,15.5,ALL,3047,プレート スチールキャップ,15,7,8,0.4666666666666667,15,0.15,100,2.4,15
overall,MIXED,15.22,ALL,3152,ヘクステック ロケットベルト,15,7,8,0.4666666666666667,15,0.022727272727272728,660,1.1333333333333333,15
overall,MIXED,16.14,ALL,3155,ヘクスドリンカー,15,7,8,0.4666666666666667,15,0.004310344827586207,3480,2.8,15
overall,MIXED,16.2,ALL,6699,ボルテイク サイクロソード,15,7,8,0.4666666666666667,15,0.02112676056338028,710,2.1333333333333333,15
overall,MIXED,16.14,TOP,3156,マルモティウスの胃袋,15,7,8,0.4666666666666667,15,0.021551724137931036,696,3.066666666666667,15
overall,MIXED,16.3,ALL,6617,ムーンストーンの再生,15,7,8,0.4666666666666667,15,0.017045454545454544,880,2.3333333333333335,15
overall,MIXED,16.6,ALL,3033,モータル リマインダー,15,7,8,0.4666666666666667,15,0.019736842105263157,760,2.8,15
overall,MIXED,15.18,UTILITY,6653,ライアンドリーの仮面,15,7,8,0.4666666666666667,15,0.11538461538461539,130,3.0,15
overall,MIXED,15.24,ALL,1043,リカーブ ボウ,15,7,8,0.4666666666666667,15,0.008771929824561403,1710,3.6666666666666665,15
overall,MIXED,16.4,TOP,4633,リフトメーカー,15,7,8,0.4666666666666667,15,0.14285714285714285,105,2.466666666666667,15
overall,MIXED,16.9,TOP,3116,リーライ クリスタル セプター,15,7,8,0.4666666666666667,15,0.0949367088607595,158,1.9333333333333333,15
overall,MIXED,14.20,JUNGLE,3153,ルインドキング ブレード,15,7,8,0.4666666666666667,15,0.16304347826086957,92,1.6,15
overall,MIXED,16.4,MIDDLE,3153,ルインドキング ブレード,15,7,8,0.4666666666666667,15,0.14150943396226415,106,2.0,15
overall,MIXED,16.6,TOP,1028,ルビー クリスタル,15,7,8,0.4666666666666667,15,0.09868421052631579,152,3.8,15
overall,MIXED,15.4,ALL,6655,ルーデン エコー,15,7,8,0.4666666666666667,15,0.05555555555555555,270,2.4,15
overall,MIXED,16.10,ALL,6657,ロッド オブ エイジス,15,7,8,0.4666666666666667,15,0.013513513513513514,1110,3.1333333333333333,15
overall,MIXED,16.12,ALL,6657,ロッド オブ エイジス,15,7,8,0.4666666666666667,15,0.016853932584269662,890,2.3333333333333335,15
overall,MIXED,15.17,BOTTOM,1036,ロング ソード,15,7,8,0.4666666666666667,15,0.09259259259259259,162,3.8,15
overall,MIXED,16.18,ALL,3082,ワーデン メイル,15,7,8,0.4666666666666667,15,0.008928571428571428,1680,3.1333333333333333,15
overall,MIXED,16.13,BOTTOM,2003,体力ポーション,15,7,8,0.4666666666666667,15,0.022796352583586626,658,1.1333333333333333,15
overall,MIXED,16.13,MIDDLE,2003,体力ポーション,15,7,8,0.4666666666666667,15,0.022796352583586626,658,1.3333333333333333,15
overall,MIXED,16.10,BOTTOM,3144,偵察兵のパチンコ,15,7,8,0.4666666666666667,15,0.06756756756756757,222,3.2666666666666666,15
overall,MIXED,16.13,JUNGLE,3142,妖夢の霊剣,15,7,8,0.4666666666666667,15,0.022796352583586626,658,1.5333333333333334,15
overall,MIXED,16.14,ALL,6695,毒蛇の牙,15,7,8,0.4666666666666667,15,0.004310344827586207,3480,3.2,15
overall,MIXED,14.19,TOP,2031,詰め替えポーション,15,7,8,0.4666666666666667,15,0.17857142857142858,84,1.3333333333333333,15
overall,MIXED,15.2,TOP,2031,詰め替えポーション,15,7,8,0.4666666666666667,15,0.16304347826086957,92,1.8666666666666667,15
overall,MIXED,15.21,BOTTOM,2031,詰め替えポーション,15,7,8,0.4666666666666667,15,0.1282051282051282,117,1.5333333333333334,15
overall,MIXED,16.11,ALL,3109,騎士の誓い,15,7,8,0.4666666666666667,15,0.012711864406779662,1180,2.7333333333333334,15
overall,MIXED,16.11,UTILITY,3109,騎士の誓い,15,7,8,0.4666666666666667,15,0.0635593220338983,236,2.7333333333333334,15
overall,MIXED,16.4,MIDDLE,2503,黒炎のトーチ,15,7,8,0.4666666666666667,15,0.14150943396226415,106,2.466666666666667,15
overall,MIXED,16.8,ALL,6696,アクシオム アーク,15,6,9,0.4,15,0.02142857142857143,700,0.9333333333333333,15
overall,MIXED,16.15,JUNGLE,6673,イモータル シールドボウ,15,6,9,0.4,15,0.018159806295399514,826,2.6666666666666665,15
overall,MIXED,16.13,MIDDLE,3091,ウィッツ エンド,15,6,9,0.4,15,0.022796352583586626,658,3.2,15
overall,MIXED,15.7,ALL,3508,エッセンス リーバー,15,6,9,0.4,15,0.03260869565217391,460,1.7333333333333334,15
overall,MIXED,15.7,BOTTOM,3508,エッセンス リーバー,15,6,9,0.4,15,0.16304347826086957,92,1.7333333333333334,15
overall,MIXED,16.15,UTILITY,3113,エーテル ウィスプ,15,6,9,0.4,15,0.018159806295399514,826,3.6666666666666665,15
overall,MIXED,14.21,ALL,3067,キンドルジェム,15,6,9,0.4,15,0.05357142857142857,280,3.8666666666666667,15
overall,MIXED,15.16,ALL,3067,キンドルジェム,15,6,9,0.4,15,0.027777777777777776,540,3.8666666666666667,15
overall,MIXED,15.12,ALL,1029,クロース アーマー,15,6,9,0.4,15,0.029411764705882353,510,3.933333333333333,15
overall,MIXED,14.20,ALL,3133,コールフィールド ウォーハンマー,15,6,9,0.4,15,0.03260869565217391,460,3.1333333333333333,15
overall,MIXED,16.11,TOP,3161,ショウジンの矛,15,6,9,0.4,15,0.0635593220338983,236,2.2666666666666666,15
overall,MIXED,15.10,ALL,1011,ジャイアント ベルト,15,6,9,0.4,15,0.021739130434782608,690,3.8666666666666667,15
overall,MIXED,16.7,UTILITY,3050,ジーク コンバージェンス,15,6,9,0.4,15,0.09740259740259741,154,2.2666666666666666,15
overall,MIXED,16.2,ALL,2019,スチール シジル,15,6,9,0.4,15,0.02112676056338028,710,4.4,15
overall,MIXED,15.15,JUNGLE,3340,ステルス ワード,15,6,9,0.4,15,0.18292682926829268,82,6.0,15
overall,MIXED,15.21,MIDDLE,4646,ストームサージ,15,6,9,0.4,15,0.1271186440677966,118,2.533333333333333,15
overall,MIXED,15.2,ALL,3869,セレスティアル オポジション,15,6,9,0.4,15,0.03260869565217391,460,0.5333333333333333,15
overall,MIXED,15.2,UTILITY,3869,セレスティアル オポジション,15,6,9,0.4,15,0.16304347826086957,92,0.5333333333333333,15
overall,MIXED,15.4,ALL,3869,セレスティアル オポジション,15,6,9,0.4,15,0.05555555555555555,270,0.3333333333333333,15
overall,MIXED,15.4,UTILITY,3869,セレスティアル オポジション,15,6,9,0.4,15,0.2777777777777778,54,0.3333333333333333,15
overall,MIXED,15.2,ALL,3190,ソラリのロケット,15,6,9,0.4,15,0.03260869565217391,460,1.0666666666666667,15
overall,MIXED,15.2,UTILITY,3190,ソラリのロケット,15,6,9,0.4,15,0.16304347826086957,92,1.0666666666666667,15
overall,MIXED,15.13,UTILITY,3020,ソーサラー シューズ,15,6,9,0.4,15,0.078125,192,2.8,15
overall,MIXED,15.8,UTILITY,3020,ソーサラー シューズ,15,6,9,0.4,15,0.11538461538461539,130,2.7333333333333334,15
overall,MIXED,16.11,TOP,3075,ソーンメイル,15,6,9,0.4,15,0.0635593220338983,236,1.4,15
overall,MIXED,15.12,MIDDLE,3157,ゾーニャの砂時計,15,6,9,0.4,15,0.14705882352941177,102,1.2,15
overall,MIXED,16.15,TOP,3077,ティアマット,15,6,9,0.4,15,0.018159806295399514,826,1.6666666666666667,15
overall,MIXED,16.15,TOP,3036,ドミニク リガード,15,6,9,0.4,15,0.018159806295399514,826,2.3333333333333335,15
overall,MIXED,14.23,ALL,1054,ドラン シールド,15,6,9,0.4,15,0.07142857142857142,210,0.8666666666666667,15
overall,MIXED,16.10,MIDDLE,1054,ドラン シールド,15,6,9,0.4,15,0.06756756756756757,222,1.2666666666666666,15
overall,MIXED,14.19,TOP,1056,ドラン リング,15,6,9,0.4,15,0.17857142857142858,84,0.5333333333333333,15
overall,MIXED,16.7,TOP,1056,ドラン リング,15,6,9,0.4,15,0.09740259740259741,154,1.0,15
overall,MIXED,16.11,ALL,6670,ヌーンクィヴァー,15,6,9,0.4,15,0.012711864406779662,1180,3.533333333333333,15
overall,MIXED,15.19,TOP,3006,バーサーカー ブーツ,15,6,9,0.4,15,0.06550218340611354,229,2.2666666666666666,15
overall,MIXED,16.8,JUNGLE,6697,ヒュブリス,15,6,9,0.4,15,0.10714285714285714,140,1.7333333333333334,15
overall,MIXED,16.12,ALL,3108,フィンディッシュの古書,15,6,9,0.4,15,0.016853932584269662,890,3.066666666666667,15
overall,MIXED,15.22,ALL,3877,ブラッドソング,15,6,9,0.4,15,0.022727272727272728,660,0.3333333333333333,15
overall,MIXED,15.22,UTILITY,3877,ブラッドソング,15,6,9,0.4,15,0.11363636363636363,132,0.3333333333333333,15
overall,MIXED,15.14,ALL,3076,ブランブル ベスト,15,6,9,0.4,15,0.03260869565217391,460,3.8666666666666667,15
overall,MIXED,16.17,JUNGLE,2020,ブルータライザー,15,6,9,0.4,15,0.01488095238095238,1008,3.0,15
overall,MIXED,15.10,MIDDLE,3145,ヘクステック オルタネーター,15,6,9,0.4,15,0.10869565217391304,138,3.6666666666666665,15
overall,MIXED,15.17,MIDDLE,3118,マリグナンス,15,6,9,0.4,15,0.09259259259259259,162,1.5333333333333334,15
overall,MIXED,15.15,JUNGLE,3111,マーキュリー ブーツ,15,6,9,0.4,15,0.18292682926829268,82,2.0,15
overall,MIXED,15.16,JUNGLE,6653,ライアンドリーの仮面,15,6,9,0.4,15,0.1388888888888889,108,2.066666666666667,15
overall,MIXED,15.18,BOTTOM,3035,ラスト ウィスパー,15,6,9,0.4,15,0.11538461538461539,130,3.8,15
overall,MIXED,16.18,BOTTOM,3089,ラバドン デスキャップ,15,6,9,0.4,15,0.044642857142857144,336,3.0,15
overall,MIXED,16.13,ALL,3074,ラヴァナス ハイドラ,15,6,9,0.4,15,0.004559270516717325,3290,1.1333333333333333,15
overall,MIXED,15.15,ALL,4633,リフトメーカー,15,6,9,0.4,15,0.036585365853658534,410,1.9333333333333333,15
overall,MIXED,16.1,TOP,4633,リフトメーカー,15,6,9,0.4,15,0.09740259740259741,154,1.8666666666666667,15
overall,MIXED,16.11,JUNGLE,4633,リフトメーカー,15,6,9,0.4,15,0.0635593220338983,236,2.066666666666667,15
overall,MIXED,15.13,TOP,3153,ルインドキング ブレード,15,6,9,0.4,15,0.078125,192,2.2,15
overall,MIXED,16.5,JUNGLE,1028,ルビー クリスタル,15,6,9,0.4,15,0.09259259259259259,162,2.933333333333333,15
overall,MIXED,16.8,TOP,1028,ルビー クリスタル,15,6,9,0.4,15,0.10714285714285714,140,4.2,15
overall,MIXED,16.1,ALL,6657,ロッド オブ エイジス,15,6,9,0.4,15,0.01948051948051948,770,1.9333333333333333,15
overall,MIXED,16.13,MIDDLE,1036,ロング ソード,15,6,9,0.4,15,0.022796352583586626,658,3.8,15
overall,MIXED,16.7,ALL,1053,ヴァンパイア セプター,15,6,9,0.4,15,0.01948051948051948,770,3.2666666666666666,15
overall,MIXED,16.14,JUNGLE,2003,体力ポーション,15,6,9,0.4,15,0.021551724137931036,696,1.0666666666666667,15
overall,MIXED,16.6,ALL,2003,体力ポーション,15,6,9,0.4,15,0.019736842105263157,760,1.0,15
overall,MIXED,16.18,BOTTOM,1052,増魔の書,15,6,9,0.4,15,0.044642857142857144,336,4.133333333333334,15
overall,MIXED,15.14,ALL,3142,妖夢の霊剣,15,6,9,0.4,15,0.03260869565217391,460,1.2,15
overall,MIXED,16.4,ALL,2502,終わりなき絶望,15,6,9,0.4,15,0.02830188679245283,530,2.533333333333333,15
overall,MIXED,15.10,BOTTOM,2031,詰め替えポーション,15,6,9,0.4,15,0.10869565217391304,138,1.6,15
overall,MIXED,15.11,MIDDLE,2031,詰め替えポーション,15,6,9,0.4,15,0.14150943396226415,106,1.4,15
overall,MIXED,15.12,TOP,2031,詰め替えポーション,15,6,9,0.4,15,0.14705882352941177,102,1.0,15
overall,MIXED,16.15,MIDDLE,2508,運命の灰,15,6,9,0.4,15,0.018159806295399514,826,3.2666666666666666,15
overall,MIXED,15.2,ALL,2503,黒炎のトーチ,15,6,9,0.4,15,0.03260869565217391,460,2.066666666666667,15
overall,MIXED,15.12,BOTTOM,1038,B. F. ソード,15,5,10,0.3333333333333333,15,0.1485148514851485,101,3.8666666666666667,15
overall,MIXED,15.17,ALL,2422,ちょっとだけ魔法がかった靴,15,5,10,0.3333333333333333,15,0.018518518518518517,810,3.7333333333333334,15
overall,MIXED,15.2,ALL,2422,ちょっとだけ魔法がかった靴,15,5,10,0.3333333333333333,15,0.03260869565217391,460,3.6666666666666665,15
overall,MIXED,15.19,MIDDLE,3158,アイオニア ブーツ,15,5,10,0.3333333333333333,15,0.06521739130434782,230,2.533333333333333,15
overall,MIXED,15.8,ALL,1018,アジリティ クローク,15,5,10,0.3333333333333333,15,0.023076923076923078,650,3.8666666666666667,15
overall,MIXED,16.18,UTILITY,3179,アンブラル グレイブ,15,5,10,0.3333333333333333,15,0.044642857142857144,336,2.7333333333333334,15
overall,MIXED,16.13,TOP,3123,エクスキューショナー コーリング,15,5,10,0.3333333333333333,15,0.022796352583586626,658,3.2666666666666666,15
overall,MIXED,15.16,TOP,3364,オラクル レンズ,15,5,10,0.3333333333333333,15,0.1388888888888889,108,6.0,15
overall,MIXED,16.4,ALL,3067,キンドルジェム,15,5,10,0.3333333333333333,15,0.02830188679245283,530,3.466666666666667,15
overall,MIXED,15.13,UTILITY,1029,クロース アーマー,15,5,10,0.3333333333333333,15,0.078125,192,4.133333333333334,15
overall,MIXED,15.20,JUNGLE,6610,サンダード スカイ,15,5,10,0.3333333333333333,15,0.11363636363636363,132,1.4666666666666666,15
overall,MIXED,15.20,TOP,6631,ストライドブレイカー,15,5,10,0.3333333333333333,15,0.11363636363636363,132,0.6666666666666666,15
overall,MIXED,16.4,ALL,3190,ソラリのロケット,15,5,10,0.3333333333333333,15,0.02830188679245283,530,1.3333333333333333,15
overall,MIXED,16.4,UTILITY,3190,ソラリのロケット,15,5,10,0.3333333333333333,15,0.14150943396226415,106,1.3333333333333333,15
overall,MIXED,15.16,UTILITY,3020,ソーサラー シューズ,15,5,10,0.3333333333333333,15,0.1388888888888889,108,2.6666666666666665,15
overall,MIXED,16.11,BOTTOM,1042,ダガー,15,5,10,0.3333333333333333,15,0.0635593220338983,236,3.533333333333333,15
overall,MIXED,15.13,ALL,1033,ヌルマジック マント,15,5,10,0.3333333333333333,15,0.015625,960,3.3333333333333335,15
overall,MIXED,15.17,TOP,1037,ピッケル,15,5,10,0.3333333333333333,15,0.09259259259259259,162,3.933333333333333,15
overall,MIXED,15.20,JUNGLE,1037,ピッケル,15,5,10,0.3333333333333333,15,0.11363636363636363,132,3.4,15
overall,MIXED,16.11,ALL,3108,フィンディッシュの古書,15,5,10,0.3333333333333333,15,0.012711864406779662,1180,3.4,15
overall,MIXED,15.19,ALL,3114,フォビドゥン アイドル,15,5,10,0.3333333333333333,15,0.013043478260869565,1150,3.4,15
overall,MIXED,15.19,UTILITY,3114,フォビドゥン アイドル,15,5,10,0.3333333333333333,15,0.06521739130434782,230,3.4,15
overall,MIXED,16.3,ALL,3877,ブラッドソング,15,5,10,0.3333333333333333,15,0.017045454545454544,880,0.06666666666666667,15
overall,MIXED,16.3,UTILITY,3877,ブラッドソング,15,5,10,0.3333333333333333,15,0.08522727272727272,176,0.06666666666666667,15
overall,MIXED,16.14,JUNGLE,1001,ブーツ,15,5,10,0.3333333333333333,15,0.021551724137931036,696,2.7333333333333334,15
overall,MIXED,16.13,UTILITY,2525,プロトプラズム ハーネス,15,5,10,0.3333333333333333,15,0.0228310502283105,657,2.533333333333333,15
overall,MIXED,15.13,MIDDLE,3145,ヘクステック オルタネーター,15,5,10,0.3333333333333333,15,0.07853403141361257,191,3.4,15
overall,MIXED,16.15,JUNGLE,3145,ヘクステック オルタネーター,15,5,10,0.3333333333333333,15,0.018159806295399514,826,3.3333333333333335,15
overall,MIXED,14.19,ALL,4628,ホライゾン フォーカス,15,5,10,0.3333333333333333,15,0.03571428571428571,420,2.6666666666666665,15
overall,MIXED,15.10,JUNGLE,3111,マーキュリー ブーツ,15,5,10,0.3333333333333333,15,0.10869565217391304,138,2.4,15
overall,MIXED,16.2,BOTTOM,3032,ユン・タル ワイルドアロー,15,5,10,0.3333333333333333,15,0.1056338028169014,142,1.4666666666666666,15
overall,MIXED,14.20,TOP,6653,ライアンドリーの仮面,15,5,10,0.3333333333333333,15,0.16304347826086957,92,2.6,15
overall,MIXED,16.14,JUNGLE,3035,ラスト ウィスパー,15,5,10,0.3333333333333333,15,0.021551724137931036,696,3.3333333333333335,15
overall,MIXED,16.4,ALL,3035,ラスト ウィスパー,15,5,10,0.3333333333333333,15,0.02830188679245283,530,3.4,15
overall,MIXED,15.24,JUNGLE,3100,リッチ ベイン,15,5,10,0.3333333333333333,15,0.043859649122807015,342,1.7333333333333334,15
overall,MIXED,15.12,ALL,3085,ルナーン ハリケーン,15,5,10,0.3333333333333333,15,0.029411764705882353,510,2.1333333333333333,15
overall,MIXED,15.12,BOTTOM,3085,ルナーン ハリケーン,15,5,10,0.3333333333333333,15,0.1485148514851485,101,2.1333333333333333,15
overall,MIXED,15.17,UTILITY,1028,ルビー クリスタル,15,5,10,0.3333333333333333,15,0.09316770186335403,161,3.6,15
overall,MIXED,15.8,UTILITY,1028,ルビー クリスタル,15,5,10,0.3333333333333333,15,0.11538461538461539,130,3.8666666666666667,15
overall,MIXED,16.12,TOP,1036,ロング ソード,15,5,10,0.3333333333333333,15,0.08426966292134831,178,3.533333333333333,15
overall,MIXED,15.11,MIDDLE,1052,増魔の書,15,5,10,0.3333333333333333,15,0.14150943396226415,106,3.6666666666666665,15
overall,MIXED,16.3,TOP,1052,増魔の書,15,5,10,0.3333333333333333,15,0.08522727272727272,176,3.7333333333333334,15
overall,MIXED,16.11,ALL,3070,女神の涙,15,5,10,0.3333333333333333,15,0.012711864406779662,1180,2.0,15
overall,MIXED,14.20,ALL,3876,至点のソリ,15,5,10,0.3333333333333333,15,0.03260869565217391,460,0.26666666666666666,15
overall,MIXED,14.20,UTILITY,3876,至点のソリ,15,5,10,0.3333333333333333,15,0.16304347826086957,92,0.26666666666666666,15
overall,MIXED,15.19,UTILITY,2031,詰め替えポーション,15,5,10,0.3333333333333333,15,0.06521739130434782,230,1.2666666666666666,15
overall,MIXED,16.2,ALL,2022,輝きのモート,15,5,10,0.3333333333333333,15,0.02112676056338028,710,4.2,15
overall,MIXED,15.12,ALL,2503,黒炎のトーチ,15,5,10,0.3333333333333333,15,0.029411764705882353,510,2.066666666666667,15
overall,MIXED,16.8,BOTTOM,3508,エッセンス リーバー,15,4,11,0.26666666666666666,15,0.10714285714285714,140,1.6666666666666667,15
overall,MIXED,16.15,ALL,1083,カル,15,4,11,0.26666666666666666,15,0.0036319612590799033,4130,2.4,15
overall,MIXED,15.24,TOP,3133,コールフィールド ウォーハンマー,15,4,11,0.26666666666666666,15,0.043859649122807015,342,3.933333333333333,15
overall,MIXED,16.10,JUNGLE,6631,ストライドブレイカー,15,4,11,0.26666666666666666,15,0.06756756756756757,222,0.9333333333333333,15
overall,MIXED,16.12,MIDDLE,1082,ダーク シール,15,4,11,0.26666666666666666,15,0.08426966292134831,178,2.8,15
overall,MIXED,14.19,ALL,3870,ドリーム メーカー,15,4,11,0.26666666666666666,15,0.03571428571428571,420,0.13333333333333333,15
overall,MIXED,14.19,UTILITY,3870,ドリーム メーカー,15,4,11,0.26666666666666666,15,0.17857142857142858,84,0.13333333333333333,15
overall,MIXED,15.8,ALL,3870,ドリーム メーカー,15,4,11,0.26666666666666666,15,0.023076923076923078,650,0.4,15
overall,MIXED,15.8,UTILITY,3870,ドリーム メーカー,15,4,11,0.26666666666666666,15,0.11538461538461539,130,0.4,15
overall,MIXED,16.12,ALL,3044,ファージ,15,4,11,0.26666666666666666,15,0.016853932584269662,890,3.1333333333333333,15
overall,MIXED,15.22,MIDDLE,6657,ロッド オブ エイジス,15,4,11,0.26666666666666666,15,0.11363636363636363,132,2.7333333333333334,15
overall,MIXED,16.3,UTILITY,1052,増魔の書,15,4,11,0.26666666666666666,15,0.08522727272727272,176,4.0,15
overall,MIXED,15.22,ALL,3070,女神の涙,15,4,11,0.26666666666666666,15,0.022727272727272728,660,2.066666666666667,15
overall,MIXED,16.13,UTILITY,3113,エーテル ウィスプ,15,3,12,0.2,15,0.0228310502283105,657,4.0,15
overall,MIXED,14.24,ALL,1037,ピッケル,15,3,12,0.2,15,0.06,250,3.3333333333333335,15
overall,MIXED,16.10,UTILITY,1001,ブーツ,15,3,12,0.2,15,0.06756756756756757,222,2.933333333333333,15
overall,MIXED,16.8,UTILITY,1052,増魔の書,15,3,12,0.2,15,0.10714285714285714,140,3.3333333333333335,15
overall,MIXED,15.10,ALL,3070,女神の涙,15,3,12,0.2,15,0.021739130434782608,690,1.8,15
overall,MIXED,15.13,ALL,2508,運命の灰,15,3,12,0.2,15,0.015625,960,3.2666666666666666,15
overall,MIXED,15.20,BOTTOM,3009,スイフトネス ブーツ,15,2,13,0.13333333333333333,15,0.11363636363636363,132,2.7333333333333334,15
overall,MIXED,16.14,JUNGLE,3076,ブランブル ベスト,15,2,13,0.13333333333333333,15,0.021551724137931036,696,2.6,15
