scope,observed_tier,patch,role,champion_id,champion_name,participants,avg_kda,avg_cs_per_min,avg_gold_per_min,avg_damage_per_min,avg_damage_share,avg_vision_score,avg_wards_placed,avg_wards_killed,min_games_applied
overall,MIXED,16.17,BOTTOM,145,Kaisa,119,4.2415810846483115,7.07850710370378,468.21132517188306,712.3868207103575,0.22572151142610622,15.789915966386555,7.546218487394958,1.8823529411764706,15
overall,MIXED,16.17,BOTTOM,21,MissFortune,118,4.768405299973097,6.596076768767172,461.8955762195076,762.0066350739788,0.23691836101311373,16.8135593220339,7.677966101694915,1.7627118644067796,15
overall,MIXED,16.17,UTILITY,111,Nautilus,104,3.583271266189818,0.881814933064594,284.76750391044555,295.6405952387858,0.09932770832694096,64.375,24.71153846153846,6.134615384615385,15
overall,MIXED,16.17,MIDDLE,777,Yone,104,2.660809222828452,6.856539681498365,403.5932264825465,778.8121980983098,0.2560670150860144,20.009615384615383,8.788461538461538,1.4615384615384615,15
overall,MIXED,16.15,BOTTOM,21,MissFortune,101,3.492112453003542,6.448719137830681,430.71179744839606,645.1773382801492,0.22554499095841865,15.366336633663366,7.2772277227722775,1.5346534653465347,15
overall,MIXED,16.17,TOP,82,Mordekaiser,99,3.029951137526897,5.883797280058595,377.43005076892655,767.2573579726726,0.2570301158036139,19.86868686868687,7.565656565656566,1.0606060606060606,15
overall,MIXED,16.17,UTILITY,147,Seraphine,99,4.143670162609555,1.152780278355285,289.96226521138146,378.820016721072,0.13181383988513162,67.63636363636364,25.818181818181817,5.808080808080808,15
overall,MIXED,16.14,BOTTOM,21,MissFortune,97,3.8607023846714568,6.415024251164836,455.0930520027466,689.2099300605256,0.22637543597701834,15.989690721649485,7.680412371134021,1.577319587628866,15
overall,MIXED,16.17,UTILITY,89,Leona,94,4.4576093233008125,0.9240546110334912,290.13558826563985,307.52094369178775,0.1005849884790825,71.61702127659575,26.382978723404257,7.659574468085107,15
overall,MIXED,16.13,TOP,27,Singed,89,2.2018249442258893,8.279121133856409,415.65468989664464,864.7626344059692,0.25947654230329953,14.337078651685394,6.584269662921348,0.8202247191011236,15
overall,MIXED,16.17,BOTTOM,51,Caitlyn,85,3.4744670688788335,6.853601308962691,433.92618527906956,746.9233417411706,0.224001009058798,17.741176470588236,8.058823529411764,2.1176470588235294,15
overall,MIXED,16.17,BOTTOM,222,Jinx,81,3.819608340904637,6.939006939443317,434.2034233676967,661.4476219137381,0.21394762783603755,16.28395061728395,7.493827160493828,2.049382716049383,15
overall,MIXED,16.17,BOTTOM,804,Yunara,78,3.431524031524032,7.053588998630717,444.4928302270065,702.5259368111799,0.22457418891722256,17.358974358974358,7.782051282051282,2.551282051282051,15
overall,MIXED,16.16,UTILITY,111,Nautilus,77,3.8814157343378115,0.9288663535825425,277.8965425868846,311.15458892785097,0.10217608314788006,71.18181818181819,27.324675324675326,6.701298701298701,15
overall,MIXED,16.13,UTILITY,147,Seraphine,77,4.14313777852739,1.0972718391735174,289.26974638092514,386.57091493027224,0.12950175036174824,62.532467532467535,24.233766233766232,5.792207792207792,15
overall,MIXED,16.16,BOTTOM,145,Kaisa,76,3.3453264936817564,7.072542007240464,442.639409057178,639.0084465614167,0.20387475743639483,16.592105263157894,7.684210526315789,1.986842105263158,15
overall,MIXED,16.17,MIDDLE,103,Ahri,75,3.4009172679172672,6.128698124902686,362.19349528817713,666.0930236234099,0.21572129115163516,22.28,9.466666666666667,1.56,15
overall,MIXED,16.15,MIDDLE,777,Yone,75,2.6994574314574313,6.516140256133925,399.41433359367795,819.1294864424076,0.2535331836101028,22.04,9.44,1.7333333333333334,15
overall,MIXED,16.13,TOP,122,Darius,74,2.7094443844443843,6.464807166379604,398.04094821345734,730.3842967787458,0.23215623514337835,18.04054054054054,7.04054054054054,1.135135135135135,15
overall,MIXED,16.15,UTILITY,111,Nautilus,74,3.4968629343629347,0.8495730158364807,278.5643032523078,302.8793646070947,0.10719886484466898,57.554054054054056,22.12162162162162,5.297297297297297,15
overall,MIXED,16.14,MIDDLE,777,Yone,72,2.7856476471059803,6.09156663123793,391.1377569403159,697.3570615885457,0.2351365639319368,17.805555555555557,7.847222222222222,1.4722222222222223,15
overall,MIXED,16.14,UTILITY,147,Seraphine,71,3.7185295533887084,1.316988359300604,289.0620896837061,378.6741565730489,0.13498675451038825,66.05633802816901,24.943661971830984,6.802816901408451,15
overall,MIXED,16.14,TOP,122,Darius,70,3.725132764061335,6.822192458356746,415.0028740886302,750.6888166269235,0.24244506365120105,20.571428571428573,7.714285714285714,1.2285714285714286,15
overall,MIXED,16.16,UTILITY,147,Seraphine,70,4.09902490366776,1.23944959649151,289.74456581920185,404.1904997212567,0.13348697116262648,74.54285714285714,27.714285714285715,7.1571428571428575,15
overall,MIXED,16.16,BOTTOM,51,Caitlyn,69,3.7422145889537184,7.17081794513296,444.5052979593603,764.6972256577517,0.22474083432728645,17.840579710144926,7.956521739130435,2.3043478260869565,15
overall,MIXED,16.15,TOP,875,Sett,69,1.808915520872043,6.2884263737644,379.7385319815484,823.641315862021,0.2601247310484239,19.782608695652176,7.913043478260869,0.9420289855072463,15
overall,MIXED,16.16,BOTTOM,21,MissFortune,68,4.222877857436681,6.655796169084977,450.71704912917704,662.877055890424,0.21701716401024074,19.220588235294116,8.75,2.176470588235294,15
overall,MIXED,16.15,TOP,82,Mordekaiser,67,3.9781579117400026,5.879327798998739,391.24921678232033,767.4291855205499,0.25048867837368055,19.17910447761194,7.343283582089552,0.8208955223880597,15
overall,MIXED,16.13,UTILITY,111,Nautilus,66,3.553471948926495,0.8377504722497311,278.8201202117536,300.9064916335627,0.0990456041199468,60.06060606060606,23.136363636363637,5.2727272727272725,15
overall,MIXED,16.16,BOTTOM,22,Ashe,65,4.094900185284801,6.694408745408232,423.4784477482869,667.8043200838218,0.20407912513094995,19.646153846153847,7.876923076923077,1.8307692307692307,15
overall,MIXED,16.17,BOTTOM,22,Ashe,65,3.980732131116747,6.330058058660841,413.6011109458792,620.8486743436516,0.202095447548355,15.6,6.369230769230769,1.6615384615384616,15
overall,MIXED,16.13,BOTTOM,21,MissFortune,65,4.385414670799287,6.394227111416886,445.62454697938614,692.3892484283612,0.20658621234645355,18.984615384615385,8.538461538461538,2.3692307692307693,15
overall,MIXED,16.17,TOP,777,Yone,65,2.0856515706515704,6.7109370016610965,394.3298397940081,810.3135296424942,0.26603283628550595,23.753846153846155,8.76923076923077,1.2153846153846153,15
overall,MIXED,16.17,UTILITY,99,Lux,64,4.263137361770176,1.534153182317737,314.1952615364707,668.9449164949668,0.1921216537979415,78.640625,28.71875,8.21875,15
overall,MIXED,16.17,TOP,799,Ambessa,63,2.2757976591309923,5.740193858331697,340.55530203428026,601.6781010612158,0.2069525026823453,23.396825396825395,8.412698412698413,0.9365079365079365,15
overall,MIXED,16.14,BOTTOM,22,Ashe,63,3.2621703322204576,6.175009541915809,407.10452954941775,621.3909180093465,0.2074757529092736,18.793650793650794,7.142857142857143,2.0317460317460316,15
overall,MIXED,16.13,BOTTOM,51,Caitlyn,62,2.9494177417564513,6.812037820361628,404.7211804288198,647.6201486712005,0.19720985866789892,17.032258064516128,7.612903225806452,2.129032258064516,15
overall,MIXED,16.15,UTILITY,147,Seraphine,61,3.466533603009014,1.1973468476259694,286.86574700394874,376.9370758286954,0.12817776356387497,66.19672131147541,24.901639344262296,6.114754098360656,15
overall,MIXED,16.13,BOTTOM,22,Ashe,60,3.2413293650793653,6.243290477295143,392.2345741241059,623.08348212556,0.20466630014544132,18.683333333333334,7.533333333333333,1.7833333333333334,15
overall,MIXED,16.15,BOTTOM,145,Kaisa,60,3.8986238298738294,6.997973187716387,450.3741359352467,682.5014939805592,0.20282841060158646,16.183333333333334,7.416666666666667,1.7,15
overall,MIXED,16.15,UTILITY,89,Leona,60,3.8957813945313946,0.9622266326600166,289.94631291181054,303.3959118697857,0.0980256821743172,65.5,24.216666666666665,6.4,15
overall,MIXED,16.14,UTILITY,111,Nautilus,60,3.512811679061679,0.8472520280163665,286.60749732309785,288.9171093453853,0.10204480350135643,60.78333333333333,23.633333333333333,5.116666666666666,15
overall,MIXED,16.15,BOTTOM,51,Caitlyn,59,3.2932808716707016,6.85667451380925,421.2141044910838,732.8341680012758,0.22321841775219367,17.949152542372882,8.11864406779661,2.0847457627118646,15
overall,MIXED,16.14,TOP,82,Mordekaiser,58,2.0355811714204215,5.284818508181571,360.4563637441497,586.8104402503784,0.19790040624891267,20.551724137931036,7.741379310344827,0.9827586206896551,15
overall,MIXED,16.14,UTILITY,89,Leona,57,3.9326858813700922,0.8378878393550746,289.7296526778344,267.6650174950585,0.08981387108959878,66.6842105263158,25.05263157894737,6.842105263157895,15
overall,MIXED,16.14,TOP,27,Singed,57,3.4042169818485606,8.379831712824446,421.96958438343677,762.5908329018664,0.23849265915951764,19.350877192982455,8.543859649122806,0.5614035087719298,15
overall,MIXED,16.14,MIDDLE,103,Ahri,56,2.674064625850341,5.939520934785371,350.89177602458125,623.8852284886785,0.2032938494869414,24.321428571428573,10.392857142857142,1.5178571428571428,15
overall,MIXED,16.14,UTILITY,99,Lux,56,4.016308096665239,1.5101239766494263,319.20391888503417,632.2595963614191,0.2086609116485171,61.982142857142854,24.267857142857142,5.875,15
overall,MIXED,16.17,JUNGLE,62,MonkeyKing,56,3.704145408163266,5.995972858024442,392.1629031500638,486.62643379689445,0.1484846899333417,26.982142857142858,7.267857142857143,3.5357142857142856,15
overall,MIXED,16.16,TOP,82,Mordekaiser,56,2.9132070310641742,5.826533577835357,374.1876477149326,784.6307248776583,0.26481613386884134,21.964285714285715,8.75,1.1071428571428572,15
overall,MIXED,16.13,JUNGLE,56,Nocturne,56,3.5160572562358277,5.723353123566909,379.3354777250215,437.73334149391883,0.13191526951048588,24.607142857142858,6.321428571428571,2.875,15
overall,MIXED,16.17,BOTTOM,202,Jhin,55,4.252322576413486,6.564561260171182,429.4324542545299,658.4788387184998,0.21834513797396696,15.672727272727272,7.654545454545454,1.290909090909091,15
overall,MIXED,16.15,TOP,777,Yone,55,2.2722668240850052,6.581566696260487,399.16487470501784,846.9596018522665,0.289215219359846,25.472727272727273,9.10909090909091,1.5272727272727273,15
overall,MIXED,16.15,MIDDLE,103,Ahri,54,2.0871830073218964,6.077270543437765,352.9301310286213,643.1255821034022,0.21518879149874262,23.38888888888889,10.055555555555555,1.7407407407407407,15
overall,MIXED,16.15,BOTTOM,22,Ashe,54,3.9865209379098263,5.930121453039976,398.2611619720855,619.4567983015694,0.19665927517929951,22.38888888888889,8.407407407407407,2.611111111111111,15
overall,MIXED,15.24,BOTTOM,202,Jhin,54,4.783318636096413,5.874024890681606,378.90296369565345,509.13698216810457,0.18849505696576063,11.296296296296296,6.2592592592592595,1.6851851851851851,15
overall,MIXED,16.17,MIDDLE,90,Malzahar,54,2.7294365613810054,7.777940587042222,397.9030714035474,675.8077253214689,0.21897246458840894,21.27777777777778,9.74074074074074,1.4259259259259258,15
overall,MIXED,16.17,TOP,875,Sett,54,2.606187536743092,6.282115250081587,391.4256544193635,756.181093455563,0.24364965203738956,23.61111111111111,8.944444444444445,1.2592592592592593,15
overall,MIXED,16.17,MIDDLE,45,Veigar,54,4.054377104377104,6.555962478311308,392.5558795749486,819.9140230060498,0.23005808314418005,25.12962962962963,10.777777777777779,1.9074074074074074,15
overall,MIXED,16.15,JUNGLE,56,Nocturne,53,3.867693941278846,5.5822791588493414,397.7660621816533,506.7970388029944,0.15032322919539026,26.754716981132077,7.2075471698113205,3.1320754716981134,15
overall,MIXED,16.16,JUNGLE,56,Nocturne,53,3.820066568651473,6.188292012853867,402.47012614135804,529.3297881868323,0.15770438128277145,28.88679245283019,8.320754716981131,3.207547169811321,15
overall,MIXED,16.13,UTILITY,89,Leona,52,4.255816192354653,0.889889077817914,282.8662031175087,288.63213788752853,0.09116349277910901,70.13461538461539,26.884615384615383,6.884615384615385,15
overall,MIXED,16.16,UTILITY,89,Leona,50,2.9971645021645026,0.9296109614820643,278.6626588493511,279.39573884697705,0.09389548211384584,65.92,25.98,6.4,15
overall,MIXED,16.17,JUNGLE,102,Shyvana,50,4.020960317460318,6.8013546512496355,415.9092008560246,586.5169871986566,0.18692795348953462,29.14,7.22,3.96,15
overall,MIXED,16.17,TOP,83,Yorick,50,2.7425339105339104,7.097583524865691,398.8096474965314,792.9619901451368,0.2571037701798186,23.88,9.12,1.0,15
overall,MIXED,15.24,BOTTOM,22,Ashe,49,3.0419795623877253,5.631316900866121,363.69564145286495,550.3885454045856,0.18199176706725795,16.122448979591837,6.326530612244898,2.3469387755102042,15
overall,MIXED,16.13,UTILITY,99,Lux,49,3.3065884795476626,1.499386544727138,302.54822907025357,596.6276797250043,0.19557879062009123,57.224489795918366,21.183673469387756,5.142857142857143,15
overall,MIXED,16.15,UTILITY,412,Thresh,49,4.515000249183922,0.9856203160574274,284.6523333958437,300.7565297736666,0.09832633588593909,62.16326530612245,23.26530612244898,6.061224489795919,15
overall,MIXED,16.17,UTILITY,412,Thresh,49,4.407896015549077,1.0294044611478013,275.18182043467925,290.38488208588427,0.09948143897063919,60.46938775510204,22.102040816326532,6.163265306122449,15
overall,MIXED,16.15,MIDDLE,112,Viktor,49,2.8542759961127313,6.449606672860275,367.4171264515113,824.6437745804607,0.2600143632769364,21.53061224489796,9.673469387755102,1.5510204081632653,15
overall,MIXED,16.16,MIDDLE,777,Yone,49,3.072683835438937,6.755023039990902,410.25750429012845,824.0180053861109,0.2561860718914792,22.714285714285715,9.26530612244898,2.061224489795918,15
overall,MIXED,16.14,JUNGLE,233,Briar,47,3.6547379334613384,5.914087172999266,458.25431986896643,743.8502155301635,0.20891867856793553,24.78723404255319,6.276595744680851,3.148936170212766,15
overall,MIXED,16.17,JUNGLE,120,Hecarim,47,4.642853246044735,6.505107629595433,407.6479982403446,542.8042050354862,0.17114122314611036,24.617021276595743,7.212765957446808,2.74468085106383,15
overall,MIXED,16.13,BOTTOM,202,Jhin,47,3.041825196080516,6.31243381640038,399.2909649082781,558.9069201412447,0.18826135023291482,13.638297872340425,6.9787234042553195,1.2553191489361701,15
overall,MIXED,16.15,BOTTOM,202,Jhin,47,5.13015105461914,6.3888118510390965,428.73364343563003,655.3558319593177,0.1913323788578583,14.914893617021276,7.468085106382978,1.1914893617021276,15
overall,MIXED,16.17,MIDDLE,112,Viktor,47,3.6660564612692275,6.507719450506048,372.7308990585462,863.3077819854336,0.25895107627080544,25.72340425531915,10.787234042553191,2.0425531914893615,15
overall,MIXED,16.15,JUNGLE,233,Briar,46,4.356672219156235,5.7607883188761,455.95163995925793,854.4046423932398,0.2451052842791702,27.434782608695652,7.065217391304348,3.4782608695652173,15
overall,MIXED,16.14,BOTTOM,51,Caitlyn,46,3.124655718677458,6.860611224001167,440.27223875505194,709.2273574073071,0.23449933834590428,15.456521739130435,7.5,2.108695652173913,15
overall,MIXED,16.17,BOTTOM,81,Ezreal,46,3.77544466403162,6.352999028491491,414.4763038681721,740.2615595790627,0.2451528161792292,13.23913043478261,6.130434782608695,1.565217391304348,15
overall,MIXED,16.15,UTILITY,99,Lux,46,3.0208406327971544,1.4329337289868571,306.1457507370806,586.0171994089905,0.18866620393951464,55.30434782608695,21.282608695652176,4.891304347826087,15
overall,MIXED,16.16,TOP,799,Ambessa,45,1.6420907487574152,5.268862448370117,324.2172053614308,469.4033035907001,0.16438889990927108,17.844444444444445,7.355555555555555,0.6888888888888889,15
overall,MIXED,16.17,TOP,122,Darius,45,2.982204585537919,6.033417641118462,382.6154816972695,691.9932646535212,0.23353734953734065,21.711111111111112,8.533333333333333,1.1111111111111112,15
overall,MIXED,16.16,BOTTOM,202,Jhin,45,5.387421837421837,6.745927246131752,429.85168206716156,633.06259257003,0.1853794544213266,17.4,8.733333333333333,1.8222222222222222,15
overall,MIXED,16.17,JUNGLE,56,Nocturne,45,4.437204585537919,6.425969849448692,407.5993982091585,529.174484422241,0.15889330444232638,32.48888888888889,9.733333333333333,3.2888888888888888,15
overall,MIXED,16.17,TOP,86,Garen,44,3.4558712121212114,7.239825608684308,425.6770602996412,808.2084543135607,0.24134905746363167,25.522727272727273,9.318181818181818,1.4772727272727273,15
overall,MIXED,16.16,TOP,75,Nasus,44,3.492442279942281,6.168859362486441,372.58059713134935,690.394108918285,0.21906423213298867,18.886363636363637,7.363636363636363,0.8863636363636364,15
overall,MIXED,16.17,BOTTOM,18,Tristana,44,3.579545454545455,6.378452945895481,462.82297906529135,777.207805914806,0.23379488895836967,16.818181818181817,7.318181818181818,2.6363636363636362,15
overall,MIXED,16.15,BOTTOM,804,Yunara,44,2.9861053719008273,6.694124919322548,430.9808777647186,674.8429597671075,0.2077768803284901,15.75,7.613636363636363,2.022727272727273,15
overall,MIXED,16.17,JUNGLE,233,Briar,43,3.0967406624383367,6.312654787017412,452.72702054012086,688.7653966322143,0.21008335536875195,26.88372093023256,7.023255813953488,3.2325581395348837,15
overall,MIXED,16.17,TOP,75,Nasus,43,2.3048885868653315,6.03229581679478,365.7754597592182,623.8031632820098,0.20105073735640355,21.790697674418606,8.674418604651162,1.0,15
overall,MIXED,16.15,BOTTOM,115,Ziggs,43,3.6941399040236256,6.350344025437659,408.69309765131624,789.0799716224006,0.3013210274972859,13.069767441860465,6.558139534883721,1.2325581395348837,15
overall,MIXED,16.17,TOP,420,Illaoi,42,2.6422722119150697,6.827809048448472,410.1904640228531,1003.7224648114957,0.3052283242122989,22.5,8.952380952380953,1.2142857142857142,15
overall,MIXED,16.14,BOTTOM,222,Jinx,42,3.8082010582010577,6.56078851520323,438.89242435419214,637.0162238781601,0.21350046156900193,13.738095238095237,6.904761904761905,1.3571428571428572,15
overall,MIXED,15.24,UTILITY,89,Leona,42,3.550992063492064,0.9044238083905783,260.73246690372525,269.75359631798636,0.11846003832300993,56.857142857142854,23.666666666666668,7.404761904761905,15
overall,MIXED,15.24,BOTTOM,21,MissFortune,42,5.145833333333333,6.417623865550913,434.7018096742316,718.7516469748784,0.23663527186242236,15.333333333333334,8.119047619047619,2.3095238095238093,15
overall,MIXED,16.15,MIDDLE,45,Veigar,42,4.494370576513434,6.637056542769136,410.3743704840068,795.5510031436797,0.22988397962969345,20.642857142857142,9.261904761904763,1.5,15
overall,MIXED,16.17,JUNGLE,234,Viego,42,3.1672765065622213,6.383765965966464,420.0845041967952,524.3665721405268,0.1572537468828897,27.61904761904762,5.285714285714286,4.9523809523809526,15
overall,MIXED,16.15,TOP,83,Yorick,42,3.3672180993609557,7.066999092355376,416.1146868660559,873.9577523715502,0.26665372305229373,24.80952380952381,9.023809523809524,1.0714285714285714,15
overall,MIXED,16.13,BOTTOM,81,Ezreal,41,4.003687572590013,6.191602021037521,419.05221413616215,771.7879827890773,0.23380916899160895,15.804878048780488,7.634146341463414,1.829268292682927,15
overall,MIXED,16.17,MIDDLE,910,Hwei,41,3.3754779773072454,6.174786422157597,368.46435240558145,760.5511703074751,0.22816196781531958,23.634146341463413,10.707317073170731,1.5121951219512195,15
overall,MIXED,15.24,UTILITY,111,Nautilus,41,3.5602435504874523,1.0127807208540558,265.74555702177923,305.0331250749213,0.11927063463714259,45.146341463414636,19.853658536585368,4.804878048780488,15
overall,MIXED,16.17,MIDDLE,84,Akali,40,4.323690476190476,5.548712267292958,383.16076975290827,740.5643705169225,0.24060231674768146,19.375,8.025,1.85,15
overall,MIXED,16.15,UTILITY,25,Morgana,40,3.8682413419913417,1.328684719641858,302.5866927614326,478.38667738148536,0.155127764388227,66.0,24.9,5.375,15
overall,MIXED,16.15,MIDDLE,84,Akali,39,3.9408831908831905,5.908070982469267,389.0112876579547,752.9634787959732,0.2486473372754176,21.58974358974359,8.538461538461538,2.2564102564102564,15
overall,MIXED,16.13,JUNGLE,233,Briar,39,3.6957449413331758,6.069780693274043,448.05692866618483,716.9473611174411,0.20437703659897702,29.82051282051282,8.179487179487179,3.4358974358974357,15
overall,MIXED,16.15,TOP,86,Garen,39,2.8996031746031745,6.954593331505801,400.14370652941324,721.9482171591806,0.23383391148501587,23.94871794871795,8.615384615384615,1.358974358974359,15
overall,MIXED,16.14,MIDDLE,112,Viktor,39,2.9459346209346213,6.036471203464365,359.9973747530462,861.6471662030791,0.25614615947253716,22.23076923076923,9.564102564102564,1.8974358974358974,15
overall,MIXED,16.14,BOTTOM,115,Ziggs,39,3.561460761460761,6.064790753317611,391.8216315368316,845.2989951976461,0.26624533327019956,16.102564102564102,7.82051282051282,1.435897435897436,15
overall,MIXED,16.17,JUNGLE,31,Chogath,38,3.425734134286766,5.896839043467269,365.93999611929803,494.0244589098575,0.15921141464104158,28.42105263157895,6.605263157894737,3.8421052631578947,15
overall,MIXED,16.15,TOP,122,Darius,38,3.415794220399484,6.299212843395489,389.7006302136645,774.5433528338469,0.24240595119903813,23.342105263157894,8.789473684210526,1.2894736842105263,15
overall,MIXED,16.15,JUNGLE,104,Graves,38,3.3022395732922054,6.397570728320133,412.0847945845756,445.1131498671346,0.1473778813136588,24.42105263157895,6.973684210526316,2.5789473684210527,15
overall,MIXED,16.15,JUNGLE,120,Hecarim,38,5.398451621477936,6.008532405563797,419.4797526202997,583.8157474150198,0.18329255777719866,21.5,6.368421052631579,2.526315789473684,15
overall,MIXED,16.14,BOTTOM,202,Jhin,38,4.301702172096908,6.3055238813132,422.1895356733999,660.0272094932894,0.20162722590550436,15.5,7.631578947368421,1.4736842105263157,15
overall,MIXED,16.13,BOTTOM,222,Jinx,38,2.6157429558745346,6.8379523330758465,441.4449557251982,726.0020997761721,0.21977068753942744,13.763157894736842,6.842105263157895,1.736842105263158,15
overall,MIXED,16.15,JUNGLE,11,MasterYi,38,3.9721001221001218,6.524121246953855,420.34267521101003,544.1918747862611,0.17357543043764573,23.07894736842105,6.684210526315789,2.8157894736842106,15
overall,MIXED,16.17,UTILITY,25,Morgana,38,4.111386420596946,1.308403525020825,302.21762303610404,488.3043108821284,0.1512779848945009,68.6842105263158,26.68421052631579,6.157894736842105,15
overall,MIXED,16.14,JUNGLE,56,Nocturne,38,3.8663723703197377,5.9705990854661835,391.10742698555913,459.0438248213853,0.1422302962077139,29.36842105263158,6.7894736842105265,3.789473684210526,15
overall,MIXED,16.17,MIDDLE,711,Vex,38,2.3342570441254655,5.671754716408126,351.17574831316585,694.2840703981973,0.22203590459347833,21.63157894736842,9.842105263157896,1.394736842105263,15
overall,MIXED,16.16,TOP,83,Yorick,38,2.6220551378446113,7.087198642733956,397.5578675886317,800.3758492056559,0.23969978226666827,24.5,9.368421052631579,1.1842105263157894,15
overall,MIXED,16.18,BOTTOM,804,Yunara,38,3.104156223893066,7.167030800290109,436.34312666283813,684.8809154495905,0.21479883794869428,15.31578947368421,7.526315789473684,1.763157894736842,15
overall,MIXED,16.17,JUNGLE,11,MasterYi,37,3.038993663993664,6.515410037570319,427.11236628009243,554.5881518011512,0.17689635013629154,25.486486486486488,6.162162162162162,3.3783783783783785,15
overall,MIXED,16.13,TOP,82,Mordekaiser,37,2.5175675675675677,6.031476838116728,363.0490554491992,713.2908565457216,0.2560495528869062,19.027027027027028,7.54054054054054,0.7297297297297297,15
overall,MIXED,16.13,BOTTOM,235,Senna,37,5.046364221364222,5.694152022920888,419.30101634590693,649.046714304806,0.19034785880764754,15.054054054054054,6.837837837837838,1.972972972972973,15
overall,MIXED,16.16,TOP,777,Yone,37,1.6978735228735231,6.551547002247357,376.8210559151072,717.3869614972824,0.25405019320086186,21.027027027027028,8.0,1.1891891891891893,15
overall,MIXED,16.17,MIDDLE,3,Galio,36,3.1885251322751325,6.1663754435327025,338.12157109512435,575.6451587343863,0.1897936776284427,22.805555555555557,10.36111111111111,1.4444444444444444,15
overall,MIXED,15.19,BOTTOM,222,Jinx,36,3.6195767195767194,6.803328477076267,381.80052829245614,645.8610560271753,0.23213170106850345,15.805555555555555,7.194444444444445,2.9722222222222223,15
overall,MIXED,16.14,UTILITY,25,Morgana,36,5.440384615384615,1.5417154513428128,321.27491945826637,596.7317246476473,0.17400638995924658,73.86111111111111,28.97222222222222,6.083333333333333,15
overall,MIXED,16.11,UTILITY,111,Nautilus,36,2.552347883597884,0.74441661230407,289.4793581395944,292.2023324814235,0.115125920863723,53.638888888888886,20.97222222222222,4.5,15
overall,MIXED,16.15,JUNGLE,102,Shyvana,36,4.322497795414462,6.536645777208698,422.2592719723491,636.4741660466341,0.193787875269205,24.694444444444443,5.722222222222222,3.5833333333333335,15
overall,MIXED,16.17,JUNGLE,72,Skarner,36,5.963425925925925,5.4839537525861815,394.17696811932234,641.0525468476108,0.1833485260445202,22.694444444444443,8.166666666666666,2.361111111111111,15
overall,MIXED,16.13,JUNGLE,254,Vi,36,5.105451338784672,6.115140571600991,408.9078441384691,513.5079157214665,0.16064916274933239,27.02777777777778,6.305555555555555,3.888888888888889,15
overall,MIXED,16.13,MIDDLE,112,Viktor,36,4.011385682219016,6.68074961280761,385.92232276016034,810.0634902051274,0.2468139681186783,18.833333333333332,8.444444444444445,1.5555555555555556,15
overall,MIXED,16.14,TOP,83,Yorick,36,2.021428571428571,6.189347226321362,395.5055255291573,727.9274689441862,0.2496246016688629,23.02777777777778,8.86111111111111,1.1666666666666667,15
overall,MIXED,16.16,BOTTOM,804,Yunara,36,3.9518851518851523,6.7625547542780815,448.4048933788876,687.7186445014004,0.20713069784782365,17.416666666666668,7.611111111111111,2.611111111111111,15
overall,MIXED,16.17,MIDDLE,142,Zoe,36,2.765553350970018,5.925283327239305,343.001740192514,754.5472805904049,0.24590567290077292,26.86111111111111,11.694444444444445,2.861111111111111,15
overall,MIXED,15.24,MIDDLE,103,Ahri,35,3.40749433106576,5.824728765076049,347.8305462620008,594.8009559635735,0.20414036350797168,23.114285714285714,11.857142857142858,2.4285714285714284,15
overall,MIXED,16.14,BOTTOM,81,Ezreal,35,3.0961688311688316,5.996560465670692,411.2389749544551,690.9112745849847,0.21856587028896762,12.942857142857143,6.142857142857143,1.542857142857143,15
overall,MIXED,16.16,TOP,86,Garen,35,3.2081137909709345,7.117302272983874,419.25939516257273,814.901892239784,0.24558699586236665,26.228571428571428,9.742857142857142,1.3428571428571427,15
overall,MIXED,16.15,BOTTOM,222,Jinx,35,3.2688115852401567,6.522995227044222,423.12386857505817,565.4412953100225,0.19634260910650475,14.457142857142857,6.8,1.7428571428571429,15
overall,MIXED,16.17,UTILITY,497,Rakan,35,3.9077681841967564,0.9268645433559793,268.72003186401275,210.82500971082803,0.07218988303378884,71.28571428571429,28.17142857142857,7.428571428571429,15
overall,MIXED,16.17,JUNGLE,254,Vi,35,3.806041022469594,6.109010903113912,396.6728691794678,437.9940164282687,0.13604896771605016,27.457142857142856,6.257142857142857,4.085714285714285,15
overall,MIXED,16.16,UTILITY,101,Xerath,35,2.57286618143761,1.417330236606246,304.55538845137613,760.2073545353157,0.20557991653493177,65.08571428571429,24.857142857142858,5.6571428571428575,15
overall,MIXED,16.14,JUNGLE,5,XinZhao,35,3.0238677592249017,5.232499773610594,387.620748570854,430.7474140121791,0.14545676533544666,24.285714285714285,6.085714285714285,2.8285714285714287,15
overall,MIXED,16.13,MIDDLE,777,Yone,35,2.4463945578231296,6.336861785520447,376.575765197445,688.6829368679222,0.2444026077816635,17.742857142857144,8.257142857142858,1.3714285714285714,15
overall,MIXED,16.14,BOTTOM,804,Yunara,35,3.0870397856112137,6.196006245600714,422.27953818730595,557.0542115026672,0.1860265900667883,15.17142857142857,6.914285714285715,2.0,15
overall,MIXED,16.13,MIDDLE,103,Ahri,34,2.1362394957983195,6.292549196409066,346.27473215515556,663.365630708021,0.19794669646646548,24.0,10.058823529411764,2.0,15
overall,MIXED,15.19,BOTTOM,22,Ashe,34,5.3805788982259575,6.588035816826443,384.4940025518916,608.2263398283527,0.20507997903987024,18.676470588235293,7.9411764705882355,3.0,15
overall,MIXED,16.15,UTILITY,164,Camille,34,2.5775958948172573,0.8239139380056378,309.12518547784725,453.83481715602824,0.14087588030144693,67.79411764705883,24.205882352941178,6.617647058823529,15
overall,MIXED,16.13,MIDDLE,3,Galio,34,4.677635599694423,5.861778957100865,335.13170044913215,518.2419081966268,0.16746526955780142,21.323529411764707,9.352941176470589,1.5588235294117647,15
overall,MIXED,16.14,MIDDLE,90,Malzahar,34,3.0189831410419647,6.476917040276754,408.2193574493864,749.7882776716534,0.23788407361842373,21.970588235294116,9.558823529411764,1.411764705882353,15
overall,MIXED,16.10,UTILITY,147,Seraphine,34,3.3215007215007226,0.9784372830715928,277.62027025987845,380.797297150411,0.13181655945842452,67.8529411764706,26.08823529411765,6.117647058823529,15
overall,MIXED,16.15,MIDDLE,517,Sylas,34,2.5743198794669375,5.316817956404174,349.01593978096474,680.7481349776241,0.22042189941347584,19.91176470588235,7.323529411764706,1.911764705882353,15
overall,MIXED,16.16,MIDDLE,112,Viktor,34,2.702532679738563,6.387182209091265,350.91612060393163,776.753782746475,0.2431587926439881,18.5,8.676470588235293,1.088235294117647,15
overall,MIXED,16.16,MIDDLE,103,Ahri,33,3.4666426166426167,6.228202916941689,370.64911275495535,700.2142775210764,0.22027029464771314,28.454545454545453,12.484848484848484,1.878787878787879,15
overall,MIXED,16.11,BOTTOM,22,Ashe,33,3.0710033232760505,5.724765826378307,398.41341719304336,535.0546120671133,0.1985087924096952,16.242424242424242,5.96969696969697,2.1818181818181817,15
overall,MIXED,16.13,MIDDLE,805,Locke,33,2.2742118151209056,5.646165908613156,392.9456306902516,711.2468288602087,0.2364095524209081,21.151515151515152,7.96969696969697,2.3636363636363638,15
overall,MIXED,16.16,UTILITY,99,Lux,33,2.3604879968516337,1.4725137457517121,299.0495529604707,564.0163368442555,0.1759189592723839,59.18181818181818,22.939393939393938,4.818181818181818,15
overall,MIXED,16.18,TOP,82,Mordekaiser,33,2.4321909571909575,5.928266334772196,357.90415399080166,676.2691219848191,0.22535036863662616,19.545454545454547,7.878787878787879,1.0,15
overall,MIXED,16.17,UTILITY,526,Rell,33,3.384977480432026,0.9139491163091753,278.15751628398476,278.8435941244379,0.0902680852702788,63.39393939393939,23.484848484848484,6.2727272727272725,15
overall,MIXED,16.13,JUNGLE,517,Sylas,33,4.299339331692272,5.949660497144841,413.8819661213041,543.4956318951017,0.1830986128051264,24.09090909090909,6.090909090909091,2.606060606060606,15
overall,MIXED,16.13,TOP,83,Yorick,33,3.604244829244829,7.033271468734556,429.711549002643,905.024299137216,0.26704993831740337,27.242424242424242,10.212121212121213,1.2727272727272727,15
overall,MIXED,16.10,BOTTOM,22,Ashe,32,3.1406085234210233,5.795632415826789,370.1495051068142,560.433060348898,0.17821551308882103,15.75,5.90625,1.4375,15
overall,MIXED,16.17,UTILITY,53,Blitzcrank,32,4.572786894478071,0.836635167317202,293.5054319645763,314.73894809255626,0.09580122168707962,63.875,25.03125,5.40625,15
overall,MIXED,15.24,BOTTOM,222,Jinx,32,2.3247662927350428,6.0484538060303885,373.0689269085927,505.5856443897497,0.18755155906732046,13.15625,6.71875,2.21875,15
overall,MIXED,16.16,BOTTOM,222,Jinx,32,3.2455137744200244,6.836206323152844,433.20825467089503,629.4454640109791,0.1936119643667259,17.1875,7.21875,2.46875,15
overall,MIXED,16.18,UTILITY,89,Leona,32,4.229186698717949,0.9237428005276608,284.10589617334267,308.26181711779475,0.10327820503123981,65.21875,24.5625,6.34375,15
overall,MIXED,16.17,TOP,54,Malphite,32,2.983296130952381,5.483685552168347,335.4946705438709,695.7682136022677,0.2112383499394778,22.9375,8.96875,1.1875,15
overall,MIXED,16.15,MIDDLE,90,Malzahar,32,2.908212707431457,7.47025060431028,395.49735457530994,682.0757889323997,0.23634057690322774,22.65625,10.125,1.46875,15
overall,MIXED,15.24,TOP,82,Mordekaiser,32,3.4218998015873026,5.548051075523386,371.08970252644104,753.6666854465848,0.26347368832724455,17.21875,9.0,1.65625,15
overall,MIXED,16.17,MIDDLE,517,Sylas,32,2.9626431727994227,4.809432450754195,358.00733727931953,695.1215196989472,0.22942675729856205,19.53125,8.90625,1.4375,15
overall,MIXED,16.13,MIDDLE,45,Veigar,32,5.013661165223665,6.733717801922296,405.65983574886445,819.5498843771877,0.23212560700073925,23.8125,10.8125,1.6875,15
overall,MIXED,16.15,JUNGLE,254,Vi,32,2.953727002164503,5.913170770439089,380.612384483291,455.8446791341201,0.14327390955177544,29.28125,7.125,4.34375,15
overall,MIXED,16.13,MIDDLE,84,Akali,31,5.624193548387097,5.606117028536424,393.5285759785994,754.7449554752054,0.23909335330036474,20.838709677419356,9.258064516129032,1.935483870967742,15
overall,MIXED,16.15,TOP,799,Ambessa,31,2.932616487455198,6.363094287081798,352.75331125804024,656.8784907252916,0.20896085531971817,21.903225806451612,8.67741935483871,1.0,15
overall,MIXED,16.15,MIDDLE,910,Hwei,31,2.9790380766187217,6.301299732156887,370.2228989835387,871.4652895803055,0.2579367321642241,24.967741935483872,9.806451612903226,1.903225806451613,15
overall,MIXED,16.14,MIDDLE,805,Locke,31,2.783333333333333,5.6616176980129636,398.18256633479416,637.8545095480995,0.24211153746225886,20.483870967741936,8.193548387096774,1.8709677419354838,15
overall,MIXED,16.15,UTILITY,80,Pantheon,31,2.5448457877774766,1.3700998326489184,331.760487455122,499.8929612147362,0.17088834928433505,63.903225806451616,23.35483870967742,6.612903225806452,15
overall,MIXED,16.13,TOP,777,Yone,31,3.104690918400596,6.88628308118327,406.03701847664536,804.6648780123138,0.269768622942885,22.193548387096776,9.161290322580646,1.064516129032258,15
overall,MIXED,16.12,BOTTOM,22,Ashe,30,4.155939153439153,6.136372110570189,414.83237760118027,633.6822602204644,0.19551683931287228,16.133333333333333,6.3,2.1666666666666665,15
overall,MIXED,16.15,BOTTOM,81,Ezreal,30,5.467422577422579,6.670925220222324,417.68711209237097,753.3041097067788,0.22625768662229379,13.066666666666666,6.9,1.0333333333333334,15
overall,MIXED,16.14,JUNGLE,59,JarvanIV,30,4.762509620009621,5.420952477443525,399.53986573678606,420.03857072064864,0.1311081421491679,24.866666666666667,7.1,2.6,15
overall,MIXED,16.18,BOTTOM,145,Kaisa,30,5.099417989417989,7.279090318908641,476.0209555175168,692.5227406355646,0.2138790928538374,17.566666666666666,8.266666666666667,1.8666666666666667,15
overall,MIXED,16.15,TOP,54,Malphite,30,3.00095238095238,5.76828322822948,352.9742144545677,610.4574675001033,0.2085269425227899,19.033333333333335,7.4,1.1666666666666667,15
overall,MIXED,16.16,JUNGLE,102,Shyvana,30,3.756534391534392,6.721277795205472,415.6992692834217,637.4797061076898,0.200123613629189,29.0,7.6,3.533333333333333,15
overall,MIXED,16.13,MIDDLE,517,Sylas,30,4.58095238095238,5.673480710386397,377.1626598220908,754.7668147536187,0.26391006755125485,21.933333333333334,8.666666666666666,2.3333333333333335,15
overall,MIXED,16.14,MIDDLE,45,Veigar,30,2.9976154401154407,6.33483852319955,370.7816954380454,669.3210968063046,0.21425088808413167,20.466666666666665,8.866666666666667,1.4666666666666666,15
overall,MIXED,16.16,MIDDLE,45,Veigar,30,4.13994708994709,6.609547810668857,414.42028344725054,769.9845724455693,0.2454954118183849,20.733333333333334,9.233333333333333,1.0666666666666667,15
overall,MIXED,16.14,TOP,777,Yone,30,2.9406013431013434,6.522030065485884,389.74324498739753,785.3808055285994,0.2746829050239871,24.266666666666666,8.866666666666667,1.4666666666666666,15
overall,MIXED,16.11,BOTTOM,51,Caitlyn,29,3.259979101358411,6.981820472718213,424.0368104518083,649.6274085450448,0.1883438064075296,19.03448275862069,8.068965517241379,2.6551724137931036,15
overall,MIXED,16.15,JUNGLE,141,Kayn,29,5.101683087027915,6.719568590609361,427.90630308429974,636.6605257783439,0.20132097885038594,23.96551724137931,6.103448275862069,2.793103448275862,15
overall,MIXED,16.17,TOP,58,Renekton,29,4.7397186147186146,6.433521148993093,416.5474672522091,844.8700525103742,0.25875965728209793,26.275862068965516,9.275862068965518,2.0689655172413794,15
overall,MIXED,16.13,JUNGLE,102,Shyvana,29,4.756542021197194,6.722285589118455,416.24981170755893,595.622980616487,0.17609718345633055,27.689655172413794,6.9655172413793105,3.413793103448276,15
overall,MIXED,16.15,BOTTOM,18,Tristana,29,3.003037766830871,6.026494232126086,421.0780652315435,558.792376094729,0.1803625845915095,14.482758620689655,7.344827586206897,1.2758620689655173,15
overall,MIXED,16.14,JUNGLE,254,Vi,29,4.770210727969349,5.984066668240379,416.71594036162986,554.7702251040885,0.1756213406975125,30.17241379310345,8.137931034482758,3.4482758620689653,15
overall,MIXED,16.18,MIDDLE,777,Yone,29,4.547764591730109,7.057543384822437,410.525945929888,863.1689609922931,0.2639772459822552,18.413793103448278,8.448275862068966,1.1724137931034482,15
overall,MIXED,16.17,TOP,266,Aatrox,28,3.356230674087817,6.085210927732729,367.81750770488395,664.1318611324023,0.22127372517231117,19.571428571428573,7.714285714285714,0.8214285714285714,15
overall,MIXED,16.17,UTILITY,12,Alistar,28,2.760694959802102,0.8389091858247382,259.87969662834365,224.51639508505437,0.085213382703924,46.964285714285715,19.357142857142858,4.142857142857143,15
overall,MIXED,16.15,UTILITY,53,Blitzcrank,28,4.111691284905571,0.887377395519837,284.5803172271467,341.8443626607274,0.111702014475677,57.0,21.785714285714285,4.714285714285714,15
overall,MIXED,16.16,UTILITY,53,Blitzcrank,28,5.445981795981795,0.87384501062326,282.8337128261443,330.91309501515167,0.10396886982858147,68.64285714285714,25.785714285714285,6.607142857142857,15
overall,MIXED,16.16,TOP,122,Darius,28,2.609467120181406,5.635551308624182,401.928827500801,740.5741705510416,0.247521099316141,22.0,7.785714285714286,1.5357142857142858,15
overall,MIXED,16.15,MIDDLE,3,Galio,28,3.40620203209489,5.421546737985018,318.73262856294997,540.6103973248361,0.18270135252142117,22.107142857142858,9.392857142857142,1.9285714285714286,15
overall,MIXED,16.13,MIDDLE,910,Hwei,28,3.487726757369615,6.134933618167884,372.2828564586982,738.2221274600004,0.22058661264382615,21.964285714285715,9.428571428571429,2.0357142857142856,15
overall,MIXED,15.8,BOTTOM,222,Jinx,28,3.8777069160997732,5.977169347614901,360.21741788479846,540.0857311948308,0.19577061300341864,12.714285714285714,6.357142857142857,2.3214285714285716,15
overall,MIXED,16.16,MIDDLE,90,Malzahar,28,2.9814909297052146,7.980100347639342,395.8101587470008,764.2768126989889,0.24393423277384857,23.607142857142858,10.285714285714286,2.107142857142857,15
overall,MIXED,15.19,JUNGLE,11,MasterYi,28,5.691326530612245,6.455694031525705,450.07903938237234,812.8748182849475,0.279897631959027,28.464285714285715,7.678571428571429,4.607142857142857,15
overall,MIXED,16.18,BOTTOM,21,MissFortune,28,3.8501275510204076,6.925638822176836,460.5801521437514,716.1817475574413,0.22185808653489406,20.035714285714285,9.214285714285714,2.5357142857142856,15
overall,MIXED,16.16,JUNGLE,62,MonkeyKing,28,4.486578798185941,5.98688722353023,412.8454592915826,473.40433527373654,0.1496922669453034,31.0,7.928571428571429,3.8214285714285716,15
overall,MIXED,16.13,UTILITY,25,Morgana,28,4.14343000358038,1.4064314376887073,313.0226021341476,547.4826519766474,0.1476216388943296,75.42857142857143,28.785714285714285,7.107142857142857,15
overall,MIXED,16.14,BOTTOM,901,Smolder,28,3.460943619872192,5.963575226381655,397.4050277253938,710.619805061802,0.21307639676946513,15.642857142857142,7.285714285714286,1.9285714285714286,15
overall,MIXED,16.16,JUNGLE,233,Briar,27,3.7512933568489126,6.1160159176527396,458.18540436155314,810.2518650012192,0.2309090577931775,23.22222222222222,5.222222222222222,3.037037037037037,15
overall,MIXED,16.18,BOTTOM,51,Caitlyn,27,4.189121372454706,7.212363454061928,459.9225504623213,795.2597383822126,0.2338253298142593,18.037037037037038,7.925925925925926,2.1481481481481484,15
overall,MIXED,16.15,TOP,420,Illaoi,27,1.732936507936508,7.07479145190965,404.3595832344087,996.8601769007391,0.28467051664117676,21.40740740740741,8.37037037037037,0.8518518518518519,15
overall,MIXED,16.17,JUNGLE,64,LeeSin,27,3.542430922986479,5.449179730025048,366.7646504969968,511.39669344028204,0.16429472006585757,27.925925925925927,12.074074074074074,1.8888888888888888,15
overall,MIXED,16.16,TOP,54,Malphite,27,4.032010582010582,6.008435021911866,349.1186218225273,695.4310133560707,0.21465898023444652,24.14814814814815,9.851851851851851,1.1851851851851851,15
overall,MIXED,16.18,UTILITY,111,Nautilus,27,3.2225602586713697,0.8626552622025896,272.1226688658785,276.96590684407147,0.09528706506906734,60.44444444444444,23.666666666666668,5.185185185185185,15
overall,MIXED,16.14,TOP,58,Renekton,27,3.1062530062530063,6.829157775435151,394.8853482757221,739.2815972660428,0.25049478456489,21.88888888888889,8.518518518518519,1.2222222222222223,15
overall,MIXED,16.16,TOP,875,Sett,27,2.1202640980418757,6.317814426731172,397.41187755744323,865.8253802700406,0.29658893067584496,19.85185185185185,6.962962962962963,1.3703703703703705,15
overall,MIXED,16.17,BOTTOM,901,Smolder,27,3.0098725348725357,6.427192737911721,428.07993829967717,758.1999646471035,0.2300109836128363,18.296296296296298,8.925925925925926,1.5925925925925926,15
overall,MIXED,16.17,JUNGLE,517,Sylas,27,3.845051039495484,5.767853580508302,380.16303473173804,471.81697305160003,0.1392429934653081,24.444444444444443,5.296296296296297,3.259259259259259,15
overall,MIXED,16.14,JUNGLE,234,Viego,27,3.142464325797659,6.493029789549422,434.42995715506953,521.1208811557925,0.1662431737117277,29.814814814814813,6.814814814814815,4.037037037037037,15
overall,MIXED,16.15,JUNGLE,19,Warwick,27,3.1723817697673904,5.434839651493871,386.2535234173579,448.3280856554001,0.15178932915239718,21.0,5.2592592592592595,2.5555555555555554,15
overall,MIXED,16.15,MIDDLE,157,Yasuo,27,2.0005809005809003,6.703987157794432,387.7833763427556,707.421203646533,0.22916475845724413,18.037037037037038,8.0,1.2962962962962963,15
overall,MIXED,16.3,MIDDLE,103,Ahri,26,2.6629120879120878,6.732554922103593,361.27627528711525,658.5098118270563,0.21066894335221908,24.76923076923077,9.73076923076923,2.8461538461538463,15
overall,MIXED,16.14,MIDDLE,84,Akali,26,3.3423382173382175,5.102444179593497,376.72663356689554,676.6197438981976,0.22251685126596665,18.423076923076923,8.153846153846153,1.3076923076923077,15
overall,MIXED,16.10,BOTTOM,51,Caitlyn,26,2.8652014652014652,6.92744607823547,406.8283360968308,574.2768909178387,0.1936252651010978,17.615384615384617,7.615384615384615,2.076923076923077,15
overall,MIXED,16.16,MIDDLE,131,Diana,26,4.375249750249751,5.670738867077106,375.7709598801111,705.3070505865172,0.22468324546927307,29.615384615384617,10.346153846153847,3.5,15
overall,MIXED,16.16,BOTTOM,81,Ezreal,26,2.7626900876900873,6.765616431602302,403.4887006311018,737.1236251232093,0.223906376043152,16.53846153846154,8.192307692307692,1.8846153846153846,15
overall,MIXED,16.16,MIDDLE,39,Irelia,26,2.5830433455433455,7.87696795978138,438.3725246511715,752.6104174415024,0.2615866165534854,21.576923076923077,7.153846153846154,2.4615384615384617,15
overall,MIXED,15.24,JUNGLE,54,Malphite,26,3.6388888888888897,6.17591951551868,374.5071365361606,464.2552155137995,0.1686606847703502,20.384615384615383,5.038461538461538,3.0384615384615383,15
overall,MIXED,16.15,BOTTOM,800,Mel,26,2.326412209585286,5.857813564693798,412.45350110591505,714.0623935521261,0.19954316943358447,17.23076923076923,9.0,1.2692307692307692,15
overall,MIXED,16.15,MIDDLE,800,Mel,26,3.7881909756909757,6.8901462713714245,405.0161095221737,790.0775248266489,0.2626189496408759,19.923076923076923,9.538461538461538,1.1153846153846154,15
overall,MIXED,16.16,UTILITY,25,Morgana,26,4.334415584415584,1.2891764729424933,322.80876411394485,510.9248722567617,0.166612562351211,65.38461538461539,24.0,6.423076923076923,15
overall,MIXED,16.15,TOP,266,Aatrox,25,4.336713064713064,6.115032201801101,365.52398879093124,728.1861387631357,0.2192490968579324,23.52,8.68,1.2,15
overall,MIXED,16.14,UTILITY,53,Blitzcrank,25,2.540594516594517,0.8087141450204716,281.25079311756303,259.97800635323017,0.10012906550543159,55.6,21.16,5.28,15
overall,MIXED,16.17,UTILITY,201,Braum,25,2.851380952380952,0.8680983710209464,274.5869437442205,267.0624279910596,0.10001805467919839,49.68,19.88,4.8,15
overall,MIXED,15.24,JUNGLE,233,Briar,25,4.261633986928105,5.804572727822682,408.89326159832336,690.5552702270999,0.22048686921070637,23.2,6.24,3.04,15
overall,MIXED,16.14,UTILITY,164,Camille,25,2.55964774441245,0.9320493727477058,309.5400810410494,521.8961798007235,0.16814167691948806,63.16,23.2,5.48,15
overall,MIXED,16.15,TOP,36,DrMundo,25,3.4337460317460318,6.6521233415648995,364.0679026409882,828.677929852703,0.24602498098228623,20.12,7.24,0.92,15
overall,MIXED,16.17,MIDDLE,55,Katarina,25,3.6538104575163404,6.09429571378006,390.1191347181031,715.2317642840629,0.2196574663090771,17.52,7.4,1.52,15
overall,MIXED,16.17,JUNGLE,141,Kayn,25,5.760542790542791,6.1351380080253985,414.19389073654116,696.9809803010343,0.21078238570231622,24.16,6.12,2.12,15
overall,MIXED,16.14,JUNGLE,64,LeeSin,25,5.162682539682539,5.749721985817802,399.1657140180459,565.1755102212535,0.16556600806316035,30.64,11.28,2.64,15
overall,MIXED,15.2,UTILITY,99,Lux,25,4.5720793650793645,1.3327651554472595,280.27095782138963,622.9168309698267,0.2065389682645523,55.4,22.48,6.2,15
overall,MIXED,16.13,MIDDLE,90,Malzahar,25,3.6657460317460315,7.663580889923374,420.35437908550864,837.3714875034672,0.24804538998717401,22.92,10.48,1.24,15
overall,MIXED,16.13,JUNGLE,11,MasterYi,25,4.610656565656566,6.331785233726707,459.8206587823172,720.1302270377316,0.21134398619799255,23.48,5.28,3.12,15
overall,MIXED,15.24,UTILITY,25,Morgana,25,2.8592991452991456,1.1332359327474484,272.19761722373545,414.3385623639662,0.1496696674842921,51.36,23.88,5.52,15
overall,MIXED,16.15,UTILITY,555,Pyke,25,2.7731448551448548,0.9169764978521175,319.3198485489297,400.23568101321825,0.12078087202669327,71.24,24.76,9.68,15
overall,MIXED,16.15,TOP,58,Renekton,25,2.9351298701298703,6.596269653230985,384.2220108803319,683.3930794204588,0.21331247490809965,24.08,9.0,0.92,15
overall,MIXED,16.14,MIDDLE,517,Sylas,25,3.3533333333333335,4.627829329470196,347.86966607431975,709.773060671463,0.23878177023471328,19.68,7.6,2.16,15
overall,MIXED,16.13,UTILITY,412,Thresh,25,2.889206349206349,1.0797316352510202,271.2731744772052,267.2316176080304,0.1038458424112383,59.48,22.16,6.08,15
overall,MIXED,16.15,MIDDLE,711,Vex,25,2.8684415584415586,5.715024912230348,362.678988846319,704.0453985856996,0.23846208004170066,18.44,8.68,1.36,15
overall,MIXED,16.16,JUNGLE,254,Vi,25,4.758333333333333,6.238520925096662,405.86980255634916,546.3127308114914,0.15914927000175663,29.96,5.2,5.08,15
overall,MIXED,16.17,JUNGLE,19,Warwick,25,2.9590476190476194,5.971299077761321,414.4077817960865,577.9175015902055,0.17558041794588333,26.04,7.16,2.84,15
overall,MIXED,16.18,TOP,83,Yorick,25,2.5190634920634922,6.914629613512802,427.83785959738145,946.6037940935573,0.311585684272889,25.84,9.6,1.04,15
overall,MIXED,16.11,MIDDLE,103,Ahri,24,3.9318617724867715,6.230452278042584,379.3136724001813,713.5593176674046,0.26636059625275754,26.083333333333332,10.708333333333334,2.5833333333333335,15
overall,MIXED,16.17,BOTTOM,523,Aphelios,24,2.0336294492544496,6.750871988917954,440.5408073005288,748.3068006064718,0.23120583354888144,14.958333333333334,7.041666666666667,1.5833333333333333,15
overall,MIXED,16.12,BOTTOM,51,Caitlyn,24,5.6404265873015875,6.749307566427749,463.6915136711918,795.169434357218,0.23373573814497853,16.875,7.916666666666667,2.2083333333333335,15
overall,MIXED,16.17,TOP,36,DrMundo,24,2.84607233044733,6.639733584218004,368.8695963064184,831.8820585398634,0.2535070413908879,18.375,7.375,0.875,15
overall,MIXED,16.13,TOP,86,Garen,24,3.6166501322751325,7.256084027453126,424.0789217282629,741.5795026116226,0.22496274867532343,22.791666666666668,8.958333333333334,1.1666666666666667,15
overall,MIXED,16.14,MIDDLE,910,Hwei,24,3.3566957552251666,6.841144277965845,373.4708631363014,804.6861215635217,0.2414838219672638,22.541666666666668,10.541666666666666,1.3333333333333333,15
overall,MIXED,16.16,MIDDLE,910,Hwei,24,2.926581289081289,6.8766371735063245,376.18751222708744,865.1032823487927,0.250245073380804,30.125,12.083333333333334,2.875,15
overall,MIXED,16.15,MIDDLE,39,Irelia,24,4.225995879120879,8.365612874672143,449.0384039868047,758.1691525609621,0.23362801685764145,25.416666666666668,8.958333333333334,2.8333333333333335,15
overall,MIXED,16.18,BOTTOM,222,Jinx,24,2.842479858104858,6.785281580910245,434.2743742792367,632.4236648617244,0.2090028230371439,14.166666666666666,6.625,1.9166666666666667,15
overall,MIXED,16.13,BOTTOM,145,Kaisa,24,4.090826187701187,6.382389757438695,427.8080121332686,608.3194912020178,0.19363570203972066,14.541666666666666,6.708333333333333,2.2083333333333335,15
overall,MIXED,15.17,UTILITY,89,Leona,24,4.119611291486291,0.9125510163127443,263.82390922990334,289.3056897789658,0.09747905770286554,56.5,26.166666666666668,6.125,15
overall,MIXED,16.15,JUNGLE,876,Lillia,24,3.46976911976912,6.272707796733786,386.65284121461895,689.459409480413,0.18739955193832258,32.083333333333336,6.708333333333333,4.583333333333333,15
overall,MIXED,16.16,JUNGLE,876,Lillia,24,6.252777777777777,6.8387825273080685,411.5709116703967,553.5720153369325,0.18285396399922496,24.0,5.041666666666667,3.3333333333333335,15
overall,MIXED,16.16,JUNGLE,11,MasterYi,24,3.8190616096866097,7.011876917103382,452.23838096010587,586.5805357845784,0.19754138575571648,25.458333333333332,8.25,2.7916666666666665,15
overall,MIXED,15.19,BOTTOM,21,MissFortune,24,3.3571428571428577,6.870033231097675,380.29923719998186,615.4562357383433,0.2340672801790635,18.458333333333332,8.75,3.2083333333333335,15
overall,MIXED,16.14,JUNGLE,75,Nasus,24,3.729248066748068,5.135681631611478,365.99398858121543,452.2036986534117,0.1389548392155295,18.5,5.291666666666667,2.0833333333333335,15
overall,MIXED,16.17,UTILITY,235,Senna,24,4.499966931216931,1.425683112721198,320.6810503297848,471.4814654340898,0.14213282016364587,62.958333333333336,24.083333333333332,6.166666666666667,15
overall,MIXED,16.13,BOTTOM,901,Smolder,24,5.476388888888889,6.732813532643757,417.7852302140064,685.9138371670352,0.216469696279428,12.25,6.208333333333333,1.125,15
overall,MIXED,16.15,UTILITY,223,TahmKench,24,2.9730006105006095,0.9396328082239344,300.4506362120084,475.1498418776194,0.14416712823608116,61.916666666666664,23.916666666666668,6.041666666666667,15
overall,MIXED,16.17,TOP,17,Teemo,24,2.0665659571909574,6.804664478130412,383.20716990353094,840.9162184185542,0.25102168872825664,24.958333333333332,9.166666666666666,1.625,15
overall,MIXED,15.24,MIDDLE,711,Vex,24,2.9265707671957677,5.821326865577315,365.44175148302656,778.8470964128718,0.2664289405162126,17.916666666666668,9.5,1.8333333333333333,15
overall,MIXED,16.13,JUNGLE,234,Viego,24,4.348656204906206,6.65824730569755,429.9732714606311,583.7655817144424,0.1736760896176476,29.25,6.583333333333333,3.875,15
overall,MIXED,16.16,JUNGLE,234,Viego,24,2.861458333333333,6.335752518895336,403.87184384506514,492.2022476603454,0.14574043646849547,33.041666666666664,6.833333333333333,5.0,15
overall,MIXED,16.15,UTILITY,101,Xerath,24,5.43987493987494,1.4926091863071707,340.66200335216746,705.1611194282397,0.20032278771512657,55.375,20.375,4.583333333333333,15
overall,MIXED,16.17,MIDDLE,157,Yasuo,24,2.5709866522366522,6.980511100316574,395.86294186014334,689.6208751029077,0.2166611327378423,19.625,8.75,1.375,15
overall,MIXED,16.13,UTILITY,143,Zyra,24,3.399305555555556,1.503558490164249,313.84028608948523,612.2731589170136,0.19620927127468793,58.916666666666664,21.333333333333332,6.291666666666667,15
overall,MIXED,16.15,UTILITY,143,Zyra,24,4.174239417989418,1.536143815100426,296.172574662157,643.1197910124263,0.20252720649565345,71.125,27.041666666666668,6.375,15
overall,MIXED,16.5,MIDDLE,103,Ahri,23,2.152553485162181,6.3659226731009415,348.1080853998897,617.7282458271953,0.22774287724121717,16.652173913043477,7.130434782608695,1.826086956521739,15
overall,MIXED,16.7,MIDDLE,103,Ahri,23,3.074322416713721,5.819900845819726,333.77620544990936,542.7063530197244,0.1737521403607923,21.695652173913043,9.347826086956522,1.6956521739130435,15
overall,MIXED,16.14,TOP,86,Garen,23,3.6130560260995046,7.242193019755075,421.9666758517825,753.1398307271394,0.21160805337174035,24.130434782608695,9.130434782608695,1.4782608695652173,15
overall,MIXED,16.14,TOP,420,Illaoi,23,2.2016254277123846,6.209123022572979,385.7125273810935,868.3992468853381,0.24808680956211906,23.82608695652174,9.695652173913043,1.0869565217391304,15
overall,MIXED,16.17,MIDDLE,39,Irelia,23,2.9200721983330675,8.266618629291289,438.8231081750514,599.3328819951794,0.21677076520390595,16.434782608695652,7.391304347826087,1.826086956521739,15
overall,MIXED,15.24,JUNGLE,141,Kayn,23,2.229761904761905,5.747317305868525,359.0066290643525,382.4534369401617,0.13555615199958332,26.565217391304348,6.043478260869565,4.217391304347826,15
overall,MIXED,16.14,TOP,54,Malphite,23,2.9419913419913417,5.871331950090229,344.1221300849274,653.782391405024,0.2110241778522299,23.26086956521739,9.217391304347826,1.0869565217391304,15
overall,MIXED,15.17,JUNGLE,11,MasterYi,23,6.464251207729468,6.545828468998987,465.70557111636225,854.6731490992934,0.27224332741851426,29.782608695652176,9.043478260869565,4.217391304347826,15
overall,MIXED,16.14,BOTTOM,800,Mel,23,5.133785055524186,7.186188537867107,442.96116485474437,813.5681467270807,0.24167601064177593,22.043478260869566,9.956521739130435,2.130434782608696,15
overall,MIXED,16.14,JUNGLE,950,Naafiri,23,3.3307562003214186,5.964832429847074,401.26037517236693,511.69860431571504,0.1601300364800525,19.434782608695652,4.869565217391305,1.7391304347826086,15
overall,MIXED,16.13,JUNGLE,75,Nasus,23,5.570686680469288,5.799286639625835,383.67376298077727,444.3089608809472,0.149334696288637,23.47826086956522,5.956521739130435,3.260869565217391,15
overall,MIXED,16.14,UTILITY,555,Pyke,23,3.155300013995666,0.9381606910223886,325.2483821150963,388.1006998810424,0.1539986028591143,68.34782608695652,23.17391304347826,8.347826086956522,15
overall,MIXED,16.16,UTILITY,526,Rell,23,4.686404416839198,0.9091467533199296,289.3772276079026,309.3018502543492,0.09760645303944501,74.69565217391305,29.217391304347824,6.391304347826087,15
overall,MIXED,16.15,BOTTOM,147,Seraphine,23,4.532091097308489,5.978782406931392,384.70764908702506,642.9665060592741,0.201819842792689,15.695652173913043,7.956521739130435,1.7826086956521738,15
overall,MIXED,16.18,UTILITY,147,Seraphine,23,2.903425559947299,0.9483984380074403,272.302446596626,361.69283558226397,0.12049046256894755,64.52173913043478,26.695652173913043,4.478260869565218,15
overall,MIXED,16.17,BOTTOM,15,Sivir,23,3.447481021394065,6.936367598693125,408.01085498480904,626.1071478094093,0.20006712560720083,17.608695652173914,8.434782608695652,2.1739130434782608,15
overall,MIXED,16.15,BOTTOM,901,Smolder,23,3.8435127674258114,6.4475568326315456,437.31562099433745,978.1123588082927,0.2523433959430067,19.91304347826087,9.26086956521739,2.130434782608696,15
overall,MIXED,16.17,UTILITY,50,Swain,23,5.520945479641132,1.4337442883199967,321.82335002592174,606.8455335534046,0.18238512149080677,56.65217391304348,20.652173913043477,5.0,15
overall,MIXED,16.17,MIDDLE,134,Syndra,23,4.455459878285965,6.651213351554295,392.2009274933903,773.9167351085217,0.22608617271051837,21.91304347826087,9.782608695652174,1.6956521739130435,15
overall,MIXED,16.14,TOP,17,Teemo,23,2.8811912724956206,5.995954632723137,400.31070591780497,850.2640947604539,0.255627567492672,20.434782608695652,7.391304347826087,1.6956521739130435,15
overall,MIXED,16.17,BOTTOM,45,Veigar,23,3.339671922280618,6.008094422614866,434.96309342859246,761.3457189234041,0.2151295630786857,19.47826086956522,9.304347826086957,1.826086956521739,15
overall,MIXED,16.16,MIDDLE,711,Vex,23,3.2100884622623753,5.853865560746664,367.45701131699485,631.6705397229547,0.1974805941410198,21.52173913043478,9.608695652173912,1.9130434782608696,15
overall,MIXED,16.18,JUNGLE,234,Viego,23,2.643461007591442,6.834679083317431,415.9957008532776,542.2646416993223,0.17888252511977767,22.91304347826087,5.0,3.130434782608696,15
overall,MIXED,16.16,MIDDLE,157,Yasuo,23,3.4484142668925277,7.4724449035598095,442.9079047952633,857.4757817089549,0.26773392295619786,22.304347826086957,9.130434782608695,2.0,15
overall,MIXED,15.17,BOTTOM,804,Yunara,23,4.4383022774327126,5.81754878203569,372.8512750451284,537.8699059304411,0.17089602906724496,13.0,6.6521739130434785,2.347826086956522,15
overall,MIXED,16.13,BOTTOM,804,Yunara,23,3.043970642883686,6.879031695690037,471.7484144312853,788.4990388479555,0.22246725090523908,15.869565217391305,7.521739130434782,2.260869565217391,15
overall,MIXED,15.20,BOTTOM,22,Ashe,22,4.670833333333333,6.256034971992694,369.2728775261621,574.8844176081425,0.2068472371173426,19.227272727272727,7.363636363636363,3.0454545454545454,15
overall,MIXED,15.24,TOP,122,Darius,22,1.4127886002886003,5.674912401682383,351.2286064807381,598.3511633659077,0.21785151977463657,12.454545454545455,6.909090909090909,0.9545454545454546,15
overall,MIXED,16.17,MIDDLE,131,Diana,22,2.5806457431457432,6.227052980653087,378.6656803209635,658.2343316923791,0.2433174609403158,21.272727272727273,8.409090909090908,2.3636363636363638,15
overall,MIXED,16.17,TOP,887,Gwen,22,1.9075068870523415,5.900243811952084,355.10761169824997,724.176360996349,0.24717577259234036,20.636363636363637,7.7727272727272725,1.4090909090909092,15
overall,MIXED,16.15,TOP,74,Heimerdinger,22,2.7699855699855704,6.7390325160732,412.7302698381356,1087.8490687613912,0.3363843323468844,23.90909090909091,9.954545454545455,1.1363636363636365,15
overall,MIXED,16.15,TOP,39,Irelia,22,1.2608508915327101,6.6477765975377645,383.346673114207,635.9853182042881,0.2017356385194809,24.772727272727273,9.5,1.0454545454545454,15
overall,MIXED,16.17,JUNGLE,24,Jax,22,3.834343434343434,6.221073425821181,416.5086068287065,592.3316943542712,0.17555339415106327,27.59090909090909,7.954545454545454,2.8181818181818183,15
overall,MIXED,16.14,BOTTOM,145,Kaisa,22,1.9194444444444443,6.659601417500697,438.1553828812583,581.1119999255026,0.2311123765856231,17.681818181818183,7.818181818181818,2.1818181818181817,15
overall,MIXED,15.19,UTILITY,89,Leona,22,3.170238095238096,1.0804066202592653,268.22598171474414,281.76556631967225,0.0974394014802022,62.59090909090909,26.59090909090909,7.5,15
overall,MIXED,16.3,UTILITY,89,Leona,22,4.584204053522235,0.9962345097048264,284.6958158326333,331.2413764799016,0.1028355802661078,71.72727272727273,27.0,8.181818181818182,15
overall,MIXED,16.13,JUNGLE,805,Locke,22,4.3478854478854485,5.885422821758012,377.1769986661417,460.44393430664763,0.1577787157916899,26.0,4.636363636363637,4.818181818181818,15
overall,MIXED,16.15,BOTTOM,236,Lucian,22,2.8047258297258297,5.977069507031738,407.8510376391686,583.6508988790827,0.1929685471271043,16.045454545454547,7.545454545454546,1.5454545454545454,15
overall,MIXED,16.17,MIDDLE,800,Mel,22,3.4088203463203457,7.333801707849411,409.2146324424932,793.4837249269845,0.2332076484037069,23.772727272727273,10.590909090909092,1.7727272727272727,15
overall,MIXED,15.13,BOTTOM,21,MissFortune,22,3.37739898989899,6.864557499180986,404.4667120680231,744.702142414735,0.2507134019899886,19.90909090909091,9.772727272727273,3.6363636363636362,15
overall,MIXED,16.3,BOTTOM,21,MissFortune,22,3.6060966810966817,6.80490658105924,488.6521048503293,924.4174701594605,0.2889327021264925,20.136363636363637,8.909090909090908,2.272727272727273,15
overall,MIXED,16.15,JUNGLE,62,MonkeyKing,22,4.658128361537453,6.021623193334201,401.55718438887834,438.38377174067244,0.15045105869232384,23.727272727272727,4.909090909090909,3.227272727272727,15
overall,MIXED,16.13,JUNGLE,950,Naafiri,22,5.6112012987013,6.07939005936976,429.965705589706,738.6805085861241,0.19642161486278178,27.772727272727273,6.7727272727272725,3.3181818181818183,15
overall,MIXED,16.17,UTILITY,80,Pantheon,22,4.752104839604839,1.294148459883884,333.8155715000095,557.083880234045,0.16911188734150998,73.04545454545455,27.5,7.181818181818182,15
overall,MIXED,16.16,TOP,58,Renekton,22,2.7245670995670994,6.579938640291596,372.6746286066837,673.7739784345126,0.2203741007771809,25.09090909090909,9.590909090909092,1.6363636363636365,15
overall,MIXED,16.14,UTILITY,235,Senna,22,5.3126967729240455,1.4844206991189786,311.34781671403925,464.9655731318213,0.1527175251860045,67.54545454545455,24.772727272727273,7.636363636363637,15
overall,MIXED,16.12,UTILITY,147,Seraphine,22,3.053328741965106,1.1899746858280646,294.8452741880105,463.74571588330997,0.15948820637180164,65.36363636363636,24.363636363636363,5.681818181818182,15
overall,MIXED,16.14,MIDDLE,134,Syndra,22,2.3292486553850194,6.240831964625524,357.62898386331983,578.1795678474828,0.2553276417812546,19.0,8.590909090909092,1.4545454545454546,15
overall,MIXED,16.16,JUNGLE,91,Talon,22,4.249691974691975,6.530720559859886,383.00361408810005,441.52307365880785,0.15314479121614616,25.727272727272727,6.454545454545454,4.681818181818182,15
overall,MIXED,16.16,UTILITY,412,Thresh,22,4.448458612094976,0.9309750133182342,272.92174055524083,278.5015155550268,0.09302034171780238,64.18181818181819,23.772727272727273,6.5,15
overall,MIXED,16.11,BOTTOM,110,Varus,22,1.7299242424242427,6.6351908766341685,430.23278086640124,615.2018755209824,0.223803766948855,15.909090909090908,7.454545454545454,2.1363636363636362,15
overall,MIXED,16.13,BOTTOM,110,Varus,22,4.701515151515152,5.92229944707089,439.44791976956424,685.9288610467969,0.22271617353070425,15.0,7.045454545454546,1.5454545454545454,15
overall,MIXED,16.15,JUNGLE,234,Viego,22,3.293290043290044,6.553294246801377,434.0364063456276,573.0666187937273,0.17659852017492414,28.5,7.2272727272727275,3.6363636363636362,15
overall,MIXED,16.17,MIDDLE,101,Xerath,22,3.940048209366391,5.8407528592402835,372.98187022129054,898.2517616947268,0.2770891271999594,21.59090909090909,9.727272727272727,1.5909090909090908,15
overall,MIXED,16.10,TOP,83,Yorick,22,3.5312770562770557,7.203406623496618,405.7487906178938,925.4258061109678,0.2998349271730898,23.181818181818183,8.5,1.0909090909090908,15
overall,MIXED,16.17,JUNGLE,143,Zyra,22,3.92224517906336,6.626572654084932,386.48858616272906,660.9237540234025,0.1989619566341375,30.818181818181817,8.090909090909092,3.727272727272727,15
overall,MIXED,16.18,MIDDLE,103,Ahri,21,2.7037473108901677,6.337396707056056,359.2613965393546,701.1428517492753,0.22610687491458217,26.38095238095238,10.285714285714286,2.380952380952381,15
overall,MIXED,16.9,MIDDLE,103,Ahri,21,3.656651549508691,6.3986299483501785,373.42429609465745,690.2806243779406,0.2253308518254362,22.142857142857142,8.619047619047619,1.8095238095238095,15
overall,MIXED,16.14,TOP,799,Ambessa,21,1.5021765271765273,6.152413876909006,330.5956441325264,607.0559343450844,0.2217046928510053,21.523809523809526,9.095238095238095,0.7619047619047619,15
overall,MIXED,16.18,BOTTOM,22,Ashe,21,4.749462310176595,6.443782235050035,426.2661688645382,623.9560889310817,0.18774852351429658,19.285714285714285,7.857142857142857,1.8095238095238095,15
overall,MIXED,16.3,BOTTOM,22,Ashe,21,2.1782570603999174,5.963774034777527,377.8284579737655,566.8741154138735,0.17944149148166297,18.19047619047619,6.904761904761905,1.619047619047619,15
overall,MIXED,16.17,MIDDLE,136,AurelionSol,21,2.959343434343434,7.122476233497561,392.7243959330866,678.4419778331207,0.21896460509609827,22.952380952380953,9.857142857142858,1.5238095238095237,15
overall,MIXED,15.24,BOTTOM,51,Caitlyn,21,4.100056689342404,6.235843167523275,395.2362759508603,635.0467860353941,0.23724714481204318,12.476190476190476,7.0,1.8095238095238095,15
overall,MIXED,16.15,JUNGLE,36,DrMundo,21,6.576133786848072,5.625897324727548,409.9345237160818,625.0056820668459,0.17852483970397187,21.952380952380953,5.523809523809524,2.5238095238095237,15
overall,MIXED,16.15,MIDDLE,55,Katarina,21,2.6061379097093385,5.625717823708752,358.05763893216965,594.9193512144304,0.17286210220518497,19.761904761904763,8.428571428571429,1.3333333333333333,15
overall,MIXED,15.24,JUNGLE,876,Lillia,21,5.371016285302,5.586238390991575,386.9697336762331,634.8772782317244,0.19799587978188238,25.761904761904763,7.428571428571429,3.9523809523809526,15
overall,MIXED,16.17,JUNGLE,876,Lillia,21,4.8277547848976425,5.8915064362952565,385.3225113062907,633.535313474781,0.17929403981866057,31.38095238095238,6.9523809523809526,4.714285714285714,15
overall,MIXED,16.10,UTILITY,99,Lux,21,3.8506046863189716,1.8451105110085964,322.88192503706307,730.1674815831393,0.2130229509849698,69.80952380952381,26.19047619047619,7.0,15
overall,MIXED,16.18,JUNGLE,11,MasterYi,21,2.914625850340136,6.84562471735611,420.2625489207158,583.0083850559652,0.1714939132007814,26.0,5.285714285714286,4.666666666666667,15
overall,MIXED,16.11,BOTTOM,21,MissFortune,21,4.1863378684807255,6.5337366328426345,476.7670765733674,800.9627238204836,0.26817645855872063,19.61904761904762,8.714285714285714,2.619047619047619,15
overall,MIXED,16.6,BOTTOM,21,MissFortune,21,5.316695011337869,6.327220667517462,449.7148490824751,702.8894836800384,0.23546057490867286,16.857142857142858,8.047619047619047,1.8571428571428572,15
overall,MIXED,15.18,TOP,82,Mordekaiser,21,3.8623015873015873,5.956753746230511,375.481996482974,696.2573146466441,0.2428028685966909,16.61904761904762,8.238095238095237,1.8571428571428572,15
overall,MIXED,16.17,JUNGLE,950,Naafiri,21,3.2121160585446296,5.832458718312964,398.30595265492644,554.4617733919431,0.1639243919863276,27.19047619047619,7.380952380952381,2.5714285714285716,15
overall,MIXED,16.17,JUNGLE,113,Sejuani,21,3.7373015873015882,6.016009249015697,364.2130410828944,415.20731950328116,0.13141487265082294,29.761904761904763,9.047619047619047,3.380952380952381,15
overall,MIXED,16.13,BOTTOM,147,Seraphine,21,5.251360544217686,5.602981429518445,369.99076301943086,538.1586263710235,0.19012862208208667,13.047619047619047,6.714285714285714,1.3333333333333333,15
overall,MIXED,16.10,JUNGLE,102,Shyvana,21,4.739285714285714,6.960870948715374,424.02387104009705,584.6280016158274,0.17051915794852648,28.428571428571427,6.9523809523809526,3.4285714285714284,15
overall,MIXED,16.14,JUNGLE,102,Shyvana,21,4.482106782106781,6.302979377847211,426.08214049103384,586.1458454514659,0.19465937701181588,27.0,7.428571428571429,2.619047619047619,15
overall,MIXED,16.16,BOTTOM,901,Smolder,21,2.093827733113448,6.337368795556627,388.9394875901916,695.3755256984887,0.21848917136911664,14.476190476190476,7.333333333333333,1.2380952380952381,15
overall,MIXED,16.17,UTILITY,223,TahmKench,21,3.7479797979797977,0.9881823449345032,305.20709838087333,551.8476834993885,0.1762880905684884,55.76190476190476,20.571428571428573,4.904761904761905,15
overall,MIXED,16.14,UTILITY,412,Thresh,21,2.339493575207861,0.9274566498817697,267.9544549584515,245.13822016607776,0.09005937833465905,51.95238095238095,19.714285714285715,4.809523809523809,15
overall,MIXED,16.17,BOTTOM,110,Varus,21,1.7543650793650793,6.530620369819559,399.6189085383503,595.1428579899459,0.19844475255099472,19.714285714285715,9.0,1.8571428571428572,15
overall,MIXED,16.15,BOTTOM,45,Veigar,21,3.3677335891621603,6.340357026180765,441.05741053599183,898.8096049529076,0.24856216614091595,19.285714285714285,9.333333333333334,1.7619047619047619,15
overall,MIXED,15.19,JUNGLE,234,Viego,21,4.95926097711812,6.151166782890212,390.20975430791805,449.80518329084657,0.15046005735165302,29.571428571428573,7.095238095238095,5.190476190476191,15
overall,MIXED,15.24,JUNGLE,234,Viego,21,3.2941798941798948,5.63693379304777,406.1983866691758,585.4555040549106,0.18119404845177914,27.047619047619047,5.619047619047619,4.761904761904762,15
overall,MIXED,16.15,BOTTOM,112,Viktor,21,4.11503396230287,6.075494155614109,389.67727513223707,787.1718705703845,0.227820394386315,17.857142857142858,8.285714285714286,1.619047619047619,15
overall,MIXED,16.10,MIDDLE,103,Ahri,20,2.737777777777778,5.974565377082964,347.24661746320766,639.5126149093306,0.22164183562183365,18.6,8.4,1.0,15
overall,MIXED,16.16,MIDDLE,84,Akali,20,5.026309523809524,5.91110926108458,383.77673798499444,742.0042675125409,0.2287298522049095,23.4,9.85,1.6,15
overall,MIXED,16.5,BOTTOM,22,Ashe,20,4.300376984126984,6.281527633233497,411.71137172848194,605.3208074700689,0.194048860417349,15.95,6.0,1.6,15
overall,MIXED,16.15,JUNGLE,200,Belveth,20,2.8267063492063493,5.540119476233685,412.2464135021431,334.21604080969075,0.12343290696564486,17.65,4.15,2.4,15
overall,MIXED,16.15,MIDDLE,131,Diana,20,2.0538339438339435,5.768780100416716,377.2592534657265,735.2864345274104,0.23518168930770114,31.0,12.6,2.55,15
overall,MIXED,16.14,TOP,36,DrMundo,20,2.344204545454546,6.280083259632374,358.8800230901182,709.8974509324854,0.23433867798236893,20.85,7.85,1.05,15
overall,MIXED,16.16,JUNGLE,120,Hecarim,20,4.1783408258408254,6.252411779952126,409.08911426577635,587.7498317336593,0.17615190756180585,22.2,6.05,2.55,15
overall,MIXED,16.18,JUNGLE,120,Hecarim,20,3.4218253968253975,6.52595473429858,439.26552796251616,587.7087995263498,0.17509542833624447,23.4,6.9,2.8,15
overall,MIXED,16.14,MIDDLE,39,Irelia,20,3.2929761904761903,6.687445501212551,463.2442352803661,765.8386674460728,0.29783962709841766,19.5,7.45,2.5,15
overall,MIXED,16.17,JUNGLE,59,JarvanIV,20,5.455898268398269,5.680216023601966,389.1176400759051,454.8209390983003,0.15876035078462403,22.15,6.2,2.6,15
overall,MIXED,16.17,TOP,24,Jax,20,3.27957264957265,6.237387289790716,435.43599973959107,845.7612955816137,0.253583569290336,24.75,9.8,1.15,15
overall,MIXED,15.13,BOTTOM,222,Jinx,20,2.840694444444445,6.199265478607622,379.12627390577484,553.7283468703938,0.1881915634670796,13.85,7.1,2.6,15
overall,MIXED,16.14,JUNGLE,141,Kayn,20,3.197738095238095,6.368612638341583,403.07254572180227,491.35601361227344,0.15296632078940692,19.4,4.45,2.75,15
overall,MIXED,16.12,UTILITY,89,Leona,20,3.294502164502164,0.9966660095868145,289.7496742309871,313.0584258688185,0.10716867630629356,67.55,23.9,7.95,15
overall,MIXED,16.17,MIDDLE,99,Lux,20,4.999464285714286,6.17014037579377,360.8053857638626,821.646964330998,0.25705218797746665,21.0,10.2,0.95,15
overall,MIXED,15.24,TOP,54,Malphite,20,2.786071428571428,5.331131298400033,358.0619959843922,780.8271004927063,0.2342304805979329,19.65,10.3,1.85,15
overall,MIXED,16.18,MIDDLE,90,Malzahar,20,2.774722222222222,7.789887261319421,409.87025349623,805.9343075785964,0.24889662541372087,31.45,12.35,2.65,15
overall,MIXED,16.2,BOTTOM,21,MissFortune,20,3.071884781884782,6.48799449013585,452.5055680972085,771.4828145128076,0.2414212631456069,20.45,9.7,1.5,15
overall,MIXED,16.9,BOTTOM,21,MissFortune,20,4.650746753246753,6.537791006371447,493.8628417465385,749.9337323968335,0.25045490150686317,15.75,7.35,1.8,15
overall,MIXED,16.10,TOP,82,Mordekaiser,20,2.989047619047619,6.068396968690395,374.9902728351091,715.8406937244538,0.24401812587903024,23.2,9.35,1.0,15
overall,MIXED,16.14,JUNGLE,82,Mordekaiser,20,4.173675213675214,6.267779677796,425.8537306238094,762.0678686443969,0.22712133687576977,25.65,5.7,3.15,15
overall,MIXED,16.15,JUNGLE,75,Nasus,20,4.324347041847042,5.5229009875324495,373.83643082538316,524.056618928416,0.15603480706189035,27.25,6.8,3.7,15
overall,MIXED,16.10,UTILITY,111,Nautilus,20,3.0538149350649353,0.9750892118316736,269.0745049995279,304.83647334369715,0.129802981206507,42.75,16.0,4.4,15
overall,MIXED,16.13,UTILITY,518,Neeko,20,2.8430735930735933,1.2728539329860575,306.6966147557333,522.1656920391281,0.15126376545835415,79.9,31.1,7.0,15
overall,MIXED,16.17,UTILITY,518,Neeko,20,3.0275144300144303,1.6901415457062896,305.00097505028197,524.4366240400853,0.17464104307777478,64.5,24.0,6.5,15
overall,MIXED,16.13,UTILITY,555,Pyke,20,2.9155095598845597,1.0349658673340034,335.05015191029463,459.66103330358345,0.12049412268930515,86.25,29.25,10.95,15
overall,MIXED,16.13,UTILITY,526,Rell,20,3.9579455266955264,0.7700922795021641,281.7172733953876,280.4599465451234,0.11860055458122945,59.3,21.4,5.9,15
overall,MIXED,16.9,UTILITY,147,Seraphine,20,3.6930339105339107,1.1056430214304165,307.40319487346983,388.3316657899192,0.16099987347824615,51.8,18.5,5.0,15
overall,MIXED,16.14,TOP,875,Sett,20,2.6740476190476192,6.279574609637793,383.6680922671275,800.5776016706543,0.24281985999301292,24.4,9.45,1.05,15
overall,MIXED,16.14,JUNGLE,517,Sylas,20,3.2415277777777773,5.5958297360688,381.1801722281666,559.5439754964934,0.16731117379938704,22.2,6.75,1.85,15
overall,MIXED,16.15,JUNGLE,517,Sylas,20,4.124918831168832,5.8954417188461665,409.70697752965333,617.4099724117352,0.18211623023299103,29.95,7.1,3.05,15
overall,MIXED,16.16,BOTTOM,18,Tristana,20,2.737956349206349,6.287330475682226,475.01296214342426,668.2701546474086,0.23582721257455014,15.9,6.95,2.25,15
overall,MIXED,15.24,MIDDLE,45,Veigar,20,3.4530952380952384,6.258338048260625,392.47117884611237,768.822818236431,0.24990356287555143,19.05,10.45,1.45,15
overall,MIXED,16.14,BOTTOM,45,Veigar,20,2.5975,6.009257755241868,393.1609159690232,564.3304887167507,0.21987394113329012,15.0,7.2,2.0,15
overall,MIXED,16.17,UTILITY,161,Velkoz,20,4.435030663780664,1.380765049462428,294.9832892489417,662.9441445747118,0.2194066124212893,65.7,24.75,6.15,15
overall,MIXED,16.14,MIDDLE,711,Vex,20,4.668621794871795,6.312220921030656,385.5081515979888,867.7653077407213,0.2652725476493921,27.1,12.5,1.85,15
overall,MIXED,16.14,JUNGLE,19,Warwick,20,2.918055555555555,5.812024094873942,401.5518182883228,534.2095192222711,0.17237212514752873,31.5,8.25,3.55,15
overall,MIXED,16.16,JUNGLE,19,Warwick,20,3.4471352258852264,5.327060733715347,404.39078562959816,501.2893963562171,0.16429100890225767,24.85,6.7,2.85,15
overall,MIXED,15.24,MIDDLE,777,Yone,20,2.7222222222222223,5.937867059106145,353.48837107503726,596.093063557334,0.20732323769058586,15.9,8.3,1.65,15
overall,MIXED,15.16,BOTTOM,804,Yunara,20,3.4945833333333325,5.9970286811993345,390.03551334559427,613.7842689280502,0.20380129883299936,17.4,8.9,3.1,15
overall,MIXED,16.17,UTILITY,350,Yuumi,20,4.819880952380953,0.46707046484918696,253.14287636684367,166.18370432428333,0.086955869325869,30.3,14.1,1.6,15
overall,MIXED,16.13,BOTTOM,115,Ziggs,20,2.6127250527250525,5.978833236554251,398.14541089630063,844.5182036090416,0.2602945229901972,13.9,7.15,1.05,15
overall,MIXED,15.13,MIDDLE,34,Anivia,19,8.343859649122809,7.339293592802938,384.0972661207853,613.2067999690723,0.2098883562773627,19.0,9.789473684210526,3.4210526315789473,15
overall,MIXED,16.16,BOTTOM,523,Aphelios,19,2.5732873851294897,6.763865137257859,428.3177338132538,585.149690231858,0.22010106826514061,14.210526315789474,6.631578947368421,1.5263157894736843,15
overall,MIXED,16.7,BOTTOM,22,Ashe,19,2.9886382623224734,6.907732747109616,418.1911557263391,665.2457040143889,0.23183747247570832,16.526315789473685,6.631578947368421,1.4210526315789473,15
overall,MIXED,15.19,JUNGLE,131,Diana,19,5.4032999164578115,6.797469012396006,413.3051316175754,537.7260376252345,0.18588972775922966,25.894736842105264,6.684210526315789,4.157894736842105,15
overall,MIXED,15.24,JUNGLE,131,Diana,19,2.6449874686716797,6.139431041701734,393.5497760711937,495.82634127888304,0.16288945865045704,20.894736842105264,3.9473684210526314,3.9473684210526314,15
overall,MIXED,16.1,JUNGLE,131,Diana,19,2.6457336523126,6.353589997955085,407.0435362088617,596.7948719545157,0.18084700825698893,30.105263157894736,5.7368421052631575,4.578947368421052,15
overall,MIXED,16.13,MIDDLE,131,Diana,19,2.5710469355206196,5.62532069413395,377.1514771440863,783.495000909862,0.23634743601958408,23.894736842105264,9.842105263157896,2.1578947368421053,15
overall,MIXED,16.10,BOTTOM,81,Ezreal,19,2.744674185463659,5.949414116453344,400.7685174528482,725.5013759517894,0.233469731652075,11.105263157894736,5.684210526315789,0.8947368421052632,15
overall,MIXED,16.18,BOTTOM,81,Ezreal,19,2.8646616541353382,6.006566994443699,390.53603687090225,672.9263381574623,0.2275622249211952,13.31578947368421,7.157894736842105,1.2105263157894737,15
overall,MIXED,16.16,MIDDLE,3,Galio,19,4.3652882205513786,5.770146945644851,345.40170456957134,545.9336432100044,0.1611496602213028,23.05263157894737,10.052631578947368,2.0526315789473686,15
overall,MIXED,16.13,MIDDLE,39,Irelia,19,3.361922434290855,8.018325989466607,481.568706282138,850.8646718051989,0.2741621699365932,19.210526315789473,8.421052631578947,1.368421052631579,15
overall,MIXED,16.14,TOP,39,Irelia,19,2.5559732664995822,7.341150177564974,432.38101316987934,828.0302521986408,0.2640710326566596,24.210526315789473,8.789473684210526,1.2105263157894737,15
overall,MIXED,16.13,JUNGLE,59,JarvanIV,19,5.609267486899066,5.654036841915492,388.1067339568902,473.27582564783296,0.13923982530260356,34.26315789473684,8.789473684210526,4.7894736842105265,15
overall,MIXED,16.16,JUNGLE,24,Jax,19,3.7177565124933545,6.568875524278963,444.02936561058164,723.1173604818769,0.20402998759680835,34.94736842105263,10.736842105263158,3.0526315789473686,15
overall,MIXED,16.3,BOTTOM,222,Jinx,19,4.322884133410448,6.987949224546589,447.61444395466367,716.2503130591641,0.2344224558898247,16.894736842105264,7.157894736842105,2.473684210526316,15
overall,MIXED,16.14,MIDDLE,55,Katarina,19,3.9474720068373323,5.44462368117541,369.01014503402564,672.0671950230478,0.2181520255953099,21.736842105263158,10.631578947368421,1.5263157894736843,15
overall,MIXED,15.9,MIDDLE,7,Leblanc,19,6.37719298245614,6.113519467213233,355.9298199503959,623.259259103408,0.22495543879508195,15.0,5.578947368421052,3.263157894736842,15
overall,MIXED,16.11,UTILITY,89,Leona,19,4.231203007518797,0.84644639619679,294.0491960559224,286.61194314739856,0.09127898133828959,86.47368421052632,33.10526315789474,8.210526315789474,15
overall,MIXED,16.14,JUNGLE,876,Lillia,19,4.713977250819357,5.997163130882228,393.87995364059515,532.8093409488556,0.1711182076865663,26.68421052631579,7.526315789473684,3.0,15
overall,MIXED,16.14,MIDDLE,800,Mel,19,3.272222222222222,6.539937204017443,400.720616972825,708.7056020433207,0.24196051609226937,15.947368421052632,8.263157894736842,1.0526315789473684,15
overall,MIXED,15.22,BOTTOM,21,MissFortune,19,5.746031746031747,6.5110410830317536,389.13290452499666,612.1286436927315,0.227158744629465,14.473684210526315,7.526315789473684,1.8421052631578947,15
overall,MIXED,16.14,JUNGLE,62,MonkeyKing,19,4.929302422723476,5.9928155085127015,400.2037932248929,493.0446856709664,0.14487389220058622,28.42105263157895,8.789473684210526,3.1052631578947367,15
overall,MIXED,15.17,TOP,82,Mordekaiser,19,2.5778613199665834,5.383702371127982,360.1969855537766,677.2555339108645,0.2229081714078671,17.31578947368421,8.894736842105264,1.5789473684210527,15
overall,MIXED,15.19,TOP,82,Mordekaiser,19,3.1568028462765305,5.651963756932549,376.3050964031265,742.157773487123,0.2604693941273039,15.473684210526315,7.7368421052631575,1.6842105263157894,15
overall,MIXED,16.12,UTILITY,111,Nautilus,19,3.3854636591478693,0.9110606945551757,294.00210133887055,316.3146819498612,0.1101579176113276,67.3157894736842,25.789473684210527,6.7368421052631575,15
overall,MIXED,16.16,UTILITY,555,Pyke,19,3.6439583808004863,0.9811142417731444,337.90961877913577,436.26648448069693,0.1229643741454381,88.47368421052632,30.68421052631579,11.578947368421053,15
overall,MIXED,16.14,UTILITY,526,Rell,19,5.50561821219716,0.9721089853897368,288.1325431328549,302.1268853987295,0.09233263398265829,67.0,26.57894736842105,5.7894736842105265,15
overall,MIXED,16.15,UTILITY,526,Rell,19,4.154511278195488,0.9389874009139518,288.50809303566456,260.7708423084073,0.08933078285390768,53.78947368421053,22.210526315789473,4.7894736842105265,15
overall,MIXED,16.11,UTILITY,147,Seraphine,19,2.974832915622389,1.0772298765064852,286.1297977645959,369.59225059911023,0.1461661134102256,61.473684210526315,23.157894736842106,6.105263157894737,15
overall,MIXED,16.18,JUNGLE,102,Shyvana,19,3.8715424925951245,6.45945043384921,419.83811097919937,647.3352875692432,0.18660410170794614,27.789473684210527,7.894736842105263,3.1052631578947367,15
overall,MIXED,15.24,BOTTOM,901,Smolder,19,3.1403508771929824,5.45784666152218,354.27775641979133,657.819408431275,0.19600370971026845,15.157894736842104,8.263157894736842,2.6315789473684212,15
overall,MIXED,16.10,BOTTOM,901,Smolder,19,3.6519423558897244,6.970696162446779,421.2952086517507,765.6926835127988,0.23011797252475247,15.789473684210526,7.421052631578948,1.5789473684210527,15
overall,MIXED,16.16,MIDDLE,517,Sylas,19,4.3315371762740185,5.175672179857011,351.9100746024777,707.0110891268971,0.22363613986253184,17.789473684210527,7.421052631578948,1.9473684210526316,15
overall,MIXED,16.16,JUNGLE,517,Sylas,19,3.1304509817667716,5.509593849222647,382.1702508170763,488.62043593462255,0.15596404400964667,22.842105263157894,5.2631578947368425,3.263157894736842,15
overall,MIXED,16.13,MIDDLE,134,Syndra,19,2.269905533063428,6.414666133221282,370.0557167550933,654.0065046474182,0.21519385861047494,21.894736842105264,10.736842105263158,1.2105263157894737,15
overall,MIXED,16.15,TOP,17,Teemo,19,2.028111946532999,6.691488266477336,394.5005348726521,839.3087508115588,0.2673303705238802,24.94736842105263,8.31578947368421,1.736842105263158,15
overall,MIXED,16.13,BOTTOM,18,Tristana,19,2.5441159717475506,6.373432801287062,428.42036239688275,669.3014879786373,0.21234597966704205,17.63157894736842,8.421052631578947,2.0526315789473686,15
overall,MIXED,16.14,BOTTOM,18,Tristana,19,3.5216450216450226,6.575792856944503,442.00274817494955,660.206263005237,0.2095987272976688,20.57894736842105,9.052631578947368,3.4210526315789473,15
overall,MIXED,16.13,MIDDLE,711,Vex,19,2.1367281840966053,5.706410202071471,365.3927124850987,655.4240848775131,0.21040657261519258,18.0,8.263157894736842,1.0,15
overall,MIXED,15.24,UTILITY,101,Xerath,19,5.589200273410799,1.8484876423153491,316.97161338719195,600.7272521306838,0.19357523662469586,45.05263157894737,20.842105263157894,4.842105263157895,15
overall,MIXED,16.16,MIDDLE,101,Xerath,19,4.324832915622389,5.980072978861284,363.3860688619693,840.1498853669191,0.25720529637918005,23.736842105263158,10.894736842105264,1.631578947368421,15
overall,MIXED,16.9,JUNGLE,5,XinZhao,19,3.94250398724083,5.668550273976116,400.2629141432586,557.3365306104639,0.17204290507234357,28.263157894736842,5.578947368421052,4.052631578947368,15
overall,MIXED,16.18,TOP,777,Yone,19,2.417158426368953,7.122475054643264,413.22381887958153,909.1326662721345,0.2813558845703337,20.526315789473685,7.894736842105263,0.8421052631578947,15
overall,MIXED,15.24,TOP,83,Yorick,19,3.5237031973874076,6.9555939713428625,438.2525009105925,801.8538972650798,0.2551594967086817,20.36842105263158,8.631578947368421,2.3684210526315788,15
overall,MIXED,16.11,TOP,83,Yorick,19,1.5204678362573099,7.151642386002362,405.1263605221744,749.1985943505516,0.28142548596994543,25.68421052631579,8.473684210526315,1.1578947368421053,15
overall,MIXED,16.12,TOP,83,Yorick,19,1.6426520847573483,5.992794816325495,374.3257657444894,635.4026517631867,0.2934509434155148,19.0,7.7368421052631575,0.5263157894736842,15
overall,MIXED,16.10,BOTTOM,804,Yunara,19,2.4217177559282814,6.799718828424349,410.3164696954371,565.4884666088361,0.20333346035466254,15.210526315789474,6.947368421052632,2.0,15
overall,MIXED,16.17,BOTTOM,115,Ziggs,19,2.6977234753550543,6.635026744737007,390.8094691778119,1004.6079509602291,0.2770829301981371,22.42105263157895,10.105263157894736,2.0526315789473686,15
overall,MIXED,15.23,MIDDLE,103,Ahri,18,4.103391053391054,5.147290729969772,330.0830478922506,572.2192869632859,0.1833681860547825,23.61111111111111,11.444444444444445,2.4444444444444446,15
overall,MIXED,15.24,MIDDLE,84,Akali,18,4.265241702741703,5.262713646509614,359.828820714378,627.6822457863431,0.2474046945336043,15.5,7.833333333333333,1.3333333333333333,15
overall,MIXED,16.15,MIDDLE,34,Anivia,18,2.7029541446208114,6.063071148405429,374.8614823501214,570.2615594827301,0.1762996928877015,22.38888888888889,9.333333333333334,2.0,15
overall,MIXED,16.2,BOTTOM,22,Ashe,18,3.9167768959435634,6.557365965590891,421.9167211746103,776.4792930701872,0.25569296182188944,23.333333333333332,7.777777777777778,3.0555555555555554,15
overall,MIXED,16.9,BOTTOM,22,Ashe,18,2.2880443630443628,5.907284108709514,386.6492980703049,536.8439524041462,0.179577901967646,21.38888888888889,8.055555555555555,2.888888888888889,15
overall,MIXED,16.3,JUNGLE,233,Briar,18,2.6719516594516595,6.183282037318501,431.35784469650713,684.9498123407094,0.20748879115168864,27.38888888888889,6.0,3.9444444444444446,15
overall,MIXED,16.17,TOP,31,Chogath,18,2.526948051948052,6.122117454269064,383.2612066791889,756.9972253097475,0.22979160457912975,22.11111111111111,9.11111111111111,1.0555555555555556,15
overall,MIXED,16.14,MIDDLE,131,Diana,18,1.8329124579124578,5.225930683429374,388.7126067659967,681.9506677737064,0.24362050044068603,23.27777777777778,9.944444444444445,1.9444444444444444,15
overall,MIXED,16.2,JUNGLE,131,Diana,18,5.378358986692319,6.550755360133428,440.23004420078865,702.1903738938665,0.19905350641481248,40.94444444444444,8.555555555555555,6.0,15
overall,MIXED,16.13,TOP,36,DrMundo,18,3.037037037037037,6.739258041850533,386.0099097586503,828.7502598306902,0.25800761731564587,20.88888888888889,8.777777777777779,1.1666666666666667,15
overall,MIXED,16.6,BOTTOM,81,Ezreal,18,4.326719576719577,6.583829727108297,411.6288513171104,743.7906966375581,0.23720151809091192,11.666666666666666,6.277777777777778,1.1111111111111112,15
overall,MIXED,16.12,MIDDLE,910,Hwei,18,3.7523809523809524,6.7098362042075745,349.26804331090483,607.7580762078904,0.2017489064977329,15.0,6.611111111111111,1.3888888888888888,15
overall,MIXED,16.11,BOTTOM,202,Jhin,18,2.7433662016995353,5.2063162788677415,425.94836893456136,504.0933880524519,0.18881243278521906,12.833333333333334,6.0,1.2777777777777777,15
overall,MIXED,16.18,BOTTOM,202,Jhin,18,4.49702380952381,6.762469942496285,441.8980771967543,641.3437428061027,0.20548070015999353,14.666666666666666,7.222222222222222,1.5,15
overall,MIXED,15.2,BOTTOM,222,Jinx,18,4.0261158594491935,5.661322663849256,381.3099680677865,624.9466976707271,0.1794228148376539,15.11111111111111,7.388888888888889,2.0555555555555554,15
overall,MIXED,16.16,JUNGLE,141,Kayn,18,2.8305199430199424,5.979834856172359,397.5133783978097,630.6482472904356,0.18779621957260964,24.38888888888889,6.777777777777778,2.4444444444444446,15
overall,MIXED,16.16,MIDDLE,805,Locke,18,3.057804232804232,5.852117564662443,396.27992436074004,729.6847382958192,0.23261764900987986,23.77777777777778,10.166666666666666,2.2222222222222223,15
overall,MIXED,16.11,UTILITY,99,Lux,18,3.4630491422158087,1.9197375512105053,326.59291899131006,705.8248460867013,0.19904609251757302,79.66666666666667,27.555555555555557,9.11111111111111,15
overall,MIXED,16.10,BOTTOM,21,MissFortune,18,4.792887667887668,6.516989926564568,435.7432300272568,643.8129480974873,0.22272034973767996,14.666666666666666,7.777777777777778,1.6666666666666667,15
overall,MIXED,16.12,BOTTOM,21,MissFortune,18,3.373115927282594,6.140653827486187,422.49557044702,526.638125495724,0.20360145109853633,10.777777777777779,5.333333333333333,0.8888888888888888,15
overall,MIXED,16.13,JUNGLE,62,MonkeyKing,18,2.77473544973545,6.0126038549901,391.84645538563717,526.8370523203122,0.1666610875478271,30.0,6.277777777777778,5.0,15
overall,MIXED,15.20,TOP,82,Mordekaiser,18,2.3182720057720054,5.786626134918816,356.08696269150903,642.7681938268017,0.2563973876105532,16.22222222222222,8.61111111111111,1.3333333333333333,15
overall,MIXED,16.14,MIDDLE,950,Naafiri,18,2.774791566458233,5.663707855805094,384.5932387451356,690.9451498566166,0.2716615463381912,26.5,9.666666666666666,2.7222222222222223,15
overall,MIXED,15.13,UTILITY,111,Nautilus,18,4.18015873015873,0.8980875752044759,268.26013690722243,291.6480912502691,0.09819236766794236,68.27777777777777,29.11111111111111,7.888888888888889,15
overall,MIXED,16.10,JUNGLE,56,Nocturne,18,3.4591690716690717,6.240059037837891,397.97502714138665,584.2337282854496,0.17389312737657123,29.88888888888889,6.222222222222222,4.444444444444445,15
overall,MIXED,16.11,JUNGLE,56,Nocturne,18,3.955920314253648,5.642867530354064,424.57733219433305,529.8486336353013,0.16394410385193717,23.11111111111111,5.0,3.5,15
overall,MIXED,16.16,UTILITY,80,Pantheon,18,2.0905374944590633,1.130761240698244,315.4203300184847,553.8136296002023,0.17031498249728205,78.83333333333333,32.111111111111114,7.666666666666667,15
overall,MIXED,16.17,UTILITY,555,Pyke,18,1.7490179573512907,0.8301437533663706,305.19639872395373,329.4836728341122,0.10265174135340932,68.22222222222223,23.5,8.11111111111111,15
overall,MIXED,16.18,UTILITY,497,Rakan,18,3.096560846560846,1.1046841672706256,269.3575384614113,211.71297187929386,0.08435039697366296,55.833333333333336,21.055555555555557,6.833333333333333,15
overall,MIXED,16.17,TOP,14,Sion,18,3.9752645502645496,6.564162389778016,365.99746933452957,613.1467789927517,0.2063411412203049,17.38888888888889,6.666666666666667,1.0,15
overall,MIXED,15.10,BOTTOM,901,Smolder,18,4.418512506012506,6.960834318710525,390.0253787117625,859.9800157721934,0.2787170607556847,16.38888888888889,8.444444444444445,2.611111111111111,15
overall,MIXED,16.15,MIDDLE,134,Syndra,18,2.847582355915689,5.7533428431018265,391.8705892497051,729.8895456374424,0.20475489928321045,18.944444444444443,8.5,1.1666666666666667,15
overall,MIXED,16.13,JUNGLE,106,Volibear,18,1.972663139329806,5.319197576463838,397.2656288498901,473.51994268314724,0.1537839553855625,16.72222222222222,4.722222222222222,2.111111111111111,15
overall,MIXED,15.11,MIDDLE,103,Ahri,17,4.248459383753501,5.950595426872991,346.2886539586102,644.2521224337697,0.21343762926878254,22.823529411764707,9.470588235294118,3.176470588235294,15
overall,MIXED,15.8,MIDDLE,103,Ahri,17,2.4906862745098035,5.455753664037085,324.6162102272683,503.14540608337603,0.22896882802499416,18.352941176470587,9.647058823529411,1.3529411764705883,15
overall,MIXED,16.15,UTILITY,12,Alistar,17,2.6691176470588234,0.7728236092863173,269.81391146651123,268.46682622511594,0.08779629112677713,67.58823529411765,26.529411764705884,5.823529411764706,15
overall,MIXED,16.18,TOP,799,Ambessa,17,3.1552711993888467,6.164541367985535,344.28097106689097,599.0784494017477,0.20006655652289385,19.529411764705884,7.529411764705882,1.1764705882352942,15
overall,MIXED,16.16,JUNGLE,32,Amumu,17,3.098202614379085,5.829682488378083,396.16437928036817,622.8469307880094,0.18186136409084483,24.294117647058822,7.0,2.0588235294117645,15
overall,MIXED,16.14,BOTTOM,523,Aphelios,17,1.741779135896783,5.8198979771311175,432.3796967294355,644.3048365891149,0.22316832639261766,11.823529411764707,6.411764705882353,1.0588235294117647,15
overall,MIXED,15.18,BOTTOM,22,Ashe,17,5.4332166199813265,6.016069973988662,382.88026065647114,668.7555415535853,0.22239704240005845,16.88235294117647,7.764705882352941,1.588235294117647,15
overall,MIXED,15.23,BOTTOM,22,Ashe,17,2.7739796151560854,5.783518063169112,358.11281223690526,628.0044362450778,0.18465262618451153,20.823529411764707,7.411764705882353,3.4705882352941178,15
overall,MIXED,16.13,MIDDLE,893,Aurora,17,1.5061497326203208,5.777213442512653,337.60319455054514,540.5811901156225,0.2059201046796804,25.41176470588235,11.352941176470589,2.235294117647059,15
overall,MIXED,15.22,BOTTOM,51,Caitlyn,17,2.8256238859180036,6.853670629365476,407.37057815949,675.8227322611173,0.22755120424383574,16.41176470588235,8.647058823529411,2.4705882352941178,15
overall,MIXED,15.8,BOTTOM,51,Caitlyn,17,2.7492530345471526,6.475924852016488,395.69156299432643,628.0560024542383,0.21848378610705244,14.882352941176471,7.352941176470588,2.588235294117647,15
overall,MIXED,16.3,BOTTOM,51,Caitlyn,17,3.595261437908497,6.549754726789568,408.6769300416822,577.4252652133443,0.17902215888631326,15.0,6.9411764705882355,1.7058823529411764,15
overall,MIXED,16.14,MIDDLE,3,Galio,17,4.07156862745098,6.048147263270813,341.97864759578044,514.7143823656872,0.21115002567067503,20.41176470588235,9.176470588235293,1.7647058823529411,15
overall,MIXED,15.19,MIDDLE,910,Hwei,17,3.0485527544351076,6.623160923115192,348.9481341189478,674.9455871930045,0.2425234677141935,24.235294117647058,10.764705882352942,3.3529411764705883,15
overall,MIXED,16.13,TOP,420,Illaoi,17,2.624953314659197,6.700848445009096,393.1378288445253,928.9452532334545,0.2856174484263004,22.41176470588235,8.941176470588236,0.6470588235294118,15
overall,MIXED,16.16,TOP,420,Illaoi,17,1.6404761904761904,7.434409333144894,410.31614119805937,875.6406638740895,0.28691614275628213,21.0,8.117647058823529,0.5882352941176471,15
overall,MIXED,16.17,TOP,39,Irelia,17,3.0789700495582846,7.989354110620214,424.93569345756487,702.6864167972972,0.22028917904041578,26.176470588235293,9.117647058823529,1.8235294117647058,15
overall,MIXED,16.1,BOTTOM,222,Jinx,17,4.539402427637721,6.6766510981984455,421.0714827229133,609.6645829122546,0.20053587496592337,16.88235294117647,8.058823529411764,2.235294117647059,15
overall,MIXED,16.17,TOP,897,KSante,17,1.9103641456582636,6.020982195527998,351.3779138484712,674.575254975056,0.2338856552191004,20.176470588235293,7.882352941176471,0.9411764705882353,15
overall,MIXED,16.13,JUNGLE,141,Kayn,17,1.9546918767507,5.646932991842211,374.26204849903695,510.7030188068705,0.16513279783369564,25.647058823529413,7.529411764705882,2.7058823529411766,15
overall,MIXED,16.17,MIDDLE,7,Leblanc,17,2.5164162634750875,5.167074484603266,333.6423753921688,503.29369865308473,0.17511053766875032,14.235294117647058,7.0588235294117645,0.6470588235294118,15
overall,MIXED,16.15,JUNGLE,64,LeeSin,17,4.719070961718021,5.6804389132805895,384.6466163952101,477.14471730840756,0.1551538992674068,30.41176470588235,11.764705882352942,2.5294117647058822,15
overall,MIXED,16.5,UTILITY,89,Leona,17,2.195985060690943,0.8825700198102114,283.5723893823541,280.588469127987,0.10449731738517279,51.470588235294116,19.176470588235293,4.647058823529412,15
overall,MIXED,16.17,UTILITY,117,Lulu,17,3.9391456582633055,0.8161916786472021,277.06829387543604,179.44268234052169,0.0693924623485584,68.3529411764706,25.0,7.235294117647059,15
overall,MIXED,15.24,UTILITY,99,Lux,17,2.958403361344538,1.5645517053847846,278.6915663074403,569.4465824362181,0.20875502263269965,56.1764705882353,24.58823529411765,7.0,15
overall,MIXED,16.17,BOTTOM,800,Mel,17,2.2326797385620916,6.702720048455051,413.4202633581079,754.1959153934971,0.23297941076384296,19.11764705882353,8.705882352941176,1.6470588235294117,15
overall,MIXED,15.17,BOTTOM,21,MissFortune,17,4.875356506238859,6.104631554346567,410.9921028204453,792.9695956657,0.23579513551770384,17.764705882352942,9.823529411764707,2.3529411764705883,15
overall,MIXED,16.5,BOTTOM,21,MissFortune,17,2.4781979458450047,7.031148190179625,450.73972533533856,734.129324329669,0.23835951286609067,15.705882352941176,7.176470588235294,2.5294117647058822,15
overall,MIXED,16.8,BOTTOM,21,MissFortune,17,3.3962821492233264,6.277015791833628,412.7805033159465,556.9536674493977,0.1933233396423856,15.470588235294118,7.647058823529412,1.4705882352941178,15
overall,MIXED,14.20,TOP,82,Mordekaiser,17,1.9671568627450982,5.371283683599465,341.6951982719798,689.3013566871157,0.25912350864178796,15.823529411764707,7.9411764705882355,0.8823529411764706,15
overall,MIXED,16.11,TOP,82,Mordekaiser,17,2.2891711229946528,6.106518435460506,357.1745292937323,683.8338109137392,0.2229998449435311,24.352941176470587,8.352941176470589,1.6470588235294117,15
overall,MIXED,15.19,UTILITY,111,Nautilus,17,2.3887254901960784,0.9433761978441931,247.45719312126172,230.78598437560765,0.09144825068217154,55.470588235294116,24.941176470588236,6.176470588235294,15
overall,MIXED,16.1,UTILITY,111,Nautilus,17,4.3725256769374425,0.8851173008833089,290.29723635354844,326.25646674497057,0.11302543258355603,67.6470588235294,25.941176470588236,5.647058823529412,15
overall,MIXED,16.15,UTILITY,518,Neeko,17,3.6423987776928954,1.4497214672835856,313.1498003896303,643.1269633545774,0.15913869151866505,64.3529411764706,23.941176470588236,5.470588235294118,15
overall,MIXED,16.9,JUNGLE,56,Nocturne,17,5.995424836601307,6.147797969753371,413.3637103684914,596.5527306880042,0.17254728481442838,31.529411764705884,9.0,2.9411764705882355,15
overall,MIXED,16.15,TOP,516,Ornn,17,3.069112260288731,5.440780671585371,343.62581899647984,545.3355490788067,0.17777645470756856,21.176470588235293,8.176470588235293,1.0588235294117647,15
overall,MIXED,16.13,TOP,58,Renekton,17,3.893464052287582,5.953020296445611,408.6160617901029,853.9024667502263,0.2437632462263543,21.235294117647058,8.058823529411764,1.1764705882352942,15
overall,MIXED,15.24,TOP,875,Sett,17,2.11167672197084,5.719219504352288,368.59735431802386,824.9456976874256,0.2717695546991211,15.705882352941176,8.529411764705882,1.3529411764705883,15
overall,MIXED,16.14,TOP,14,Sion,17,4.069467787114847,6.704795801706253,378.9673304779693,679.7174132012487,0.20914748861947277,22.0,8.411764705882353,1.1764705882352942,15
overall,MIXED,16.15,TOP,14,Sion,17,3.7050420168067224,5.662400944987958,384.3309350254323,655.5328095970972,0.23769346028363825,17.58823529411765,7.235294117647059,0.8235294117647058,15
overall,MIXED,15.17,BOTTOM,15,Sivir,17,4.237254901960784,7.168638718228448,412.4397192571066,871.196339113495,0.2649243971590754,21.470588235294116,10.764705882352942,3.0588235294117645,15
overall,MIXED,16.16,UTILITY,50,Swain,17,3.124539512774807,1.4815636845457743,303.59638261985003,510.99011390690185,0.15487093822134368,72.76470588235294,27.58823529411765,7.470588235294118,15
overall,MIXED,16.17,JUNGLE,91,Talon,17,3.59428316781258,6.97362072500815,403.9454310273801,468.2372083619772,0.16434354140806054,30.11764705882353,6.823529411764706,4.764705882352941,15
overall,MIXED,16.14,BOTTOM,110,Varus,17,3.4608776844070968,6.6441666367549,447.02330182454415,812.4529387398554,0.22933797616306406,23.941176470588236,9.647058823529411,3.2941176470588234,15
overall,MIXED,14.19,MIDDLE,711,Vex,17,2.9799253034547153,5.391824207314863,305.4853985883421,556.948682521398,0.20276756171464327,26.176470588235293,10.294117647058824,2.3529411764705883,15
overall,MIXED,16.12,JUNGLE,254,Vi,17,4.268775995246584,5.703013880213548,375.16333925672325,437.58704950361926,0.14531085353911258,32.0,6.705882352941177,5.294117647058823,15
overall,MIXED,15.20,JUNGLE,234,Viego,17,4.7258169934640515,6.298596016207976,399.77844548266194,520.216830287284,0.19171256556825678,24.470588235294116,5.588235294117647,4.117647058823529,15
overall,MIXED,16.13,MIDDLE,101,Xerath,17,4.507703081232493,5.83386627431348,379.0407426820075,896.7661036275272,0.2671773213991208,21.58823529411765,10.058823529411764,1.1764705882352942,15
overall,MIXED,16.14,MIDDLE,101,Xerath,17,5.191316526610644,6.167546476525689,390.9214600098407,933.7183102642339,0.28715830463786607,20.647058823529413,9.411764705882353,1.3529411764705883,15
overall,MIXED,16.15,JUNGLE,5,XinZhao,17,3.5280812324929975,5.624295100429834,375.9705007793442,542.8499921176079,0.1496005210651956,30.294117647058822,6.823529411764706,4.235294117647059,15
overall,MIXED,16.13,MIDDLE,157,Yasuo,17,4.075926524455936,6.802259406112318,405.38784448705655,709.5037123955442,0.2505919990789239,15.941176470588236,7.0,1.1764705882352942,15
overall,MIXED,15.13,MIDDLE,777,Yone,17,2.1674390968508614,5.5384393611379545,348.26282001819334,508.6715278172687,0.159245747531704,14.411764705882353,7.411764705882353,1.2352941176470589,15
overall,MIXED,16.10,MIDDLE,777,Yone,17,3.5730392156862743,6.854712647840038,393.7318899672249,834.6457614681696,0.2443161652523579,22.058823529411764,8.882352941176471,1.8235294117647058,15
overall,MIXED,16.10,UTILITY,350,Yuumi,17,3.4385154061624648,0.32139180719186505,225.6931835021242,167.56838959378183,0.06665898768166033,23.470588235294116,10.764705882352942,0.5882352941176471,15
overall,MIXED,15.18,BOTTOM,221,Zeri,17,9.011834733893558,6.761102843963051,409.5346705303417,559.856651845902,0.18635874932582336,27.0,11.529411764705882,5.294117647058823,15
overall,MIXED,16.16,BOTTOM,115,Ziggs,17,3.27979797979798,6.496069334704464,401.4563418585586,791.8822324341281,0.22882872253189604,17.11764705882353,7.588235294117647,1.8823529411764706,15
overall,MIXED,15.24,TOP,266,Aatrox,16,2.3595779220779223,5.773346692696642,348.6691104482474,627.6583161630695,0.2116359993097969,17.8125,8.625,1.5,15
overall,MIXED,16.13,TOP,266,Aatrox,16,6.4038690476190485,6.9950964926024,416.8093195599892,860.2696863454715,0.26245743406350747,22.625,9.0,0.9375,15
overall,MIXED,16.14,TOP,266,Aatrox,16,3.4055059523809526,5.596448122233786,364.58825292644804,588.933692252528,0.17024791898562028,21.0,7.9375,0.5,15
overall,MIXED,16.13,UTILITY,53,Blitzcrank,16,4.332219516594517,0.9601547549578174,294.5479163602996,315.5841454174688,0.09984233057423808,67.625,26.6875,6.75,15
overall,MIXED,16.18,UTILITY,53,Blitzcrank,16,4.800843253968254,0.8409235553656924,273.85018408172056,278.8330476343451,0.09348073336465891,59.9375,23.6875,4.6875,15
overall,MIXED,16.6,JUNGLE,233,Briar,16,2.8044642857142854,6.463404393322209,432.0801011071714,679.3987476112106,0.21228701845891396,31.3125,8.8125,4.0,15
overall,MIXED,16.7,JUNGLE,233,Briar,16,4.575545634920635,6.350152125405784,442.5785359190808,564.1476138318973,0.17427545657813998,29.4375,8.1875,3.9375,15
overall,MIXED,16.15,JUNGLE,131,Diana,16,3.1485344516594522,6.323560366566522,382.0692224508911,534.6664006935437,0.16293121145265016,31.5625,8.75,3.5,15
overall,MIXED,15.24,TOP,86,Garen,16,2.3822916666666667,6.607533966257469,414.6676209934533,641.6597567910126,0.21561103748643726,14.875,7.75,1.75,15
overall,MIXED,16.16,JUNGLE,104,Graves,16,4.202820616883117,6.717857666444066,423.40384494819483,532.2759505433489,0.1741105336648763,31.5,6.0625,5.3125,15
overall,MIXED,15.17,BOTTOM,202,Jhin,16,4.435019841269842,5.546834699141453,378.9086988957133,555.6637357031899,0.19452359245497103,11.875,7.0625,1.1875,15
overall,MIXED,15.23,BOTTOM,202,Jhin,16,2.732977092352092,5.994779871816795,381.6230218580199,589.9911197512379,0.17748939549293108,12.6875,7.125,2.4375,15
overall,MIXED,16.10,BOTTOM,202,Jhin,16,3.520890741203241,6.429831199302979,397.06051113179115,584.833304133058,0.1890676005076619,13.3125,7.3125,0.75,15
overall,MIXED,15.10,BOTTOM,222,Jinx,16,3.855965909090909,6.234637608318373,364.0308633732088,503.1666518037917,0.1874522003356606,10.625,5.9375,1.5625,15
overall,MIXED,15.21,BOTTOM,222,Jinx,16,3.2680871212121216,6.4265644655290535,406.72506048942006,758.6747262744325,0.2278081836610317,12.9375,7.1875,2.0,15
overall,MIXED,15.3,BOTTOM,222,Jinx,16,2.9894209956709954,6.616809864525017,358.4813669960663,608.8537536764593,0.2031156617661212,12.6875,6.75,1.9375,15
overall,MIXED,16.14,TOP,897,KSante,16,3.9966021825396822,6.029550367974155,360.3083645844329,645.1358093477077,0.20936988443761764,28.4375,10.0625,1.4375,15
overall,MIXED,16.2,UTILITY,89,Leona,16,3.639493145743146,0.7316001919603811,277.1349905222002,292.17036340813047,0.07677637977859239,86.6875,32.25,6.75,15
overall,MIXED,16.6,UTILITY,89,Leona,16,4.5673024891774885,1.0115775830673175,294.6247548019821,318.3912160139973,0.09461984469643399,80.875,29.1875,10.0,15
overall,MIXED,16.9,UTILITY,89,Leona,16,2.2854777167277165,0.8975367660125493,264.76047431677506,290.97699581638733,0.10612845672761102,62.125,24.25,6.8125,15
overall,MIXED,15.17,UTILITY,99,Lux,16,5.126041666666667,1.2233739743197236,277.3964311449461,490.060390258538,0.15805076087414324,52.5,22.8125,6.375,15
overall,MIXED,16.17,JUNGLE,54,Malphite,16,5.303125,6.107390625672805,385.5502167849064,461.19051126712566,0.15612246187003043,29.0625,8.125,2.875,15
overall,MIXED,16.2,MIDDLE,90,Malzahar,16,3.4110412157287158,7.416597451887362,396.87296105497495,726.8262455482823,0.2160822392244767,29.625,12.8125,2.6875,15
overall,MIXED,16.17,UTILITY,57,Maokai,16,4.0794223137973145,1.004956849160295,288.16397453182765,383.9424201906226,0.12466118269556938,67.1875,25.0,5.5625,15
overall,MIXED,16.13,UTILITY,800,Mel,16,1.4439664502164502,1.631179714504579,341.75559907375657,442.74652264192923,0.1715052931975258,49.3125,17.9375,4.9375,15
overall,MIXED,16.13,MIDDLE,800,Mel,16,2.988417658730159,6.799756070782616,402.37953965657,763.162282548878,0.220184606326004,27.375,12.0625,2.1875,15
overall,MIXED,16.16,UTILITY,800,Mel,16,1.938493104118104,2.2188848755102275,312.65066529880886,495.9781754138978,0.17770284124761782,60.75,21.6875,5.625,15
overall,MIXED,15.16,BOTTOM,21,MissFortune,16,6.233292748917749,5.745798409364102,387.62852800963935,637.3426797982078,0.2247288453206409,15.0625,7.5,2.9375,15
overall,MIXED,16.18,JUNGLE,62,MonkeyKing,16,5.059747023809523,6.513197901537832,404.04783679618174,471.61299744760663,0.1494015458229956,33.375,7.9375,3.9375,15
overall,MIXED,16.18,TOP,75,Nasus,16,2.8089781746031743,5.598804521215474,377.02661489175784,675.4883385325309,0.1941559798313203,19.0625,7.875,1.125,15
overall,MIXED,16.18,JUNGLE,56,Nocturne,16,3.584469696969697,6.371225353154799,409.9210962622766,564.0770836870316,0.17885437818825037,25.1875,7.8125,2.375,15
overall,MIXED,16.13,UTILITY,80,Pantheon,16,2.416220238095238,1.3037748656528543,313.252744584767,529.6175106536148,0.1614466936182857,69.625,24.9375,7.75,15
overall,MIXED,16.11,TOP,58,Renekton,16,3.4175595238095244,6.030656513031957,370.4311549025216,634.1738920021913,0.24061704649595475,18.75,7.6875,1.0625,15
overall,MIXED,16.15,BOTTOM,360,Samira,16,3.9077944624819625,6.542702546316313,454.5956596894786,589.7459508381629,0.20469023529956584,12.4375,6.375,1.5,15
overall,MIXED,16.12,BOTTOM,235,Senna,16,6.442113095238095,5.640893583949947,420.8929087364618,777.4223534449277,0.22595428743450793,14.5625,6.5,1.6875,15
overall,MIXED,15.21,TOP,875,Sett,16,1.6777304292929291,5.153075522856133,340.1534226592208,589.4829521823015,0.2268148962746037,12.3125,5.875,0.6875,15
overall,MIXED,16.6,JUNGLE,102,Shyvana,16,4.929017857142858,6.82709748970297,426.81554517807734,615.1635695965875,0.17773296621125306,27.4375,8.0625,2.125,15
overall,MIXED,15.18,BOTTOM,15,Sivir,16,3.096006944444445,6.683466383369799,378.3381709267667,699.8905637434036,0.23575222283453173,17.1875,9.25,2.375,15
overall,MIXED,16.16,MIDDLE,134,Syndra,16,2.9285601551226557,6.16970251184213,374.8609010772176,843.7172702939944,0.25845089391956366,25.4375,11.3125,1.6875,15
overall,MIXED,16.16,TOP,17,Teemo,16,3.487590187590188,7.165895803185155,408.0923599315342,986.1176954164624,0.2619018028611956,35.4375,12.125,3.3125,15
overall,MIXED,16.17,TOP,6,Urgot,16,3.2139880952380953,6.250836397744447,389.7298819013616,724.4612356995668,0.22639452572010713,22.5,8.5,1.125,15
overall,MIXED,16.13,UTILITY,161,Velkoz,16,3.5997247544122546,1.489851751629717,308.9022660834595,708.3109283107698,0.20320388865539268,68.625,25.8125,5.8125,15
overall,MIXED,16.15,UTILITY,161,Velkoz,16,2.938241966366966,1.529824712406644,318.98814863849174,758.6187003626532,0.2301530579650778,63.6875,24.5,5.25,15
overall,MIXED,15.17,JUNGLE,234,Viego,16,2.1623241341991344,4.7886995936384755,364.67855543642975,438.4521996132961,0.16652353180050886,20.0625,5.9375,3.5,15
overall,MIXED,15.19,JUNGLE,106,Volibear,16,5.2564980158730155,6.001108940913296,390.56494966048723,497.8615773047963,0.178172863010447,22.4375,5.625,3.9375,15
overall,MIXED,16.13,JUNGLE,19,Warwick,16,4.486129148629149,5.683870492207872,411.07431657342295,628.6110232411776,0.19018474256996692,24.6875,6.3125,3.125,15
overall,MIXED,16.10,JUNGLE,5,XinZhao,16,4.111607142857142,5.309680236403776,379.378645259654,434.97994025501123,0.1522966258772945,23.9375,5.5,3.625,15
overall,MIXED,15.18,MIDDLE,777,Yone,16,2.6297483766233762,6.632025139348255,379.5225736346193,656.6313696431663,0.2309682562010132,15.0625,7.625,1.4375,15
overall,MIXED,16.14,UTILITY,143,Zyra,16,3.0528950216450217,1.7469262913995611,327.07829562755535,687.7322439667657,0.21676403262786675,75.625,25.375,7.5,15
overall,MIXED,16.17,UTILITY,143,Zyra,16,4.407589285714286,1.5184869448122567,316.750137997123,655.546030254452,0.20016870354810998,63.125,23.625,6.0,15
overall,MIXED,15.19,MIDDLE,103,Ahri,15,4.437763347763347,6.096579044603685,346.5553248947083,589.1374687902114,0.2053768766451233,26.733333333333334,11.133333333333333,3.2,15
overall,MIXED,15.7,MIDDLE,103,Ahri,15,3.7850000000000006,6.312264608104903,369.3695931930039,690.9170659690662,0.22235655789623396,25.4,9.466666666666667,3.6,15
overall,MIXED,16.1,MIDDLE,103,Ahri,15,2.6733333333333333,6.049044274674881,348.8519444475865,570.8438127602572,0.22395955120900463,19.733333333333334,8.866666666666667,1.2666666666666666,15
overall,MIXED,16.6,MIDDLE,103,Ahri,15,3.3759259259259258,6.286833977242689,355.1599124540667,652.7497995800334,0.2032033179614504,27.066666666666666,12.0,2.1333333333333333,15
overall,MIXED,16.17,JUNGLE,32,Amumu,15,6.2293894993895,6.187366239432185,407.26300112991817,613.9772429727753,0.1610483569531488,25.466666666666665,6.733333333333333,3.2,15
overall,MIXED,16.13,BOTTOM,523,Aphelios,15,2.4263186813186817,6.8440366083403426,453.1831787782237,752.7524852909119,0.23128573023495233,16.066666666666666,7.066666666666666,2.3333333333333335,15
overall,MIXED,16.17,JUNGLE,200,Belveth,15,4.075079365079365,6.761637122484479,434.92265440429946,504.91789055001277,0.16447731321058703,21.2,5.4,2.4,15
overall,MIXED,16.8,JUNGLE,233,Briar,15,4.15968253968254,6.754177370688881,438.2614722625393,604.1760536104765,0.1996351889072064,24.866666666666667,7.066666666666666,2.3333333333333335,15
overall,MIXED,15.13,BOTTOM,51,Caitlyn,15,2.993102453102453,6.059757973613045,383.47695517209894,577.2172702192796,0.2601559401339131,14.866666666666667,7.133333333333334,2.8666666666666667,15
overall,MIXED,16.2,BOTTOM,51,Caitlyn,15,4.0790476190476195,6.837058196526202,442.3930459168085,687.6530094798181,0.2300985863457291,16.4,6.866666666666666,2.1333333333333333,15
overall,MIXED,16.9,BOTTOM,51,Caitlyn,15,2.7057142857142855,6.959151601787926,420.93649914490004,654.2300308412414,0.19634438473853805,20.333333333333332,8.666666666666666,2.7333333333333334,15
overall,MIXED,16.5,TOP,86,Garen,15,1.6588888888888889,6.342071777953985,392.37126358515906,596.8692582998284,0.19149059507733363,23.933333333333334,9.266666666666667,1.8666666666666667,15
overall,MIXED,16.14,JUNGLE,104,Graves,15,2.3455433455433456,6.634604331681449,399.46808735778365,509.6899076987256,0.1542362098108954,30.333333333333332,9.933333333333334,2.933333333333333,15
overall,MIXED,16.13,TOP,39,Irelia,15,2.250553150553151,7.74261736472205,491.9105502768554,954.7018265940083,0.2768774739796385,31.133333333333333,10.733333333333333,1.9333333333333333,15
overall,MIXED,16.15,JUNGLE,59,JarvanIV,15,5.472380952380954,6.682533657646439,429.50443422283416,557.7589149472773,0.17396892755684723,31.2,8.2,4.066666666666666,15
overall,MIXED,16.15,TOP,24,Jax,15,3.119312169312169,5.973547097210419,386.2255389256994,717.3292133629661,0.23642523996071133,21.866666666666667,8.733333333333333,1.2666666666666666,15
overall,MIXED,16.16,TOP,24,Jax,15,2.4011904761904765,6.135316646850328,410.0212741858994,747.8602498275305,0.24169048957233052,19.866666666666667,8.733333333333333,0.6,15
overall,MIXED,16.2,BOTTOM,222,Jinx,15,3.106058201058201,6.496657783272184,420.25235302119637,662.6499237694168,0.2042630333978098,18.666666666666668,7.733333333333333,2.7333333333333334,15
overall,MIXED,16.13,TOP,897,KSante,15,3.2229629629629626,6.193032985384935,356.1341078370463,593.3418976799323,0.17753865968379676,27.0,10.066666666666666,1.2666666666666666,15
overall,MIXED,15.19,BOTTOM,145,Kaisa,15,4.645238095238096,6.889504091499716,394.42976193018546,614.3269913571497,0.20475275033001725,18.8,8.933333333333334,3.066666666666667,15
overall,MIXED,16.16,JUNGLE,64,LeeSin,15,3.9769552669552666,5.692705242287243,391.26894063487623,539.6251360899699,0.16465590249800696,31.666666666666668,13.266666666666667,2.4,15
overall,MIXED,16.8,UTILITY,89,Leona,15,4.5322751322751325,1.0283846164885981,277.677123505884,281.6666991677808,0.09268194119019736,72.2,27.0,7.266666666666667,15
overall,MIXED,16.16,BOTTOM,236,Lucian,15,5.099100529100529,7.095363688697126,416.2073469174574,745.7974683950346,0.23210763534791778,15.666666666666666,7.333333333333333,1.9333333333333333,15
overall,MIXED,16.14,JUNGLE,54,Malphite,15,3.3475132275132276,5.939883941611824,379.0331538611166,465.4385740472595,0.12778527833727715,33.4,9.2,3.6666666666666665,15
overall,MIXED,15.18,JUNGLE,11,MasterYi,15,5.737037037037038,5.9691775303205725,441.2570679441828,827.0998508108136,0.2624270514200419,33.06666666666667,8.333333333333334,5.2,15
overall,MIXED,15.19,MIDDLE,800,Mel,15,3.9863924963924964,7.00989772755214,404.50496637568415,773.183598594892,0.2677048238618253,16.933333333333334,9.666666666666666,1.7333333333333334,15
overall,MIXED,16.16,MIDDLE,800,Mel,15,2.572563732563732,6.762307671026951,380.73649281096624,751.513464521429,0.24735612417577418,25.866666666666667,11.266666666666667,2.1333333333333333,15
overall,MIXED,15.16,TOP,82,Mordekaiser,15,3.3940259740259737,5.107057136760119,346.8220608789485,753.0612531631355,0.2619672613868695,17.4,8.133333333333333,1.4,15
overall,MIXED,16.1,TOP,82,Mordekaiser,15,3.2375396825396825,6.1124937205199315,395.06667945362364,864.2176688860461,0.2607196943000226,28.533333333333335,10.266666666666667,2.466666666666667,15
overall,MIXED,16.4,TOP,82,Mordekaiser,15,3.8655555555555554,5.629662363163525,365.0520409892798,798.736307463727,0.2201597282810978,27.0,9.466666666666667,1.5333333333333334,15
overall,MIXED,15.13,UTILITY,25,Morgana,15,5.997777777777778,1.1788742188982733,293.71256828286226,540.4302394685114,0.18864510436970425,60.8,28.666666666666668,7.266666666666667,15
overall,MIXED,15.24,MIDDLE,950,Naafiri,15,3.649708994708995,6.247941582727454,384.3177695300741,695.1126873393193,0.23114912423853343,15.8,7.666666666666667,1.9333333333333333,15
overall,MIXED,16.17,TOP,2,Olaf,15,3.0684415584415583,6.5009286945901765,407.4444293163229,929.1646230585917,0.2724722436503992,29.866666666666667,10.266666666666667,1.8666666666666667,15
overall,MIXED,16.18,UTILITY,80,Pantheon,15,2.4480687830687833,1.037842947730617,321.1587516908377,615.30637138845,0.18596847789093152,66.13333333333334,24.733333333333334,5.466666666666667,15
overall,MIXED,16.17,JUNGLE,246,Qiyana,15,1.9917219817219816,6.402241741590424,409.0509686741043,568.95404128075,0.17790191002374114,33.733333333333334,7.266666666666667,4.533333333333333,15
overall,MIXED,15.19,UTILITY,526,Rell,15,3.535382395382395,0.9205392301204973,246.5021471137633,198.65503706350165,0.08007372931824432,62.666666666666664,28.8,6.666666666666667,15
overall,MIXED,15.24,UTILITY,526,Rell,15,2.7,0.8294307306200218,265.73328620675886,283.4101870203767,0.15928911351202535,64.0,28.533333333333335,6.866666666666666,15
overall,MIXED,15.19,UTILITY,147,Seraphine,15,3.8382967032967037,1.261832586600653,269.8628016961503,386.43432204617187,0.13261283257117654,62.13333333333333,29.533333333333335,6.333333333333333,15
overall,MIXED,16.13,TOP,875,Sett,15,1.5010060201236672,6.270535424861821,383.5947599446368,752.8345747952492,0.22708777562154484,23.066666666666666,8.666666666666666,1.0666666666666667,15
overall,MIXED,16.12,JUNGLE,102,Shyvana,15,4.703333333333332,6.086415550373804,440.22542503378753,673.2133378008214,0.18272352801995653,25.533333333333335,7.2,3.1333333333333333,15
overall,MIXED,15.13,BOTTOM,15,Sivir,15,3.7273809523809525,7.39418619017246,399.1916722427477,672.1444683784883,0.22306684293949075,15.466666666666667,7.933333333333334,2.8,15
overall,MIXED,16.14,UTILITY,50,Swain,15,2.8026455026455026,1.7627840253577625,324.27476891187257,535.2788353527092,0.21736273679914772,60.666666666666664,19.933333333333334,6.733333333333333,15
overall,MIXED,16.15,UTILITY,50,Swain,15,2.091409331409331,1.3824754144368463,295.86919647383456,438.38912319974406,0.16635212202394697,52.2,20.4,4.866666666666666,15
overall,MIXED,16.14,UTILITY,223,TahmKench,15,1.91,0.7152147361970774,303.71278437362463,384.39709387508077,0.20548604850349003,59.93333333333333,23.2,5.6,15
overall,MIXED,15.17,UTILITY,412,Thresh,15,4.419391534391535,0.9187703822063046,270.77891411269576,307.07100713782773,0.10017248788000985,64.8,27.933333333333334,6.6,15
overall,MIXED,16.18,UTILITY,412,Thresh,15,4.924314574314574,0.9876331950519476,299.7400688011288,295.11802228476165,0.10501746639866087,49.06666666666667,18.2,5.133333333333334,15
overall,MIXED,16.18,BOTTOM,18,Tristana,15,2.859285714285714,6.152646858299876,420.8993246563651,669.58597382026,0.20665463757543076,17.8,8.0,2.066666666666667,15
overall,MIXED,16.17,BOTTOM,498,Xayah,15,4.116613756613757,6.898667478738495,450.18564444416216,754.0058086211421,0.21516907036411473,18.666666666666668,8.533333333333333,2.8,15
overall,MIXED,16.13,UTILITY,101,Xerath,15,4.367895622895622,1.4887758947332845,322.4637621508016,761.5506532616726,0.21383068142345515,58.4,24.066666666666666,4.466666666666667,15
overall,MIXED,16.11,MIDDLE,777,Yone,15,2.4386080586080587,6.754795821508513,392.3318304740613,832.9249457919358,0.2742068807284865,18.933333333333334,7.866666666666666,1.4666666666666666,15
overall,MIXED,16.3,TOP,83,Yorick,15,2.4743386243386243,6.926785307209776,370.87341572171385,675.3814932223012,0.22531905872571967,30.466666666666665,10.666666666666666,1.1333333333333333,15
overall,MIXED,16.8,BOTTOM,804,Yunara,15,3.1296825396825403,6.442863546550968,437.43172457784254,639.1074805960628,0.21711354901182292,12.666666666666666,6.533333333333333,1.7333333333333334,15
