scope,observed_tier,patch,role,rune_kind,rune_id,rune_name,games,wins,losses,win_rate,pick_rate,pick_rate_denominator,min_games_applied
overall,MIXED,16.17,ALL,shard,5008,UNKNOWN(5008),4334,2164,2170,0.4993077988001846,0.859920634920635,5040,15
overall,MIXED,16.17,ALL,shard,5001,UNKNOWN(5001),3826,1921,1905,0.5020909566126502,0.7591269841269841,5040,15
overall,MIXED,16.15,ALL,shard,5008,UNKNOWN(5008),3629,1814,1815,0.49986222099752,0.8786924939467312,4130,15
overall,MIXED,16.15,ALL,shard,5001,UNKNOWN(5001),3169,1583,1586,0.49952666456295364,0.7673123486682809,4130,15
overall,MIXED,16.14,ALL,shard,5008,UNKNOWN(5008),3080,1539,1541,0.49967532467532466,0.8850574712643678,3480,15
overall,MIXED,16.13,ALL,shard,5008,UNKNOWN(5008),2921,1457,1464,0.4988017802122561,0.8878419452887538,3290,15
overall,MIXED,16.16,ALL,shard,5008,UNKNOWN(5008),2913,1448,1465,0.49708204600068656,0.8747747747747747,3330,15
overall,MIXED,16.14,ALL,shard,5001,UNKNOWN(5001),2646,1342,1304,0.5071806500377929,0.7603448275862069,3480,15
overall,MIXED,16.13,ALL,shard,5001,UNKNOWN(5001),2572,1279,1293,0.4972783825816485,0.7817629179331307,3290,15
overall,MIXED,16.17,ALL,shard,5005,UNKNOWN(5005),2571,1266,1305,0.49241540256709454,0.5101190476190476,5040,15
overall,MIXED,16.16,ALL,shard,5001,UNKNOWN(5001),2498,1243,1255,0.4975980784627702,0.7501501501501502,3330,15
overall,MIXED,16.15,ALL,shard,5005,UNKNOWN(5005),2039,1001,1038,0.49092692496321727,0.4937046004842615,4130,15
overall,MIXED,16.17,ALL,rune,9111,凱旋,1708,859,849,0.502927400468384,0.3388888888888889,5040,15
overall,MIXED,16.14,ALL,shard,5005,UNKNOWN(5005),1683,827,856,0.49138443256090314,0.4836206896551724,3480,15
overall,MIXED,16.16,ALL,shard,5005,UNKNOWN(5005),1646,829,817,0.5036452004860267,0.4942942942942943,3330,15
overall,MIXED,16.13,ALL,shard,5005,UNKNOWN(5005),1492,737,755,0.49396782841823056,0.4534954407294833,3290,15
overall,MIXED,15.24,ALL,shard,5008,UNKNOWN(5008),1476,748,728,0.5067750677506775,0.8631578947368421,1710,15
overall,MIXED,16.18,ALL,shard,5008,UNKNOWN(5008),1450,715,735,0.49310344827586206,0.8630952380952381,1680,15
overall,MIXED,15.24,ALL,shard,5001,UNKNOWN(5001),1372,685,687,0.49927113702623904,0.8023391812865497,1710,15
overall,MIXED,16.15,ALL,rune,9111,凱旋,1349,690,659,0.5114899925871016,0.32663438256658595,4130,15
overall,MIXED,16.17,ALL,rune,9104,レジェンド: 迅速,1301,646,655,0.4965411222136818,0.25813492063492066,5040,15
overall,MIXED,16.18,ALL,shard,5001,UNKNOWN(5001),1272,649,623,0.5102201257861635,0.7571428571428571,1680,15
overall,MIXED,16.17,ALL,shard,5011,UNKNOWN(5011),1180,581,599,0.4923728813559322,0.23412698412698413,5040,15
overall,MIXED,16.17,ALL,rune,8226,マナフローバンド,1176,580,596,0.4931972789115646,0.23333333333333334,5040,15
overall,MIXED,16.14,ALL,rune,9111,凱旋,1175,606,569,0.5157446808510638,0.33764367816091956,3480,15
overall,MIXED,16.17,ALL,rune,8299,背水の陣,1154,577,577,0.5,0.22896825396825396,5040,15
overall,MIXED,16.16,ALL,rune,9111,凱旋,1145,563,582,0.49170305676855897,0.34384384384384387,3330,15
overall,MIXED,16.17,ALL,rune,8210,至高,1140,563,577,0.493859649122807,0.2261904761904762,5040,15
overall,MIXED,16.15,ALL,rune,8226,マナフローバンド,1132,571,561,0.5044169611307421,0.27409200968523,4130,15
overall,MIXED,16.17,ALL,rune,8347,宇宙の英知,1113,548,565,0.49236298292902064,0.22083333333333333,5040,15
overall,MIXED,16.13,ALL,rune,9111,凱旋,1112,553,559,0.4973021582733813,0.33799392097264436,3290,15
overall,MIXED,16.15,ALL,rune,9104,レジェンド: 迅速,1104,551,553,0.4990942028985507,0.26731234866828085,4130,15
overall,MIXED,16.15,ALL,rune,8210,至高,1042,516,526,0.4952015355086372,0.2523002421307506,4130,15
overall,MIXED,16.11,ALL,shard,5008,UNKNOWN(5008),1036,513,523,0.4951737451737452,0.8779661016949153,1180,15
overall,MIXED,16.10,ALL,shard,5008,UNKNOWN(5008),999,502,497,0.5025025025025025,0.9,1110,15
overall,MIXED,15.19,ALL,shard,5008,UNKNOWN(5008),997,503,494,0.5045135406218656,0.8669565217391304,1150,15
overall,MIXED,16.17,BOTTOM,shard,5008,UNKNOWN(5008),994,495,499,0.49798792756539234,0.9861111111111112,1008,15
overall,MIXED,16.17,ALL,rune,8473,ボーンアーマー,981,475,506,0.4841997961264016,0.19464285714285715,5040,15
overall,MIXED,16.17,ALL,rune,8345,ビスケットデリバリー,976,495,481,0.507172131147541,0.19365079365079366,5040,15
overall,MIXED,16.17,MIDDLE,shard,5008,UNKNOWN(5008),961,480,481,0.4994797086368366,0.9533730158730159,1008,15
overall,MIXED,16.14,ALL,rune,8226,マナフローバンド,948,465,483,0.49050632911392406,0.27241379310344827,3480,15
overall,MIXED,16.17,ALL,rune,8304,魔法の靴,944,466,478,0.4936440677966102,0.1873015873015873,5040,15
overall,MIXED,16.17,JUNGLE,shard,5001,UNKNOWN(5001),943,468,475,0.49628844114528103,0.935515873015873,1008,15
overall,MIXED,16.14,ALL,rune,9104,レジェンド: 迅速,943,468,475,0.49628844114528103,0.27097701149425285,3480,15
overall,MIXED,16.15,ALL,shard,5011,UNKNOWN(5011),935,466,469,0.4983957219251337,0.22639225181598063,4130,15
overall,MIXED,16.15,ALL,rune,8299,背水の陣,913,466,447,0.5104052573932092,0.22106537530266343,4130,15
overall,MIXED,15.19,ALL,shard,5001,UNKNOWN(5001),913,450,463,0.4928806133625411,0.7939130434782609,1150,15
overall,MIXED,16.11,ALL,shard,5001,UNKNOWN(5001),907,449,458,0.49503858875413453,0.7686440677966102,1180,15
overall,MIXED,16.17,JUNGLE,shard,5008,UNKNOWN(5008),904,449,455,0.49668141592920356,0.8968253968253969,1008,15
overall,MIXED,16.15,ALL,rune,8347,宇宙の英知,901,459,442,0.5094339622641509,0.21815980629539952,4130,15
overall,MIXED,16.13,ALL,rune,8226,マナフローバンド,898,469,429,0.522271714922049,0.2729483282674772,3290,15
overall,MIXED,15.24,ALL,shard,5005,UNKNOWN(5005),894,445,449,0.49776286353467564,0.5228070175438596,1710,15
overall,MIXED,16.14,ALL,rune,8210,至高,878,414,464,0.4715261958997722,0.25229885057471263,3480,15
overall,MIXED,16.17,ALL,keystone,8010,征服者,864,442,422,0.5115740740740741,0.17142857142857143,5040,15
overall,MIXED,16.18,ALL,shard,5005,UNKNOWN(5005),864,436,428,0.5046296296296297,0.5142857142857142,1680,15
overall,MIXED,16.17,TOP,shard,5008,UNKNOWN(5008),862,438,424,0.5081206496519721,0.8551587301587301,1008,15
overall,MIXED,16.16,ALL,rune,9104,レジェンド: 迅速,857,445,412,0.5192532088681447,0.2573573573573574,3330,15
overall,MIXED,16.17,ALL,keystone,8008,リーサルテンポ,846,417,429,0.4929078014184397,0.16785714285714284,5040,15
overall,MIXED,15.13,ALL,shard,5008,UNKNOWN(5008),843,416,427,0.49347568208778175,0.878125,960,15
overall,MIXED,16.17,ALL,rune,8009,冷静沈着,842,418,424,0.49643705463182897,0.16706349206349205,5040,15
overall,MIXED,16.17,MIDDLE,shard,5001,UNKNOWN(5001),839,418,421,0.49821215733015495,0.8323412698412699,1008,15
overall,MIXED,16.17,ALL,rune,9105,レジェンド: ヘイスト,833,431,402,0.517406962785114,0.16527777777777777,5040,15
overall,MIXED,16.17,ALL,rune,8014,最期の慈悲,832,418,414,0.5024038461538461,0.16507936507936508,5040,15
overall,MIXED,16.13,ALL,rune,8210,至高,830,436,394,0.5253012048192771,0.25227963525835867,3290,15
overall,MIXED,16.16,ALL,rune,8226,マナフローバンド,819,413,406,0.5042735042735043,0.24594594594594596,3330,15
overall,MIXED,16.10,ALL,shard,5001,UNKNOWN(5001),813,411,402,0.5055350553505535,0.7324324324324324,1110,15
overall,MIXED,16.15,BOTTOM,shard,5008,UNKNOWN(5008),813,408,405,0.5018450184501845,0.9842615012106537,826,15
overall,MIXED,16.17,TOP,shard,5001,UNKNOWN(5001),804,409,395,0.5087064676616916,0.7976190476190477,1008,15
overall,MIXED,15.13,ALL,shard,5001,UNKNOWN(5001),802,397,405,0.49501246882793015,0.8354166666666667,960,15
overall,MIXED,16.16,ALL,shard,5011,UNKNOWN(5011),800,406,394,0.5075,0.24024024024024024,3330,15
overall,MIXED,16.15,ALL,rune,8345,ビスケットデリバリー,800,396,404,0.495,0.1937046004842615,4130,15
overall,MIXED,16.17,ALL,rune,8237,追火,800,379,421,0.47375,0.15873015873015872,5040,15
overall,MIXED,16.15,ALL,rune,8237,追火,799,401,398,0.5018773466833542,0.19346246973365616,4130,15
overall,MIXED,16.15,MIDDLE,shard,5008,UNKNOWN(5008),799,395,404,0.49436795994993743,0.9673123486682809,826,15
overall,MIXED,16.14,ALL,shard,5011,UNKNOWN(5011),796,377,419,0.47361809045226133,0.22873563218390805,3480,15
overall,MIXED,16.16,ALL,rune,8210,至高,795,401,394,0.5044025157232704,0.23873873873873874,3330,15
overall,MIXED,16.14,ALL,rune,8347,宇宙の英知,795,397,398,0.49937106918238994,0.22844827586206898,3480,15
overall,MIXED,16.14,ALL,rune,8299,背水の陣,787,416,371,0.5285895806861499,0.22614942528735632,3480,15
overall,MIXED,16.17,UTILITY,shard,5001,UNKNOWN(5001),787,389,398,0.49428208386277,0.7807539682539683,1008,15
overall,MIXED,16.13,ALL,rune,9104,レジェンド: 迅速,783,372,411,0.47509578544061304,0.23799392097264438,3290,15
overall,MIXED,16.12,ALL,shard,5008,UNKNOWN(5008),770,381,389,0.4948051948051948,0.8651685393258427,890,15
overall,MIXED,16.15,ALL,rune,8473,ボーンアーマー,769,399,370,0.5188556566970091,0.18619854721549636,4130,15
overall,MIXED,16.17,ALL,rune,8451,超成長,768,396,372,0.515625,0.1523809523809524,5040,15
overall,MIXED,16.17,ALL,shard,5007,UNKNOWN(5007),768,391,377,0.5091145833333334,0.1523809523809524,5040,15
overall,MIXED,16.15,ALL,rune,8304,魔法の靴,766,389,377,0.5078328981723238,0.18547215496368039,4130,15
overall,MIXED,16.16,ALL,rune,8299,背水の陣,764,370,394,0.48429319371727747,0.22942942942942943,3330,15
overall,MIXED,16.3,ALL,shard,5008,UNKNOWN(5008),762,375,387,0.4921259842519685,0.865909090909091,880,15
overall,MIXED,16.13,ALL,rune,8299,背水の陣,761,372,389,0.4888304862023653,0.23130699088145898,3290,15
overall,MIXED,16.15,JUNGLE,shard,5001,UNKNOWN(5001),753,378,375,0.50199203187251,0.9116222760290557,826,15
overall,MIXED,16.15,JUNGLE,shard,5008,UNKNOWN(5008),752,369,383,0.49069148936170215,0.910411622276029,826,15
overall,MIXED,16.15,ALL,keystone,8010,征服者,744,389,355,0.5228494623655914,0.18014527845036318,4130,15
overall,MIXED,16.17,JUNGLE,rune,9111,凱旋,744,375,369,0.5040322580645161,0.7380952380952381,1008,15
overall,MIXED,16.16,ALL,rune,8347,宇宙の英知,721,358,363,0.49653259361997226,0.21651651651651652,3330,15
overall,MIXED,16.13,ALL,rune,8237,追火,720,376,344,0.5222222222222223,0.2188449848024316,3290,15
overall,MIXED,16.5,ALL,shard,5008,UNKNOWN(5008),719,363,356,0.5048678720445062,0.8876543209876543,810,15
overall,MIXED,16.17,BOTTOM,shard,5005,UNKNOWN(5005),719,353,366,0.4909596662030598,0.7132936507936508,1008,15
overall,MIXED,16.15,ALL,rune,8014,最期の慈悲,716,345,371,0.4818435754189944,0.17336561743341405,4130,15
overall,MIXED,16.13,ALL,rune,8347,宇宙の英知,715,362,353,0.5062937062937063,0.21732522796352582,3290,15
overall,MIXED,16.15,TOP,shard,5008,UNKNOWN(5008),712,363,349,0.5098314606741573,0.8619854721549637,826,15
overall,MIXED,15.17,ALL,shard,5008,UNKNOWN(5008),710,355,355,0.5,0.8765432098765432,810,15
overall,MIXED,16.9,ALL,shard,5008,UNKNOWN(5008),700,352,348,0.5028571428571429,0.8860759493670886,790,15
overall,MIXED,16.15,ALL,rune,8009,冷静沈着,697,335,362,0.4806312769010043,0.16876513317191283,4130,15
overall,MIXED,16.13,ALL,shard,5011,UNKNOWN(5011),692,357,335,0.5158959537572254,0.21033434650455926,3290,15
overall,MIXED,16.14,ALL,rune,8304,魔法の靴,692,341,351,0.49277456647398843,0.19885057471264367,3480,15
overall,MIXED,16.14,BOTTOM,shard,5008,UNKNOWN(5008),689,346,343,0.502177068214804,0.9899425287356322,696,15
overall,MIXED,16.17,ALL,rune,8017,切り崩し,689,342,347,0.49637155297532654,0.1367063492063492,5040,15
overall,MIXED,16.14,ALL,rune,8237,追火,688,352,336,0.5116279069767442,0.19770114942528735,3480,15
overall,MIXED,16.12,ALL,shard,5001,UNKNOWN(5001),682,334,348,0.4897360703812317,0.7662921348314606,890,15
overall,MIXED,16.15,MIDDLE,shard,5001,UNKNOWN(5001),682,332,350,0.4868035190615836,0.8256658595641646,826,15
overall,MIXED,15.17,ALL,shard,5001,UNKNOWN(5001),679,341,338,0.5022091310751104,0.8382716049382716,810,15
overall,MIXED,16.14,ALL,keystone,8010,征服者,677,338,339,0.49926144756277696,0.19454022988505748,3480,15
overall,MIXED,16.14,MIDDLE,shard,5008,UNKNOWN(5008),671,333,338,0.496274217585693,0.9640804597701149,696,15
overall,MIXED,16.7,ALL,shard,5008,UNKNOWN(5008),671,328,343,0.488822652757079,0.8714285714285714,770,15
overall,MIXED,16.15,TOP,shard,5001,UNKNOWN(5001),669,334,335,0.4992526158445441,0.8099273607748184,826,15
overall,MIXED,15.19,ALL,shard,5005,UNKNOWN(5005),660,338,322,0.5121212121212121,0.5739130434782609,1150,15
overall,MIXED,16.16,ALL,rune,8345,ビスケットデリバリー,660,330,330,0.5,0.1981981981981982,3330,15
overall,MIXED,16.14,ALL,rune,8345,ビスケットデリバリー,660,329,331,0.4984848484848485,0.1896551724137931,3480,15
overall,MIXED,16.16,BOTTOM,shard,5008,UNKNOWN(5008),659,329,330,0.4992412746585736,0.9894894894894894,666,15
overall,MIXED,16.3,ALL,shard,5001,UNKNOWN(5001),657,326,331,0.4961948249619482,0.7465909090909091,880,15
overall,MIXED,16.1,ALL,shard,5008,UNKNOWN(5008),656,322,334,0.49085365853658536,0.8519480519480519,770,15
overall,MIXED,16.16,ALL,rune,8304,魔法の靴,653,329,324,0.5038284839203675,0.1960960960960961,3330,15
overall,MIXED,16.13,BOTTOM,shard,5008,UNKNOWN(5008),652,326,326,0.5,0.9908814589665653,658,15
overall,MIXED,16.6,ALL,shard,5008,UNKNOWN(5008),652,323,329,0.495398773006135,0.8578947368421053,760,15
overall,MIXED,16.17,ALL,rune,8106,至極の賞金首狩り,651,327,324,0.5023041474654378,0.12916666666666668,5040,15
overall,MIXED,16.17,ALL,rune,8242,気迫,650,314,336,0.48307692307692307,0.12896825396825398,5040,15
overall,MIXED,16.14,JUNGLE,shard,5008,UNKNOWN(5008),647,325,322,0.5023183925811437,0.9295977011494253,696,15
overall,MIXED,16.15,UTILITY,shard,5001,UNKNOWN(5001),647,321,326,0.49613601236476046,0.7832929782082324,826,15
overall,MIXED,16.15,ALL,rune,9105,レジェンド: ヘイスト,645,343,302,0.5317829457364341,0.15617433414043583,4130,15
overall,MIXED,16.16,ALL,rune,8014,最期の慈悲,637,318,319,0.49921507064364207,0.1912912912912913,3330,15
overall,MIXED,16.14,ALL,rune,8473,ボーンアーマー,633,328,305,0.5181674565560821,0.18189655172413793,3480,15
overall,MIXED,16.16,ALL,rune,8009,冷静沈着,633,311,322,0.4913112164296998,0.1900900900900901,3330,15
overall,MIXED,16.14,JUNGLE,shard,5001,UNKNOWN(5001),632,317,315,0.5015822784810127,0.9080459770114943,696,15
overall,MIXED,16.13,MIDDLE,shard,5008,UNKNOWN(5008),629,313,316,0.49761526232114467,0.9559270516717325,658,15
overall,MIXED,16.11,ALL,shard,5005,UNKNOWN(5005),627,316,311,0.5039872408293461,0.5313559322033898,1180,15
overall,MIXED,16.16,JUNGLE,shard,5008,UNKNOWN(5008),625,313,312,0.5008,0.9384384384384384,666,15
overall,MIXED,16.17,ALL,rune,8140,グリスリー メメント,625,311,314,0.4976,0.12400793650793651,5040,15
overall,MIXED,16.17,JUNGLE,shard,5005,UNKNOWN(5005),624,308,316,0.4935897435897436,0.6190476190476191,1008,15
overall,MIXED,16.5,ALL,shard,5001,UNKNOWN(5001),622,318,304,0.5112540192926045,0.7679012345679013,810,15
overall,MIXED,16.15,JUNGLE,rune,9111,凱旋,621,318,303,0.5120772946859904,0.7518159806295399,826,15
overall,MIXED,16.16,MIDDLE,shard,5008,UNKNOWN(5008),621,309,312,0.4975845410628019,0.9324324324324325,666,15
overall,MIXED,16.14,ALL,rune,8014,最期の慈悲,620,306,314,0.4935483870967742,0.1781609195402299,3480,15
overall,MIXED,16.17,ALL,rune,8444,息継ぎ,619,314,305,0.5072697899838449,0.12281746031746031,5040,15
overall,MIXED,16.17,TOP,rune,8299,背水の陣,617,320,297,0.5186385737439222,0.6121031746031746,1008,15
overall,MIXED,16.18,ALL,rune,9111,凱旋,617,303,314,0.49108589951377635,0.3672619047619048,1680,15
overall,MIXED,16.17,UTILITY,shard,5008,UNKNOWN(5008),613,302,311,0.4926590538336052,0.6081349206349206,1008,15
overall,MIXED,16.13,JUNGLE,shard,5001,UNKNOWN(5001),611,301,310,0.49263502454991814,0.9285714285714286,658,15
overall,MIXED,16.16,JUNGLE,shard,5001,UNKNOWN(5001),610,306,304,0.5016393442622951,0.9159159159159159,666,15
overall,MIXED,16.13,ALL,rune,8304,魔法の靴,607,319,288,0.5255354200988468,0.1844984802431611,3290,15
overall,MIXED,16.2,ALL,shard,5008,UNKNOWN(5008),607,306,301,0.5041186161449753,0.8549295774647887,710,15
overall,MIXED,16.13,JUNGLE,shard,5008,UNKNOWN(5008),606,301,305,0.4966996699669967,0.9209726443768997,658,15
overall,MIXED,15.10,ALL,shard,5008,UNKNOWN(5008),604,306,298,0.5066225165562914,0.8753623188405797,690,15
overall,MIXED,16.17,ALL,rune,8236,強まる嵐,602,314,288,0.521594684385382,0.11944444444444445,5040,15
overall,MIXED,16.14,TOP,shard,5008,UNKNOWN(5008),602,306,296,0.5083056478405316,0.8649425287356322,696,15
overall,MIXED,16.8,ALL,shard,5008,UNKNOWN(5008),601,296,305,0.4925124792013311,0.8585714285714285,700,15
overall,MIXED,16.15,ALL,rune,8451,超成長,600,302,298,0.5033333333333333,0.14527845036319612,4130,15
overall,MIXED,16.9,ALL,shard,5001,UNKNOWN(5001),596,300,296,0.5033557046979866,0.7544303797468355,790,15
overall,MIXED,16.16,ALL,keystone,8010,征服者,596,287,309,0.4815436241610738,0.178978978978979,3330,15
overall,MIXED,16.1,ALL,shard,5001,UNKNOWN(5001),595,303,292,0.5092436974789916,0.7727272727272727,770,15
overall,MIXED,16.16,ALL,rune,8473,ボーンアーマー,595,294,301,0.49411764705882355,0.17867867867867868,3330,15
overall,MIXED,16.14,ALL,rune,8009,冷静沈着,595,291,304,0.4890756302521008,0.17097701149425287,3480,15
overall,MIXED,16.13,ALL,rune,8345,ビスケットデリバリー,591,307,284,0.5194585448392555,0.17963525835866262,3290,15
overall,MIXED,16.17,TOP,shard,5005,UNKNOWN(5005),589,295,294,0.5008488964346349,0.5843253968253969,1008,15
overall,MIXED,16.13,ALL,rune,8014,最期の慈悲,587,292,295,0.49744463373083475,0.178419452887538,3290,15
overall,MIXED,16.7,ALL,shard,5001,UNKNOWN(5001),586,288,298,0.49146757679180886,0.7610389610389611,770,15
overall,MIXED,16.13,ALL,keystone,8010,征服者,583,293,290,0.5025728987993139,0.17720364741641337,3290,15
overall,MIXED,16.17,ALL,rune,8143,サドンインパクト,581,298,283,0.5129087779690189,0.11527777777777778,5040,15
overall,MIXED,15.22,ALL,shard,5008,UNKNOWN(5008),581,294,287,0.5060240963855421,0.8803030303030303,660,15
overall,MIXED,16.6,ALL,shard,5001,UNKNOWN(5001),579,296,283,0.5112262521588946,0.7618421052631579,760,15
overall,MIXED,16.13,TOP,shard,5001,UNKNOWN(5001),578,293,285,0.5069204152249135,0.878419452887538,658,15
overall,MIXED,16.14,MIDDLE,shard,5001,UNKNOWN(5001),578,288,290,0.4982698961937716,0.8304597701149425,696,15
overall,MIXED,16.15,ALL,keystone,8008,リーサルテンポ,578,278,300,0.4809688581314879,0.13995157384987894,4130,15
overall,MIXED,15.8,ALL,shard,5008,UNKNOWN(5008),574,296,278,0.5156794425087108,0.8830769230769231,650,15
overall,MIXED,15.18,ALL,shard,5008,UNKNOWN(5008),574,286,288,0.49825783972125437,0.8830769230769231,650,15
overall,MIXED,16.13,TOP,shard,5008,UNKNOWN(5008),574,283,291,0.4930313588850174,0.8723404255319149,658,15
overall,MIXED,16.16,ALL,rune,8237,追火,573,295,278,0.5148342059336823,0.17207207207207206,3330,15
overall,MIXED,16.14,TOP,shard,5001,UNKNOWN(5001),571,295,276,0.5166374781085814,0.8204022988505747,696,15
overall,MIXED,16.15,ALL,shard,5007,UNKNOWN(5007),571,293,278,0.5131348511383538,0.13825665859564165,4130,15
overall,MIXED,16.13,ALL,rune,8009,冷静沈着,570,278,292,0.48771929824561405,0.17325227963525835,3290,15
overall,MIXED,15.20,ALL,shard,5008,UNKNOWN(5008),569,295,274,0.5184534270650264,0.8621212121212121,660,15
overall,MIXED,16.13,ALL,rune,8473,ボーンアーマー,567,267,300,0.4708994708994709,0.1723404255319149,3290,15
overall,MIXED,16.10,ALL,shard,5005,UNKNOWN(5005),562,283,279,0.50355871886121,0.5063063063063064,1110,15
overall,MIXED,16.17,ALL,rune,9103,レジェンド: 血脈,562,280,282,0.498220640569395,0.11150793650793651,5040,15
overall,MIXED,16.16,TOP,shard,5008,UNKNOWN(5008),561,276,285,0.4919786096256685,0.8423423423423423,666,15
overall,MIXED,15.8,ALL,shard,5001,UNKNOWN(5001),558,285,273,0.510752688172043,0.8584615384615385,650,15
overall,MIXED,15.13,ALL,shard,5005,UNKNOWN(5005),558,279,279,0.5,0.58125,960,15
overall,MIXED,15.10,ALL,shard,5001,UNKNOWN(5001),555,277,278,0.4990990990990991,0.8043478260869565,690,15
overall,MIXED,16.15,ALL,rune,8140,グリスリー メメント,554,260,294,0.4693140794223827,0.1341404358353511,4130,15
overall,MIXED,16.15,UTILITY,shard,5008,UNKNOWN(5008),553,279,274,0.5045207956600362,0.6694915254237288,826,15
overall,MIXED,16.17,BOTTOM,keystone,8008,リーサルテンポ,551,274,277,0.49727767695099817,0.5466269841269841,1008,15
overall,MIXED,16.17,BOTTOM,shard,5011,UNKNOWN(5011),551,266,285,0.4827586206896552,0.5466269841269841,1008,15
overall,MIXED,16.2,ALL,shard,5001,UNKNOWN(5001),550,273,277,0.49636363636363634,0.7746478873239436,710,15
overall,MIXED,15.18,ALL,shard,5001,UNKNOWN(5001),549,279,270,0.5081967213114754,0.8446153846153847,650,15
overall,MIXED,15.24,ALL,rune,9111,凱旋,548,286,262,0.5218978102189781,0.32046783625730996,1710,15
overall,MIXED,16.16,ALL,keystone,8008,リーサルテンポ,546,272,274,0.4981684981684982,0.16396396396396395,3330,15
overall,MIXED,16.16,MIDDLE,shard,5001,UNKNOWN(5001),545,276,269,0.5064220183486239,0.8183183183183184,666,15
overall,MIXED,15.20,ALL,shard,5001,UNKNOWN(5001),544,266,278,0.4889705882352941,0.8242424242424242,660,15
overall,MIXED,16.16,ALL,rune,9105,レジェンド: ヘイスト,544,257,287,0.4724264705882353,0.16336336336336335,3330,15
overall,MIXED,16.13,MIDDLE,shard,5001,UNKNOWN(5001),534,270,264,0.5056179775280899,0.8115501519756839,658,15
overall,MIXED,16.14,JUNGLE,rune,9111,凱旋,532,273,259,0.5131578947368421,0.764367816091954,696,15
overall,MIXED,16.15,ALL,rune,8444,息継ぎ,531,262,269,0.4934086629001883,0.12857142857142856,4130,15
overall,MIXED,16.14,UTILITY,shard,5001,UNKNOWN(5001),527,272,255,0.5161290322580645,0.757183908045977,696,15
overall,MIXED,16.16,JUNGLE,rune,9111,凱旋,527,265,262,0.5028462998102466,0.7912912912912913,666,15
overall,MIXED,16.13,ALL,rune,9105,レジェンド: ヘイスト,526,281,245,0.5342205323193916,0.15987841945288753,3290,15
overall,MIXED,15.21,ALL,shard,5008,UNKNOWN(5008),525,262,263,0.4990476190476191,0.8898305084745762,590,15
overall,MIXED,16.8,ALL,shard,5001,UNKNOWN(5001),524,257,267,0.4904580152671756,0.7485714285714286,700,15
overall,MIXED,16.15,TOP,shard,5005,UNKNOWN(5005),524,249,275,0.4751908396946565,0.6343825665859564,826,15
overall,MIXED,16.16,TOP,shard,5001,UNKNOWN(5001),523,257,266,0.491395793499044,0.7852852852852853,666,15
overall,MIXED,16.17,ALL,rune,8321,キャッシュバック,521,263,258,0.5047984644913628,0.10337301587301587,5040,15
overall,MIXED,16.14,ALL,rune,9105,レジェンド: ヘイスト,519,273,246,0.5260115606936416,0.14913793103448275,3480,15
overall,MIXED,16.15,ALL,rune,8143,サドンインパクト,519,243,276,0.4682080924855491,0.12566585956416465,4130,15
overall,MIXED,16.17,BOTTOM,rune,8009,冷静沈着,518,269,249,0.5193050193050193,0.5138888888888888,1008,15
overall,MIXED,15.22,ALL,shard,5001,UNKNOWN(5001),515,261,254,0.5067961165048543,0.7803030303030303,660,15
overall,MIXED,16.17,MIDDLE,rune,8210,至高,513,261,252,0.5087719298245614,0.5089285714285714,1008,15
overall,MIXED,16.16,UTILITY,shard,5001,UNKNOWN(5001),513,246,267,0.47953216374269003,0.7702702702702703,666,15
overall,MIXED,16.15,ALL,rune,8242,気迫,509,265,244,0.5206286836935167,0.12324455205811138,4130,15
overall,MIXED,15.23,ALL,shard,5008,UNKNOWN(5008),509,258,251,0.5068762278978389,0.8775862068965518,580,15
overall,MIXED,16.17,JUNGLE,rune,9104,レジェンド: 迅速,506,250,256,0.49407114624505927,0.501984126984127,1008,15
overall,MIXED,16.13,UTILITY,shard,5001,UNKNOWN(5001),506,243,263,0.48023715415019763,0.7701674277016742,657,15
overall,MIXED,16.15,JUNGLE,shard,5005,UNKNOWN(5005),505,251,254,0.497029702970297,0.6113801452784504,826,15
overall,MIXED,16.17,TOP,rune,9111,凱旋,503,264,239,0.5248508946322068,0.4990079365079365,1008,15
overall,MIXED,16.13,JUNGLE,rune,9111,凱旋,500,255,245,0.51,0.7598784194528876,658,15
overall,MIXED,16.15,TOP,rune,8299,背水の陣,500,250,250,0.5,0.6053268765133172,826,15
overall,MIXED,16.16,ALL,shard,5007,UNKNOWN(5007),495,250,245,0.5050505050505051,0.14864864864864866,3330,15
overall,MIXED,16.15,BOTTOM,shard,5005,UNKNOWN(5005),495,232,263,0.4686868686868687,0.5992736077481841,826,15
overall,MIXED,16.17,MIDDLE,rune,8226,マナフローバンド,494,249,245,0.5040485829959515,0.49007936507936506,1008,15
overall,MIXED,16.17,BOTTOM,rune,9103,レジェンド: 血脈,494,247,247,0.5,0.49007936507936506,1008,15
overall,MIXED,16.15,ALL,rune,8017,切り崩し,494,232,262,0.46963562753036436,0.11961259079903147,4130,15
overall,MIXED,16.15,ALL,rune,8236,強まる嵐,493,252,241,0.5111561866125761,0.11937046004842615,4130,15
overall,MIXED,16.17,MIDDLE,shard,5005,UNKNOWN(5005),491,238,253,0.4847250509164969,0.4871031746031746,1008,15
overall,MIXED,16.14,ALL,shard,5007,UNKNOWN(5007),491,231,260,0.47046843177189407,0.14109195402298852,3480,15
overall,MIXED,16.15,ALL,rune,8106,至極の賞金首狩り,484,236,248,0.48760330578512395,0.1171912832929782,4130,15
overall,MIXED,15.21,ALL,shard,5001,UNKNOWN(5001),480,235,245,0.4895833333333333,0.8135593220338984,590,15
overall,MIXED,16.15,ALL,keystone,8229,秘儀の彗星,474,239,235,0.5042194092827004,0.11476997578692494,4130,15
overall,MIXED,15.11,ALL,shard,5008,UNKNOWN(5008),474,236,238,0.4978902953586498,0.8943396226415095,530,15
overall,MIXED,16.14,UTILITY,shard,5008,UNKNOWN(5008),471,229,242,0.4861995753715499,0.6767241379310345,696,15
overall,MIXED,15.16,ALL,shard,5008,UNKNOWN(5008),470,231,239,0.49148936170212765,0.8703703703703703,540,15
overall,MIXED,16.14,ALL,rune,8451,超成長,470,227,243,0.4829787234042553,0.13505747126436782,3480,15
overall,MIXED,16.16,BOTTOM,shard,5005,UNKNOWN(5005),467,232,235,0.49678800856531047,0.7012012012012012,666,15
overall,MIXED,16.3,ALL,shard,5005,UNKNOWN(5005),466,240,226,0.5150214592274678,0.5295454545454545,880,15
overall,MIXED,16.13,ALL,rune,8236,強まる嵐,465,245,220,0.5268817204301075,0.1413373860182371,3290,15
overall,MIXED,16.14,ALL,keystone,8008,リーサルテンポ,465,222,243,0.4774193548387097,0.1336206896551724,3480,15
overall,MIXED,16.13,ALL,rune,8106,至極の賞金首狩り,464,218,246,0.4698275862068966,0.14103343465045592,3290,15
overall,MIXED,16.12,ALL,shard,5005,UNKNOWN(5005),464,217,247,0.4676724137931034,0.5213483146067416,890,15
overall,MIXED,16.18,ALL,rune,9104,レジェンド: 迅速,462,247,215,0.5346320346320347,0.275,1680,15
overall,MIXED,16.17,UTILITY,shard,5007,UNKNOWN(5007),462,234,228,0.5064935064935064,0.4583333333333333,1008,15
overall,MIXED,16.4,ALL,shard,5008,UNKNOWN(5008),460,232,228,0.5043478260869565,0.8679245283018868,530,15
overall,MIXED,15.24,ALL,rune,8347,宇宙の英知,460,218,242,0.47391304347826085,0.26900584795321636,1710,15
overall,MIXED,16.13,ALL,shard,5007,UNKNOWN(5007),459,242,217,0.5272331154684096,0.13951367781155016,3290,15
overall,MIXED,16.13,UTILITY,shard,5008,UNKNOWN(5008),459,234,225,0.5098039215686274,0.6986301369863014,657,15
overall,MIXED,16.17,BOTTOM,rune,8017,切り崩し,458,225,233,0.4912663755458515,0.45436507936507936,1008,15
overall,MIXED,16.17,BOTTOM,shard,5001,UNKNOWN(5001),453,237,216,0.5231788079470199,0.4494047619047619,1008,15
overall,MIXED,15.12,ALL,shard,5008,UNKNOWN(5008),453,232,221,0.5121412803532008,0.888235294117647,510,15
overall,MIXED,15.17,ALL,shard,5005,UNKNOWN(5005),453,215,238,0.4746136865342163,0.5592592592592592,810,15
overall,MIXED,16.13,ALL,keystone,8008,リーサルテンポ,452,214,238,0.47345132743362833,0.13738601823708207,3290,15
overall,MIXED,16.17,ALL,rune,8401,シールドバッシュ,450,201,249,0.44666666666666666,0.08928571428571429,5040,15
overall,MIXED,16.16,ALL,rune,8236,強まる嵐,449,222,227,0.49443207126948774,0.13483483483483483,3330,15
overall,MIXED,15.16,ALL,shard,5001,UNKNOWN(5001),448,223,225,0.49776785714285715,0.8296296296296296,540,15
overall,MIXED,16.16,UTILITY,shard,5008,UNKNOWN(5008),447,221,226,0.49440715883668906,0.6711711711711712,666,15
overall,MIXED,15.11,ALL,shard,5001,UNKNOWN(5001),444,222,222,0.5,0.8377358490566038,530,15
overall,MIXED,16.13,ALL,rune,8140,グリスリー メメント,443,213,230,0.48081264108352145,0.13465045592705166,3290,15
overall,MIXED,16.14,ALL,rune,8236,強まる嵐,442,225,217,0.5090497737556561,0.12701149425287356,3480,15
overall,MIXED,16.14,JUNGLE,shard,5005,UNKNOWN(5005),442,220,222,0.497737556561086,0.6350574712643678,696,15
overall,MIXED,15.24,ALL,rune,9104,レジェンド: 迅速,440,227,213,0.5159090909090909,0.2573099415204678,1710,15
overall,MIXED,16.14,ALL,rune,8106,至極の賞金首狩り,440,214,226,0.4863636363636364,0.12643678160919541,3480,15
overall,MIXED,16.14,TOP,rune,8299,背水の陣,438,229,209,0.5228310502283106,0.6293103448275862,696,15
overall,MIXED,16.16,ALL,rune,8451,超成長,438,224,214,0.5114155251141552,0.13153153153153152,3330,15
overall,MIXED,16.14,ALL,rune,8143,サドンインパクト,436,225,211,0.5160550458715596,0.12528735632183907,3480,15
overall,MIXED,16.17,ALL,keystone,8112,電撃,436,213,223,0.48853211009174313,0.0865079365079365,5040,15
overall,MIXED,16.14,ALL,rune,8017,切り崩し,436,212,224,0.48623853211009177,0.12528735632183907,3480,15
overall,MIXED,16.16,JUNGLE,shard,5005,UNKNOWN(5005),435,230,205,0.5287356321839081,0.6531531531531531,666,15
overall,MIXED,16.15,JUNGLE,rune,9104,レジェンド: 迅速,434,221,213,0.5092165898617511,0.5254237288135594,826,15
overall,MIXED,16.4,ALL,shard,5001,UNKNOWN(5001),433,215,218,0.49653579676674364,0.8169811320754717,530,15
overall,MIXED,16.17,ALL,keystone,8229,秘儀の彗星,433,211,222,0.48729792147806006,0.08591269841269841,5040,15
overall,MIXED,16.5,ALL,shard,5005,UNKNOWN(5005),431,217,214,0.5034802784222738,0.5320987654320988,810,15
overall,MIXED,16.14,ALL,rune,8140,グリスリー メメント,430,219,211,0.5093023255813953,0.1235632183908046,3480,15
overall,MIXED,16.16,ALL,rune,8017,切り崩し,429,204,225,0.4755244755244755,0.12882882882882882,3330,15
overall,MIXED,16.1,ALL,shard,5005,UNKNOWN(5005),428,213,215,0.4976635514018692,0.5558441558441558,770,15
overall,MIXED,16.17,UTILITY,rune,8347,宇宙の英知,427,212,215,0.4964871194379391,0.4236111111111111,1008,15
overall,MIXED,16.17,JUNGLE,rune,8304,魔法の靴,425,207,218,0.48705882352941177,0.42162698412698413,1008,15
overall,MIXED,15.23,ALL,shard,5001,UNKNOWN(5001),422,210,212,0.4976303317535545,0.7275862068965517,580,15
overall,MIXED,16.14,TOP,shard,5005,UNKNOWN(5005),422,205,217,0.48578199052132703,0.6063218390804598,696,15
overall,MIXED,16.13,ALL,rune,8143,サドンインパクト,420,191,229,0.45476190476190476,0.1276595744680851,3290,15
overall,MIXED,16.15,BOTTOM,shard,5001,UNKNOWN(5001),418,218,200,0.5215311004784688,0.5060532687651331,826,15
overall,MIXED,16.9,ALL,shard,5005,UNKNOWN(5005),416,207,209,0.49759615384615385,0.5265822784810127,790,15
overall,MIXED,15.12,ALL,shard,5001,UNKNOWN(5001),414,209,205,0.5048309178743962,0.8117647058823529,510,15
overall,MIXED,16.15,MIDDLE,rune,8210,至高,414,202,212,0.48792270531400966,0.5012106537530266,826,15
overall,MIXED,16.15,MIDDLE,rune,8226,マナフローバンド,413,208,205,0.5036319612590799,0.5,826,15
overall,MIXED,16.16,ALL,rune,8106,至極の賞金首狩り,413,207,206,0.5012106537530266,0.12402402402402403,3330,15
overall,MIXED,16.16,ALL,rune,8140,グリスリー メメント,410,206,204,0.5024390243902439,0.12312312312312312,3330,15
overall,MIXED,16.15,TOP,rune,9111,凱旋,409,206,203,0.5036674816625917,0.49515738498789347,826,15
overall,MIXED,14.20,ALL,shard,5001,UNKNOWN(5001),408,203,205,0.49754901960784315,0.8869565217391304,460,15
overall,MIXED,15.2,ALL,shard,5001,UNKNOWN(5001),408,203,205,0.49754901960784315,0.8869565217391304,460,15
overall,MIXED,16.13,JUNGLE,shard,5005,UNKNOWN(5005),407,208,199,0.5110565110565111,0.6185410334346505,658,15
overall,MIXED,15.24,ALL,rune,8226,マナフローバンド,407,195,212,0.47911547911547914,0.23801169590643276,1710,15
overall,MIXED,15.10,ALL,shard,5005,UNKNOWN(5005),407,193,214,0.4742014742014742,0.5898550724637681,690,15
overall,MIXED,16.13,TOP,rune,8299,背水の陣,406,200,206,0.49261083743842365,0.6170212765957447,658,15
overall,MIXED,16.15,MIDDLE,shard,5005,UNKNOWN(5005),405,216,189,0.5333333333333333,0.49031476997578693,826,15
overall,MIXED,15.2,ALL,shard,5008,UNKNOWN(5008),405,202,203,0.49876543209876545,0.8804347826086957,460,15
overall,MIXED,16.7,ALL,shard,5005,UNKNOWN(5005),405,193,212,0.4765432098765432,0.525974025974026,770,15
overall,MIXED,16.16,ALL,rune,8242,気迫,404,206,198,0.5099009900990099,0.12132132132132133,3330,15
overall,MIXED,16.15,BOTTOM,shard,5011,UNKNOWN(5011),404,195,209,0.48267326732673266,0.4891041162227603,826,15
overall,MIXED,16.13,ALL,rune,8451,超成長,403,211,192,0.5235732009925558,0.12249240121580547,3290,15
overall,MIXED,16.16,ALL,rune,9103,レジェンド: 血脈,402,200,202,0.4975124378109453,0.12072072072072072,3330,15
overall,MIXED,15.14,ALL,shard,5008,UNKNOWN(5008),401,198,203,0.4937655860349127,0.8717391304347826,460,15
overall,MIXED,16.17,UTILITY,rune,8473,ボーンアーマー,401,194,207,0.4837905236907731,0.3978174603174603,1008,15
overall,MIXED,15.24,ALL,rune,8345,ビスケットデリバリー,400,195,205,0.4875,0.23391812865497075,1710,15
overall,MIXED,15.7,ALL,shard,5001,UNKNOWN(5001),399,193,206,0.48370927318295737,0.8673913043478261,460,15
overall,MIXED,16.14,TOP,rune,9111,凱旋,397,206,191,0.5188916876574308,0.5704022988505747,696,15
overall,MIXED,16.16,ALL,rune,8444,息継ぎ,396,200,196,0.5050505050505051,0.11891891891891893,3330,15
overall,MIXED,16.14,BOTTOM,shard,5005,UNKNOWN(5005),396,191,205,0.4823232323232323,0.5689655172413793,696,15
overall,MIXED,16.17,UTILITY,rune,8226,マナフローバンド,395,201,194,0.5088607594936709,0.39186507936507936,1008,15
overall,MIXED,16.15,BOTTOM,rune,8009,冷静沈着,395,189,206,0.47848101265822784,0.4782082324455206,826,15
overall,MIXED,15.7,ALL,shard,5008,UNKNOWN(5008),393,198,195,0.5038167938931297,0.8543478260869565,460,15
overall,MIXED,15.24,ALL,rune,8210,至高,393,192,201,0.48854961832061067,0.22982456140350876,1710,15
overall,MIXED,14.20,ALL,shard,5008,UNKNOWN(5008),392,192,200,0.4897959183673469,0.8521739130434782,460,15
overall,MIXED,16.18,ALL,shard,5011,UNKNOWN(5011),392,183,209,0.46683673469387754,0.23333333333333334,1680,15
overall,MIXED,15.14,ALL,shard,5001,UNKNOWN(5001),389,199,190,0.5115681233933161,0.8456521739130435,460,15
overall,MIXED,15.24,ALL,rune,8014,最期の慈悲,389,199,190,0.5115681233933161,0.22748538011695907,1710,15
overall,MIXED,16.17,ALL,rune,8126,追い打ち,389,193,196,0.4961439588688946,0.07718253968253969,5040,15
overall,MIXED,16.17,TOP,keystone,8010,征服者,386,208,178,0.538860103626943,0.38293650793650796,1008,15
overall,MIXED,16.18,ALL,rune,8210,至高,386,181,205,0.4689119170984456,0.22976190476190475,1680,15
overall,MIXED,16.13,BOTTOM,shard,5005,UNKNOWN(5005),384,180,204,0.46875,0.5835866261398176,658,15
overall,MIXED,16.17,ALL,rune,8234,追い風,383,208,175,0.5430809399477807,0.07599206349206349,5040,15
overall,MIXED,15.18,ALL,shard,5005,UNKNOWN(5005),381,196,185,0.5144356955380578,0.5861538461538461,650,15
overall,MIXED,16.16,TOP,rune,8299,背水の陣,381,176,205,0.46194225721784776,0.5720720720720721,666,15
overall,MIXED,16.18,ALL,rune,8226,マナフローバンド,381,166,215,0.4356955380577428,0.22678571428571428,1680,15
overall,MIXED,16.17,TOP,rune,8473,ボーンアーマー,380,193,187,0.5078947368421053,0.376984126984127,1008,15
overall,MIXED,16.16,BOTTOM,rune,8009,冷静沈着,380,193,187,0.5078947368421053,0.5705705705705706,666,15
overall,MIXED,16.13,ALL,rune,8017,切り崩し,380,189,191,0.49736842105263157,0.11550151975683891,3290,15
overall,MIXED,16.2,ALL,shard,5005,UNKNOWN(5005),380,187,193,0.4921052631578947,0.5352112676056338,710,15
overall,MIXED,16.17,UTILITY,rune,8210,至高,378,191,187,0.5052910052910053,0.375,1008,15
overall,MIXED,16.17,BOTTOM,rune,8321,キャッシュバック,378,190,188,0.5026455026455027,0.375,1008,15
overall,MIXED,16.13,ALL,rune,8242,気迫,378,180,198,0.47619047619047616,0.1148936170212766,3290,15
overall,MIXED,16.14,JUNGLE,rune,9104,レジェンド: 迅速,377,188,189,0.4986737400530504,0.5416666666666666,696,15
overall,MIXED,14.19,ALL,shard,5001,UNKNOWN(5001),376,187,189,0.4973404255319149,0.8952380952380953,420,15
overall,MIXED,15.9,ALL,shard,5008,UNKNOWN(5008),376,185,191,0.4920212765957447,0.8744186046511628,430,15
overall,MIXED,16.17,JUNGLE,rune,8347,宇宙の英知,376,178,198,0.4734042553191489,0.373015873015873,1008,15
overall,MIXED,16.10,ALL,rune,9111,凱旋,374,176,198,0.47058823529411764,0.33693693693693694,1110,15
overall,MIXED,16.17,ALL,keystone,8439,アフターショック,373,180,193,0.48257372654155495,0.07400793650793651,5040,15
overall,MIXED,16.16,JUNGLE,rune,9104,レジェンド: 迅速,372,199,173,0.5349462365591398,0.5585585585585585,666,15
overall,MIXED,16.17,ALL,rune,8453,生気付与,372,198,174,0.532258064516129,0.07380952380952381,5040,15
overall,MIXED,16.16,ALL,rune,8143,サドンインパクト,371,196,175,0.5283018867924528,0.1114114114114114,3330,15
overall,MIXED,16.14,ALL,keystone,8229,秘儀の彗星,371,192,179,0.5175202156334232,0.10660919540229885,3480,15
overall,MIXED,16.6,ALL,shard,5005,UNKNOWN(5005),371,181,190,0.48787061994609165,0.4881578947368421,760,15
overall,MIXED,15.22,ALL,shard,5005,UNKNOWN(5005),371,179,192,0.48247978436657685,0.5621212121212121,660,15
overall,MIXED,16.17,UTILITY,rune,8242,気迫,370,173,197,0.46756756756756757,0.36706349206349204,1008,15
overall,MIXED,16.18,ALL,rune,8299,背水の陣,369,199,170,0.5392953929539296,0.21964285714285714,1680,15
overall,MIXED,16.17,ALL,rune,8463,生命の泉,369,196,173,0.5311653116531165,0.07321428571428572,5040,15
overall,MIXED,16.17,UTILITY,rune,8345,ビスケットデリバリー,369,193,176,0.5230352303523035,0.36607142857142855,1008,15
overall,MIXED,16.17,BOTTOM,rune,8345,ビスケットデリバリー,368,174,194,0.47282608695652173,0.36507936507936506,1008,15
overall,MIXED,16.13,TOP,rune,9111,凱旋,367,183,184,0.4986376021798365,0.5577507598784195,658,15
overall,MIXED,16.8,ALL,shard,5005,UNKNOWN(5005),367,181,186,0.49318801089918257,0.5242857142857142,700,15
overall,MIXED,16.11,ALL,rune,9111,凱旋,366,184,182,0.5027322404371585,0.3101694915254237,1180,15
overall,MIXED,16.14,ALL,rune,8234,追い風,365,208,157,0.5698630136986301,0.10488505747126436,3480,15
overall,MIXED,14.19,ALL,shard,5008,UNKNOWN(5008),365,183,182,0.5013698630136987,0.8690476190476191,420,15
overall,MIXED,15.24,ALL,rune,8299,背水の陣,363,196,167,0.5399449035812672,0.21228070175438596,1710,15
overall,MIXED,15.19,ALL,rune,9111,凱旋,363,183,180,0.5041322314049587,0.31565217391304345,1150,15
overall,MIXED,16.13,TOP,shard,5005,UNKNOWN(5005),362,183,179,0.505524861878453,0.5501519756838906,658,15
overall,MIXED,16.15,ALL,rune,8135,貪欲な賞金首狩り,360,172,188,0.4777777777777778,0.08716707021791767,4130,15
overall,MIXED,16.17,TOP,rune,8451,超成長,359,181,178,0.5041782729805014,0.35615079365079366,1008,15
overall,MIXED,15.8,ALL,shard,5005,UNKNOWN(5005),359,179,180,0.4986072423398329,0.5523076923076923,650,15
overall,MIXED,16.15,ALL,rune,8321,キャッシュバック,359,166,193,0.4623955431754875,0.08692493946731235,4130,15
overall,MIXED,15.9,ALL,shard,5001,UNKNOWN(5001),358,177,181,0.49441340782122906,0.8325581395348837,430,15
overall,MIXED,15.15,ALL,shard,5008,UNKNOWN(5008),358,176,182,0.49162011173184356,0.8731707317073171,410,15
overall,MIXED,16.16,TOP,shard,5005,UNKNOWN(5005),357,175,182,0.49019607843137253,0.536036036036036,666,15
overall,MIXED,16.15,ALL,rune,9103,レジェンド: 血脈,356,166,190,0.46629213483146065,0.08619854721549637,4130,15
overall,MIXED,15.24,ALL,keystone,8010,征服者,355,181,174,0.5098591549295775,0.20760233918128654,1710,15
overall,MIXED,16.18,ALL,rune,8347,宇宙の英知,355,174,181,0.49014084507042255,0.2113095238095238,1680,15
overall,MIXED,16.16,BOTTOM,shard,5011,UNKNOWN(5011),355,172,183,0.48450704225352115,0.5330330330330331,666,15
overall,MIXED,16.16,BOTTOM,keystone,8008,リーサルテンポ,354,177,177,0.5,0.5315315315315315,666,15
overall,MIXED,16.14,BOTTOM,shard,5011,UNKNOWN(5011),353,175,178,0.49575070821529743,0.507183908045977,696,15
overall,MIXED,16.17,MIDDLE,rune,8237,追火,353,173,180,0.49008498583569404,0.3501984126984127,1008,15
overall,MIXED,15.24,ALL,rune,8304,魔法の靴,353,159,194,0.45042492917847027,0.2064327485380117,1710,15
overall,MIXED,15.3,ALL,shard,5008,UNKNOWN(5008),352,176,176,0.5,0.8585365853658536,410,15
overall,MIXED,15.15,ALL,shard,5001,UNKNOWN(5001),352,175,177,0.4971590909090909,0.8585365853658536,410,15
overall,MIXED,16.13,ALL,rune,8234,追い風,351,176,175,0.5014245014245015,0.1066869300911854,3290,15
overall,MIXED,16.14,MIDDLE,rune,8226,マナフローバンド,350,169,181,0.4828571428571429,0.5028735632183908,696,15
overall,MIXED,15.3,ALL,shard,5001,UNKNOWN(5001),349,175,174,0.501432664756447,0.8512195121951219,410,15
overall,MIXED,16.15,ALL,keystone,8112,電撃,348,161,187,0.46264367816091956,0.08426150121065375,4130,15
overall,MIXED,16.13,BOTTOM,rune,8009,冷静沈着,347,165,182,0.4755043227665706,0.5273556231003039,658,15
overall,MIXED,16.16,BOTTOM,rune,9103,レジェンド: 血脈,345,168,177,0.48695652173913045,0.5180180180180181,666,15
overall,MIXED,16.14,MIDDLE,rune,8210,至高,344,162,182,0.47093023255813954,0.4942528735632184,696,15
overall,MIXED,16.13,JUNGLE,rune,9104,レジェンド: 迅速,343,170,173,0.4956268221574344,0.5212765957446809,658,15
overall,MIXED,16.13,ALL,keystone,8992,死神の残り火,342,196,146,0.5730994152046783,0.10395136778115502,3290,15
overall,MIXED,15.20,ALL,shard,5005,UNKNOWN(5005),342,175,167,0.5116959064327485,0.5181818181818182,660,15
overall,MIXED,16.13,BOTTOM,shard,5001,UNKNOWN(5001),342,172,170,0.5029239766081871,0.5197568389057751,658,15
overall,MIXED,15.24,ALL,rune,8009,冷静沈着,341,168,173,0.49266862170087977,0.19941520467836257,1710,15
overall,MIXED,16.17,JUNGLE,keystone,8010,征服者,341,167,174,0.4897360703812317,0.3382936507936508,1008,15
overall,MIXED,16.13,ALL,keystone,8229,秘儀の彗星,340,179,161,0.5264705882352941,0.1033434650455927,3290,15
overall,MIXED,15.24,BOTTOM,shard,5008,UNKNOWN(5008),340,170,170,0.5,0.9970674486803519,341,15
overall,MIXED,16.17,ALL,rune,8135,貪欲な賞金首狩り,340,170,170,0.5,0.06746031746031746,5040,15
overall,MIXED,16.15,TOP,keystone,8010,征服者,339,184,155,0.5427728613569321,0.41041162227602906,826,15
overall,MIXED,16.13,MIDDLE,rune,8210,至高,339,184,155,0.5427728613569321,0.5151975683890577,658,15
overall,MIXED,16.18,ALL,rune,8304,魔法の靴,339,170,169,0.5014749262536873,0.2017857142857143,1680,15
overall,MIXED,16.11,ALL,rune,9104,レジェンド: 迅速,339,168,171,0.49557522123893805,0.28728813559322036,1180,15
overall,MIXED,16.15,ALL,rune,8401,シールドバッシュ,339,167,172,0.49262536873156343,0.08208232445520582,4130,15
overall,MIXED,16.15,UTILITY,rune,8226,マナフローバンド,339,161,178,0.4749262536873156,0.41041162227602906,826,15
overall,MIXED,16.15,ALL,rune,8234,追い風,338,179,159,0.5295857988165681,0.08184019370460048,4130,15
overall,MIXED,16.14,BOTTOM,shard,5001,UNKNOWN(5001),338,170,168,0.5029585798816568,0.48563218390804597,696,15
overall,MIXED,16.14,MIDDLE,shard,5005,UNKNOWN(5005),338,166,172,0.4911242603550296,0.48563218390804597,696,15
overall,MIXED,16.13,MIDDLE,rune,8226,マナフローバンド,337,179,158,0.5311572700296736,0.5121580547112462,658,15
overall,MIXED,16.17,JUNGLE,rune,8014,最期の慈悲,337,175,162,0.5192878338278932,0.3343253968253968,1008,15
overall,MIXED,16.15,JUNGLE,rune,8304,魔法の靴,336,173,163,0.5148809523809523,0.4067796610169492,826,15
overall,MIXED,16.14,BOTTOM,rune,8009,冷静沈着,336,171,165,0.5089285714285714,0.4827586206896552,696,15
overall,MIXED,16.14,ALL,rune,8242,気迫,334,162,172,0.48502994011976047,0.09597701149425288,3480,15
overall,MIXED,16.15,BOTTOM,rune,8345,ビスケットデリバリー,334,160,174,0.47904191616766467,0.4043583535108959,826,15
overall,MIXED,16.15,BOTTOM,keystone,8008,リーサルテンポ,333,161,172,0.48348348348348347,0.40314769975786924,826,15
overall,MIXED,16.14,ALL,rune,8444,息継ぎ,333,155,178,0.46546546546546547,0.09568965517241379,3480,15
overall,MIXED,16.11,ALL,rune,8226,マナフローバンド,331,176,155,0.5317220543806647,0.2805084745762712,1180,15
overall,MIXED,15.24,MIDDLE,shard,5008,UNKNOWN(5008),330,167,163,0.5060606060606061,0.9649122807017544,342,15
overall,MIXED,16.18,BOTTOM,shard,5008,UNKNOWN(5008),330,165,165,0.5,0.9821428571428571,336,15
overall,MIXED,16.17,UTILITY,rune,8463,生命の泉,329,172,157,0.5227963525835866,0.3263888888888889,1008,15
overall,MIXED,16.15,UTILITY,rune,8347,宇宙の英知,327,164,163,0.5015290519877675,0.39588377723970947,826,15
overall,MIXED,16.16,TOP,rune,9111,凱旋,327,154,173,0.4709480122324159,0.49099099099099097,666,15
overall,MIXED,16.17,TOP,rune,9104,レジェンド: 迅速,326,175,151,0.5368098159509203,0.32341269841269843,1008,15
overall,MIXED,16.14,JUNGLE,rune,8304,魔法の靴,326,161,165,0.4938650306748466,0.46839080459770116,696,15
overall,MIXED,15.24,ALL,rune,8473,ボーンアーマー,325,160,165,0.49230769230769234,0.19005847953216373,1710,15
overall,MIXED,16.14,ALL,keystone,8112,電撃,325,155,170,0.47692307692307695,0.09339080459770115,3480,15
overall,MIXED,16.13,ALL,rune,8444,息継ぎ,324,172,152,0.5308641975308642,0.09848024316109423,3290,15
overall,MIXED,16.16,ALL,keystone,8229,秘儀の彗星,324,169,155,0.5216049382716049,0.0972972972972973,3330,15
overall,MIXED,16.18,ALL,rune,8473,ボーンアーマー,322,164,158,0.5093167701863354,0.19166666666666668,1680,15
overall,MIXED,16.13,ALL,keystone,8112,電撃,321,152,169,0.4735202492211838,0.09756838905775075,3290,15
overall,MIXED,16.17,ALL,keystone,8437,不死者の握撃,320,171,149,0.534375,0.06349206349206349,5040,15
overall,MIXED,15.24,JUNGLE,shard,5001,UNKNOWN(5001),319,164,155,0.5141065830721003,0.9327485380116959,342,15
overall,MIXED,16.17,MIDDLE,rune,8140,グリスリー メメント,319,162,157,0.5078369905956113,0.31646825396825395,1008,15
overall,MIXED,16.17,MIDDLE,keystone,8112,電撃,319,160,159,0.5015673981191222,0.31646825396825395,1008,15
overall,MIXED,16.15,UTILITY,shard,5007,UNKNOWN(5007),319,150,169,0.4702194357366771,0.38619854721549635,826,15
overall,MIXED,16.10,ALL,rune,8226,マナフローバンド,318,161,157,0.5062893081761006,0.2864864864864865,1110,15
overall,MIXED,16.16,MIDDLE,rune,8226,マナフローバンド,317,156,161,0.4921135646687697,0.47597597597597596,666,15
overall,MIXED,16.18,MIDDLE,shard,5008,UNKNOWN(5008),317,155,162,0.4889589905362776,0.9434523809523809,336,15
overall,MIXED,16.15,UTILITY,rune,8210,至高,317,152,165,0.4794952681388013,0.3837772397094431,826,15
overall,MIXED,16.16,MIDDLE,rune,8210,至高,316,157,159,0.49683544303797467,0.4744744744744745,666,15
overall,MIXED,16.17,UTILITY,keystone,8439,アフターショック,316,152,164,0.4810126582278481,0.3134920634920635,1008,15
overall,MIXED,15.24,ALL,shard,5011,UNKNOWN(5011),315,156,159,0.49523809523809526,0.18421052631578946,1710,15
overall,MIXED,16.18,ALL,rune,8345,ビスケットデリバリー,315,154,161,0.4888888888888889,0.1875,1680,15
overall,MIXED,15.23,ALL,shard,5005,UNKNOWN(5005),314,166,148,0.5286624203821656,0.5413793103448276,580,15
overall,MIXED,15.11,ALL,shard,5005,UNKNOWN(5005),314,159,155,0.5063694267515924,0.5924528301886792,530,15
overall,MIXED,16.17,TOP,rune,8444,息継ぎ,314,151,163,0.48089171974522293,0.3115079365079365,1008,15
overall,MIXED,16.15,UTILITY,rune,8473,ボーンアーマー,312,160,152,0.5128205128205128,0.37772397094430993,826,15
overall,MIXED,15.24,JUNGLE,shard,5008,UNKNOWN(5008),312,158,154,0.5064102564102564,0.9122807017543859,342,15
overall,MIXED,16.17,ALL,keystone,8005,プレスアタック,312,157,155,0.5032051282051282,0.06190476190476191,5040,15
overall,MIXED,16.17,BOTTOM,rune,8014,最期の慈悲,312,157,155,0.5032051282051282,0.30952380952380953,1008,15
overall,MIXED,16.14,ALL,keystone,8992,死神の残り火,310,167,143,0.5387096774193548,0.08908045977011494,3480,15
overall,MIXED,16.18,JUNGLE,shard,5001,UNKNOWN(5001),310,159,151,0.5129032258064516,0.9226190476190477,336,15
overall,MIXED,15.19,ALL,rune,9104,レジェンド: 迅速,310,159,151,0.5129032258064516,0.26956521739130435,1150,15
overall,MIXED,16.13,BOTTOM,shard,5011,UNKNOWN(5011),310,156,154,0.5032258064516129,0.47112462006079026,658,15
overall,MIXED,16.13,UTILITY,rune,8226,マナフローバンド,309,161,148,0.5210355987055016,0.4703196347031963,657,15
overall,MIXED,16.13,ALL,rune,9103,レジェンド: 血脈,309,146,163,0.47249190938511326,0.0939209726443769,3290,15
overall,MIXED,16.14,ALL,rune,8321,キャッシュバック,308,158,150,0.512987012987013,0.08850574712643679,3480,15
overall,MIXED,16.14,JUNGLE,rune,8347,宇宙の英知,308,154,154,0.5,0.4425287356321839,696,15
overall,MIXED,16.16,BOTTOM,shard,5001,UNKNOWN(5001),307,158,149,0.5146579804560261,0.46096096096096095,666,15
overall,MIXED,15.16,ALL,shard,5005,UNKNOWN(5005),307,150,157,0.48859934853420195,0.5685185185185185,540,15
overall,MIXED,16.14,UTILITY,rune,8226,マナフローバンド,306,155,151,0.5065359477124183,0.4396551724137931,696,15
overall,MIXED,16.15,TOP,rune,9104,レジェンド: 迅速,306,137,169,0.4477124183006536,0.3704600484261501,826,15
overall,MIXED,16.18,JUNGLE,shard,5008,UNKNOWN(5008),305,150,155,0.4918032786885246,0.9077380952380952,336,15
overall,MIXED,16.17,TOP,rune,9105,レジェンド: ヘイスト,305,148,157,0.4852459016393443,0.30257936507936506,1008,15
overall,MIXED,16.14,JUNGLE,keystone,8010,征服者,304,146,158,0.48026315789473684,0.4367816091954023,696,15
overall,MIXED,16.10,ALL,rune,8210,至高,303,157,146,0.5181518151815182,0.27297297297297296,1110,15
overall,MIXED,16.15,JUNGLE,rune,8347,宇宙の英知,303,148,155,0.4884488448844885,0.3668280871670702,826,15
overall,MIXED,16.16,MIDDLE,shard,5005,UNKNOWN(5005),303,146,157,0.48184818481848185,0.45495495495495497,666,15
overall,MIXED,15.21,ALL,shard,5005,UNKNOWN(5005),302,153,149,0.5066225165562914,0.511864406779661,590,15
overall,MIXED,16.15,BOTTOM,rune,9103,レジェンド: 血脈,302,141,161,0.46688741721854304,0.36561743341404357,826,15
overall,MIXED,16.14,BOTTOM,rune,8345,ビスケットデリバリー,301,151,150,0.5016611295681063,0.4324712643678161,696,15
overall,MIXED,16.14,UTILITY,rune,8210,至高,301,148,153,0.49169435215946844,0.4324712643678161,696,15
overall,MIXED,16.16,UTILITY,rune,8226,マナフローバンド,301,146,155,0.4850498338870432,0.4519519519519519,666,15
overall,MIXED,15.24,TOP,shard,5001,UNKNOWN(5001),300,145,155,0.48333333333333334,0.8771929824561403,342,15
overall,MIXED,16.15,BOTTOM,rune,8017,切り崩し,299,141,158,0.47157190635451507,0.3619854721549637,826,15
overall,MIXED,16.15,TOP,rune,8451,超成長,299,140,159,0.4682274247491639,0.3619854721549637,826,15
overall,MIXED,15.13,ALL,rune,9111,凱旋,299,139,160,0.46488294314381273,0.31145833333333334,960,15
overall,MIXED,15.12,ALL,shard,5005,UNKNOWN(5005),297,148,149,0.4983164983164983,0.5823529411764706,510,15
overall,MIXED,16.13,UTILITY,rune,8210,至高,296,152,144,0.5135135135135135,0.4505327245053272,657,15
overall,MIXED,16.10,ALL,rune,9104,レジェンド: 迅速,296,142,154,0.4797297297297297,0.26666666666666666,1110,15
overall,MIXED,15.19,ALL,rune,8347,宇宙の英知,295,165,130,0.559322033898305,0.2565217391304348,1150,15
overall,MIXED,16.10,ALL,shard,5011,UNKNOWN(5011),294,143,151,0.48639455782312924,0.2648648648648649,1110,15
overall,MIXED,16.11,ALL,rune,8210,至高,293,149,144,0.5085324232081911,0.2483050847457627,1180,15
overall,MIXED,16.12,ALL,rune,9111,凱旋,293,143,150,0.4880546075085324,0.3292134831460674,890,15
overall,MIXED,16.16,ALL,rune,8321,キャッシュバック,293,141,152,0.4812286689419795,0.08798798798798799,3330,15
overall,MIXED,16.15,JUNGLE,keystone,8010,征服者,291,146,145,0.5017182130584192,0.3523002421307506,826,15
overall,MIXED,16.16,UTILITY,shard,5007,UNKNOWN(5007),291,142,149,0.4879725085910653,0.4369369369369369,666,15
overall,MIXED,16.17,BOTTOM,rune,8236,強まる嵐,290,156,134,0.5379310344827586,0.2876984126984127,1008,15
overall,MIXED,15.24,MIDDLE,shard,5001,UNKNOWN(5001),290,153,137,0.5275862068965518,0.847953216374269,342,15
overall,MIXED,16.17,ALL,keystone,8992,死神の残り火,290,148,142,0.5103448275862069,0.057539682539682536,5040,15
overall,MIXED,16.11,ALL,rune,8347,宇宙の英知,290,142,148,0.4896551724137931,0.2457627118644068,1180,15
overall,MIXED,16.14,ALL,rune,8401,シールドバッシュ,290,141,149,0.4862068965517241,0.08333333333333333,3480,15
overall,MIXED,16.16,ALL,rune,8401,シールドバッシュ,289,152,137,0.5259515570934256,0.0867867867867868,3330,15
overall,MIXED,16.18,ALL,keystone,8010,征服者,289,150,139,0.5190311418685121,0.17202380952380952,1680,15
overall,MIXED,15.24,TOP,shard,5008,UNKNOWN(5008),289,145,144,0.5017301038062284,0.8450292397660819,342,15
overall,MIXED,16.18,ALL,keystone,8008,リーサルテンポ,289,145,144,0.5017301038062284,0.17202380952380952,1680,15
overall,MIXED,16.16,JUNGLE,rune,8304,魔法の靴,289,144,145,0.4982698961937716,0.4339339339339339,666,15
overall,MIXED,16.14,UTILITY,shard,5007,UNKNOWN(5007),288,138,150,0.4791666666666667,0.41379310344827586,696,15
overall,MIXED,16.15,ALL,rune,8126,追い打ち,286,141,145,0.493006993006993,0.0692493946731235,4130,15
overall,MIXED,15.24,UTILITY,shard,5001,UNKNOWN(5001),286,140,146,0.48951048951048953,0.8362573099415205,342,15
overall,MIXED,16.13,BOTTOM,keystone,8008,リーサルテンポ,286,137,149,0.479020979020979,0.43465045592705165,658,15
overall,MIXED,16.14,BOTTOM,keystone,8008,リーサルテンポ,286,133,153,0.46503496503496505,0.4109195402298851,696,15
overall,MIXED,16.15,UTILITY,rune,8345,ビスケットデリバリー,285,141,144,0.49473684210526314,0.3450363196125908,826,15
overall,MIXED,15.19,ALL,rune,8304,魔法の靴,284,147,137,0.5176056338028169,0.24695652173913044,1150,15
overall,MIXED,16.13,JUNGLE,rune,8304,魔法の靴,284,144,140,0.5070422535211268,0.4316109422492401,658,15
overall,MIXED,16.16,UTILITY,rune,8210,至高,282,141,141,0.5,0.42342342342342343,666,15
overall,MIXED,16.16,ALL,keystone,8112,電撃,282,141,141,0.5,0.08468468468468468,3330,15
overall,MIXED,16.18,ALL,rune,9105,レジェンド: ヘイスト,282,132,150,0.46808510638297873,0.16785714285714284,1680,15
overall,MIXED,16.18,TOP,shard,5008,UNKNOWN(5008),281,147,134,0.5231316725978647,0.8363095238095238,336,15
overall,MIXED,16.15,MIDDLE,rune,8237,追火,281,135,146,0.4804270462633452,0.34019370460048426,826,15
overall,MIXED,16.16,BOTTOM,rune,8017,切り崩し,281,134,147,0.47686832740213525,0.4219219219219219,666,15
overall,MIXED,16.13,ALL,rune,8321,キャッシュバック,280,141,139,0.5035714285714286,0.0851063829787234,3290,15
overall,MIXED,16.16,JUNGLE,rune,8347,宇宙の英知,279,143,136,0.5125448028673835,0.4189189189189189,666,15
overall,MIXED,16.18,ALL,rune,8014,最期の慈悲,279,140,139,0.5017921146953405,0.16607142857142856,1680,15
overall,MIXED,15.7,ALL,shard,5005,UNKNOWN(5005),279,137,142,0.4910394265232975,0.6065217391304348,460,15
overall,MIXED,16.17,ALL,rune,8313,トリプル トニック,279,134,145,0.48028673835125446,0.055357142857142855,5040,15
overall,MIXED,16.14,ALL,rune,9103,レジェンド: 血脈,279,134,145,0.48028673835125446,0.08017241379310344,3480,15
overall,MIXED,16.17,JUNGLE,rune,8143,サドンインパクト,277,149,128,0.5379061371841155,0.2748015873015873,1008,15
overall,MIXED,16.13,UTILITY,shard,5007,UNKNOWN(5007),277,142,135,0.5126353790613718,0.4216133942161339,657,15
overall,MIXED,16.4,ALL,shard,5005,UNKNOWN(5005),277,141,136,0.5090252707581228,0.5226415094339623,530,15
overall,MIXED,16.15,BOTTOM,rune,8226,マナフローバンド,276,149,127,0.5398550724637681,0.3341404358353511,826,15
overall,MIXED,16.14,ALL,rune,8135,貪欲な賞金首狩り,276,141,135,0.5108695652173914,0.07931034482758621,3480,15
overall,MIXED,16.15,TOP,rune,8473,ボーンアーマー,276,139,137,0.5036231884057971,0.3341404358353511,826,15
overall,MIXED,16.14,TOP,keystone,8010,征服者,276,136,140,0.4927536231884058,0.39655172413793105,696,15
overall,MIXED,16.17,UTILITY,rune,8237,追火,275,134,141,0.48727272727272725,0.2728174603174603,1008,15
overall,MIXED,16.15,TOP,rune,8444,息継ぎ,274,129,145,0.4708029197080292,0.33171912832929784,826,15
overall,MIXED,16.15,ALL,keystone,8992,死神の残り火,273,147,126,0.5384615384615384,0.06610169491525424,4130,15
overall,MIXED,16.16,ALL,rune,8234,追い風,273,132,141,0.4835164835164835,0.08198198198198198,3330,15
overall,MIXED,16.10,ALL,rune,8347,宇宙の英知,273,123,150,0.45054945054945056,0.24594594594594596,1110,15
overall,MIXED,15.19,ALL,rune,8014,最期の慈悲,272,147,125,0.5404411764705882,0.23652173913043478,1150,15
overall,MIXED,16.15,ALL,keystone,8437,不死者の握撃,272,141,131,0.5183823529411765,0.06585956416464891,4130,15
overall,MIXED,15.24,JUNGLE,rune,9111,凱旋,272,141,131,0.5183823529411765,0.7953216374269005,342,15
overall,MIXED,16.18,MIDDLE,shard,5001,UNKNOWN(5001),272,135,137,0.4963235294117647,0.8095238095238095,336,15
overall,MIXED,15.24,ALL,rune,9105,レジェンド: ヘイスト,271,138,133,0.5092250922509225,0.1584795321637427,1710,15
overall,MIXED,15.24,ALL,rune,8237,追火,271,135,136,0.4981549815498155,0.1584795321637427,1710,15
overall,MIXED,16.15,UTILITY,rune,8242,気迫,270,142,128,0.5259259259259259,0.3268765133171913,826,15
overall,MIXED,15.17,ALL,rune,9111,凱旋,270,128,142,0.4740740740740741,0.3333333333333333,810,15
overall,MIXED,16.13,MIDDLE,shard,5005,UNKNOWN(5005),269,132,137,0.49070631970260226,0.4088145896656535,658,15
overall,MIXED,16.14,TOP,rune,9104,レジェンド: 迅速,269,132,137,0.49070631970260226,0.3864942528735632,696,15
overall,MIXED,16.14,JUNGLE,rune,8014,最期の慈悲,269,129,140,0.4795539033457249,0.3864942528735632,696,15
overall,MIXED,16.18,ALL,rune,8237,追火,269,129,140,0.4795539033457249,0.1601190476190476,1680,15
overall,MIXED,16.17,JUNGLE,rune,8299,背水の陣,269,126,143,0.4684014869888476,0.26686507936507936,1008,15
overall,MIXED,16.17,JUNGLE,rune,9105,レジェンド: ヘイスト,268,139,129,0.5186567164179104,0.26587301587301587,1008,15
overall,MIXED,16.5,ALL,rune,9111,凱旋,268,138,130,0.5149253731343284,0.3308641975308642,810,15
overall,MIXED,16.13,BOTTOM,rune,9103,レジェンド: 血脈,268,127,141,0.47388059701492535,0.4072948328267477,658,15
overall,MIXED,16.13,ALL,rune,8126,追い打ち,268,125,143,0.4664179104477612,0.08145896656534954,3290,15
overall,MIXED,16.18,UTILITY,shard,5001,UNKNOWN(5001),267,140,127,0.5243445692883895,0.7946428571428571,336,15
overall,MIXED,15.19,ALL,rune,8210,至高,267,131,136,0.49063670411985016,0.23217391304347826,1150,15
overall,MIXED,16.18,ALL,rune,8009,冷静沈着,266,141,125,0.5300751879699248,0.15833333333333333,1680,15
overall,MIXED,16.18,TOP,shard,5001,UNKNOWN(5001),266,132,134,0.49624060150375937,0.7916666666666666,336,15
overall,MIXED,16.16,JUNGLE,keystone,8010,征服者,265,132,133,0.4981132075471698,0.3978978978978979,666,15
overall,MIXED,16.15,JUNGLE,rune,8014,最期の慈悲,265,132,133,0.4981132075471698,0.32082324455205813,826,15
overall,MIXED,15.19,ALL,rune,8345,ビスケットデリバリー,265,130,135,0.49056603773584906,0.23043478260869565,1150,15
overall,MIXED,16.3,ALL,rune,9111,凱旋,264,122,142,0.4621212121212121,0.3,880,15
overall,MIXED,16.13,JUNGLE,keystone,8010,征服者,263,133,130,0.5057034220532319,0.39969604863221886,658,15
overall,MIXED,16.16,BOTTOM,rune,8345,ビスケットデリバリー,263,128,135,0.4866920152091255,0.3948948948948949,666,15
overall,MIXED,16.11,ALL,shard,5011,UNKNOWN(5011),262,136,126,0.5190839694656488,0.22203389830508474,1180,15
overall,MIXED,14.22,ALL,shard,5008,UNKNOWN(5008),262,130,132,0.4961832061068702,0.903448275862069,290,15
overall,MIXED,15.19,ALL,rune,8226,マナフローバンド,262,128,134,0.48854961832061067,0.22782608695652173,1150,15
overall,MIXED,16.15,UTILITY,rune,8237,追火,262,127,135,0.4847328244274809,0.3171912832929782,826,15
overall,MIXED,16.13,JUNGLE,rune,8347,宇宙の英知,261,124,137,0.47509578544061304,0.3966565349544073,658,15
overall,MIXED,16.17,BOTTOM,rune,9111,凱旋,260,125,135,0.4807692307692308,0.25793650793650796,1008,15
overall,MIXED,16.18,JUNGLE,rune,9111,凱旋,260,123,137,0.47307692307692306,0.7738095238095238,336,15
overall,MIXED,16.15,ALL,keystone,8439,アフターショック,259,135,124,0.5212355212355212,0.06271186440677966,4130,15
overall,MIXED,15.14,ALL,shard,5005,UNKNOWN(5005),259,122,137,0.47104247104247104,0.5630434782608695,460,15
overall,MIXED,16.14,ALL,rune,8126,追い打ち,258,126,132,0.4883720930232558,0.07413793103448275,3480,15
overall,MIXED,16.15,MIDDLE,keystone,8112,電撃,257,125,132,0.48638132295719844,0.31113801452784506,826,15
overall,MIXED,15.9,ALL,shard,5005,UNKNOWN(5005),257,117,140,0.45525291828793774,0.5976744186046512,430,15
overall,MIXED,16.15,BOTTOM,rune,8014,最期の慈悲,256,124,132,0.484375,0.3099273607748184,826,15
overall,MIXED,16.9,ALL,rune,9111,凱旋,256,123,133,0.48046875,0.3240506329113924,790,15
overall,MIXED,16.16,ALL,rune,8126,追い打ち,254,123,131,0.484251968503937,0.07627627627627627,3330,15
overall,MIXED,15.24,ALL,rune,8451,超成長,253,126,127,0.4980237154150198,0.147953216374269,1710,15
overall,MIXED,15.19,ALL,rune,8009,冷静沈着,253,124,129,0.4901185770750988,0.22,1150,15
overall,MIXED,16.15,ALL,rune,8463,生命の泉,252,144,108,0.5714285714285714,0.061016949152542375,4130,15
overall,MIXED,16.14,UTILITY,rune,8347,宇宙の英知,252,126,126,0.5,0.3620689655172414,696,15
overall,MIXED,14.20,ALL,shard,5005,UNKNOWN(5005),252,121,131,0.4801587301587302,0.5478260869565217,460,15
overall,MIXED,15.24,ALL,rune,8106,至極の賞金首狩り,251,131,120,0.5219123505976095,0.14678362573099416,1710,15
overall,MIXED,16.15,ALL,rune,8453,生気付与,250,128,122,0.512,0.06053268765133172,4130,15
overall,MIXED,16.6,ALL,rune,9111,凱旋,250,124,126,0.496,0.32894736842105265,760,15
overall,MIXED,16.14,BOTTOM,rune,8017,切り崩し,250,115,135,0.46,0.35919540229885055,696,15
overall,MIXED,16.13,ALL,rune,8135,貪欲な賞金首狩り,250,108,142,0.432,0.07598784194528875,3290,15
overall,MIXED,16.16,UTILITY,rune,8347,宇宙の英知,249,123,126,0.4939759036144578,0.3738738738738739,666,15
overall,MIXED,16.13,MIDDLE,rune,8237,追火,248,139,109,0.5604838709677419,0.3768996960486322,658,15
overall,MIXED,16.14,MIDDLE,rune,8237,追火,248,129,119,0.5201612903225806,0.3563218390804598,696,15
overall,MIXED,14.21,ALL,shard,5008,UNKNOWN(5008),248,122,126,0.49193548387096775,0.8857142857142857,280,15
overall,MIXED,15.13,ALL,rune,8345,ビスケットデリバリー,247,126,121,0.5101214574898786,0.25729166666666664,960,15
overall,MIXED,16.16,JUNGLE,rune,8014,最期の慈悲,247,126,121,0.5101214574898786,0.3708708708708709,666,15
overall,MIXED,15.13,ALL,rune,9104,レジェンド: 迅速,247,125,122,0.5060728744939271,0.25729166666666664,960,15
overall,MIXED,14.22,ALL,shard,5001,UNKNOWN(5001),247,124,123,0.5020242914979757,0.8517241379310345,290,15
overall,MIXED,16.18,ALL,rune,8451,超成長,247,124,123,0.5020242914979757,0.14702380952380953,1680,15
overall,MIXED,16.17,BOTTOM,rune,9104,レジェンド: 迅速,247,120,127,0.48582995951417,0.24503968253968253,1008,15
overall,MIXED,16.13,ALL,shard,5010,UNKNOWN(5010),246,135,111,0.5487804878048781,0.07477203647416414,3290,15
overall,MIXED,14.21,ALL,shard,5001,UNKNOWN(5001),246,120,126,0.4878048780487805,0.8785714285714286,280,15
overall,MIXED,16.15,JUNGLE,rune,8143,サドンインパクト,246,117,129,0.47560975609756095,0.29782082324455206,826,15
overall,MIXED,16.11,ALL,rune,8014,最期の慈悲,245,130,115,0.5306122448979592,0.2076271186440678,1180,15
overall,MIXED,16.17,ALL,rune,8233,英気集中,245,127,118,0.5183673469387755,0.04861111111111111,5040,15
overall,MIXED,16.14,UTILITY,rune,8473,ボーンアーマー,244,129,115,0.5286885245901639,0.3505747126436782,696,15
overall,MIXED,15.24,ALL,shard,5007,UNKNOWN(5007),244,116,128,0.47540983606557374,0.14269005847953217,1710,15
overall,MIXED,16.12,ALL,rune,9104,レジェンド: 迅速,244,116,128,0.47540983606557374,0.27415730337078653,890,15
overall,MIXED,16.11,ALL,rune,8304,魔法の靴,243,129,114,0.5308641975308642,0.2059322033898305,1180,15
overall,MIXED,15.4,ALL,shard,5008,UNKNOWN(5008),242,123,119,0.5082644628099173,0.8962962962962963,270,15
overall,MIXED,16.14,BOTTOM,rune,9103,レジェンド: 血脈,242,121,121,0.5,0.34770114942528735,696,15
overall,MIXED,16.12,ALL,rune,8226,マナフローバンド,242,118,124,0.48760330578512395,0.27191011235955054,890,15
overall,MIXED,16.15,MIDDLE,rune,8140,グリスリー メメント,242,115,127,0.47520661157024796,0.2929782082324455,826,15
overall,MIXED,16.17,ALL,rune,8275,ニンバスクローク,242,114,128,0.47107438016528924,0.04801587301587302,5040,15
overall,MIXED,16.8,ALL,rune,9111,凱旋,240,131,109,0.5458333333333333,0.34285714285714286,700,15
overall,MIXED,16.13,BOTTOM,rune,8345,ビスケットデリバリー,240,124,116,0.5166666666666667,0.364741641337386,658,15
overall,MIXED,16.18,BOTTOM,shard,5005,UNKNOWN(5005),240,123,117,0.5125,0.7142857142857143,336,15
overall,MIXED,16.14,MIDDLE,keystone,8112,電撃,240,109,131,0.45416666666666666,0.3448275862068966,696,15
overall,MIXED,15.13,ALL,rune,8014,最期の慈悲,239,124,115,0.5188284518828452,0.24895833333333334,960,15
overall,MIXED,15.24,ALL,rune,8140,グリスリー メメント,238,127,111,0.5336134453781513,0.1391812865497076,1710,15
overall,MIXED,15.3,ALL,shard,5005,UNKNOWN(5005),238,115,123,0.4831932773109244,0.5804878048780487,410,15
overall,MIXED,16.11,ALL,rune,8009,冷静沈着,238,115,123,0.4831932773109244,0.2016949152542373,1180,15
overall,MIXED,16.17,ALL,rune,9101,体力吸収,238,111,127,0.46638655462184875,0.04722222222222222,5040,15
overall,MIXED,16.1,ALL,rune,9111,凱旋,238,111,127,0.46638655462184875,0.3090909090909091,770,15
overall,MIXED,16.10,ALL,rune,8237,追火,237,125,112,0.5274261603375527,0.21351351351351353,1110,15
overall,MIXED,15.15,ALL,shard,5005,UNKNOWN(5005),237,117,120,0.4936708860759494,0.5780487804878048,410,15
overall,MIXED,16.18,ALL,rune,8017,切り崩し,237,117,120,0.4936708860759494,0.14107142857142857,1680,15
overall,MIXED,16.13,UTILITY,rune,8347,宇宙の英知,237,114,123,0.4810126582278481,0.3607305936073059,657,15
overall,MIXED,16.11,ALL,rune,8345,ビスケットデリバリー,237,111,126,0.46835443037974683,0.20084745762711864,1180,15
overall,MIXED,15.17,ALL,rune,9104,レジェンド: 迅速,237,106,131,0.4472573839662447,0.29259259259259257,810,15
overall,MIXED,16.7,ALL,rune,9111,凱旋,236,114,122,0.4830508474576271,0.3064935064935065,770,15
overall,MIXED,16.15,ALL,keystone,8005,プレスアタック,236,111,125,0.4703389830508475,0.05714285714285714,4130,15
overall,MIXED,16.17,MIDDLE,rune,8106,至極の賞金首狩り,235,126,109,0.5361702127659574,0.23313492063492064,1008,15
overall,MIXED,16.17,TOP,keystone,8437,不死者の握撃,235,123,112,0.5234042553191489,0.23313492063492064,1008,15
overall,MIXED,15.19,ALL,rune,8473,ボーンアーマー,235,118,117,0.502127659574468,0.20434782608695654,1150,15
overall,MIXED,16.11,BOTTOM,shard,5008,UNKNOWN(5008),235,117,118,0.4978723404255319,0.9957627118644068,236,15
overall,MIXED,16.16,ALL,rune,8135,貪欲な賞金首狩り,235,117,118,0.4978723404255319,0.07057057057057058,3330,15
overall,MIXED,15.24,ALL,rune,8236,強まる嵐,235,113,122,0.4808510638297872,0.13742690058479531,1710,15
overall,MIXED,16.14,TOP,rune,8451,超成長,235,109,126,0.46382978723404256,0.33764367816091956,696,15
overall,MIXED,16.11,ALL,rune,8299,背水の陣,235,108,127,0.4595744680851064,0.19915254237288135,1180,15
overall,MIXED,15.13,ALL,rune,8210,至高,235,108,127,0.4595744680851064,0.24479166666666666,960,15
overall,MIXED,15.2,ALL,shard,5005,UNKNOWN(5005),234,107,127,0.45726495726495725,0.508695652173913,460,15
overall,MIXED,16.16,ALL,rune,8453,生気付与,234,104,130,0.4444444444444444,0.07027027027027027,3330,15
overall,MIXED,16.17,ALL,rune,8105,執拗な賞金首狩り,233,120,113,0.5150214592274678,0.04623015873015873,5040,15
overall,MIXED,16.14,BOTTOM,rune,8226,マナフローバンド,232,117,115,0.5043103448275862,0.3333333333333333,696,15
overall,MIXED,16.16,TOP,rune,8451,超成長,232,116,116,0.5,0.3483483483483483,666,15
overall,MIXED,16.16,UTILITY,rune,8473,ボーンアーマー,232,114,118,0.49137931034482757,0.3483483483483483,666,15
overall,MIXED,16.14,ALL,rune,8453,生気付与,232,110,122,0.47413793103448276,0.06666666666666667,3480,15
overall,MIXED,16.15,BOTTOM,rune,8321,キャッシュバック,232,106,126,0.45689655172413796,0.28087167070217917,826,15
overall,MIXED,16.17,ALL,rune,8410,疾駆,231,125,106,0.5411255411255411,0.04583333333333333,5040,15
overall,MIXED,16.11,ALL,rune,8237,追火,231,121,110,0.5238095238095238,0.19576271186440677,1180,15
overall,MIXED,15.24,BOTTOM,shard,5005,UNKNOWN(5005),231,116,115,0.5021645021645021,0.6774193548387096,341,15
overall,MIXED,16.17,MIDDLE,rune,8451,超成長,231,114,117,0.4935064935064935,0.22916666666666666,1008,15
overall,MIXED,16.17,BOTTOM,rune,8304,魔法の靴,231,110,121,0.47619047619047616,0.22916666666666666,1008,15
overall,MIXED,15.19,BOTTOM,shard,5008,UNKNOWN(5008),230,115,115,0.5,1.0,230,15
overall,MIXED,16.13,JUNGLE,rune,8014,最期の慈悲,229,122,107,0.5327510917030568,0.34802431610942247,658,15
overall,MIXED,16.15,BOTTOM,rune,8236,強まる嵐,229,119,110,0.519650655021834,0.2772397094430993,826,15
overall,MIXED,15.4,ALL,shard,5001,UNKNOWN(5001),229,113,116,0.49344978165938863,0.8481481481481481,270,15
overall,MIXED,16.18,ALL,shard,5007,UNKNOWN(5007),229,113,116,0.49344978165938863,0.1363095238095238,1680,15
overall,MIXED,16.17,ALL,shard,5010,UNKNOWN(5010),229,113,116,0.49344978165938863,0.045436507936507935,5040,15
overall,MIXED,16.3,ALL,rune,8226,マナフローバンド,229,108,121,0.47161572052401746,0.26022727272727275,880,15
overall,MIXED,16.13,ALL,rune,8401,シールドバッシュ,229,104,125,0.45414847161572053,0.0696048632218845,3290,15
overall,MIXED,16.3,ALL,rune,8347,宇宙の英知,228,123,105,0.5394736842105263,0.2590909090909091,880,15
overall,MIXED,16.14,TOP,rune,8473,ボーンアーマー,228,116,112,0.5087719298245614,0.3275862068965517,696,15
overall,MIXED,15.19,ALL,rune,8299,背水の陣,228,111,117,0.4868421052631579,0.19826086956521738,1150,15
overall,MIXED,16.15,JUNGLE,rune,8140,グリスリー メメント,228,106,122,0.4649122807017544,0.27602905569007263,826,15
overall,MIXED,16.3,ALL,rune,8210,至高,228,106,122,0.4649122807017544,0.2590909090909091,880,15
overall,MIXED,16.16,TOP,keystone,8010,征服者,228,105,123,0.4605263157894737,0.34234234234234234,666,15
overall,MIXED,16.5,ALL,rune,9104,レジェンド: 迅速,227,117,110,0.5154185022026432,0.2802469135802469,810,15
overall,MIXED,16.11,MIDDLE,shard,5008,UNKNOWN(5008),227,112,115,0.4933920704845815,0.961864406779661,236,15
overall,MIXED,16.3,ALL,rune,9104,レジェンド: 迅速,227,110,117,0.4845814977973568,0.25795454545454544,880,15
overall,MIXED,16.15,BOTTOM,rune,8304,魔法の靴,226,119,107,0.5265486725663717,0.2736077481840194,826,15
overall,MIXED,16.13,ALL,rune,8453,生気付与,226,114,112,0.504424778761062,0.06869300911854104,3290,15
overall,MIXED,16.13,BOTTOM,rune,8236,強まる嵐,225,115,110,0.5111111111111111,0.34194528875379937,658,15
overall,MIXED,16.13,UTILITY,rune,8237,追火,225,112,113,0.49777777777777776,0.3424657534246575,657,15
overall,MIXED,16.16,MIDDLE,rune,8237,追火,225,110,115,0.4888888888888889,0.33783783783783783,666,15
overall,MIXED,16.13,BOTTOM,rune,8014,最期の慈悲,225,106,119,0.4711111111111111,0.34194528875379937,658,15
overall,MIXED,16.15,UTILITY,keystone,8439,アフターショック,224,120,104,0.5357142857142857,0.2711864406779661,826,15
overall,MIXED,16.10,ALL,rune,8304,魔法の靴,224,115,109,0.5133928571428571,0.2018018018018018,1110,15
overall,MIXED,15.24,TOP,shard,5005,UNKNOWN(5005),224,111,113,0.4955357142857143,0.6549707602339181,342,15
overall,MIXED,16.14,BOTTOM,rune,8236,強まる嵐,223,117,106,0.5246636771300448,0.3204022988505747,696,15
overall,MIXED,15.19,ALL,shard,5011,UNKNOWN(5011),223,116,107,0.5201793721973094,0.19391304347826088,1150,15
overall,MIXED,15.18,ALL,rune,9111,凱旋,223,111,112,0.4977578475336323,0.34307692307692306,650,15
overall,MIXED,16.12,ALL,rune,8210,至高,223,110,113,0.49327354260089684,0.250561797752809,890,15
overall,MIXED,14.19,ALL,shard,5005,UNKNOWN(5005),223,106,117,0.47533632286995514,0.530952380952381,420,15
overall,MIXED,16.7,ALL,rune,8210,至高,222,118,104,0.5315315315315315,0.2883116883116883,770,15
overall,MIXED,16.7,ALL,rune,8226,マナフローバンド,222,116,106,0.5225225225225225,0.2883116883116883,770,15
overall,MIXED,16.9,ALL,rune,8226,マナフローバンド,222,115,107,0.5180180180180181,0.2810126582278481,790,15
overall,MIXED,15.19,JUNGLE,shard,5008,UNKNOWN(5008),222,112,110,0.5045045045045045,0.961038961038961,231,15
overall,MIXED,15.20,ALL,rune,9111,凱旋,222,112,110,0.5045045045045045,0.33636363636363636,660,15
overall,MIXED,16.17,MIDDLE,rune,8143,サドンインパクト,222,111,111,0.5,0.22023809523809523,1008,15
overall,MIXED,15.19,MIDDLE,shard,5008,UNKNOWN(5008),222,110,112,0.4954954954954955,0.9652173913043478,230,15
overall,MIXED,16.10,ALL,keystone,8010,征服者,222,99,123,0.44594594594594594,0.2,1110,15
overall,MIXED,16.10,ALL,rune,8014,最期の慈悲,222,95,127,0.42792792792792794,0.2,1110,15
overall,MIXED,16.16,BOTTOM,rune,8014,最期の慈悲,221,116,105,0.5248868778280543,0.33183183183183185,666,15
overall,MIXED,16.14,ALL,keystone,8005,プレスアタック,221,114,107,0.5158371040723982,0.06350574712643678,3480,15
overall,MIXED,15.24,BOTTOM,rune,8009,冷静沈着,221,113,108,0.5113122171945701,0.6480938416422287,341,15
overall,MIXED,15.13,ALL,rune,8347,宇宙の英知,221,110,111,0.497737556561086,0.23020833333333332,960,15
overall,MIXED,16.17,ALL,keystone,8021,フリートフットワーク,221,104,117,0.47058823529411764,0.043849206349206346,5040,15
overall,MIXED,16.14,UTILITY,rune,8237,追火,220,112,108,0.509090909090909,0.3160919540229885,696,15
overall,MIXED,16.10,BOTTOM,shard,5008,UNKNOWN(5008),220,111,109,0.5045454545454545,0.990990990990991,222,15
overall,MIXED,16.11,JUNGLE,shard,5008,UNKNOWN(5008),220,110,110,0.5,0.9322033898305084,236,15
overall,MIXED,15.19,ALL,keystone,8010,征服者,220,110,110,0.5,0.19130434782608696,1150,15
overall,MIXED,16.17,JUNGLE,rune,8140,グリスリー メメント,220,108,112,0.4909090909090909,0.21825396825396826,1008,15
overall,MIXED,15.13,ALL,rune,8226,マナフローバンド,220,102,118,0.4636363636363636,0.22916666666666666,960,15
overall,MIXED,16.13,MIDDLE,keystone,8112,電撃,220,102,118,0.4636363636363636,0.3343465045592705,658,15
overall,MIXED,16.15,UTILITY,rune,8463,生命の泉,219,127,92,0.5799086757990868,0.2651331719128329,826,15
overall,MIXED,15.19,ALL,keystone,8008,リーサルテンポ,219,117,102,0.5342465753424658,0.19043478260869565,1150,15
overall,MIXED,15.8,ALL,rune,9111,凱旋,219,116,103,0.5296803652968036,0.33692307692307694,650,15
overall,MIXED,16.16,TOP,rune,8444,息継ぎ,219,105,114,0.4794520547945205,0.32882882882882886,666,15
overall,MIXED,16.17,UTILITY,shard,5011,UNKNOWN(5011),218,117,101,0.536697247706422,0.21626984126984128,1008,15
overall,MIXED,16.12,ALL,rune,8347,宇宙の英知,218,110,108,0.5045871559633027,0.2449438202247191,890,15
overall,MIXED,16.16,ALL,keystone,8439,アフターショック,218,107,111,0.4908256880733945,0.06546546546546547,3330,15
overall,MIXED,16.13,BOTTOM,rune,8017,切り崩し,218,105,113,0.481651376146789,0.331306990881459,658,15
overall,MIXED,16.14,MIDDLE,rune,8140,グリスリー メメント,218,100,118,0.45871559633027525,0.3132183908045977,696,15
overall,MIXED,15.19,JUNGLE,shard,5001,UNKNOWN(5001),217,108,109,0.4976958525345622,0.9393939393939394,231,15
overall,MIXED,16.11,JUNGLE,shard,5001,UNKNOWN(5001),217,108,109,0.4976958525345622,0.9194915254237288,236,15
overall,MIXED,16.18,UTILITY,shard,5008,UNKNOWN(5008),217,98,119,0.45161290322580644,0.6458333333333334,336,15
overall,MIXED,16.14,UTILITY,rune,8345,ビスケットデリバリー,216,112,104,0.5185185185185185,0.3103448275862069,696,15
overall,MIXED,15.24,ALL,keystone,8008,リーサルテンポ,216,112,104,0.5185185185185185,0.12631578947368421,1710,15
overall,MIXED,16.13,TOP,keystone,8010,征服者,216,108,108,0.5,0.3282674772036474,658,15
overall,MIXED,14.24,ALL,shard,5001,UNKNOWN(5001),216,106,110,0.49074074074074076,0.864,250,15
overall,MIXED,16.18,ALL,rune,8143,サドンインパクト,216,103,113,0.47685185185185186,0.12857142857142856,1680,15
overall,MIXED,16.3,ALL,shard,5011,UNKNOWN(5011),215,110,105,0.5116279069767442,0.24431818181818182,880,15
overall,MIXED,16.9,ALL,rune,8210,至高,215,110,105,0.5116279069767442,0.2721518987341772,790,15
overall,MIXED,16.16,UTILITY,rune,8345,ビスケットデリバリー,215,108,107,0.5023255813953489,0.3228228228228228,666,15
overall,MIXED,16.15,JUNGLE,rune,8299,背水の陣,214,115,99,0.5373831775700935,0.25907990314769974,826,15
overall,MIXED,16.16,UTILITY,rune,8237,追火,214,106,108,0.4953271028037383,0.3213213213213213,666,15
overall,MIXED,15.24,JUNGLE,shard,5005,UNKNOWN(5005),214,105,109,0.49065420560747663,0.6257309941520468,342,15
overall,MIXED,16.15,ALL,rune,8446,打ちこわし,213,116,97,0.5446009389671361,0.051573849878934624,4130,15
overall,MIXED,15.17,ALL,rune,8345,ビスケットデリバリー,213,102,111,0.4788732394366197,0.26296296296296295,810,15
overall,MIXED,16.17,ALL,rune,8446,打ちこわし,212,120,92,0.5660377358490566,0.04206349206349207,5040,15
overall,MIXED,16.10,MIDDLE,shard,5008,UNKNOWN(5008),212,107,105,0.5047169811320755,0.954954954954955,222,15
overall,MIXED,16.2,ALL,rune,9111,凱旋,212,107,105,0.5047169811320755,0.29859154929577464,710,15
overall,MIXED,14.24,ALL,shard,5008,UNKNOWN(5008),212,102,110,0.4811320754716981,0.848,250,15
overall,MIXED,15.24,ALL,rune,8242,気迫,212,97,115,0.45754716981132076,0.1239766081871345,1710,15
overall,MIXED,15.13,ALL,rune,8304,魔法の靴,211,114,97,0.5402843601895735,0.21979166666666666,960,15
overall,MIXED,15.22,ALL,rune,9111,凱旋,211,110,101,0.5213270142180095,0.3196969696969697,660,15
overall,MIXED,16.16,TOP,rune,8473,ボーンアーマー,211,103,108,0.4881516587677725,0.31681681681681684,666,15
overall,MIXED,16.11,ALL,keystone,8010,征服者,211,103,108,0.4881516587677725,0.1788135593220339,1180,15
overall,MIXED,15.17,ALL,rune,8347,宇宙の英知,211,97,114,0.4597156398104265,0.26049382716049385,810,15
overall,MIXED,16.16,BOTTOM,rune,8236,強まる嵐,210,113,97,0.5380952380952381,0.3153153153153153,666,15
overall,MIXED,16.14,ALL,keystone,8439,アフターショック,210,105,105,0.5,0.0603448275862069,3480,15
overall,MIXED,16.10,ALL,rune,8009,冷静沈着,210,104,106,0.49523809523809526,0.1891891891891892,1110,15
overall,MIXED,16.11,ALL,rune,8473,ボーンアーマー,210,103,107,0.49047619047619045,0.17796610169491525,1180,15
overall,MIXED,16.18,ALL,rune,8140,グリスリー メメント,209,110,99,0.5263157894736842,0.1244047619047619,1680,15
overall,MIXED,16.9,ALL,rune,9104,レジェンド: 迅速,209,105,104,0.5023923444976076,0.2645569620253165,790,15
overall,MIXED,16.10,JUNGLE,shard,5008,UNKNOWN(5008),209,103,106,0.49282296650717705,0.9414414414414415,222,15
overall,MIXED,16.16,ALL,keystone,8005,プレスアタック,209,101,108,0.48325358851674644,0.06276276276276277,3330,15
overall,MIXED,16.17,ALL,keystone,8369,ファーストストライク,209,96,113,0.45933014354066987,0.04146825396825397,5040,15
overall,MIXED,16.17,ALL,rune,8429,心身調整,208,111,97,0.5336538461538461,0.04126984126984127,5040,15
overall,MIXED,16.7,ALL,rune,9104,レジェンド: 迅速,208,98,110,0.47115384615384615,0.2701298701298701,770,15
overall,MIXED,16.14,ALL,keystone,8437,不死者の握撃,208,96,112,0.46153846153846156,0.059770114942528735,3480,15
overall,MIXED,16.13,ALL,rune,8463,生命の泉,207,111,96,0.5362318840579711,0.06291793313069909,3290,15
overall,MIXED,16.18,ALL,rune,8242,気迫,207,110,97,0.5314009661835749,0.12321428571428572,1680,15
overall,MIXED,16.6,ALL,rune,8226,マナフローバンド,207,106,101,0.5120772946859904,0.2723684210526316,760,15
overall,MIXED,16.10,ALL,rune,8299,背水の陣,207,106,101,0.5120772946859904,0.1864864864864865,1110,15
overall,MIXED,16.13,UTILITY,rune,8345,ビスケットデリバリー,207,103,104,0.4975845410628019,0.3150684931506849,657,15
overall,MIXED,16.18,ALL,rune,8106,至極の賞金首狩り,207,103,104,0.4975845410628019,0.12321428571428572,1680,15
overall,MIXED,16.5,ALL,rune,8210,至高,207,103,104,0.4975845410628019,0.25555555555555554,810,15
overall,MIXED,15.17,ALL,rune,8304,魔法の靴,207,102,105,0.4927536231884058,0.25555555555555554,810,15
overall,MIXED,16.18,TOP,shard,5005,UNKNOWN(5005),207,98,109,0.47342995169082125,0.6160714285714286,336,15
overall,MIXED,16.15,TOP,rune,9105,レジェンド: ヘイスト,206,119,87,0.5776699029126213,0.24939467312348668,826,15
overall,MIXED,16.14,UTILITY,rune,8242,気迫,206,101,105,0.49029126213592233,0.2959770114942529,696,15
overall,MIXED,16.13,ALL,keystone,8439,アフターショック,206,99,107,0.48058252427184467,0.06261398176291794,3290,15
overall,MIXED,16.11,TOP,shard,5008,UNKNOWN(5008),206,98,108,0.47572815533980584,0.8728813559322034,236,15
overall,MIXED,16.13,UTILITY,rune,8473,ボーンアーマー,206,91,115,0.441747572815534,0.3135464231354642,657,15
overall,MIXED,16.12,ALL,shard,5011,UNKNOWN(5011),205,106,99,0.5170731707317073,0.2303370786516854,890,15
overall,MIXED,15.18,ALL,rune,9104,レジェンド: 迅速,205,101,104,0.4926829268292683,0.3153846153846154,650,15
overall,MIXED,16.13,TOP,rune,8473,ボーンアーマー,205,100,105,0.4878048780487805,0.31155015197568386,658,15
overall,MIXED,15.24,UTILITY,shard,5008,UNKNOWN(5008),204,108,96,0.5294117647058824,0.5964912280701754,342,15
overall,MIXED,16.5,ALL,rune,8226,マナフローバンド,204,99,105,0.4852941176470588,0.2518518518518518,810,15
overall,MIXED,16.13,JUNGLE,rune,8299,背水の陣,204,97,107,0.47549019607843135,0.3100303951367781,658,15
overall,MIXED,16.18,JUNGLE,shard,5005,UNKNOWN(5005),203,99,104,0.4876847290640394,0.6041666666666666,336,15
overall,MIXED,16.8,ALL,rune,8226,マナフローバンド,203,93,110,0.458128078817734,0.29,700,15
overall,MIXED,16.15,ALL,rune,8105,執拗な賞金首狩り,203,92,111,0.45320197044334976,0.04915254237288136,4130,15
overall,MIXED,16.18,ALL,rune,8444,息継ぎ,202,110,92,0.5445544554455446,0.12023809523809524,1680,15
overall,MIXED,16.1,ALL,rune,8347,宇宙の英知,202,106,96,0.5247524752475248,0.2623376623376623,770,15
overall,MIXED,16.15,JUNGLE,rune,9105,レジェンド: ヘイスト,202,105,97,0.5198019801980198,0.24455205811138014,826,15
overall,MIXED,15.19,TOP,shard,5001,UNKNOWN(5001),202,100,102,0.49504950495049505,0.8820960698689956,229,15
overall,MIXED,16.16,UTILITY,rune,8242,気迫,202,98,104,0.48514851485148514,0.3033033033033033,666,15
overall,MIXED,16.16,TOP,rune,9104,レジェンド: 迅速,202,89,113,0.4405940594059406,0.3033033033033033,666,15
overall,MIXED,16.14,BOTTOM,rune,8014,最期の慈悲,201,108,93,0.5373134328358209,0.28879310344827586,696,15
overall,MIXED,15.24,TOP,rune,8299,背水の陣,201,101,100,0.5024875621890548,0.5877192982456141,342,15
overall,MIXED,16.11,TOP,shard,5001,UNKNOWN(5001),201,99,102,0.4925373134328358,0.8516949152542372,236,15
overall,MIXED,16.7,ALL,rune,8347,宇宙の英知,201,96,105,0.47761194029850745,0.261038961038961,770,15
overall,MIXED,15.24,MIDDLE,rune,8210,至高,200,96,104,0.48,0.5847953216374269,342,15
overall,MIXED,16.17,TOP,shard,5011,UNKNOWN(5011),200,94,106,0.47,0.1984126984126984,1008,15
overall,MIXED,16.17,MIDDLE,rune,8444,息継ぎ,199,107,92,0.5376884422110553,0.1974206349206349,1008,15
overall,MIXED,16.13,ALL,rune,8275,ニンバスクローク,199,106,93,0.5326633165829145,0.06048632218844985,3290,15
overall,MIXED,16.14,BOTTOM,rune,8321,キャッシュバック,199,102,97,0.5125628140703518,0.2859195402298851,696,15
overall,MIXED,16.11,MIDDLE,shard,5001,UNKNOWN(5001),199,97,102,0.48743718592964824,0.8432203389830508,236,15
overall,MIXED,15.19,ALL,rune,8237,追火,199,94,105,0.4723618090452261,0.17304347826086958,1150,15
overall,MIXED,16.16,MIDDLE,keystone,8112,電撃,198,103,95,0.5202020202020202,0.2972972972972973,666,15
overall,MIXED,15.19,BOTTOM,shard,5005,UNKNOWN(5005),198,98,100,0.494949494949495,0.8608695652173913,230,15
overall,MIXED,16.15,TOP,keystone,8437,不死者の握撃,198,93,105,0.4696969696969697,0.2397094430992736,826,15
overall,MIXED,16.2,ALL,rune,8347,宇宙の英知,197,100,97,0.5076142131979695,0.2774647887323944,710,15
overall,MIXED,16.13,MIDDLE,rune,8140,グリスリー メメント,197,92,105,0.467005076142132,0.2993920972644377,658,15
overall,MIXED,16.13,JUNGLE,rune,8143,サドンインパクト,197,91,106,0.4619289340101523,0.2993920972644377,658,15
overall,MIXED,16.16,BOTTOM,rune,8321,キャッシュバック,197,90,107,0.45685279187817257,0.2957957957957958,666,15
overall,MIXED,16.16,ALL,rune,8463,生命の泉,197,90,107,0.45685279187817257,0.05915915915915916,3330,15
overall,MIXED,15.13,ALL,rune,8009,冷静沈着,196,109,87,0.5561224489795918,0.20416666666666666,960,15
overall,MIXED,16.17,ALL,keystone,9923,ヘイルブレード,196,102,94,0.5204081632653061,0.03888888888888889,5040,15
overall,MIXED,16.10,ALL,rune,8345,ビスケットデリバリー,196,94,102,0.47959183673469385,0.17657657657657658,1110,15
overall,MIXED,16.17,JUNGLE,rune,8135,貪欲な賞金首狩り,195,103,92,0.5282051282051282,0.19345238095238096,1008,15
overall,MIXED,16.1,ALL,rune,9104,レジェンド: 迅速,195,97,98,0.49743589743589745,0.2532467532467532,770,15
overall,MIXED,15.24,ALL,rune,9103,レジェンド: 血脈,195,95,100,0.48717948717948717,0.11403508771929824,1710,15
overall,MIXED,15.13,ALL,rune,8299,背水の陣,195,95,100,0.48717948717948717,0.203125,960,15
overall,MIXED,16.17,BOTTOM,rune,8226,マナフローバンド,195,92,103,0.4717948717948718,0.19345238095238096,1008,15
overall,MIXED,15.19,MIDDLE,shard,5001,UNKNOWN(5001),194,100,94,0.5154639175257731,0.8434782608695652,230,15
overall,MIXED,16.10,TOP,shard,5008,UNKNOWN(5008),194,99,95,0.5103092783505154,0.8738738738738738,222,15
overall,MIXED,16.16,TOP,rune,9105,レジェンド: ヘイスト,194,96,98,0.4948453608247423,0.2912912912912913,666,15
overall,MIXED,16.16,JUNGLE,rune,8299,背水の陣,194,92,102,0.4742268041237113,0.2912912912912913,666,15
overall,MIXED,16.13,TOP,rune,9104,レジェンド: 迅速,194,90,104,0.4639175257731959,0.2948328267477204,658,15
overall,MIXED,16.8,ALL,rune,8210,至高,194,85,109,0.4381443298969072,0.27714285714285714,700,15
overall,MIXED,16.10,JUNGLE,shard,5001,UNKNOWN(5001),193,101,92,0.5233160621761658,0.8693693693693694,222,15
overall,MIXED,16.17,TOP,rune,8242,気迫,193,96,97,0.49740932642487046,0.19146825396825398,1008,15
overall,MIXED,16.15,JUNGLE,rune,8135,貪欲な賞金首狩り,193,95,98,0.49222797927461137,0.23365617433414043,826,15
overall,MIXED,15.19,UTILITY,shard,5001,UNKNOWN(5001),193,91,102,0.47150259067357514,0.8391304347826087,230,15
overall,MIXED,16.17,MIDDLE,rune,8299,背水の陣,193,91,102,0.47150259067357514,0.19146825396825398,1008,15
overall,MIXED,16.3,ALL,rune,8009,冷静沈着,193,87,106,0.45077720207253885,0.21931818181818183,880,15
overall,MIXED,16.14,ALL,rune,8275,ニンバスクローク,192,104,88,0.5416666666666666,0.05517241379310345,3480,15
overall,MIXED,16.18,TOP,rune,8299,背水の陣,192,103,89,0.5364583333333334,0.5714285714285714,336,15
overall,MIXED,15.17,ALL,rune,8210,至高,192,103,89,0.5364583333333334,0.23703703703703705,810,15
overall,MIXED,16.15,ALL,rune,8275,ニンバスクローク,192,100,92,0.5208333333333334,0.04648910411622276,4130,15
overall,MIXED,16.17,UTILITY,rune,8106,至極の賞金首狩り,192,100,92,0.5208333333333334,0.19047619047619047,1008,15
overall,MIXED,16.17,ALL,rune,8139,血の味わい,192,98,94,0.5104166666666666,0.0380952380952381,5040,15
overall,MIXED,15.19,ALL,rune,9105,レジェンド: ヘイスト,192,95,97,0.4947916666666667,0.16695652173913045,1150,15
overall,MIXED,16.16,ALL,keystone,8437,不死者の握撃,192,95,97,0.4947916666666667,0.05765765765765766,3330,15
overall,MIXED,15.13,ALL,keystone,8010,征服者,192,91,101,0.4739583333333333,0.2,960,15
overall,MIXED,16.13,UTILITY,rune,8242,気迫,192,87,105,0.453125,0.2922374429223744,657,15
overall,MIXED,16.6,ALL,rune,8210,至高,191,97,94,0.5078534031413613,0.2513157894736842,760,15
overall,MIXED,16.5,ALL,rune,8347,宇宙の英知,191,95,96,0.4973821989528796,0.23580246913580247,810,15
overall,MIXED,16.15,ALL,keystone,9923,ヘイルブレード,191,93,98,0.4869109947643979,0.046246973365617436,4130,15
overall,MIXED,16.17,UTILITY,keystone,8229,秘儀の彗星,191,92,99,0.4816753926701571,0.18948412698412698,1008,15
overall,MIXED,16.17,MIDDLE,rune,9104,レジェンド: 迅速,191,89,102,0.46596858638743455,0.18948412698412698,1008,15
overall,MIXED,16.13,TOP,rune,8451,超成長,190,98,92,0.5157894736842106,0.2887537993920973,658,15
overall,MIXED,16.14,JUNGLE,rune,8299,背水の陣,190,96,94,0.5052631578947369,0.27298850574712646,696,15
overall,MIXED,16.2,ALL,rune,8226,マナフローバンド,190,89,101,0.46842105263157896,0.2676056338028169,710,15
overall,MIXED,16.3,ALL,rune,8299,背水の陣,190,85,105,0.4473684210526316,0.2159090909090909,880,15
overall,MIXED,16.15,MIDDLE,rune,8451,超成長,189,99,90,0.5238095238095238,0.2288135593220339,826,15
overall,MIXED,16.15,ALL,rune,8410,疾駆,189,96,93,0.5079365079365079,0.04576271186440678,4130,15
overall,MIXED,15.13,BOTTOM,shard,5008,UNKNOWN(5008),189,94,95,0.4973544973544973,0.984375,192,15
overall,MIXED,16.9,ALL,shard,5011,UNKNOWN(5011),189,92,97,0.48677248677248675,0.23924050632911392,790,15
overall,MIXED,16.2,ALL,rune,8210,至高,189,88,101,0.4656084656084656,0.2661971830985915,710,15
overall,MIXED,16.16,ALL,keystone,8992,死神の残り火,188,102,86,0.5425531914893617,0.05645645645645646,3330,15
overall,MIXED,16.9,ALL,rune,8347,宇宙の英知,188,94,94,0.5,0.2379746835443038,790,15
overall,MIXED,16.16,UTILITY,keystone,8439,アフターショック,188,92,96,0.48936170212765956,0.2822822822822823,666,15
overall,MIXED,15.24,MIDDLE,rune,8226,マナフローバンド,188,87,101,0.4627659574468085,0.5497076023391813,342,15
overall,MIXED,16.3,ALL,rune,8345,ビスケットデリバリー,187,98,89,0.5240641711229946,0.2125,880,15
overall,MIXED,16.11,JUNGLE,rune,9111,凱旋,187,96,91,0.5133689839572193,0.7923728813559322,236,15
overall,MIXED,15.13,MIDDLE,shard,5008,UNKNOWN(5008),187,93,94,0.49732620320855614,0.9790575916230366,191,15
overall,MIXED,16.16,MIDDLE,rune,8140,グリスリー メメント,187,93,94,0.49732620320855614,0.2807807807807808,666,15
overall,MIXED,16.18,ALL,rune,8236,強まる嵐,187,93,94,0.49732620320855614,0.1113095238095238,1680,15
overall,MIXED,15.13,JUNGLE,shard,5008,UNKNOWN(5008),187,92,95,0.4919786096256685,0.9739583333333334,192,15
overall,MIXED,16.15,ALL,keystone,8369,ファーストストライク,187,90,97,0.48128342245989303,0.045278450363196124,4130,15
overall,MIXED,16.14,ALL,shard,5010,UNKNOWN(5010),186,102,84,0.5483870967741935,0.05344827586206897,3480,15
overall,MIXED,16.13,BOTTOM,rune,8226,マナフローバンド,186,96,90,0.5161290322580645,0.2826747720364742,658,15
overall,MIXED,15.19,TOP,shard,5008,UNKNOWN(5008),186,94,92,0.5053763440860215,0.8122270742358079,229,15
overall,MIXED,16.10,TOP,shard,5001,UNKNOWN(5001),186,93,93,0.5,0.8378378378378378,222,15
overall,MIXED,15.10,ALL,rune,9111,凱旋,186,93,93,0.5,0.26956521739130435,690,15
overall,MIXED,16.15,MIDDLE,rune,8106,至極の賞金首狩り,186,93,93,0.5,0.22518159806295399,826,15
overall,MIXED,16.5,ALL,shard,5011,UNKNOWN(5011),186,84,102,0.45161290322580644,0.22962962962962963,810,15
overall,MIXED,16.15,UTILITY,keystone,8229,秘儀の彗星,185,94,91,0.5081081081081081,0.22397094430992737,826,15
overall,MIXED,16.17,ALL,keystone,8214,エアリー召喚,185,90,95,0.4864864864864865,0.03670634920634921,5040,15
overall,MIXED,16.10,JUNGLE,rune,9111,凱旋,185,89,96,0.4810810810810811,0.8333333333333334,222,15
overall,MIXED,15.10,ALL,rune,8210,至高,185,87,98,0.4702702702702703,0.26811594202898553,690,15
overall,MIXED,15.21,ALL,rune,9111,凱旋,185,84,101,0.4540540540540541,0.3135593220338983,590,15
overall,MIXED,16.13,UTILITY,rune,8463,生命の泉,184,99,85,0.5380434782608695,0.2800608828006088,657,15
overall,MIXED,16.15,BOTTOM,rune,9104,レジェンド: 迅速,184,94,90,0.5108695652173914,0.22276029055690072,826,15
overall,MIXED,16.4,ALL,rune,9111,凱旋,184,93,91,0.5054347826086957,0.3471698113207547,530,15
overall,MIXED,16.12,ALL,rune,8014,最期の慈悲,184,91,93,0.4945652173913043,0.20674157303370785,890,15
overall,MIXED,15.17,ALL,rune,8014,最期の慈悲,184,90,94,0.4891304347826087,0.2271604938271605,810,15
overall,MIXED,16.6,ALL,shard,5011,UNKNOWN(5011),184,86,98,0.4673913043478261,0.24210526315789474,760,15
overall,MIXED,16.14,ALL,rune,8463,生命の泉,184,84,100,0.45652173913043476,0.052873563218390804,3480,15
overall,MIXED,15.24,JUNGLE,rune,8304,魔法の靴,184,84,100,0.45652173913043476,0.5380116959064327,342,15
overall,MIXED,16.7,ALL,shard,5011,UNKNOWN(5011),183,97,86,0.5300546448087432,0.23766233766233766,770,15
overall,MIXED,16.18,BOTTOM,keystone,8008,リーサルテンポ,183,88,95,0.4808743169398907,0.5446428571428571,336,15
overall,MIXED,15.24,JUNGLE,rune,8347,宇宙の英知,183,87,96,0.47540983606557374,0.5350877192982456,342,15
overall,MIXED,16.10,ALL,rune,8473,ボーンアーマー,182,95,87,0.521978021978022,0.16396396396396395,1110,15
overall,MIXED,16.13,BOTTOM,rune,8321,キャッシュバック,182,93,89,0.510989010989011,0.2765957446808511,658,15
overall,MIXED,16.16,BOTTOM,rune,8304,魔法の靴,182,87,95,0.47802197802197804,0.2732732732732733,666,15
overall,MIXED,16.14,ALL,rune,8410,疾駆,182,83,99,0.45604395604395603,0.052298850574712646,3480,15
overall,MIXED,15.13,ALL,rune,8473,ボーンアーマー,182,77,105,0.4230769230769231,0.18958333333333333,960,15
overall,MIXED,16.15,ALL,rune,8233,英気集中,181,97,84,0.5359116022099447,0.04382566585956416,4130,15
overall,MIXED,15.24,MIDDLE,shard,5005,UNKNOWN(5005),181,91,90,0.5027624309392266,0.5292397660818714,342,15
overall,MIXED,16.18,JUNGLE,rune,9104,レジェンド: 迅速,181,90,91,0.4972375690607735,0.5386904761904762,336,15
overall,MIXED,16.12,ALL,rune,8299,背水の陣,181,90,91,0.4972375690607735,0.20337078651685395,890,15
overall,MIXED,15.22,ALL,rune,9104,レジェンド: 迅速,181,79,102,0.43646408839779005,0.27424242424242423,660,15
overall,MIXED,15.17,ALL,rune,8226,マナフローバンド,180,94,86,0.5222222222222223,0.2222222222222222,810,15
overall,MIXED,16.15,UTILITY,shard,5011,UNKNOWN(5011),180,89,91,0.49444444444444446,0.2179176755447942,826,15
overall,MIXED,16.14,BOTTOM,rune,8304,魔法の靴,180,87,93,0.48333333333333334,0.25862068965517243,696,15
overall,MIXED,16.3,ALL,keystone,8010,征服者,180,79,101,0.4388888888888889,0.20454545454545456,880,15
overall,MIXED,16.14,JUNGLE,rune,8143,サドンインパクト,179,101,78,0.5642458100558659,0.257183908045977,696,15
overall,MIXED,15.16,ALL,rune,9111,凱旋,179,94,85,0.5251396648044693,0.3314814814814815,540,15
overall,MIXED,16.8,ALL,rune,9104,レジェンド: 迅速,179,89,90,0.4972067039106145,0.2557142857142857,700,15
overall,MIXED,15.18,ALL,rune,8299,背水の陣,179,88,91,0.49162011173184356,0.2753846153846154,650,15
overall,MIXED,16.11,ALL,keystone,8008,リーサルテンポ,179,85,94,0.4748603351955307,0.15169491525423728,1180,15
overall,MIXED,16.6,ALL,rune,9104,レジェンド: 迅速,179,83,96,0.46368715083798884,0.2355263157894737,760,15
overall,MIXED,16.15,ALL,rune,8313,トリプル トニック,179,77,102,0.4301675977653631,0.043341404358353514,4130,15
overall,MIXED,15.19,JUNGLE,rune,9111,凱旋,178,97,81,0.5449438202247191,0.7705627705627706,231,15
overall,MIXED,16.12,ALL,rune,8237,追火,178,94,84,0.5280898876404494,0.2,890,15
overall,MIXED,16.15,BOTTOM,rune,8210,至高,178,93,85,0.5224719101123596,0.21549636803874092,826,15
overall,MIXED,16.17,UTILITY,rune,8126,追い打ち,178,92,86,0.5168539325842697,0.1765873015873016,1008,15
overall,MIXED,16.10,MIDDLE,shard,5001,UNKNOWN(5001),178,89,89,0.5,0.8018018018018018,222,15
overall,MIXED,15.23,ALL,rune,9111,凱旋,178,87,91,0.4887640449438202,0.30689655172413793,580,15
overall,MIXED,16.15,ALL,rune,9101,体力吸収,178,82,96,0.4606741573033708,0.043099273607748186,4130,15
overall,MIXED,15.24,JUNGLE,rune,9104,レジェンド: 迅速,177,92,85,0.519774011299435,0.5175438596491229,342,15
overall,MIXED,16.8,ALL,rune,8347,宇宙の英知,177,90,87,0.5084745762711864,0.25285714285714284,700,15
overall,MIXED,15.24,TOP,rune,9111,凱旋,177,88,89,0.4971751412429379,0.5175438596491229,342,15
overall,MIXED,16.13,ALL,keystone,8005,プレスアタック,177,85,92,0.480225988700565,0.05379939209726444,3290,15
overall,MIXED,16.3,ALL,rune,8014,最期の慈悲,177,77,100,0.4350282485875706,0.20113636363636364,880,15
overall,MIXED,16.17,UTILITY,rune,8453,生気付与,176,97,79,0.5511363636363636,0.1746031746031746,1008,15
overall,MIXED,16.14,JUNGLE,rune,9105,レジェンド: ヘイスト,176,91,85,0.5170454545454546,0.25287356321839083,696,15
overall,MIXED,16.14,UTILITY,keystone,8439,アフターショック,176,90,86,0.5113636363636364,0.25287356321839083,696,15
overall,MIXED,15.24,BOTTOM,rune,8345,ビスケットデリバリー,176,89,87,0.5056818181818182,0.5161290322580645,341,15
overall,MIXED,16.12,ALL,rune,8009,冷静沈着,176,89,87,0.5056818181818182,0.19775280898876405,890,15
overall,MIXED,14.23,ALL,shard,5008,UNKNOWN(5008),176,88,88,0.5,0.8380952380952381,210,15
overall,MIXED,16.17,BOTTOM,rune,8313,トリプル トニック,176,86,90,0.48863636363636365,0.1746031746031746,1008,15
overall,MIXED,15.24,BOTTOM,shard,5001,UNKNOWN(5001),176,83,93,0.4715909090909091,0.5161290322580645,341,15
overall,MIXED,16.18,BOTTOM,shard,5011,UNKNOWN(5011),176,83,93,0.4715909090909091,0.5238095238095238,336,15
overall,MIXED,16.17,ALL,rune,8224,アクシオム アルカニスト,176,82,94,0.4659090909090909,0.03492063492063492,5040,15
overall,MIXED,16.8,ALL,shard,5011,UNKNOWN(5011),175,93,82,0.5314285714285715,0.25,700,15
overall,MIXED,16.1,ALL,rune,8210,至高,175,89,86,0.5085714285714286,0.22727272727272727,770,15
overall,MIXED,16.12,BOTTOM,shard,5008,UNKNOWN(5008),175,88,87,0.5028571428571429,0.9887005649717514,177,15
overall,MIXED,16.13,UTILITY,keystone,8439,アフターショック,175,83,92,0.4742857142857143,0.2663622526636225,657,15
overall,MIXED,16.16,UTILITY,rune,8463,生命の泉,175,77,98,0.44,0.2627627627627628,666,15
overall,MIXED,15.24,ALL,keystone,8229,秘儀の彗星,174,96,78,0.5517241379310345,0.10175438596491228,1710,15
overall,MIXED,15.22,ALL,rune,8304,魔法の靴,174,88,86,0.5057471264367817,0.2636363636363636,660,15
overall,MIXED,16.3,BOTTOM,shard,5008,UNKNOWN(5008),174,87,87,0.5,0.9886363636363636,176,15
overall,MIXED,15.18,ALL,rune,8347,宇宙の英知,174,87,87,0.5,0.2676923076923077,650,15
overall,MIXED,16.15,ALL,rune,8139,血の味わい,174,83,91,0.47701149425287354,0.042130750605326873,4130,15
overall,MIXED,16.2,ALL,rune,9104,レジェンド: 迅速,173,92,81,0.5317919075144508,0.24366197183098592,710,15
overall,MIXED,16.1,ALL,rune,8226,マナフローバンド,173,91,82,0.5260115606936416,0.22467532467532467,770,15
overall,MIXED,16.13,JUNGLE,rune,8140,グリスリー メメント,173,86,87,0.49710982658959535,0.2629179331306991,658,15
overall,MIXED,15.20,ALL,rune,8347,宇宙の英知,173,84,89,0.48554913294797686,0.26212121212121214,660,15
overall,MIXED,15.13,UTILITY,shard,5001,UNKNOWN(5001),173,83,90,0.4797687861271676,0.9010416666666666,192,15
overall,MIXED,15.18,ALL,rune,8345,ビスケットデリバリー,173,83,90,0.4797687861271676,0.26615384615384613,650,15
overall,MIXED,16.1,ALL,shard,5011,UNKNOWN(5011),173,82,91,0.47398843930635837,0.22467532467532467,770,15
overall,MIXED,16.10,ALL,rune,9105,レジェンド: ヘイスト,173,82,91,0.47398843930635837,0.15585585585585585,1110,15
overall,MIXED,14.23,ALL,shard,5001,UNKNOWN(5001),172,90,82,0.5232558139534884,0.819047619047619,210,15
overall,MIXED,16.16,ALL,keystone,8021,フリートフットワーク,172,88,84,0.5116279069767442,0.05165165165165165,3330,15
overall,MIXED,15.13,JUNGLE,shard,5001,UNKNOWN(5001),172,84,88,0.4883720930232558,0.8958333333333334,192,15
overall,MIXED,16.12,ALL,rune,8345,ビスケットデリバリー,172,83,89,0.48255813953488375,0.19325842696629214,890,15
overall,MIXED,16.9,ALL,rune,8014,最期の慈悲,172,82,90,0.47674418604651164,0.21772151898734177,790,15
overall,MIXED,16.5,ALL,rune,8299,背水の陣,171,95,76,0.5555555555555556,0.2111111111111111,810,15
overall,MIXED,15.20,ALL,rune,9104,レジェンド: 迅速,171,90,81,0.5263157894736842,0.2590909090909091,660,15
overall,MIXED,15.8,ALL,rune,8014,最期の慈悲,171,89,82,0.52046783625731,0.2630769230769231,650,15
overall,MIXED,16.14,ALL,rune,8316,なんでも屋,171,88,83,0.5146198830409356,0.04913793103448276,3480,15
overall,MIXED,16.16,ALL,rune,8313,トリプル トニック,171,88,83,0.5146198830409356,0.051351351351351354,3330,15
overall,MIXED,16.6,ALL,rune,8347,宇宙の英知,171,86,85,0.5029239766081871,0.225,760,15
overall,MIXED,15.24,ALL,rune,8444,息継ぎ,171,86,85,0.5029239766081871,0.1,1710,15
overall,MIXED,16.11,UTILITY,shard,5001,UNKNOWN(5001),171,85,86,0.49707602339181284,0.7245762711864406,236,15
overall,MIXED,15.13,BOTTOM,shard,5005,UNKNOWN(5005),171,84,87,0.49122807017543857,0.890625,192,15
overall,MIXED,15.24,ALL,rune,8017,切り崩し,171,73,98,0.4269005847953216,0.1,1710,15
overall,MIXED,15.19,JUNGLE,shard,5005,UNKNOWN(5005),170,98,72,0.5764705882352941,0.7359307359307359,231,15
overall,MIXED,16.13,JUNGLE,rune,9105,レジェンド: ヘイスト,170,97,73,0.5705882352941176,0.25835866261398177,658,15
overall,MIXED,16.9,ALL,rune,8345,ビスケットデリバリー,170,90,80,0.5294117647058824,0.21518987341772153,790,15
overall,MIXED,16.15,TOP,rune,8446,打ちこわし,170,88,82,0.5176470588235295,0.20581113801452786,826,15
overall,MIXED,16.12,JUNGLE,shard,5008,UNKNOWN(5008),170,87,83,0.5117647058823529,0.9550561797752809,178,15
overall,MIXED,15.13,TOP,shard,5001,UNKNOWN(5001),170,86,84,0.5058823529411764,0.8854166666666666,192,15
overall,MIXED,15.24,BOTTOM,rune,9103,レジェンド: 血脈,170,84,86,0.49411764705882355,0.49853372434017595,341,15
overall,MIXED,15.24,JUNGLE,rune,8014,最期の慈悲,170,78,92,0.4588235294117647,0.49707602339181284,342,15
overall,MIXED,16.17,MIDDLE,rune,8473,ボーンアーマー,170,73,97,0.4294117647058823,0.16865079365079366,1008,15
overall,MIXED,15.22,ALL,rune,8210,至高,169,89,80,0.5266272189349113,0.25606060606060604,660,15
overall,MIXED,15.22,ALL,rune,8226,マナフローバンド,169,88,81,0.5207100591715976,0.25606060606060604,660,15
overall,MIXED,16.17,ALL,rune,8316,なんでも屋,169,83,86,0.4911242603550296,0.03353174603174603,5040,15
overall,MIXED,16.10,ALL,rune,8017,切り崩し,169,83,86,0.4911242603550296,0.15225225225225225,1110,15
overall,MIXED,16.12,JUNGLE,shard,5001,UNKNOWN(5001),169,81,88,0.47928994082840237,0.949438202247191,178,15
overall,MIXED,16.2,ALL,rune,8345,ビスケットデリバリー,169,81,88,0.47928994082840237,0.2380281690140845,710,15
overall,MIXED,16.8,ALL,rune,8304,魔法の靴,169,81,88,0.47928994082840237,0.24142857142857144,700,15
overall,MIXED,16.3,ALL,rune,8304,魔法の靴,169,74,95,0.4378698224852071,0.19204545454545455,880,15
overall,MIXED,16.12,ALL,keystone,8010,征服者,169,73,96,0.4319526627218935,0.1898876404494382,890,15
overall,MIXED,16.16,JUNGLE,rune,8143,サドンインパクト,168,88,80,0.5238095238095238,0.25225225225225223,666,15
overall,MIXED,16.1,ALL,rune,8345,ビスケットデリバリー,168,86,82,0.5119047619047619,0.21818181818181817,770,15
overall,MIXED,16.3,MIDDLE,shard,5008,UNKNOWN(5008),168,84,84,0.5,0.9545454545454546,176,15
overall,MIXED,15.1,ALL,shard,5001,UNKNOWN(5001),168,83,85,0.49404761904761907,0.8842105263157894,190,15
overall,MIXED,14.22,ALL,shard,5005,UNKNOWN(5005),168,80,88,0.47619047619047616,0.5793103448275863,290,15
overall,MIXED,16.7,ALL,rune,8345,ビスケットデリバリー,168,80,88,0.47619047619047616,0.21818181818181817,770,15
overall,MIXED,16.11,ALL,rune,9105,レジェンド: ヘイスト,168,80,88,0.47619047619047616,0.1423728813559322,1180,15
overall,MIXED,16.14,MIDDLE,rune,8106,至極の賞金首狩り,168,78,90,0.4642857142857143,0.2413793103448276,696,15
overall,MIXED,15.11,ALL,rune,9111,凱旋,167,85,82,0.5089820359281437,0.3150943396226415,530,15
overall,MIXED,16.16,ALL,rune,8233,英気集中,166,96,70,0.5783132530120482,0.04984984984984985,3330,15
overall,MIXED,16.11,ALL,rune,8017,切り崩し,166,85,81,0.5120481927710844,0.14067796610169492,1180,15
overall,MIXED,16.5,ALL,rune,8345,ビスケットデリバリー,166,82,84,0.4939759036144578,0.20493827160493827,810,15
overall,MIXED,15.10,ALL,rune,8345,ビスケットデリバリー,166,77,89,0.463855421686747,0.24057971014492754,690,15
overall,MIXED,16.15,MIDDLE,rune,8143,サドンインパクト,166,75,91,0.45180722891566266,0.2009685230024213,826,15
overall,MIXED,15.17,ALL,rune,8299,背水の陣,166,74,92,0.4457831325301205,0.20493827160493827,810,15
overall,MIXED,16.5,ALL,rune,8009,冷静沈着,165,91,74,0.5515151515151515,0.2037037037037037,810,15
overall,MIXED,16.13,BOTTOM,rune,8304,魔法の靴,165,86,79,0.5212121212121212,0.2507598784194529,658,15
overall,MIXED,16.7,ALL,rune,8009,冷静沈着,165,85,80,0.5151515151515151,0.21428571428571427,770,15
overall,MIXED,15.13,MIDDLE,shard,5001,UNKNOWN(5001),165,82,83,0.49696969696969695,0.8638743455497382,191,15
overall,MIXED,15.22,ALL,rune,8345,ビスケットデリバリー,165,82,83,0.49696969696969695,0.25,660,15
overall,MIXED,16.14,ALL,keystone,8369,ファーストストライク,165,82,83,0.49696969696969695,0.04741379310344827,3480,15
overall,MIXED,16.15,MIDDLE,rune,8444,息継ぎ,165,80,85,0.48484848484848486,0.19975786924939468,826,15
overall,MIXED,15.22,ALL,rune,8347,宇宙の英知,165,78,87,0.4727272727272727,0.25,660,15
overall,MIXED,16.13,MIDDLE,rune,8143,サドンインパクト,165,77,88,0.4666666666666667,0.2507598784194529,658,15
overall,MIXED,16.16,JUNGLE,rune,9105,レジェンド: ヘイスト,165,72,93,0.43636363636363634,0.24774774774774774,666,15
overall,MIXED,16.18,ALL,rune,8321,キャッシュバック,165,69,96,0.41818181818181815,0.09821428571428571,1680,15
overall,MIXED,16.17,TOP,rune,8446,打ちこわし,164,89,75,0.5426829268292683,0.1626984126984127,1008,15
overall,MIXED,15.1,ALL,shard,5008,UNKNOWN(5008),164,86,78,0.524390243902439,0.8631578947368421,190,15
overall,MIXED,16.9,ALL,keystone,8010,征服者,164,85,79,0.5182926829268293,0.20759493670886076,790,15
overall,MIXED,16.10,UTILITY,shard,5008,UNKNOWN(5008),164,82,82,0.5,0.7387387387387387,222,15
overall,MIXED,16.12,MIDDLE,shard,5008,UNKNOWN(5008),164,81,83,0.49390243902439024,0.9213483146067416,178,15
overall,MIXED,16.13,ALL,rune,8233,英気集中,164,81,83,0.49390243902439024,0.04984802431610942,3290,15
overall,MIXED,16.14,UTILITY,rune,8463,生命の泉,164,78,86,0.47560975609756095,0.23563218390804597,696,15
overall,MIXED,16.17,UTILITY,rune,8401,シールドバッシュ,164,76,88,0.4634146341463415,0.1626984126984127,1008,15
overall,MIXED,16.5,ALL,keystone,8010,征服者,163,92,71,0.5644171779141104,0.20123456790123456,810,15
overall,MIXED,16.9,ALL,rune,8304,魔法の靴,163,87,76,0.5337423312883436,0.20632911392405062,790,15
overall,MIXED,16.13,UTILITY,keystone,8229,秘儀の彗星,163,84,79,0.5153374233128835,0.2480974124809741,657,15
overall,MIXED,16.11,JUNGLE,shard,5005,UNKNOWN(5005),163,80,83,0.49079754601226994,0.690677966101695,236,15
overall,MIXED,16.13,MIDDLE,rune,8106,至極の賞金首狩り,163,79,84,0.48466257668711654,0.24772036474164133,658,15
overall,MIXED,15.24,UTILITY,shard,5007,UNKNOWN(5007),163,77,86,0.4723926380368098,0.4766081871345029,342,15
overall,MIXED,16.14,UTILITY,shard,5011,UNKNOWN(5011),163,73,90,0.44785276073619634,0.23419540229885058,696,15
overall,MIXED,16.18,ALL,rune,9103,レジェンド: 血脈,162,87,75,0.5370370370370371,0.09642857142857143,1680,15
overall,MIXED,15.24,BOTTOM,shard,5011,UNKNOWN(5011),162,85,77,0.5246913580246914,0.4750733137829912,341,15
overall,MIXED,16.11,ALL,shard,5007,UNKNOWN(5007),162,84,78,0.5185185185185185,0.13728813559322034,1180,15
overall,MIXED,16.10,ALL,keystone,8008,リーサルテンポ,162,84,78,0.5185185185185185,0.14594594594594595,1110,15
overall,MIXED,16.14,ALL,rune,8446,打ちこわし,162,84,78,0.5185185185185185,0.04655172413793104,3480,15
overall,MIXED,15.20,ALL,rune,8345,ビスケットデリバリー,162,83,79,0.5123456790123457,0.24545454545454545,660,15
overall,MIXED,15.17,BOTTOM,shard,5008,UNKNOWN(5008),162,81,81,0.5,1.0,162,15
overall,MIXED,16.3,JUNGLE,shard,5008,UNKNOWN(5008),162,80,82,0.49382716049382713,0.9204545454545454,176,15
overall,MIXED,15.19,BOTTOM,rune,8009,冷静沈着,162,80,82,0.49382716049382713,0.7043478260869566,230,15
overall,MIXED,16.15,BOTTOM,rune,8237,追火,161,91,70,0.5652173913043478,0.19491525423728814,826,15
overall,MIXED,16.14,UTILITY,keystone,8229,秘儀の彗星,161,87,74,0.5403726708074534,0.23132183908045978,696,15
overall,MIXED,16.13,TOP,rune,8234,追い風,161,86,75,0.5341614906832298,0.24468085106382978,658,15
overall,MIXED,15.24,ALL,rune,8143,サドンインパクト,161,84,77,0.5217391304347826,0.09415204678362574,1710,15
overall,MIXED,16.5,BOTTOM,shard,5008,UNKNOWN(5008),161,81,80,0.5031055900621118,0.9938271604938271,162,15
overall,MIXED,16.17,MIDDLE,shard,5011,UNKNOWN(5011),161,81,80,0.5031055900621118,0.1597222222222222,1008,15
overall,MIXED,15.10,ALL,rune,8226,マナフローバンド,161,81,80,0.5031055900621118,0.23333333333333334,690,15
overall,MIXED,16.11,ALL,rune,8451,超成長,161,81,80,0.5031055900621118,0.13644067796610168,1180,15
overall,MIXED,15.10,ALL,rune,9104,レジェンド: 迅速,161,80,81,0.4968944099378882,0.23333333333333334,690,15
overall,MIXED,15.22,ALL,rune,8014,最期の慈悲,160,87,73,0.54375,0.24242424242424243,660,15
overall,MIXED,16.8,ALL,rune,8345,ビスケットデリバリー,160,83,77,0.51875,0.22857142857142856,700,15
overall,MIXED,15.20,ALL,rune,8014,最期の慈悲,160,79,81,0.49375,0.24242424242424243,660,15
overall,MIXED,15.19,ALL,shard,5007,UNKNOWN(5007),160,77,83,0.48125,0.1391304347826087,1150,15
overall,MIXED,16.11,BOTTOM,shard,5005,UNKNOWN(5005),160,76,84,0.475,0.6779661016949152,236,15
overall,MIXED,16.6,ALL,rune,8014,最期の慈悲,160,75,85,0.46875,0.21052631578947367,760,15
overall,MIXED,16.15,ALL,rune,8429,心身調整,159,90,69,0.5660377358490566,0.038498789346246974,4130,15
overall,MIXED,16.12,ALL,rune,9105,レジェンド: ヘイスト,159,89,70,0.559748427672956,0.17865168539325843,890,15
overall,MIXED,15.24,JUNGLE,keystone,8010,征服者,159,86,73,0.5408805031446541,0.4649122807017544,342,15
overall,MIXED,15.13,ALL,rune,8451,超成長,159,85,74,0.5345911949685535,0.165625,960,15
overall,MIXED,16.7,ALL,rune,8014,最期の慈悲,159,80,79,0.5031446540880503,0.2064935064935065,770,15
overall,MIXED,15.7,ALL,rune,9111,凱旋,159,78,81,0.49056603773584906,0.3456521739130435,460,15
overall,MIXED,15.8,ALL,rune,8210,至高,159,78,81,0.49056603773584906,0.24461538461538462,650,15
overall,MIXED,16.12,ALL,rune,8304,魔法の靴,159,78,81,0.49056603773584906,0.17865168539325843,890,15
overall,MIXED,15.19,ALL,rune,8242,気迫,159,74,85,0.46540880503144655,0.13826086956521738,1150,15
overall,MIXED,16.17,JUNGLE,rune,8106,至極の賞金首狩り,159,74,85,0.46540880503144655,0.15773809523809523,1008,15
overall,MIXED,15.24,UTILITY,rune,8347,宇宙の英知,159,72,87,0.4528301886792453,0.4649122807017544,342,15
overall,MIXED,16.13,ALL,rune,8316,なんでも屋,158,92,66,0.5822784810126582,0.04802431610942249,3290,15
overall,MIXED,16.9,ALL,rune,8299,背水の陣,158,85,73,0.5379746835443038,0.2,790,15
overall,MIXED,15.8,ALL,rune,8347,宇宙の英知,158,82,76,0.5189873417721519,0.24307692307692308,650,15
overall,MIXED,16.13,TOP,rune,9105,レジェンド: ヘイスト,158,81,77,0.5126582278481012,0.24012158054711247,658,15
overall,MIXED,16.1,ALL,rune,8014,最期の慈悲,158,81,77,0.5126582278481012,0.2051948051948052,770,15
overall,MIXED,16.3,JUNGLE,shard,5001,UNKNOWN(5001),158,80,78,0.5063291139240507,0.8977272727272727,176,15
overall,MIXED,16.9,BOTTOM,shard,5008,UNKNOWN(5008),158,79,79,0.5,1.0,158,15
overall,MIXED,16.10,UTILITY,shard,5001,UNKNOWN(5001),158,78,80,0.4936708860759494,0.7117117117117117,222,15
overall,MIXED,16.13,ALL,keystone,8437,不死者の握撃,158,77,81,0.4873417721518987,0.04802431610942249,3290,15
overall,MIXED,16.7,ALL,rune,8304,魔法の靴,158,77,81,0.4873417721518987,0.2051948051948052,770,15
overall,MIXED,16.18,MIDDLE,rune,8210,至高,158,75,83,0.47468354430379744,0.47023809523809523,336,15
overall,MIXED,16.5,ALL,rune,8014,最期の慈悲,158,73,85,0.4620253164556962,0.19506172839506172,810,15
overall,MIXED,15.14,ALL,rune,9111,凱旋,157,85,72,0.5414012738853503,0.34130434782608693,460,15
overall,MIXED,16.18,BOTTOM,shard,5001,UNKNOWN(5001),157,83,74,0.5286624203821656,0.46726190476190477,336,15
overall,MIXED,16.15,TOP,rune,8242,気迫,157,80,77,0.5095541401273885,0.1900726392251816,826,15
overall,MIXED,16.2,ALL,shard,5011,UNKNOWN(5011),157,79,78,0.5031847133757962,0.2211267605633803,710,15
overall,MIXED,15.8,ALL,rune,9104,レジェンド: 迅速,157,78,79,0.4968152866242038,0.24153846153846154,650,15
overall,MIXED,15.17,MIDDLE,shard,5008,UNKNOWN(5008),157,77,80,0.49044585987261147,0.9691358024691358,162,15
overall,MIXED,15.13,TOP,shard,5008,UNKNOWN(5008),157,76,81,0.4840764331210191,0.8177083333333334,192,15
overall,MIXED,16.7,ALL,rune,8299,背水の陣,157,76,81,0.4840764331210191,0.2038961038961039,770,15
overall,MIXED,16.6,ALL,rune,8345,ビスケットデリバリー,157,75,82,0.47770700636942676,0.20657894736842106,760,15
overall,MIXED,16.16,JUNGLE,rune,8140,グリスリー メメント,156,82,74,0.5256410256410257,0.23423423423423423,666,15
overall,MIXED,16.16,TOP,keystone,8437,不死者の握撃,156,78,78,0.5,0.23423423423423423,666,15
overall,MIXED,16.9,MIDDLE,shard,5008,UNKNOWN(5008),156,77,79,0.4935897435897436,0.9873417721518988,158,15
overall,MIXED,15.17,ALL,rune,8473,ボーンアーマー,156,77,79,0.4935897435897436,0.1925925925925926,810,15
overall,MIXED,15.18,ALL,rune,8304,魔法の靴,156,77,79,0.4935897435897436,0.24,650,15
overall,MIXED,16.14,BOTTOM,rune,9104,レジェンド: 迅速,156,72,84,0.46153846153846156,0.22413793103448276,696,15
overall,MIXED,15.17,JUNGLE,shard,5001,UNKNOWN(5001),155,79,76,0.5096774193548387,0.9567901234567902,162,15
overall,MIXED,16.5,MIDDLE,shard,5008,UNKNOWN(5008),155,79,76,0.5096774193548387,0.9567901234567902,162,15
overall,MIXED,16.17,BOTTOM,rune,8347,宇宙の英知,155,74,81,0.4774193548387097,0.15376984126984128,1008,15
overall,MIXED,16.14,MIDDLE,rune,8143,サドンインパクト,155,70,85,0.45161290322580644,0.22270114942528735,696,15
overall,MIXED,16.14,ALL,keystone,9923,ヘイルブレード,154,87,67,0.564935064935065,0.044252873563218394,3480,15
overall,MIXED,16.10,ALL,rune,8451,超成長,154,86,68,0.5584415584415584,0.13873873873873874,1110,15
overall,MIXED,16.3,ALL,rune,8473,ボーンアーマー,154,84,70,0.5454545454545454,0.175,880,15
overall,MIXED,16.18,MIDDLE,shard,5005,UNKNOWN(5005),154,80,74,0.5194805194805194,0.4583333333333333,336,15
overall,MIXED,15.21,ALL,rune,8345,ビスケットデリバリー,154,77,77,0.5,0.26101694915254237,590,15
overall,MIXED,15.12,ALL,rune,9111,凱旋,154,77,77,0.5,0.30196078431372547,510,15
overall,MIXED,15.24,ALL,keystone,8112,電撃,154,77,77,0.5,0.09005847953216374,1710,15
overall,MIXED,16.14,TOP,rune,8234,追い風,153,91,62,0.5947712418300654,0.21982758620689655,696,15
overall,MIXED,16.15,MIDDLE,rune,9104,レジェンド: 迅速,153,83,70,0.5424836601307189,0.18523002421307505,826,15
overall,MIXED,16.9,ALL,rune,8237,追火,153,83,70,0.5424836601307189,0.19367088607594937,790,15
overall,MIXED,15.17,ALL,rune,8009,冷静沈着,153,82,71,0.5359477124183006,0.18888888888888888,810,15
overall,MIXED,16.6,ALL,rune,8299,背水の陣,153,81,72,0.5294117647058824,0.2013157894736842,760,15
overall,MIXED,16.18,BOTTOM,rune,8009,冷静沈着,153,80,73,0.5228758169934641,0.45535714285714285,336,15
overall,MIXED,16.6,ALL,rune,8304,魔法の靴,153,77,76,0.5032679738562091,0.2013157894736842,760,15
overall,MIXED,16.7,ALL,keystone,8010,征服者,153,76,77,0.49673202614379086,0.1987012987012987,770,15
overall,MIXED,16.14,TOP,keystone,8437,不死者の握撃,153,71,82,0.46405228758169936,0.21982758620689655,696,15
overall,MIXED,15.13,ALL,shard,5011,UNKNOWN(5011),152,81,71,0.5328947368421053,0.15833333333333333,960,15
overall,MIXED,16.11,ALL,rune,8140,グリスリー メメント,152,81,71,0.5328947368421053,0.1288135593220339,1180,15
overall,MIXED,15.8,ALL,rune,8299,背水の陣,152,81,71,0.5328947368421053,0.23384615384615384,650,15
overall,MIXED,16.11,ALL,rune,8106,至極の賞金首狩り,152,81,71,0.5328947368421053,0.1288135593220339,1180,15
overall,MIXED,16.13,TOP,rune,8444,息継ぎ,152,79,73,0.5197368421052632,0.23100303951367782,658,15
overall,MIXED,16.13,ALL,rune,8410,疾駆,152,79,73,0.5197368421052632,0.046200607902735565,3290,15
overall,MIXED,16.15,MIDDLE,rune,8299,背水の陣,152,79,73,0.5197368421052632,0.18401937046004843,826,15
overall,MIXED,16.1,ALL,rune,8009,冷静沈着,152,78,74,0.5131578947368421,0.1974025974025974,770,15
overall,MIXED,16.3,TOP,shard,5001,UNKNOWN(5001),152,77,75,0.506578947368421,0.8636363636363636,176,15
overall,MIXED,15.17,MIDDLE,shard,5001,UNKNOWN(5001),152,76,76,0.5,0.9382716049382716,162,15
overall,MIXED,15.21,ALL,rune,9104,レジェンド: 迅速,152,76,76,0.5,0.2576271186440678,590,15
overall,MIXED,16.7,BOTTOM,shard,5008,UNKNOWN(5008),152,75,77,0.4934210526315789,0.987012987012987,154,15
overall,MIXED,16.11,MIDDLE,rune,8226,マナフローバンド,152,75,77,0.4934210526315789,0.6440677966101694,236,15
overall,MIXED,16.1,ALL,rune,8299,背水の陣,152,75,77,0.4934210526315789,0.1974025974025974,770,15
overall,MIXED,15.19,ALL,rune,8451,超成長,152,75,77,0.4934210526315789,0.13217391304347825,1150,15
overall,MIXED,16.9,JUNGLE,shard,5008,UNKNOWN(5008),152,74,78,0.4868421052631579,0.9620253164556962,158,15
overall,MIXED,16.1,ALL,rune,8304,魔法の靴,152,74,78,0.4868421052631579,0.1974025974025974,770,15
overall,MIXED,16.18,ALL,keystone,8229,秘儀の彗星,152,73,79,0.48026315789473684,0.09047619047619047,1680,15
overall,MIXED,16.14,TOP,rune,8444,息継ぎ,152,69,83,0.45394736842105265,0.21839080459770116,696,15
overall,MIXED,15.11,ALL,rune,9104,レジェンド: 迅速,151,81,70,0.5364238410596026,0.2849056603773585,530,15
overall,MIXED,16.17,UTILITY,keystone,8214,エアリー召喚,151,78,73,0.5165562913907285,0.1498015873015873,1008,15
overall,MIXED,16.15,UTILITY,rune,8401,シールドバッシュ,151,77,74,0.5099337748344371,0.18280871670702178,826,15
overall,MIXED,16.17,TOP,rune,8345,ビスケットデリバリー,151,77,74,0.5099337748344371,0.1498015873015873,1008,15
overall,MIXED,16.7,MIDDLE,shard,5008,UNKNOWN(5008),151,75,76,0.4966887417218543,0.9805194805194806,154,15
overall,MIXED,16.17,ALL,rune,8137,第六感,151,75,76,0.4966887417218543,0.02996031746031746,5040,15
overall,MIXED,15.17,JUNGLE,shard,5008,UNKNOWN(5008),151,74,77,0.4900662251655629,0.9320987654320988,162,15
overall,MIXED,15.23,ALL,rune,8226,マナフローバンド,151,73,78,0.48344370860927155,0.2603448275862069,580,15
overall,MIXED,16.6,ALL,rune,8009,冷静沈着,151,73,78,0.48344370860927155,0.1986842105263158,760,15
overall,MIXED,16.2,ALL,rune,8237,追火,151,70,81,0.46357615894039733,0.21267605633802816,710,15
overall,MIXED,16.13,UTILITY,shard,5011,UNKNOWN(5011),150,87,63,0.58,0.228310502283105,657,15
overall,MIXED,16.14,ALL,rune,8224,アクシオム アルカニスト,150,85,65,0.5666666666666667,0.04310344827586207,3480,15
overall,MIXED,16.14,MIDDLE,rune,8451,超成長,150,79,71,0.5266666666666666,0.21551724137931033,696,15
overall,MIXED,16.15,ALL,rune,8316,なんでも屋,150,78,72,0.52,0.03631961259079903,4130,15
overall,MIXED,15.23,ALL,shard,5011,UNKNOWN(5011),150,77,73,0.5133333333333333,0.25862068965517243,580,15
overall,MIXED,16.14,TOP,rune,9105,レジェンド: ヘイスト,150,77,73,0.5133333333333333,0.21551724137931033,696,15
overall,MIXED,16.1,MIDDLE,shard,5008,UNKNOWN(5008),150,75,75,0.5,0.974025974025974,154,15
overall,MIXED,16.6,MIDDLE,shard,5008,UNKNOWN(5008),150,75,75,0.5,0.9868421052631579,152,15
overall,MIXED,16.17,TOP,rune,8453,生気付与,150,75,75,0.5,0.1488095238095238,1008,15
overall,MIXED,16.10,BOTTOM,shard,5005,UNKNOWN(5005),150,74,76,0.49333333333333335,0.6756756756756757,222,15
overall,MIXED,15.24,TOP,keystone,8010,征服者,150,74,76,0.49333333333333335,0.43859649122807015,342,15
overall,MIXED,16.12,TOP,shard,5008,UNKNOWN(5008),150,73,77,0.4866666666666667,0.8426966292134831,178,15
overall,MIXED,15.10,ALL,rune,8009,冷静沈着,150,72,78,0.48,0.21739130434782608,690,15
overall,MIXED,16.18,BOTTOM,rune,8017,切り崩し,150,72,78,0.48,0.44642857142857145,336,15
overall,MIXED,15.4,ALL,shard,5005,UNKNOWN(5005),150,70,80,0.4666666666666667,0.5555555555555556,270,15
overall,MIXED,16.1,ALL,keystone,8010,征服者,150,70,80,0.4666666666666667,0.19480519480519481,770,15
overall,MIXED,16.3,ALL,rune,9105,レジェンド: ヘイスト,150,65,85,0.43333333333333335,0.17045454545454544,880,15
overall,MIXED,15.8,ALL,keystone,8010,征服者,149,82,67,0.5503355704697986,0.22923076923076924,650,15
overall,MIXED,16.10,JUNGLE,shard,5005,UNKNOWN(5005),149,78,71,0.5234899328859061,0.6711711711711712,222,15
overall,MIXED,15.21,ALL,rune,8347,宇宙の英知,149,78,71,0.5234899328859061,0.25254237288135595,590,15
overall,MIXED,15.24,BOTTOM,rune,8014,最期の慈悲,149,78,71,0.5234899328859061,0.436950146627566,341,15
overall,MIXED,16.18,TOP,rune,9111,凱旋,149,76,73,0.5100671140939598,0.44345238095238093,336,15
overall,MIXED,15.10,ALL,rune,8014,最期の慈悲,149,76,73,0.5100671140939598,0.21594202898550724,690,15
overall,MIXED,16.2,ALL,rune,8304,魔法の靴,149,76,73,0.5100671140939598,0.20985915492957746,710,15
overall,MIXED,15.19,ALL,rune,8017,切り崩し,149,75,74,0.5033557046979866,0.12956521739130436,1150,15
overall,MIXED,15.23,ALL,rune,8014,最期の慈悲,149,75,74,0.5033557046979866,0.25689655172413794,580,15
overall,MIXED,16.1,BOTTOM,shard,5008,UNKNOWN(5008),149,74,75,0.4966442953020134,0.9675324675324676,154,15
overall,MIXED,16.5,JUNGLE,shard,5008,UNKNOWN(5008),149,74,75,0.4966442953020134,0.9197530864197531,162,15
overall,MIXED,16.6,BOTTOM,shard,5008,UNKNOWN(5008),149,74,75,0.4966442953020134,0.9802631578947368,152,15
overall,MIXED,16.17,MIDDLE,keystone,8992,死神の残り火,149,73,76,0.4899328859060403,0.14781746031746032,1008,15
overall,MIXED,16.15,BOTTOM,rune,9111,凱旋,149,70,79,0.4697986577181208,0.18038740920096852,826,15
overall,MIXED,15.20,ALL,rune,8210,至高,149,69,80,0.46308724832214765,0.22575757575757577,660,15
overall,MIXED,16.18,MIDDLE,rune,8226,マナフローバンド,149,67,82,0.44966442953020136,0.44345238095238093,336,15
overall,MIXED,16.16,UTILITY,shard,5011,UNKNOWN(5011),148,83,65,0.5608108108108109,0.2222222222222222,666,15
overall,MIXED,15.18,ALL,rune,8210,至高,148,77,71,0.5202702702702703,0.2276923076923077,650,15
overall,MIXED,16.11,UTILITY,shard,5008,UNKNOWN(5008),148,76,72,0.5135135135135135,0.6271186440677966,236,15
overall,MIXED,16.16,MIDDLE,rune,8106,至極の賞金首狩り,148,76,72,0.5135135135135135,0.2222222222222222,666,15
overall,MIXED,16.12,JUNGLE,rune,9111,凱旋,148,75,73,0.5067567567567568,0.8314606741573034,178,15
overall,MIXED,15.8,ALL,rune,8009,冷静沈着,148,74,74,0.5,0.2276923076923077,650,15
overall,MIXED,16.10,ALL,rune,8236,強まる嵐,148,74,74,0.5,0.13333333333333333,1110,15
overall,MIXED,16.15,TOP,shard,5011,UNKNOWN(5011),148,73,75,0.49324324324324326,0.1791767554479419,826,15
overall,MIXED,15.13,JUNGLE,rune,9111,凱旋,148,73,75,0.49324324324324326,0.7708333333333334,192,15
overall,MIXED,16.17,UTILITY,shard,5005,UNKNOWN(5005),148,72,76,0.4864864864864865,0.14682539682539683,1008,15
overall,MIXED,15.24,UTILITY,rune,8473,ボーンアーマー,148,71,77,0.4797297297297297,0.4327485380116959,342,15
overall,MIXED,14.21,ALL,shard,5005,UNKNOWN(5005),148,66,82,0.44594594594594594,0.5285714285714286,280,15
overall,MIXED,16.16,ALL,rune,8410,疾駆,147,81,66,0.5510204081632653,0.044144144144144144,3330,15
overall,MIXED,16.5,JUNGLE,shard,5001,UNKNOWN(5001),147,77,70,0.5238095238095238,0.9074074074074074,162,15
overall,MIXED,16.11,TOP,shard,5005,UNKNOWN(5005),147,75,72,0.5102040816326531,0.6228813559322034,236,15
overall,MIXED,16.3,TOP,shard,5008,UNKNOWN(5008),147,74,73,0.5034013605442177,0.8352272727272727,176,15
overall,MIXED,16.11,ALL,rune,8236,強まる嵐,147,74,73,0.5034013605442177,0.12457627118644068,1180,15
overall,MIXED,16.12,MIDDLE,shard,5001,UNKNOWN(5001),147,73,74,0.4965986394557823,0.8258426966292135,178,15
overall,MIXED,14.20,ALL,rune,9111,凱旋,147,72,75,0.4897959183673469,0.31956521739130433,460,15
overall,MIXED,15.23,ALL,rune,8210,至高,147,71,76,0.48299319727891155,0.253448275862069,580,15
overall,MIXED,16.14,ALL,rune,8105,執拗な賞金首狩り,147,70,77,0.47619047619047616,0.04224137931034483,3480,15
overall,MIXED,16.17,TOP,rune,8401,シールドバッシュ,147,66,81,0.4489795918367347,0.14583333333333334,1008,15
overall,MIXED,16.12,ALL,rune,8473,ボーンアーマー,146,77,69,0.5273972602739726,0.16404494382022472,890,15
overall,MIXED,16.16,UTILITY,keystone,8229,秘儀の彗星,146,76,70,0.5205479452054794,0.21921921921921922,666,15
overall,MIXED,15.17,UTILITY,shard,5001,UNKNOWN(5001),146,75,71,0.5136986301369864,0.906832298136646,161,15
overall,MIXED,15.20,ALL,rune,8304,魔法の靴,146,75,71,0.5136986301369864,0.22121212121212122,660,15
overall,MIXED,15.19,ALL,rune,8140,グリスリー メメント,146,74,72,0.5068493150684932,0.12695652173913044,1150,15
overall,MIXED,16.5,ALL,rune,8237,追火,146,73,73,0.5,0.18024691358024691,810,15
overall,MIXED,16.17,BOTTOM,rune,8233,英気集中,145,80,65,0.5517241379310345,0.14384920634920634,1008,15
overall,MIXED,15.16,ALL,rune,9104,レジェンド: 迅速,145,77,68,0.5310344827586206,0.26851851851851855,540,15
overall,MIXED,16.8,ALL,keystone,8010,征服者,145,76,69,0.5241379310344828,0.20714285714285716,700,15
overall,MIXED,16.1,JUNGLE,shard,5001,UNKNOWN(5001),145,74,71,0.5103448275862069,0.9415584415584416,154,15
overall,MIXED,16.18,JUNGLE,rune,8304,魔法の靴,145,74,71,0.5103448275862069,0.43154761904761907,336,15
overall,MIXED,16.9,ALL,rune,8009,冷静沈着,145,71,74,0.4896551724137931,0.18354430379746836,790,15
overall,MIXED,16.10,ALL,shard,5007,UNKNOWN(5007),145,70,75,0.4827586206896552,0.13063063063063063,1110,15
overall,MIXED,15.10,ALL,rune,8347,宇宙の英知,145,70,75,0.4827586206896552,0.21014492753623187,690,15
overall,MIXED,15.16,ALL,rune,8210,至高,145,68,77,0.4689655172413793,0.26851851851851855,540,15
overall,MIXED,15.12,ALL,rune,9104,レジェンド: 迅速,145,67,78,0.46206896551724136,0.28431372549019607,510,15
overall,MIXED,15.24,UTILITY,rune,8345,ビスケットデリバリー,145,66,79,0.45517241379310347,0.4239766081871345,342,15
overall,MIXED,16.15,MIDDLE,shard,5011,UNKNOWN(5011),144,82,62,0.5694444444444444,0.17433414043583534,826,15
overall,MIXED,15.18,ALL,rune,8226,マナフローバンド,144,80,64,0.5555555555555556,0.22153846153846155,650,15
overall,MIXED,16.15,MIDDLE,rune,8473,ボーンアーマー,144,76,68,0.5277777777777778,0.17433414043583534,826,15
overall,MIXED,16.5,TOP,shard,5008,UNKNOWN(5008),144,74,70,0.5138888888888888,0.8888888888888888,162,15
overall,MIXED,15.21,ALL,rune,8304,魔法の靴,144,74,70,0.5138888888888888,0.2440677966101695,590,15
overall,MIXED,15.20,ALL,keystone,8010,征服者,144,73,71,0.5069444444444444,0.21818181818181817,660,15
overall,MIXED,16.1,JUNGLE,shard,5008,UNKNOWN(5008),144,72,72,0.5,0.935064935064935,154,15
overall,MIXED,15.23,ALL,rune,8345,ビスケットデリバリー,144,72,72,0.5,0.2482758620689655,580,15
overall,MIXED,16.13,ALL,rune,8105,執拗な賞金首狩り,144,72,72,0.5,0.04376899696048632,3290,15
overall,MIXED,15.17,TOP,shard,5001,UNKNOWN(5001),144,71,73,0.4930555555555556,0.8888888888888888,162,15
overall,MIXED,16.7,ALL,rune,8237,追火,144,71,73,0.4930555555555556,0.18701298701298702,770,15
overall,MIXED,16.12,TOP,shard,5001,UNKNOWN(5001),144,70,74,0.4861111111111111,0.8089887640449438,178,15
overall,MIXED,15.8,ALL,rune,8226,マナフローバンド,144,67,77,0.4652777777777778,0.22153846153846155,650,15
overall,MIXED,16.13,BOTTOM,rune,9104,レジェンド: 迅速,144,66,78,0.4583333333333333,0.2188449848024316,658,15
overall,MIXED,16.5,ALL,rune,8473,ボーンアーマー,143,78,65,0.5454545454545454,0.1765432098765432,810,15
overall,MIXED,16.1,ALL,rune,8237,追火,143,77,66,0.5384615384615384,0.18571428571428572,770,15
overall,MIXED,16.8,ALL,rune,8014,最期の慈悲,143,72,71,0.5034965034965035,0.2042857142857143,700,15
overall,MIXED,16.16,ALL,rune,8105,執拗な賞金首狩り,143,71,72,0.4965034965034965,0.042942942942942944,3330,15
overall,MIXED,16.16,BOTTOM,rune,9111,凱旋,143,69,74,0.4825174825174825,0.2147147147147147,666,15
overall,MIXED,16.13,UTILITY,rune,8126,追い打ち,143,69,74,0.4825174825174825,0.2176560121765601,657,15
overall,MIXED,16.15,UTILITY,rune,8126,追い打ち,143,68,75,0.4755244755244755,0.17312348668280872,826,15
overall,MIXED,16.16,BOTTOM,rune,9104,レジェンド: 迅速,142,78,64,0.5492957746478874,0.2132132132132132,666,15
overall,MIXED,15.18,ALL,keystone,8008,リーサルテンポ,142,77,65,0.5422535211267606,0.21846153846153846,650,15
overall,MIXED,15.17,ALL,keystone,8008,リーサルテンポ,142,74,68,0.5211267605633803,0.17530864197530865,810,15
overall,MIXED,15.17,ALL,rune,8237,追火,142,74,68,0.5211267605633803,0.17530864197530865,810,15
overall,MIXED,15.22,ALL,rune,8009,冷静沈着,142,72,70,0.5070422535211268,0.21515151515151515,660,15
overall,MIXED,16.6,ALL,keystone,8010,征服者,142,72,70,0.5070422535211268,0.1868421052631579,760,15
overall,MIXED,16.2,BOTTOM,shard,5008,UNKNOWN(5008),142,71,71,0.5,1.0,142,15
overall,MIXED,16.18,ALL,keystone,8112,電撃,142,71,71,0.5,0.08452380952380953,1680,15
overall,MIXED,16.6,ALL,rune,8237,追火,142,70,72,0.49295774647887325,0.1868421052631579,760,15
overall,MIXED,16.2,ALL,rune,8009,冷静沈着,142,68,74,0.4788732394366197,0.2,710,15
overall,MIXED,15.16,ALL,rune,8226,マナフローバンド,142,66,76,0.4647887323943662,0.26296296296296295,540,15
overall,MIXED,16.3,ALL,rune,8237,追火,142,64,78,0.4507042253521127,0.16136363636363638,880,15
overall,MIXED,16.12,ALL,rune,8451,超成長,141,83,58,0.5886524822695035,0.15842696629213482,890,15
overall,MIXED,16.15,ALL,shard,5010,UNKNOWN(5010),141,77,64,0.5460992907801419,0.03414043583535109,4130,15
overall,MIXED,16.14,UTILITY,rune,8126,追い打ち,141,74,67,0.524822695035461,0.2025862068965517,696,15
overall,MIXED,16.3,MIDDLE,shard,5001,UNKNOWN(5001),141,73,68,0.5177304964539007,0.8011363636363636,176,15
overall,MIXED,16.5,ALL,rune,8304,魔法の靴,141,70,71,0.49645390070921985,0.17407407407407408,810,15
overall,MIXED,16.18,BOTTOM,rune,9103,レジェンド: 血脈,140,76,64,0.5428571428571428,0.4166666666666667,336,15
overall,MIXED,16.16,TOP,shard,5011,UNKNOWN(5011),140,75,65,0.5357142857142857,0.21021021021021022,666,15
overall,MIXED,16.12,ALL,keystone,8008,リーサルテンポ,140,74,66,0.5285714285714286,0.15730337078651685,890,15
overall,MIXED,16.10,TOP,shard,5005,UNKNOWN(5005),140,73,67,0.5214285714285715,0.6306306306306306,222,15
overall,MIXED,16.5,UTILITY,shard,5001,UNKNOWN(5001),140,72,68,0.5142857142857142,0.8641975308641975,162,15
overall,MIXED,16.15,ALL,keystone,8021,フリートフットワーク,140,72,68,0.5142857142857142,0.03389830508474576,4130,15
overall,MIXED,16.1,ALL,rune,8473,ボーンアーマー,140,72,68,0.5142857142857142,0.18181818181818182,770,15
overall,MIXED,16.12,UTILITY,shard,5001,UNKNOWN(5001),140,70,70,0.5,0.7865168539325843,178,15
overall,MIXED,16.8,BOTTOM,shard,5008,UNKNOWN(5008),140,70,70,0.5,1.0,140,15
overall,MIXED,16.9,JUNGLE,shard,5001,UNKNOWN(5001),140,68,72,0.4857142857142857,0.8860759493670886,158,15
overall,MIXED,16.10,JUNGLE,rune,9104,レジェンド: 迅速,140,67,73,0.4785714285714286,0.6306306306306306,222,15
overall,MIXED,15.19,JUNGLE,rune,8304,魔法の靴,139,79,60,0.5683453237410072,0.6017316017316018,231,15
overall,MIXED,16.13,TOP,rune,8237,追火,139,73,66,0.5251798561151079,0.21124620060790272,658,15
overall,MIXED,15.21,ALL,rune,8210,至高,139,72,67,0.5179856115107914,0.23559322033898306,590,15
overall,MIXED,16.5,TOP,shard,5001,UNKNOWN(5001),139,70,69,0.5035971223021583,0.8580246913580247,162,15
overall,MIXED,16.7,JUNGLE,shard,5001,UNKNOWN(5001),139,70,69,0.5035971223021583,0.9025974025974026,154,15
overall,MIXED,16.4,ALL,rune,9104,レジェンド: 迅速,139,70,69,0.5035971223021583,0.2622641509433962,530,15
overall,MIXED,15.8,ALL,rune,8345,ビスケットデリバリー,139,69,70,0.49640287769784175,0.21384615384615385,650,15
overall,MIXED,15.23,ALL,rune,9104,レジェンド: 迅速,139,68,71,0.4892086330935252,0.2396551724137931,580,15
overall,MIXED,15.24,ALL,keystone,8005,プレスアタック,139,66,73,0.4748201438848921,0.08128654970760234,1710,15
overall,MIXED,15.13,ALL,rune,8237,追火,139,64,75,0.460431654676259,0.14479166666666668,960,15
overall,MIXED,16.15,ALL,keystone,8214,エアリー召喚,139,61,78,0.43884892086330934,0.033656174334140435,4130,15
overall,MIXED,15.20,ALL,rune,8226,マナフローバンド,138,72,66,0.5217391304347826,0.20909090909090908,660,15
overall,MIXED,16.14,BOTTOM,rune,8210,至高,138,70,68,0.5072463768115942,0.19827586206896552,696,15
overall,MIXED,16.11,MIDDLE,rune,8210,至高,138,68,70,0.4927536231884058,0.5847457627118644,236,15
overall,MIXED,16.7,JUNGLE,shard,5008,UNKNOWN(5008),138,66,72,0.4782608695652174,0.8961038961038961,154,15
overall,MIXED,16.11,BOTTOM,rune,8009,冷静沈着,138,66,72,0.4782608695652174,0.5847457627118644,236,15
overall,MIXED,15.11,ALL,rune,8210,至高,138,65,73,0.47101449275362317,0.26037735849056604,530,15
overall,MIXED,15.14,ALL,rune,9104,レジェンド: 迅速,138,63,75,0.45652173913043476,0.3,460,15
overall,MIXED,15.10,ALL,rune,8304,魔法の靴,138,62,76,0.4492753623188406,0.2,690,15
overall,MIXED,15.17,ALL,keystone,8010,征服者,138,55,83,0.39855072463768115,0.17037037037037037,810,15
overall,MIXED,16.14,JUNGLE,rune,8140,グリスリー メメント,137,79,58,0.5766423357664233,0.1968390804597701,696,15
overall,MIXED,16.13,ALL,keystone,8369,ファーストストライク,137,77,60,0.5620437956204379,0.04164133738601824,3290,15
overall,MIXED,16.2,ALL,rune,8299,背水の陣,137,73,64,0.5328467153284672,0.19295774647887323,710,15
overall,MIXED,15.19,UTILITY,shard,5008,UNKNOWN(5008),137,72,65,0.5255474452554745,0.5956521739130435,230,15
overall,MIXED,15.24,BOTTOM,keystone,8008,リーサルテンポ,137,72,65,0.5255474452554745,0.40175953079178883,341,15
overall,MIXED,16.2,JUNGLE,shard,5001,UNKNOWN(5001),137,69,68,0.5036496350364964,0.9647887323943662,142,15
overall,MIXED,16.3,UTILITY,shard,5001,UNKNOWN(5001),137,67,70,0.48905109489051096,0.7784090909090909,176,15
overall,MIXED,15.22,ALL,shard,5011,UNKNOWN(5011),137,67,70,0.48905109489051096,0.20757575757575758,660,15
overall,MIXED,15.19,TOP,shard,5005,UNKNOWN(5005),137,66,71,0.48175182481751827,0.5982532751091703,229,15
overall,MIXED,15.2,ALL,rune,9111,凱旋,137,64,73,0.46715328467153283,0.29782608695652174,460,15
overall,MIXED,16.13,ALL,rune,8137,第六感,137,64,73,0.46715328467153283,0.04164133738601824,3290,15
overall,MIXED,14.24,ALL,shard,5005,UNKNOWN(5005),137,63,74,0.45985401459854014,0.548,250,15
overall,MIXED,16.11,TOP,rune,8299,背水の陣,137,61,76,0.44525547445255476,0.5805084745762712,236,15
overall,MIXED,16.3,ALL,rune,8451,超成長,136,77,59,0.5661764705882353,0.15454545454545454,880,15
overall,MIXED,15.9,ALL,rune,9111,凱旋,136,73,63,0.5367647058823529,0.31627906976744186,430,15
overall,MIXED,16.16,ALL,rune,8446,打ちこわし,136,72,64,0.5294117647058824,0.04084084084084084,3330,15
overall,MIXED,16.5,ALL,keystone,8008,リーサルテンポ,136,70,66,0.5147058823529411,0.16790123456790124,810,15
overall,MIXED,16.10,ALL,rune,8106,至極の賞金首狩り,136,70,66,0.5147058823529411,0.12252252252252252,1110,15
overall,MIXED,15.10,BOTTOM,shard,5008,UNKNOWN(5008),136,69,67,0.5073529411764706,0.9855072463768116,138,15
overall,MIXED,16.10,UTILITY,rune,8226,マナフローバンド,136,69,67,0.5073529411764706,0.6126126126126126,222,15
overall,MIXED,16.11,JUNGLE,rune,9104,レジェンド: 迅速,136,69,67,0.5073529411764706,0.576271186440678,236,15
overall,MIXED,16.12,JUNGLE,shard,5005,UNKNOWN(5005),136,66,70,0.4852941176470588,0.7640449438202247,178,15
overall,MIXED,15.13,ALL,rune,9105,レジェンド: ヘイスト,136,62,74,0.45588235294117646,0.14166666666666666,960,15
overall,MIXED,16.15,BOTTOM,rune,8347,宇宙の英知,135,74,61,0.5481481481481482,0.16343825665859565,826,15
overall,MIXED,16.14,ALL,rune,8233,英気集中,135,74,61,0.5481481481481482,0.03879310344827586,3480,15
overall,MIXED,16.16,MIDDLE,rune,8143,サドンインパクト,135,71,64,0.5259259259259259,0.20270270270270271,666,15
overall,MIXED,15.23,ALL,rune,8009,冷静沈着,135,71,64,0.5259259259259259,0.23275862068965517,580,15
overall,MIXED,16.4,ALL,rune,8210,至高,135,71,64,0.5259259259259259,0.25471698113207547,530,15
overall,MIXED,16.16,MIDDLE,rune,8299,背水の陣,135,70,65,0.5185185185185185,0.20270270270270271,666,15
overall,MIXED,16.9,MIDDLE,shard,5001,UNKNOWN(5001),135,68,67,0.5037037037037037,0.8544303797468354,158,15
overall,MIXED,15.10,MIDDLE,shard,5008,UNKNOWN(5008),135,67,68,0.4962962962962963,0.9782608695652174,138,15
overall,MIXED,15.23,ALL,rune,8347,宇宙の英知,135,65,70,0.48148148148148145,0.23275862068965517,580,15
overall,MIXED,16.15,ALL,rune,8137,第六感,135,65,70,0.48148148148148145,0.03268765133171913,4130,15
overall,MIXED,16.13,ALL,rune,8313,トリプル トニック,135,63,72,0.4666666666666667,0.041033434650455926,3290,15
overall,MIXED,16.3,JUNGLE,rune,9111,凱旋,135,63,72,0.4666666666666667,0.7670454545454546,176,15
overall,MIXED,15.24,UTILITY,rune,8242,気迫,135,63,72,0.4666666666666667,0.39473684210526316,342,15
overall,MIXED,15.13,BOTTOM,rune,8009,冷静沈着,134,74,60,0.5522388059701493,0.6979166666666666,192,15
overall,MIXED,16.6,JUNGLE,shard,5001,UNKNOWN(5001),134,69,65,0.5149253731343284,0.881578947368421,152,15
overall,MIXED,16.2,MIDDLE,shard,5008,UNKNOWN(5008),134,69,65,0.5149253731343284,0.9436619718309859,142,15
overall,MIXED,16.18,ALL,rune,8234,追い風,134,69,65,0.5149253731343284,0.07976190476190476,1680,15
overall,MIXED,15.24,TOP,rune,8473,ボーンアーマー,134,68,66,0.5074626865671642,0.391812865497076,342,15
overall,MIXED,15.20,ALL,rune,8009,冷静沈着,134,68,66,0.5074626865671642,0.20303030303030303,660,15
overall,MIXED,16.13,JUNGLE,rune,8106,至極の賞金首狩り,134,67,67,0.5,0.20364741641337386,658,15
overall,MIXED,15.10,JUNGLE,shard,5001,UNKNOWN(5001),134,66,68,0.4925373134328358,0.9710144927536232,138,15
overall,MIXED,15.22,ALL,rune,8299,背水の陣,134,66,68,0.4925373134328358,0.20303030303030303,660,15
overall,MIXED,16.14,ALL,rune,8313,トリプル トニック,134,65,69,0.48507462686567165,0.038505747126436785,3480,15
overall,MIXED,16.7,MIDDLE,shard,5001,UNKNOWN(5001),134,63,71,0.4701492537313433,0.8701298701298701,154,15
overall,MIXED,16.8,ALL,rune,8299,背水の陣,133,69,64,0.518796992481203,0.19,700,15
overall,MIXED,16.17,MIDDLE,keystone,8229,秘儀の彗星,133,68,65,0.5112781954887218,0.13194444444444445,1008,15
overall,MIXED,15.23,ALL,keystone,8010,征服者,133,67,66,0.5037593984962406,0.2293103448275862,580,15
overall,MIXED,16.7,TOP,shard,5001,UNKNOWN(5001),133,66,67,0.49624060150375937,0.8636363636363636,154,15
overall,MIXED,15.17,TOP,shard,5008,UNKNOWN(5008),133,65,68,0.48872180451127817,0.8209876543209876,162,15
overall,MIXED,16.11,ALL,rune,8143,サドンインパクト,133,65,68,0.48872180451127817,0.11271186440677966,1180,15
overall,MIXED,16.11,ALL,rune,8242,気迫,133,64,69,0.48120300751879697,0.11271186440677966,1180,15
overall,MIXED,15.13,JUNGLE,shard,5005,UNKNOWN(5005),132,68,64,0.5151515151515151,0.6875,192,15
overall,MIXED,16.13,TOP,keystone,8437,不死者の握撃,132,66,66,0.5,0.2006079027355623,658,15
overall,MIXED,16.1,MIDDLE,shard,5001,UNKNOWN(5001),132,65,67,0.49242424242424243,0.8571428571428571,154,15
overall,MIXED,16.8,MIDDLE,shard,5008,UNKNOWN(5008),132,65,67,0.49242424242424243,0.9428571428571428,140,15
overall,MIXED,16.16,ALL,rune,9101,体力吸収,132,62,70,0.4696969696969697,0.03963963963963964,3330,15
overall,MIXED,15.19,MIDDLE,rune,8210,至高,132,62,70,0.4696969696969697,0.5739130434782609,230,15
overall,MIXED,15.13,ALL,keystone,8008,リーサルテンポ,131,75,56,0.5725190839694656,0.13645833333333332,960,15
overall,MIXED,15.24,MIDDLE,rune,8140,グリスリー メメント,131,73,58,0.5572519083969466,0.3830409356725146,342,15
overall,MIXED,16.14,MIDDLE,rune,8473,ボーンアーマー,131,72,59,0.549618320610687,0.1882183908045977,696,15
overall,MIXED,16.16,TOP,rune,8242,気迫,131,71,60,0.5419847328244275,0.1966966966966967,666,15
overall,MIXED,16.3,BOTTOM,shard,5005,UNKNOWN(5005),131,69,62,0.5267175572519084,0.7443181818181818,176,15
overall,MIXED,16.10,ALL,rune,8140,グリスリー メメント,131,69,62,0.5267175572519084,0.11801801801801802,1110,15
overall,MIXED,15.24,ALL,rune,8139,血の味わい,131,69,62,0.5267175572519084,0.07660818713450293,1710,15
overall,MIXED,16.14,ALL,rune,9101,体力吸収,131,68,63,0.5190839694656488,0.03764367816091954,3480,15
overall,MIXED,15.19,TOP,rune,8299,背水の陣,131,67,64,0.5114503816793893,0.5720524017467249,229,15
overall,MIXED,16.8,JUNGLE,shard,5001,UNKNOWN(5001),131,66,65,0.5038167938931297,0.9357142857142857,140,15
overall,MIXED,15.20,BOTTOM,shard,5008,UNKNOWN(5008),131,66,65,0.5038167938931297,0.9924242424242424,132,15
overall,MIXED,16.9,ALL,rune,8473,ボーンアーマー,131,66,65,0.5038167938931297,0.16582278481012658,790,15
overall,MIXED,15.8,ALL,rune,8304,魔法の靴,131,66,65,0.5038167938931297,0.20153846153846153,650,15
overall,MIXED,16.4,ALL,rune,8226,マナフローバンド,131,65,66,0.4961832061068702,0.24716981132075472,530,15
overall,MIXED,16.9,TOP,shard,5008,UNKNOWN(5008),131,64,67,0.48854961832061067,0.8291139240506329,158,15
overall,MIXED,16.16,ALL,keystone,8369,ファーストストライク,131,63,68,0.48091603053435117,0.03933933933933934,3330,15
overall,MIXED,15.19,ALL,rune,9103,レジェンド: 血脈,131,62,69,0.4732824427480916,0.11391304347826087,1150,15
overall,MIXED,15.24,BOTTOM,rune,8236,強まる嵐,131,62,69,0.4732824427480916,0.3841642228739003,341,15
overall,MIXED,16.14,ALL,rune,8139,血の味わい,131,55,76,0.4198473282442748,0.03764367816091954,3480,15
overall,MIXED,15.2,ALL,rune,8226,マナフローバンド,130,75,55,0.5769230769230769,0.2826086956521739,460,15
overall,MIXED,16.3,ALL,keystone,8008,リーサルテンポ,130,73,57,0.5615384615384615,0.14772727272727273,880,15
overall,MIXED,15.20,ALL,rune,8299,背水の陣,130,71,59,0.5461538461538461,0.19696969696969696,660,15
overall,MIXED,15.8,ALL,rune,8473,ボーンアーマー,130,70,60,0.5384615384615384,0.2,650,15
overall,MIXED,15.22,ALL,keystone,8010,征服者,130,70,60,0.5384615384615384,0.19696969696969696,660,15
overall,MIXED,16.17,MIDDLE,rune,8139,血の味わい,130,69,61,0.5307692307692308,0.12896825396825398,1008,15
overall,MIXED,15.18,ALL,rune,8473,ボーンアーマー,130,68,62,0.5230769230769231,0.2,650,15
overall,MIXED,16.14,UTILITY,rune,8106,至極の賞金首狩り,130,67,63,0.5153846153846153,0.1867816091954023,696,15
overall,MIXED,15.22,BOTTOM,shard,5008,UNKNOWN(5008),130,66,64,0.5076923076923077,0.9848484848484849,132,15
overall,MIXED,15.18,BOTTOM,shard,5008,UNKNOWN(5008),130,65,65,0.5,1.0,130,15
overall,MIXED,15.8,BOTTOM,shard,5008,UNKNOWN(5008),130,65,65,0.5,1.0,130,15
overall,MIXED,16.6,JUNGLE,shard,5008,UNKNOWN(5008),130,64,66,0.49230769230769234,0.8552631578947368,152,15
overall,MIXED,16.2,JUNGLE,shard,5008,UNKNOWN(5008),130,63,67,0.4846153846153846,0.9154929577464789,142,15
overall,MIXED,15.3,ALL,rune,9111,凱旋,130,63,67,0.4846153846153846,0.3170731707317073,410,15
overall,MIXED,15.19,MIDDLE,rune,8226,マナフローバンド,130,62,68,0.47692307692307695,0.5652173913043478,230,15
overall,MIXED,16.13,JUNGLE,rune,8135,貪欲な賞金首狩り,130,60,70,0.46153846153846156,0.19756838905775076,658,15
overall,MIXED,16.8,ALL,rune,8237,追火,130,60,70,0.46153846153846156,0.18571428571428572,700,15
overall,MIXED,15.2,ALL,rune,8210,至高,129,70,59,0.5426356589147286,0.28043478260869564,460,15
overall,MIXED,16.18,ALL,rune,8126,追い打ち,129,69,60,0.5348837209302325,0.07678571428571429,1680,15
overall,MIXED,16.18,UTILITY,rune,8347,宇宙の英知,129,68,61,0.5271317829457365,0.38392857142857145,336,15
overall,MIXED,15.10,JUNGLE,shard,5008,UNKNOWN(5008),129,66,63,0.5116279069767442,0.9347826086956522,138,15
overall,MIXED,16.15,BOTTOM,keystone,8229,秘儀の彗星,129,66,63,0.5116279069767442,0.15617433414043583,826,15
overall,MIXED,16.6,TOP,shard,5001,UNKNOWN(5001),129,65,64,0.5038759689922481,0.8486842105263158,152,15
overall,MIXED,16.16,MIDDLE,rune,8473,ボーンアーマー,129,65,64,0.5038759689922481,0.19369369369369369,666,15
overall,MIXED,16.1,TOP,shard,5001,UNKNOWN(5001),129,64,65,0.49612403100775193,0.8376623376623377,154,15
overall,MIXED,15.20,JUNGLE,shard,5008,UNKNOWN(5008),129,64,65,0.49612403100775193,0.9772727272727273,132,15
overall,MIXED,16.5,MIDDLE,shard,5001,UNKNOWN(5001),129,63,66,0.4883720930232558,0.7962962962962963,162,15
overall,MIXED,16.16,ALL,shard,5010,UNKNOWN(5010),129,63,66,0.4883720930232558,0.03873873873873874,3330,15
overall,MIXED,15.17,ALL,rune,9105,レジェンド: ヘイスト,129,63,66,0.4883720930232558,0.15925925925925927,810,15
overall,MIXED,16.12,ALL,rune,8017,切り崩し,129,63,66,0.4883720930232558,0.1449438202247191,890,15
overall,MIXED,15.24,ALL,keystone,8439,アフターショック,129,61,68,0.4728682170542636,0.07543859649122807,1710,15
overall,MIXED,15.21,ALL,rune,8299,背水の陣,129,61,68,0.4728682170542636,0.21864406779661016,590,15
overall,MIXED,15.18,ALL,rune,8009,冷静沈着,129,60,69,0.46511627906976744,0.19846153846153847,650,15
overall,MIXED,16.13,UTILITY,rune,8106,至極の賞金首狩り,129,59,70,0.4573643410852713,0.1963470319634703,657,15
overall,MIXED,16.6,ALL,rune,9105,レジェンド: ヘイスト,128,75,53,0.5859375,0.16842105263157894,760,15
overall,MIXED,15.20,ALL,rune,8473,ボーンアーマー,128,69,59,0.5390625,0.19393939393939394,660,15
overall,MIXED,16.14,JUNGLE,rune,8135,貪欲な賞金首狩り,128,69,59,0.5390625,0.1839080459770115,696,15
overall,MIXED,16.18,ALL,rune,8401,シールドバッシュ,128,68,60,0.53125,0.0761904761904762,1680,15
overall,MIXED,16.18,TOP,rune,8473,ボーンアーマー,128,68,60,0.53125,0.38095238095238093,336,15
overall,MIXED,16.9,JUNGLE,rune,9111,凱旋,128,66,62,0.515625,0.810126582278481,158,15
overall,MIXED,16.10,UTILITY,rune,8210,至高,128,66,62,0.515625,0.5765765765765766,222,15
overall,MIXED,15.8,JUNGLE,shard,5001,UNKNOWN(5001),128,65,63,0.5078125,0.9846153846153847,130,15
overall,MIXED,15.12,ALL,rune,8347,宇宙の英知,128,65,63,0.5078125,0.25098039215686274,510,15
overall,MIXED,15.20,MIDDLE,shard,5008,UNKNOWN(5008),128,64,64,0.5,0.9770992366412213,131,15
overall,MIXED,16.13,ALL,rune,8429,心身調整,128,63,65,0.4921875,0.038905775075987845,3290,15
overall,MIXED,15.21,ALL,rune,8014,最期の慈悲,128,63,65,0.4921875,0.21694915254237288,590,15
overall,MIXED,16.1,BOTTOM,shard,5005,UNKNOWN(5005),128,62,66,0.484375,0.8311688311688312,154,15
overall,MIXED,15.22,MIDDLE,shard,5008,UNKNOWN(5008),128,62,66,0.484375,0.9696969696969697,132,15
overall,MIXED,16.16,ALL,rune,8316,なんでも屋,128,61,67,0.4765625,0.03843843843843844,3330,15
overall,MIXED,16.10,BOTTOM,rune,8009,冷静沈着,128,61,67,0.4765625,0.5765765765765766,222,15
overall,MIXED,15.17,JUNGLE,rune,9111,凱旋,128,61,67,0.4765625,0.7901234567901234,162,15
overall,MIXED,15.24,TOP,rune,8451,超成長,128,61,67,0.4765625,0.3742690058479532,342,15
overall,MIXED,15.12,ALL,rune,8345,ビスケットデリバリー,128,57,71,0.4453125,0.25098039215686274,510,15
overall,MIXED,16.13,MIDDLE,rune,8451,超成長,127,67,60,0.5275590551181102,0.19300911854103345,658,15
overall,MIXED,15.21,ALL,rune,8009,冷静沈着,127,66,61,0.5196850393700787,0.21525423728813559,590,15
overall,MIXED,16.9,TOP,shard,5001,UNKNOWN(5001),127,65,62,0.5118110236220472,0.8037974683544303,158,15
overall,MIXED,16.8,JUNGLE,shard,5008,UNKNOWN(5008),127,65,62,0.5118110236220472,0.9071428571428571,140,15
overall,MIXED,15.10,ALL,shard,5011,UNKNOWN(5011),127,65,62,0.5118110236220472,0.18405797101449275,690,15
overall,MIXED,16.10,MIDDLE,rune,8226,マナフローバンド,127,64,63,0.5039370078740157,0.5720720720720721,222,15
overall,MIXED,16.8,ALL,rune,8009,冷静沈着,127,63,64,0.49606299212598426,0.18142857142857144,700,15
overall,MIXED,16.7,JUNGLE,rune,9111,凱旋,127,63,64,0.49606299212598426,0.8246753246753247,154,15
overall,MIXED,16.7,UTILITY,shard,5001,UNKNOWN(5001),127,62,65,0.4881889763779528,0.8246753246753247,154,15
overall,MIXED,16.18,UTILITY,shard,5007,UNKNOWN(5007),127,62,65,0.4881889763779528,0.37797619047619047,336,15
overall,MIXED,15.19,BOTTOM,keystone,8008,リーサルテンポ,127,61,66,0.48031496062992124,0.5521739130434783,230,15
overall,MIXED,16.17,JUNGLE,rune,8234,追い風,127,60,67,0.47244094488188976,0.1259920634920635,1008,15
overall,MIXED,16.15,MIDDLE,rune,8009,冷静沈着,127,54,73,0.4251968503937008,0.15375302663438256,826,15
overall,MIXED,15.10,ALL,rune,8473,ボーンアーマー,126,68,58,0.5396825396825397,0.1826086956521739,690,15
overall,MIXED,16.7,ALL,rune,8473,ボーンアーマー,126,68,58,0.5396825396825397,0.16363636363636364,770,15
overall,MIXED,15.24,MIDDLE,keystone,8112,電撃,126,67,59,0.5317460317460317,0.3684210526315789,342,15
overall,MIXED,15.18,JUNGLE,shard,5001,UNKNOWN(5001),126,65,61,0.5158730158730159,0.9692307692307692,130,15
overall,MIXED,15.17,BOTTOM,shard,5005,UNKNOWN(5005),126,63,63,0.5,0.7777777777777778,162,15
overall,MIXED,16.6,TOP,shard,5008,UNKNOWN(5008),126,63,63,0.5,0.8289473684210527,152,15
overall,MIXED,16.13,MIDDLE,rune,8473,ボーンアーマー,126,63,63,0.5,0.19148936170212766,658,15
overall,MIXED,16.14,ALL,rune,8137,第六感,126,62,64,0.49206349206349204,0.03620689655172414,3480,15
overall,MIXED,15.18,MIDDLE,shard,5008,UNKNOWN(5008),126,61,65,0.48412698412698413,0.9692307692307692,130,15
overall,MIXED,15.7,ALL,rune,9104,レジェンド: 迅速,126,61,65,0.48412698412698413,0.27391304347826084,460,15
overall,MIXED,15.24,ALL,rune,8135,貪欲な賞金首狩り,126,61,65,0.48412698412698413,0.07368421052631578,1710,15
overall,MIXED,16.17,MIDDLE,rune,8009,冷静沈着,126,60,66,0.47619047619047616,0.125,1008,15
overall,MIXED,16.2,ALL,rune,8014,最期の慈悲,126,59,67,0.46825396825396826,0.17746478873239438,710,15
overall,MIXED,15.19,ALL,rune,8106,至極の賞金首狩り,126,58,68,0.4603174603174603,0.10956521739130434,1150,15
overall,MIXED,16.16,UTILITY,rune,8126,追い打ち,126,58,68,0.4603174603174603,0.1891891891891892,666,15
overall,MIXED,16.16,ALL,keystone,8214,エアリー召喚,126,57,69,0.4523809523809524,0.03783783783783784,3330,15
overall,MIXED,16.18,ALL,rune,8453,生気付与,126,57,69,0.4523809523809524,0.075,1680,15
overall,MIXED,16.18,BOTTOM,rune,8321,キャッシュバック,126,53,73,0.42063492063492064,0.375,336,15
overall,MIXED,16.16,MIDDLE,rune,8444,息継ぎ,125,70,55,0.56,0.18768768768768768,666,15
overall,MIXED,15.12,ALL,rune,8210,至高,125,70,55,0.56,0.24509803921568626,510,15
overall,MIXED,16.16,MIDDLE,rune,9104,レジェンド: 迅速,125,69,56,0.552,0.18768768768768768,666,15
overall,MIXED,16.3,ALL,shard,5007,UNKNOWN(5007),125,65,60,0.52,0.14204545454545456,880,15
overall,MIXED,16.6,MIDDLE,shard,5001,UNKNOWN(5001),125,63,62,0.504,0.8223684210526315,152,15
overall,MIXED,15.8,MIDDLE,shard,5008,UNKNOWN(5008),125,63,62,0.504,0.9615384615384616,130,15
overall,MIXED,15.18,JUNGLE,shard,5008,UNKNOWN(5008),125,62,63,0.496,0.9615384615384616,130,15
overall,MIXED,16.18,UTILITY,rune,8473,ボーンアーマー,125,62,63,0.496,0.37202380952380953,336,15
overall,MIXED,16.10,BOTTOM,shard,5011,UNKNOWN(5011),125,61,64,0.488,0.5630630630630631,222,15
overall,MIXED,16.17,JUNGLE,keystone,9923,ヘイルブレード,125,61,64,0.488,0.12400793650793651,1008,15
overall,MIXED,15.21,ALL,keystone,8010,征服者,125,61,64,0.488,0.211864406779661,590,15
overall,MIXED,16.15,MIDDLE,keystone,8992,死神の残り火,125,61,64,0.488,0.1513317191283293,826,15
overall,MIXED,15.11,ALL,rune,8226,マナフローバンド,125,60,65,0.48,0.2358490566037736,530,15
overall,MIXED,15.11,ALL,rune,8014,最期の慈悲,125,60,65,0.48,0.2358490566037736,530,15
overall,MIXED,16.13,ALL,keystone,9923,ヘイルブレード,125,57,68,0.456,0.037993920972644375,3290,15
overall,MIXED,15.18,ALL,keystone,8010,征服者,125,57,68,0.456,0.19230769230769232,650,15
overall,MIXED,16.3,ALL,rune,8321,キャッシュバック,124,70,54,0.5645161290322581,0.1409090909090909,880,15
overall,MIXED,15.24,UTILITY,rune,8226,マナフローバンド,124,69,55,0.5564516129032258,0.36257309941520466,342,15
overall,MIXED,15.20,ALL,rune,9105,レジェンド: ヘイスト,124,66,58,0.532258064516129,0.18787878787878787,660,15
overall,MIXED,15.18,ALL,rune,8014,最期の慈悲,124,65,59,0.5241935483870968,0.19076923076923077,650,15
overall,MIXED,16.6,UTILITY,shard,5001,UNKNOWN(5001),124,64,60,0.5161290322580645,0.8211920529801324,151,15
overall,MIXED,16.5,BOTTOM,shard,5005,UNKNOWN(5005),124,64,60,0.5161290322580645,0.7654320987654321,162,15
overall,MIXED,16.13,TOP,rune,8275,ニンバスクローク,124,64,60,0.5161290322580645,0.1884498480243161,658,15
overall,MIXED,16.18,JUNGLE,rune,8347,宇宙の英知,124,64,60,0.5161290322580645,0.36904761904761907,336,15
overall,MIXED,15.13,ALL,rune,8236,強まる嵐,124,64,60,0.5161290322580645,0.12916666666666668,960,15
overall,MIXED,16.12,BOTTOM,shard,5005,UNKNOWN(5005),124,62,62,0.5,0.7005649717514124,177,15
overall,MIXED,15.17,ALL,shard,5011,UNKNOWN(5011),124,62,62,0.5,0.15308641975308643,810,15
overall,MIXED,15.18,TOP,shard,5001,UNKNOWN(5001),124,61,63,0.49193548387096775,0.9538461538461539,130,15
overall,MIXED,16.2,TOP,shard,5001,UNKNOWN(5001),124,60,64,0.4838709677419355,0.8732394366197183,142,15
overall,MIXED,16.1,TOP,shard,5008,UNKNOWN(5008),124,60,64,0.4838709677419355,0.8051948051948052,154,15
overall,MIXED,16.16,ALL,rune,8275,ニンバスクローク,124,57,67,0.4596774193548387,0.037237237237237236,3330,15
overall,MIXED,16.18,UTILITY,rune,8226,マナフローバンド,124,55,69,0.4435483870967742,0.36904761904761907,336,15
overall,MIXED,15.13,ALL,rune,8140,グリスリー メメント,124,53,71,0.4274193548387097,0.12916666666666668,960,15
overall,MIXED,15.19,JUNGLE,rune,9104,レジェンド: 迅速,123,71,52,0.5772357723577236,0.5324675324675324,231,15
overall,MIXED,16.16,ALL,keystone,9923,ヘイルブレード,123,70,53,0.5691056910569106,0.036936936936936934,3330,15
overall,MIXED,16.10,MIDDLE,rune,8210,至高,123,67,56,0.5447154471544715,0.5540540540540541,222,15
overall,MIXED,16.18,ALL,rune,8135,貪欲な賞金首狩り,123,66,57,0.5365853658536586,0.07321428571428572,1680,15
overall,MIXED,15.17,ALL,rune,8451,超成長,123,66,57,0.5365853658536586,0.15185185185185185,810,15
overall,MIXED,15.16,ALL,rune,8345,ビスケットデリバリー,123,65,58,0.5284552845528455,0.22777777777777777,540,15
overall,MIXED,15.10,ALL,rune,8299,背水の陣,123,65,58,0.5284552845528455,0.1782608695652174,690,15
overall,MIXED,16.16,BOTTOM,rune,8226,マナフローバンド,123,64,59,0.5203252032520326,0.18468468468468469,666,15
overall,MIXED,16.6,JUNGLE,rune,9111,凱旋,123,64,59,0.5203252032520326,0.8092105263157895,152,15
overall,MIXED,16.2,ALL,keystone,8010,征服者,123,64,59,0.5203252032520326,0.1732394366197183,710,15
overall,MIXED,16.5,JUNGLE,rune,9111,凱旋,123,63,60,0.5121951219512195,0.7592592592592593,162,15
overall,MIXED,15.19,ALL,rune,8236,強まる嵐,123,63,60,0.5121951219512195,0.10695652173913044,1150,15
overall,MIXED,15.22,ALL,rune,8237,追火,123,62,61,0.5040650406504065,0.18636363636363637,660,15
overall,MIXED,15.19,BOTTOM,rune,8345,ビスケットデリバリー,123,61,62,0.4959349593495935,0.5347826086956522,230,15
overall,MIXED,15.20,JUNGLE,shard,5001,UNKNOWN(5001),123,60,63,0.4878048780487805,0.9318181818181818,132,15
overall,MIXED,16.9,UTILITY,shard,5001,UNKNOWN(5001),123,60,63,0.4878048780487805,0.7784810126582279,158,15
overall,MIXED,16.17,TOP,rune,8304,魔法の靴,123,59,64,0.4796747967479675,0.12202380952380952,1008,15
overall,MIXED,16.13,TOP,rune,8242,気迫,123,58,65,0.4715447154471545,0.18693009118541035,658,15
overall,MIXED,16.13,ALL,rune,8446,打ちこわし,123,56,67,0.45528455284552843,0.03738601823708207,3290,15
overall,MIXED,15.23,ALL,rune,8304,魔法の靴,123,56,67,0.45528455284552843,0.2120689655172414,580,15
overall,MIXED,16.14,TOP,shard,5011,UNKNOWN(5011),123,52,71,0.42276422764227645,0.17672413793103448,696,15
overall,MIXED,15.19,JUNGLE,rune,8014,最期の慈悲,122,72,50,0.5901639344262295,0.5281385281385281,231,15
overall,MIXED,16.18,TOP,keystone,8010,征服者,122,71,51,0.5819672131147541,0.3630952380952381,336,15
overall,MIXED,15.19,JUNGLE,rune,8347,宇宙の英知,122,70,52,0.5737704918032787,0.5281385281385281,231,15
overall,MIXED,16.17,MIDDLE,rune,9105,レジェンド: ヘイスト,122,69,53,0.5655737704918032,0.12103174603174603,1008,15
overall,MIXED,15.13,ALL,rune,8444,息継ぎ,122,67,55,0.5491803278688525,0.12708333333333333,960,15
overall,MIXED,16.11,MIDDLE,shard,5005,UNKNOWN(5005),122,66,56,0.5409836065573771,0.5169491525423728,236,15
overall,MIXED,16.4,ALL,rune,8299,背水の陣,122,66,56,0.5409836065573771,0.23018867924528302,530,15
overall,MIXED,16.12,ALL,shard,5007,UNKNOWN(5007),122,64,58,0.5245901639344263,0.13707865168539327,890,15
overall,MIXED,15.19,BOTTOM,shard,5011,UNKNOWN(5011),122,64,58,0.5245901639344263,0.5304347826086957,230,15
overall,MIXED,16.10,ALL,rune,8321,キャッシュバック,122,64,58,0.5245901639344263,0.10990990990990991,1110,15
overall,MIXED,16.11,UTILITY,shard,5007,UNKNOWN(5007),122,63,59,0.5163934426229508,0.5169491525423728,236,15
overall,MIXED,15.10,ALL,keystone,8010,征服者,122,62,60,0.5081967213114754,0.17681159420289855,690,15
overall,MIXED,15.13,UTILITY,shard,5008,UNKNOWN(5008),122,61,61,0.5,0.6354166666666666,192,15
overall,MIXED,16.14,UTILITY,rune,8401,シールドバッシュ,122,61,61,0.5,0.1752873563218391,696,15
overall,MIXED,16.17,ALL,rune,8232,水走り,122,61,61,0.5,0.024206349206349207,5040,15
overall,MIXED,16.17,MIDDLE,rune,9101,体力吸収,122,57,65,0.4672131147540984,0.12103174603174603,1008,15
overall,MIXED,16.10,JUNGLE,rune,8347,宇宙の英知,122,56,66,0.45901639344262296,0.5495495495495496,222,15
overall,MIXED,16.13,ALL,rune,8139,血の味わい,122,55,67,0.45081967213114754,0.03708206686930091,3290,15
overall,MIXED,16.14,MIDDLE,rune,9104,レジェンド: 迅速,121,68,53,0.5619834710743802,0.17385057471264367,696,15
overall,MIXED,15.11,ALL,rune,8345,ビスケットデリバリー,121,64,57,0.5289256198347108,0.22830188679245284,530,15
overall,MIXED,15.8,JUNGLE,shard,5008,UNKNOWN(5008),121,63,58,0.5206611570247934,0.9307692307692308,130,15
overall,MIXED,15.13,BOTTOM,shard,5001,UNKNOWN(5001),121,62,59,0.512396694214876,0.6302083333333334,192,15
overall,MIXED,16.1,UTILITY,shard,5001,UNKNOWN(5001),121,62,59,0.512396694214876,0.7908496732026143,153,15
overall,MIXED,15.22,JUNGLE,shard,5008,UNKNOWN(5008),121,62,59,0.512396694214876,0.9166666666666666,132,15
overall,MIXED,16.7,TOP,shard,5008,UNKNOWN(5008),121,59,62,0.48760330578512395,0.7857142857142857,154,15
overall,MIXED,16.13,ALL,keystone,8021,フリートフットワーク,121,56,65,0.4628099173553719,0.036778115501519756,3290,15
overall,MIXED,16.10,JUNGLE,keystone,8010,征服者,121,53,68,0.4380165289256198,0.545045045045045,222,15
overall,MIXED,16.14,ALL,rune,8429,心身調整,121,52,69,0.4297520661157025,0.03477011494252873,3480,15
overall,MIXED,15.21,ALL,rune,8226,マナフローバンド,120,67,53,0.5583333333333333,0.2033898305084746,590,15
overall,MIXED,16.14,MIDDLE,keystone,8992,死神の残り火,120,67,53,0.5583333333333333,0.1724137931034483,696,15
overall,MIXED,16.2,MIDDLE,shard,5001,UNKNOWN(5001),120,62,58,0.5166666666666667,0.8450704225352113,142,15
overall,MIXED,15.12,ALL,rune,8226,マナフローバンド,120,62,58,0.5166666666666667,0.23529411764705882,510,15
overall,MIXED,15.2,ALL,rune,8014,最期の慈悲,120,61,59,0.5083333333333333,0.2608695652173913,460,15
overall,MIXED,15.22,JUNGLE,shard,5001,UNKNOWN(5001),120,60,60,0.5,0.9090909090909091,132,15
overall,MIXED,15.16,ALL,rune,8299,背水の陣,120,55,65,0.4583333333333333,0.2222222222222222,540,15
overall,MIXED,16.11,JUNGLE,rune,8347,宇宙の英知,119,65,54,0.5462184873949579,0.5042372881355932,236,15
overall,MIXED,16.11,JUNGLE,rune,8304,魔法の靴,119,64,55,0.5378151260504201,0.5042372881355932,236,15
overall,MIXED,16.13,MIDDLE,rune,8444,息継ぎ,119,63,56,0.5294117647058824,0.18085106382978725,658,15
overall,MIXED,16.14,MIDDLE,rune,8444,息継ぎ,119,63,56,0.5294117647058824,0.17097701149425287,696,15
overall,MIXED,16.14,TOP,rune,8446,打ちこわし,119,63,56,0.5294117647058824,0.17097701149425287,696,15
overall,MIXED,16.16,MIDDLE,rune,8451,超成長,119,62,57,0.5210084033613446,0.17867867867867868,666,15
overall,MIXED,16.11,BOTTOM,shard,5001,UNKNOWN(5001),119,60,59,0.5042016806722689,0.5042372881355932,236,15
overall,MIXED,15.15,ALL,rune,9111,凱旋,119,60,59,0.5042016806722689,0.29024390243902437,410,15
overall,MIXED,16.8,JUNGLE,rune,9111,凱旋,119,60,59,0.5042016806722689,0.85,140,15
overall,MIXED,15.10,MIDDLE,shard,5001,UNKNOWN(5001),119,59,60,0.4957983193277311,0.8623188405797102,138,15
overall,MIXED,15.8,TOP,shard,5001,UNKNOWN(5001),119,59,60,0.4957983193277311,0.9153846153846154,130,15
overall,MIXED,15.17,JUNGLE,shard,5005,UNKNOWN(5005),119,59,60,0.4957983193277311,0.7345679012345679,162,15
overall,MIXED,15.22,ALL,rune,8473,ボーンアーマー,119,58,61,0.48739495798319327,0.1803030303030303,660,15
overall,MIXED,16.16,JUNGLE,rune,8106,至極の賞金首狩り,119,58,61,0.48739495798319327,0.17867867867867868,666,15
overall,MIXED,16.18,ALL,keystone,8437,不死者の握撃,119,57,62,0.4789915966386555,0.07083333333333333,1680,15
overall,MIXED,16.3,BOTTOM,rune,8009,冷静沈着,119,57,62,0.4789915966386555,0.6761363636363636,176,15
overall,MIXED,16.15,UTILITY,rune,8106,至極の賞金首狩り,119,57,62,0.4789915966386555,0.1440677966101695,826,15
overall,MIXED,16.16,ALL,rune,8139,血の味わい,119,54,65,0.453781512605042,0.035735735735735734,3330,15
overall,MIXED,16.3,ALL,rune,8106,至極の賞金首狩り,119,53,66,0.44537815126050423,0.13522727272727272,880,15
overall,MIXED,15.13,ALL,rune,9103,レジェンド: 血脈,118,63,55,0.5338983050847458,0.12291666666666666,960,15
overall,MIXED,15.10,TOP,shard,5001,UNKNOWN(5001),118,59,59,0.5,0.855072463768116,138,15
overall,MIXED,15.19,MIDDLE,shard,5005,UNKNOWN(5005),118,59,59,0.5,0.5130434782608696,230,15
overall,MIXED,16.18,BOTTOM,rune,8345,ビスケットデリバリー,118,59,59,0.5,0.35119047619047616,336,15
overall,MIXED,15.19,ALL,rune,8444,息継ぎ,118,59,59,0.5,0.10260869565217391,1150,15
overall,MIXED,16.5,ALL,rune,8140,グリスリー メメント,118,55,63,0.4661016949152542,0.145679012345679,810,15
overall,MIXED,14.19,ALL,rune,8210,至高,118,53,65,0.4491525423728814,0.28095238095238095,420,15
overall,MIXED,16.16,ALL,rune,8429,心身調整,117,70,47,0.5982905982905983,0.03513513513513514,3330,15
overall,MIXED,16.14,BOTTOM,rune,8347,宇宙の英知,117,64,53,0.5470085470085471,0.16810344827586207,696,15
overall,MIXED,16.16,UTILITY,rune,8401,シールドバッシュ,117,62,55,0.5299145299145299,0.17567567567567569,666,15
overall,MIXED,15.20,UTILITY,shard,5001,UNKNOWN(5001),117,60,57,0.5128205128205128,0.8863636363636364,132,15
overall,MIXED,16.18,UTILITY,rune,8345,ビスケットデリバリー,117,60,57,0.5128205128205128,0.3482142857142857,336,15
overall,MIXED,15.11,ALL,rune,8009,冷静沈着,117,60,57,0.5128205128205128,0.22075471698113208,530,15
overall,MIXED,16.4,ALL,keystone,8010,征服者,117,60,57,0.5128205128205128,0.22075471698113208,530,15
overall,MIXED,16.15,ALL,rune,8224,アクシオム アルカニスト,117,59,58,0.5042735042735043,0.028329297820823246,4130,15
overall,MIXED,15.24,ALL,rune,8126,追い打ち,117,59,58,0.5042735042735043,0.06842105263157895,1710,15
overall,MIXED,15.18,UTILITY,shard,5001,UNKNOWN(5001),117,57,60,0.48717948717948717,0.9,130,15
overall,MIXED,16.18,UTILITY,rune,8210,至高,117,57,60,0.48717948717948717,0.3482142857142857,336,15
overall,MIXED,16.16,ALL,rune,8224,アクシオム アルカニスト,117,56,61,0.47863247863247865,0.03513513513513514,3330,15
overall,MIXED,16.7,ALL,keystone,8008,リーサルテンポ,117,56,61,0.47863247863247865,0.15194805194805194,770,15
overall,MIXED,15.20,TOP,shard,5001,UNKNOWN(5001),117,54,63,0.46153846153846156,0.8863636363636364,132,15
overall,MIXED,16.13,MIDDLE,shard,5011,UNKNOWN(5011),117,54,63,0.46153846153846156,0.1778115501519757,658,15
overall,MIXED,16.15,JUNGLE,rune,8106,至極の賞金首狩り,117,53,64,0.452991452991453,0.14164648910411623,826,15
overall,MIXED,16.14,ALL,keystone,8214,エアリー召喚,117,47,70,0.4017094017094017,0.03362068965517241,3480,15
overall,MIXED,16.13,ALL,rune,8224,アクシオム アルカニスト,116,69,47,0.5948275862068966,0.03525835866261398,3290,15
overall,MIXED,15.18,ALL,rune,8451,超成長,116,67,49,0.5775862068965517,0.17846153846153845,650,15
overall,MIXED,16.5,ALL,rune,9105,レジェンド: ヘイスト,116,65,51,0.5603448275862069,0.14320987654320988,810,15
overall,MIXED,16.17,MIDDLE,rune,8347,宇宙の英知,116,65,51,0.5603448275862069,0.11507936507936507,1008,15
overall,MIXED,15.8,MIDDLE,shard,5001,UNKNOWN(5001),116,59,57,0.5086206896551724,0.8923076923076924,130,15
overall,MIXED,15.21,BOTTOM,shard,5008,UNKNOWN(5008),116,58,58,0.5,0.9914529914529915,117,15
overall,MIXED,14.19,ALL,rune,9111,凱旋,116,58,58,0.5,0.2761904761904762,420,15
overall,MIXED,16.8,TOP,shard,5001,UNKNOWN(5001),116,57,59,0.49137931034482757,0.8285714285714286,140,15
overall,MIXED,16.11,BOTTOM,shard,5011,UNKNOWN(5011),116,57,59,0.49137931034482757,0.4915254237288136,236,15
overall,MIXED,16.13,ALL,keystone,8214,エアリー召喚,116,57,59,0.49137931034482757,0.03525835866261398,3290,15
overall,MIXED,16.15,ALL,keystone,8128,魂の収穫,116,57,59,0.49137931034482757,0.028087167070217918,4130,15
overall,MIXED,16.16,UTILITY,rune,8453,生気付与,116,56,60,0.4827586206896552,0.17417417417417416,666,15
overall,MIXED,16.9,ALL,rune,8106,至極の賞金首狩り,116,56,60,0.4827586206896552,0.1468354430379747,790,15
overall,MIXED,15.19,BOTTOM,rune,9103,レジェンド: 血脈,116,55,61,0.47413793103448276,0.5043478260869565,230,15
overall,MIXED,15.10,ALL,rune,8237,追火,116,54,62,0.46551724137931033,0.1681159420289855,690,15
overall,MIXED,16.18,JUNGLE,rune,8014,最期の慈悲,116,53,63,0.45689655172413796,0.34523809523809523,336,15
overall,MIXED,16.17,TOP,rune,8009,冷静沈着,116,52,64,0.4482758620689655,0.11507936507936507,1008,15
overall,MIXED,16.4,ALL,rune,8014,最期の慈悲,116,52,64,0.4482758620689655,0.2188679245283019,530,15
overall,MIXED,15.9,ALL,rune,8210,至高,116,52,64,0.4482758620689655,0.26976744186046514,430,15
overall,MIXED,15.16,ALL,rune,8347,宇宙の英知,115,66,49,0.5739130434782609,0.21296296296296297,540,15
overall,MIXED,16.14,MIDDLE,shard,5011,UNKNOWN(5011),115,60,55,0.5217391304347826,0.16522988505747127,696,15
overall,MIXED,15.19,UTILITY,rune,8473,ボーンアーマー,115,60,55,0.5217391304347826,0.5,230,15
overall,MIXED,15.14,ALL,rune,8014,最期の慈悲,115,59,56,0.5130434782608696,0.25,460,15
overall,MIXED,16.7,ALL,rune,8451,超成長,115,59,56,0.5130434782608696,0.14935064935064934,770,15
overall,MIXED,15.18,MIDDLE,shard,5001,UNKNOWN(5001),115,58,57,0.5043478260869565,0.8846153846153846,130,15
overall,MIXED,15.18,BOTTOM,shard,5005,UNKNOWN(5005),115,58,57,0.5043478260869565,0.8846153846153846,130,15
overall,MIXED,15.24,ALL,rune,8401,シールドバッシュ,115,58,57,0.5043478260869565,0.06725146198830409,1710,15
overall,MIXED,15.16,ALL,keystone,8010,征服者,115,58,57,0.5043478260869565,0.21296296296296297,540,15
overall,MIXED,15.21,MIDDLE,shard,5008,UNKNOWN(5008),115,57,58,0.4956521739130435,0.9745762711864406,118,15
overall,MIXED,15.23,BOTTOM,shard,5008,UNKNOWN(5008),115,57,58,0.4956521739130435,0.9913793103448276,116,15
overall,MIXED,15.11,ALL,rune,8347,宇宙の英知,115,57,58,0.4956521739130435,0.2169811320754717,530,15
overall,MIXED,16.2,UTILITY,shard,5001,UNKNOWN(5001),115,55,60,0.4782608695652174,0.8098591549295775,142,15
overall,MIXED,15.19,ALL,keystone,8229,秘儀の彗星,115,55,60,0.4782608695652174,0.1,1150,15
overall,MIXED,15.13,ALL,keystone,8112,電撃,115,55,60,0.4782608695652174,0.11979166666666667,960,15
overall,MIXED,16.18,ALL,rune,8463,生命の泉,115,54,61,0.46956521739130436,0.06845238095238096,1680,15
overall,MIXED,14.23,ALL,shard,5005,UNKNOWN(5005),115,53,62,0.4608695652173913,0.5476190476190477,210,15
overall,MIXED,16.3,JUNGLE,shard,5005,UNKNOWN(5005),115,53,62,0.4608695652173913,0.6534090909090909,176,15
overall,MIXED,15.24,BOTTOM,rune,8017,切り崩し,115,53,62,0.4608695652173913,0.33724340175953077,341,15
overall,MIXED,16.11,BOTTOM,keystone,8008,リーサルテンポ,115,50,65,0.43478260869565216,0.4872881355932203,236,15
overall,MIXED,16.17,UTILITY,rune,8236,強まる嵐,114,61,53,0.5350877192982456,0.1130952380952381,1008,15
overall,MIXED,15.13,TOP,shard,5005,UNKNOWN(5005),114,60,54,0.5263157894736842,0.59375,192,15
overall,MIXED,16.10,BOTTOM,keystone,8008,リーサルテンポ,114,60,54,0.5263157894736842,0.5135135135135135,222,15
overall,MIXED,16.10,ALL,rune,9103,レジェンド: 血脈,114,60,54,0.5263157894736842,0.10270270270270271,1110,15
overall,MIXED,16.9,JUNGLE,shard,5005,UNKNOWN(5005),114,59,55,0.5175438596491229,0.7215189873417721,158,15
overall,MIXED,15.18,TOP,shard,5008,UNKNOWN(5008),114,57,57,0.5,0.8769230769230769,130,15
overall,MIXED,16.16,MIDDLE,shard,5011,UNKNOWN(5011),114,57,57,0.5,0.17117117117117117,666,15
overall,MIXED,16.1,ALL,keystone,8008,リーサルテンポ,114,57,57,0.5,0.14805194805194805,770,15
overall,MIXED,16.10,JUNGLE,rune,8304,魔法の靴,114,56,58,0.49122807017543857,0.5135135135135135,222,15
overall,MIXED,16.7,BOTTOM,shard,5005,UNKNOWN(5005),114,55,59,0.4824561403508772,0.7402597402597403,154,15
overall,MIXED,16.9,ALL,rune,9105,レジェンド: ヘイスト,114,54,60,0.47368421052631576,0.14430379746835442,790,15
overall,MIXED,16.18,MIDDLE,rune,8237,追火,114,54,60,0.47368421052631576,0.3392857142857143,336,15
overall,MIXED,16.17,MIDDLE,rune,8105,執拗な賞金首狩り,114,53,61,0.4649122807017544,0.1130952380952381,1008,15
overall,MIXED,15.10,ALL,rune,9105,レジェンド: ヘイスト,114,52,62,0.45614035087719296,0.16521739130434782,690,15
overall,MIXED,16.18,ALL,rune,8313,トリプル トニック,114,51,63,0.4473684210526316,0.06785714285714285,1680,15
overall,MIXED,16.10,JUNGLE,rune,8014,最期の慈悲,114,51,63,0.4473684210526316,0.5135135135135135,222,15
overall,MIXED,14.20,ALL,rune,8014,最期の慈悲,114,49,65,0.4298245614035088,0.24782608695652175,460,15
overall,MIXED,15.8,ALL,rune,8451,超成長,114,45,69,0.39473684210526316,0.1753846153846154,650,15
overall,MIXED,16.15,TOP,rune,8009,冷静沈着,113,61,52,0.5398230088495575,0.1368038740920097,826,15
overall,MIXED,16.10,TOP,rune,8299,背水の陣,113,61,52,0.5398230088495575,0.509009009009009,222,15
overall,MIXED,15.20,MIDDLE,shard,5001,UNKNOWN(5001),113,59,54,0.5221238938053098,0.8625954198473282,131,15
overall,MIXED,15.22,TOP,shard,5008,UNKNOWN(5008),113,58,55,0.5132743362831859,0.8560606060606061,132,15
overall,MIXED,15.14,ALL,rune,8347,宇宙の英知,113,58,55,0.5132743362831859,0.24565217391304348,460,15
overall,MIXED,15.21,JUNGLE,shard,5008,UNKNOWN(5008),113,57,56,0.504424778761062,0.9576271186440678,118,15
overall,MIXED,15.8,JUNGLE,rune,9111,凱旋,113,57,56,0.504424778761062,0.8692307692307693,130,15
overall,MIXED,16.9,BOTTOM,shard,5005,UNKNOWN(5005),113,56,57,0.49557522123893805,0.7151898734177216,158,15
overall,MIXED,15.10,BOTTOM,shard,5005,UNKNOWN(5005),113,54,59,0.4778761061946903,0.8188405797101449,138,15
overall,MIXED,16.17,BOTTOM,keystone,8369,ファーストストライク,113,52,61,0.46017699115044247,0.11210317460317461,1008,15
overall,MIXED,15.13,MIDDLE,rune,8210,至高,113,52,61,0.46017699115044247,0.5916230366492147,191,15
overall,MIXED,16.18,TOP,rune,8451,超成長,113,52,61,0.46017699115044247,0.33630952380952384,336,15
overall,MIXED,16.4,ALL,rune,8347,宇宙の英知,113,46,67,0.40707964601769914,0.21320754716981133,530,15
overall,MIXED,16.10,ALL,keystone,8229,秘儀の彗星,112,64,48,0.5714285714285714,0.1009009009009009,1110,15
overall,MIXED,15.18,ALL,rune,8237,追火,112,63,49,0.5625,0.1723076923076923,650,15
overall,MIXED,16.17,JUNGLE,keystone,8005,プレスアタック,112,59,53,0.5267857142857143,0.1111111111111111,1008,15
overall,MIXED,15.8,ALL,rune,9105,レジェンド: ヘイスト,112,59,53,0.5267857142857143,0.1723076923076923,650,15
overall,MIXED,15.10,ALL,rune,8451,超成長,112,58,54,0.5178571428571429,0.16231884057971013,690,15
overall,MIXED,16.5,JUNGLE,shard,5005,UNKNOWN(5005),112,56,56,0.5,0.691358024691358,162,15
overall,MIXED,16.2,ALL,rune,8473,ボーンアーマー,112,56,56,0.5,0.15774647887323945,710,15
overall,MIXED,16.18,BOTTOM,rune,9111,凱旋,112,56,56,0.5,0.3333333333333333,336,15
overall,MIXED,15.22,BOTTOM,shard,5005,UNKNOWN(5005),112,55,57,0.49107142857142855,0.8484848484848485,132,15
overall,MIXED,16.2,BOTTOM,shard,5005,UNKNOWN(5005),112,54,58,0.48214285714285715,0.7887323943661971,142,15
overall,MIXED,16.7,JUNGLE,shard,5005,UNKNOWN(5005),112,53,59,0.4732142857142857,0.7272727272727273,154,15
overall,MIXED,15.16,ALL,rune,8014,最期の慈悲,112,52,60,0.4642857142857143,0.2074074074074074,540,15
overall,MIXED,15.13,ALL,rune,8106,至極の賞金首狩り,112,49,63,0.4375,0.11666666666666667,960,15
overall,MIXED,16.1,ALL,rune,9105,レジェンド: ヘイスト,112,44,68,0.39285714285714285,0.14545454545454545,770,15
overall,MIXED,16.7,ALL,keystone,8229,秘儀の彗星,111,61,50,0.5495495495495496,0.14415584415584415,770,15
overall,MIXED,15.24,UTILITY,rune,8210,至高,111,61,50,0.5495495495495496,0.32456140350877194,342,15
overall,MIXED,15.12,ALL,rune,8304,魔法の靴,111,61,50,0.5495495495495496,0.21764705882352942,510,15
overall,MIXED,16.8,ALL,rune,8473,ボーンアーマー,111,58,53,0.5225225225225225,0.15857142857142856,700,15
overall,MIXED,15.23,ALL,rune,8299,背水の陣,111,58,53,0.5225225225225225,0.19137931034482758,580,15
overall,MIXED,15.23,MIDDLE,shard,5008,UNKNOWN(5008),111,57,54,0.5135135135135135,0.9568965517241379,116,15
overall,MIXED,16.4,ALL,rune,8304,魔法の靴,111,56,55,0.5045045045045045,0.20943396226415095,530,15
overall,MIXED,16.8,UTILITY,shard,5001,UNKNOWN(5001),111,55,56,0.4954954954954955,0.7928571428571428,140,15
overall,MIXED,15.15,ALL,rune,9104,レジェンド: 迅速,111,55,56,0.4954954954954955,0.2707317073170732,410,15
overall,MIXED,16.1,JUNGLE,rune,9111,凱旋,111,55,56,0.4954954954954955,0.7207792207792207,154,15
overall,MIXED,16.11,ALL,rune,9103,レジェンド: 血脈,111,53,58,0.4774774774774775,0.0940677966101695,1180,15
overall,MIXED,16.13,BOTTOM,rune,9111,凱旋,111,53,58,0.4774774774774775,0.16869300911854104,658,15
overall,MIXED,16.12,ALL,rune,8236,強まる嵐,111,53,58,0.4774774774774775,0.12471910112359551,890,15
overall,MIXED,15.20,ALL,rune,8451,超成長,111,52,59,0.46846846846846846,0.16818181818181818,660,15
overall,MIXED,16.3,UTILITY,shard,5008,UNKNOWN(5008),111,50,61,0.45045045045045046,0.6306818181818182,176,15
overall,MIXED,15.13,ALL,rune,8242,気迫,111,50,61,0.45045045045045046,0.115625,960,15
overall,MIXED,16.14,MIDDLE,rune,8299,背水の陣,110,67,43,0.6090909090909091,0.15804597701149425,696,15
overall,MIXED,15.20,ALL,shard,5011,UNKNOWN(5011),110,63,47,0.5727272727272728,0.16666666666666666,660,15
overall,MIXED,15.8,UTILITY,shard,5001,UNKNOWN(5001),110,59,51,0.5363636363636364,0.8461538461538461,130,15
overall,MIXED,16.2,TOP,shard,5008,UNKNOWN(5008),110,59,51,0.5363636363636364,0.7746478873239436,142,15
overall,MIXED,16.6,ALL,rune,8473,ボーンアーマー,110,59,51,0.5363636363636364,0.14473684210526316,760,15
overall,MIXED,16.17,ALL,keystone,8230,嵐乗りの勇躍,110,59,51,0.5363636363636364,0.021825396825396824,5040,15
overall,MIXED,16.18,UTILITY,rune,8242,気迫,110,59,51,0.5363636363636364,0.3273809523809524,336,15
overall,MIXED,14.20,ALL,rune,8299,背水の陣,110,59,51,0.5363636363636364,0.2391304347826087,460,15
overall,MIXED,15.24,UTILITY,rune,8237,追火,110,58,52,0.5272727272727272,0.3216374269005848,342,15
overall,MIXED,16.4,ALL,rune,8009,冷静沈着,110,57,53,0.5181818181818182,0.20754716981132076,530,15
overall,MIXED,15.22,JUNGLE,rune,9111,凱旋,110,57,53,0.5181818181818182,0.8333333333333334,132,15
overall,MIXED,16.14,BOTTOM,rune,8237,追火,110,57,53,0.5181818181818182,0.15804597701149425,696,15
overall,MIXED,16.16,JUNGLE,rune,8135,貪欲な賞金首狩り,110,56,54,0.509090909090909,0.16516516516516516,666,15
overall,MIXED,16.6,ALL,shard,5007,UNKNOWN(5007),110,55,55,0.5,0.14473684210526316,760,15
overall,MIXED,16.5,UTILITY,shard,5008,UNKNOWN(5008),110,55,55,0.5,0.6790123456790124,162,15
overall,MIXED,15.21,JUNGLE,shard,5001,UNKNOWN(5001),110,54,56,0.4909090909090909,0.9322033898305084,118,15
overall,MIXED,15.22,UTILITY,shard,5001,UNKNOWN(5001),110,53,57,0.4818181818181818,0.8333333333333334,132,15
overall,MIXED,16.15,UTILITY,shard,5005,UNKNOWN(5005),110,53,57,0.4818181818181818,0.13317191283292978,826,15
overall,MIXED,16.15,MIDDLE,keystone,8229,秘儀の彗星,110,53,57,0.4818181818181818,0.13317191283292978,826,15
overall,MIXED,16.12,UTILITY,shard,5008,UNKNOWN(5008),110,52,58,0.4727272727272727,0.6179775280898876,178,15
overall,MIXED,15.13,ALL,rune,8143,サドンインパクト,110,52,58,0.4727272727272727,0.11458333333333333,960,15
overall,MIXED,16.11,BOTTOM,rune,8345,ビスケットデリバリー,110,52,58,0.4727272727272727,0.4661016949152542,236,15
overall,MIXED,16.14,BOTTOM,rune,9111,凱旋,110,52,58,0.4727272727272727,0.15804597701149425,696,15
overall,MIXED,16.1,ALL,rune,8451,超成長,110,52,58,0.4727272727272727,0.14285714285714285,770,15
overall,MIXED,15.24,MIDDLE,rune,8237,追火,110,52,58,0.4727272727272727,0.3216374269005848,342,15
overall,MIXED,15.24,UTILITY,keystone,8439,アフターショック,110,51,59,0.4636363636363636,0.3216374269005848,342,15
overall,MIXED,16.8,MIDDLE,shard,5001,UNKNOWN(5001),110,50,60,0.45454545454545453,0.7857142857142857,140,15
overall,MIXED,14.20,ALL,rune,8210,至高,110,50,60,0.45454545454545453,0.2391304347826087,460,15
overall,MIXED,16.9,ALL,shard,5007,UNKNOWN(5007),110,46,64,0.41818181818181815,0.13924050632911392,790,15
overall,MIXED,16.13,MIDDLE,keystone,8992,死神の残り火,109,64,45,0.5871559633027523,0.1656534954407295,658,15
overall,MIXED,16.17,MIDDLE,rune,8017,切り崩し,109,61,48,0.5596330275229358,0.10813492063492064,1008,15
overall,MIXED,15.16,ALL,rune,8304,魔法の靴,109,61,48,0.5596330275229358,0.20185185185185187,540,15
overall,MIXED,15.13,BOTTOM,rune,9103,レジェンド: 血脈,109,58,51,0.5321100917431193,0.5677083333333334,192,15
overall,MIXED,16.15,UTILITY,rune,8453,生気付与,109,58,51,0.5321100917431193,0.13196125907990314,826,15
overall,MIXED,16.2,JUNGLE,shard,5005,UNKNOWN(5005),109,57,52,0.5229357798165137,0.7676056338028169,142,15
overall,MIXED,15.13,ALL,shard,5007,UNKNOWN(5007),109,56,53,0.5137614678899083,0.11354166666666667,960,15
overall,MIXED,15.22,TOP,shard,5001,UNKNOWN(5001),109,55,54,0.5045871559633027,0.8257575757575758,132,15
overall,MIXED,15.19,TOP,rune,9111,凱旋,109,55,54,0.5045871559633027,0.4759825327510917,229,15
overall,MIXED,15.24,ALL,rune,8463,生命の泉,109,55,54,0.5045871559633027,0.06374269005847953,1710,15
overall,MIXED,16.11,ALL,keystone,8229,秘儀の彗星,109,55,54,0.5045871559633027,0.0923728813559322,1180,15
overall,MIXED,16.6,ALL,rune,8236,強まる嵐,109,54,55,0.4954128440366973,0.14342105263157895,760,15
overall,MIXED,16.13,BOTTOM,rune,8210,至高,109,54,55,0.4954128440366973,0.1656534954407295,658,15
overall,MIXED,16.11,ALL,keystone,8112,電撃,109,54,55,0.4954128440366973,0.0923728813559322,1180,15
overall,MIXED,16.7,UTILITY,shard,5008,UNKNOWN(5008),109,53,56,0.48623853211009177,0.7077922077922078,154,15
overall,MIXED,16.16,BOTTOM,rune,8313,トリプル トニック,109,53,56,0.48623853211009177,0.16366366366366367,666,15
overall,MIXED,16.3,MIDDLE,rune,8210,至高,109,53,56,0.48623853211009177,0.6193181818181818,176,15
overall,MIXED,16.12,ALL,rune,8242,気迫,109,52,57,0.47706422018348627,0.12247191011235956,890,15
overall,MIXED,16.17,BOTTOM,keystone,8005,プレスアタック,109,51,58,0.46788990825688076,0.10813492063492064,1008,15
overall,MIXED,14.19,ALL,rune,8226,マナフローバンド,109,51,58,0.46788990825688076,0.25952380952380955,420,15
overall,MIXED,15.7,ALL,rune,8347,宇宙の英知,109,51,58,0.46788990825688076,0.23695652173913043,460,15
overall,MIXED,16.18,JUNGLE,keystone,8010,征服者,109,51,58,0.46788990825688076,0.3244047619047619,336,15
overall,MIXED,15.21,ALL,rune,8473,ボーンアーマー,109,50,59,0.45871559633027525,0.1847457627118644,590,15
overall,MIXED,15.13,TOP,rune,8299,背水の陣,109,49,60,0.44954128440366975,0.5677083333333334,192,15
overall,MIXED,15.17,ALL,rune,8140,グリスリー メメント,108,62,46,0.5740740740740741,0.13333333333333333,810,15
overall,MIXED,15.8,TOP,shard,5008,UNKNOWN(5008),108,59,49,0.5462962962962963,0.8307692307692308,130,15
overall,MIXED,16.8,TOP,shard,5008,UNKNOWN(5008),108,53,55,0.49074074074074076,0.7714285714285715,140,15
overall,MIXED,16.17,MIDDLE,rune,8014,最期の慈悲,108,53,55,0.49074074074074076,0.10714285714285714,1008,15
overall,MIXED,15.8,BOTTOM,shard,5005,UNKNOWN(5005),108,52,56,0.48148148148148145,0.8307692307692308,130,15
overall,MIXED,16.10,TOP,rune,9111,凱旋,108,52,56,0.48148148148148145,0.4864864864864865,222,15
overall,MIXED,16.16,UTILITY,keystone,8214,エアリー召喚,108,51,57,0.4722222222222222,0.16216216216216217,666,15
overall,MIXED,16.16,UTILITY,rune,8106,至極の賞金首狩り,108,50,58,0.46296296296296297,0.16216216216216217,666,15
overall,MIXED,15.14,ALL,rune,8210,至高,108,47,61,0.4351851851851852,0.23478260869565218,460,15
overall,MIXED,16.17,TOP,rune,8210,至高,108,46,62,0.42592592592592593,0.10714285714285714,1008,15
overall,MIXED,16.3,ALL,rune,8017,切り崩し,107,65,42,0.6074766355140186,0.1215909090909091,880,15
overall,MIXED,16.18,TOP,rune,9104,レジェンド: 迅速,107,62,45,0.5794392523364486,0.31845238095238093,336,15
overall,MIXED,16.11,ALL,rune,8444,息継ぎ,107,61,46,0.5700934579439252,0.09067796610169492,1180,15
overall,MIXED,15.24,ALL,rune,8453,生気付与,107,61,46,0.5700934579439252,0.06257309941520468,1710,15
overall,MIXED,15.17,ALL,rune,8106,至極の賞金首狩り,107,61,46,0.5700934579439252,0.13209876543209875,810,15
overall,MIXED,16.3,BOTTOM,shard,5011,UNKNOWN(5011),107,59,48,0.5514018691588785,0.6079545454545454,176,15
overall,MIXED,16.11,JUNGLE,rune,8014,最期の慈悲,107,57,50,0.5327102803738317,0.4533898305084746,236,15
overall,MIXED,16.11,UTILITY,rune,8226,マナフローバンド,107,56,51,0.5233644859813084,0.4533898305084746,236,15
overall,MIXED,15.10,UTILITY,shard,5001,UNKNOWN(5001),107,55,52,0.514018691588785,0.7753623188405797,138,15
overall,MIXED,16.2,ALL,rune,8321,キャッシュバック,107,55,52,0.514018691588785,0.15070422535211267,710,15
overall,MIXED,15.20,JUNGLE,rune,9111,凱旋,107,55,52,0.514018691588785,0.8106060606060606,132,15
overall,MIXED,16.16,ALL,rune,8137,第六感,107,55,52,0.514018691588785,0.03213213213213213,3330,15
overall,MIXED,15.20,ALL,rune,8237,追火,107,55,52,0.514018691588785,0.1621212121212121,660,15
overall,MIXED,15.16,BOTTOM,shard,5008,UNKNOWN(5008),107,54,53,0.5046728971962616,1.0,107,15
overall,MIXED,15.7,ALL,rune,8299,背水の陣,107,54,53,0.5046728971962616,0.2326086956521739,460,15
overall,MIXED,16.5,ALL,rune,8451,超成長,107,54,53,0.5046728971962616,0.13209876543209875,810,15
overall,MIXED,15.19,UTILITY,shard,5007,UNKNOWN(5007),107,53,54,0.4953271028037383,0.4652173913043478,230,15
overall,MIXED,15.2,ALL,keystone,8010,征服者,107,53,54,0.4953271028037383,0.2326086956521739,460,15
overall,MIXED,15.8,ALL,rune,8237,追火,107,53,54,0.4953271028037383,0.1646153846153846,650,15
overall,MIXED,15.19,BOTTOM,shard,5001,UNKNOWN(5001),107,51,56,0.4766355140186916,0.4652173913043478,230,15
overall,MIXED,15.13,JUNGLE,rune,9104,レジェンド: 迅速,107,51,56,0.4766355140186916,0.5572916666666666,192,15
overall,MIXED,16.11,TOP,rune,9111,凱旋,107,51,56,0.4766355140186916,0.4533898305084746,236,15
overall,MIXED,16.13,MIDDLE,rune,8299,背水の陣,107,51,56,0.4766355140186916,0.16261398176291794,658,15
overall,MIXED,16.2,JUNGLE,rune,9111,凱旋,107,50,57,0.4672897196261682,0.7535211267605634,142,15
overall,MIXED,15.7,ALL,rune,8014,最期の慈悲,107,48,59,0.4485981308411215,0.2326086956521739,460,15
overall,MIXED,15.12,ALL,rune,8014,最期の慈悲,106,63,43,0.5943396226415094,0.20784313725490197,510,15
overall,MIXED,16.8,ALL,rune,9105,レジェンド: ヘイスト,106,61,45,0.5754716981132075,0.15142857142857144,700,15
overall,MIXED,15.17,UTILITY,shard,5008,UNKNOWN(5008),106,58,48,0.5471698113207547,0.6583850931677019,161,15
overall,MIXED,16.6,ALL,keystone,8229,秘儀の彗星,106,58,48,0.5471698113207547,0.1394736842105263,760,15
overall,MIXED,15.10,TOP,shard,5008,UNKNOWN(5008),106,57,49,0.5377358490566038,0.7681159420289855,138,15
overall,MIXED,15.23,JUNGLE,shard,5008,UNKNOWN(5008),106,56,50,0.5283018867924528,0.9137931034482759,116,15
overall,MIXED,16.9,ALL,keystone,8008,リーサルテンポ,106,56,50,0.5283018867924528,0.1341772151898734,790,15
overall,MIXED,15.18,ALL,rune,9105,レジェンド: ヘイスト,106,55,51,0.5188679245283019,0.16307692307692306,650,15
overall,MIXED,16.7,ALL,rune,9105,レジェンド: ヘイスト,106,55,51,0.5188679245283019,0.13766233766233765,770,15
overall,MIXED,16.18,ALL,keystone,8439,アフターショック,106,54,52,0.5094339622641509,0.0630952380952381,1680,15
overall,MIXED,16.16,TOP,rune,8446,打ちこわし,106,54,52,0.5094339622641509,0.15915915915915915,666,15
overall,MIXED,16.9,ALL,rune,8451,超成長,106,54,52,0.5094339622641509,0.1341772151898734,790,15
overall,MIXED,15.13,MIDDLE,shard,5005,UNKNOWN(5005),106,53,53,0.5,0.5549738219895288,191,15
overall,MIXED,15.11,BOTTOM,shard,5008,UNKNOWN(5008),106,53,53,0.5,1.0,106,15
overall,MIXED,15.16,MIDDLE,shard,5008,UNKNOWN(5008),106,53,53,0.5,0.9814814814814815,108,15
overall,MIXED,16.4,BOTTOM,shard,5008,UNKNOWN(5008),106,53,53,0.5,1.0,106,15
overall,MIXED,15.24,TOP,rune,9105,レジェンド: ヘイスト,106,53,53,0.5,0.30994152046783624,342,15
overall,MIXED,16.8,BOTTOM,shard,5005,UNKNOWN(5005),106,52,54,0.49056603773584906,0.7571428571428571,140,15
overall,MIXED,16.5,ALL,rune,8106,至極の賞金首狩り,106,52,54,0.49056603773584906,0.1308641975308642,810,15
overall,MIXED,16.12,TOP,shard,5005,UNKNOWN(5005),106,51,55,0.4811320754716981,0.5955056179775281,178,15
overall,MIXED,16.6,BOTTOM,shard,5005,UNKNOWN(5005),106,49,57,0.46226415094339623,0.6973684210526315,152,15
overall,MIXED,15.14,ALL,rune,8226,マナフローバンド,106,49,57,0.46226415094339623,0.23043478260869565,460,15
overall,MIXED,16.15,BOTTOM,rune,8313,トリプル トニック,106,44,62,0.41509433962264153,0.12832929782082325,826,15
overall,MIXED,15.21,ALL,shard,5011,UNKNOWN(5011),105,59,46,0.5619047619047619,0.17796610169491525,590,15
overall,MIXED,16.6,ALL,rune,8451,超成長,105,59,46,0.5619047619047619,0.13815789473684212,760,15
overall,MIXED,15.15,ALL,rune,8345,ビスケットデリバリー,105,58,47,0.5523809523809524,0.25609756097560976,410,15
overall,MIXED,15.9,ALL,rune,9104,レジェンド: 迅速,105,56,49,0.5333333333333333,0.2441860465116279,430,15
overall,MIXED,16.5,BOTTOM,rune,8009,冷静沈着,105,56,49,0.5333333333333333,0.6481481481481481,162,15
overall,MIXED,16.5,ALL,keystone,8229,秘儀の彗星,105,56,49,0.5333333333333333,0.12962962962962962,810,15
overall,MIXED,16.9,TOP,shard,5005,UNKNOWN(5005),105,54,51,0.5142857142857142,0.6645569620253164,158,15
overall,MIXED,16.4,ALL,rune,8345,ビスケットデリバリー,105,54,51,0.5142857142857142,0.19811320754716982,530,15
overall,MIXED,15.19,ALL,keystone,8112,電撃,105,54,51,0.5142857142857142,0.09130434782608696,1150,15
overall,MIXED,16.1,JUNGLE,shard,5005,UNKNOWN(5005),105,53,52,0.5047619047619047,0.6818181818181818,154,15
overall,MIXED,15.21,TOP,shard,5008,UNKNOWN(5008),105,53,52,0.5047619047619047,0.8898305084745762,118,15
overall,MIXED,16.14,BOTTOM,keystone,8369,ファーストストライク,105,53,52,0.5047619047619047,0.15086206896551724,696,15
overall,MIXED,15.24,ALL,keystone,8437,不死者の握撃,105,53,52,0.5047619047619047,0.06140350877192982,1710,15
overall,MIXED,15.11,MIDDLE,shard,5008,UNKNOWN(5008),105,52,53,0.49523809523809526,0.9905660377358491,106,15
overall,MIXED,15.21,TOP,shard,5001,UNKNOWN(5001),105,51,54,0.4857142857142857,0.8898305084745762,118,15
overall,MIXED,16.3,MIDDLE,rune,8226,マナフローバンド,105,51,54,0.4857142857142857,0.5965909090909091,176,15
overall,MIXED,15.7,ALL,rune,8345,ビスケットデリバリー,105,50,55,0.47619047619047616,0.22826086956521738,460,15
overall,MIXED,16.15,BOTTOM,keystone,8369,ファーストストライク,105,50,55,0.47619047619047616,0.1271186440677966,826,15
overall,MIXED,15.12,ALL,rune,8299,背水の陣,105,50,55,0.47619047619047616,0.20588235294117646,510,15
overall,MIXED,16.17,TOP,keystone,8008,リーサルテンポ,105,49,56,0.4666666666666667,0.10416666666666667,1008,15
overall,MIXED,16.15,MIDDLE,rune,9105,レジェンド: ヘイスト,105,49,56,0.4666666666666667,0.1271186440677966,826,15
overall,MIXED,14.20,ALL,rune,8226,マナフローバンド,105,47,58,0.44761904761904764,0.22826086956521738,460,15
overall,MIXED,16.6,ALL,keystone,8008,リーサルテンポ,105,47,58,0.44761904761904764,0.13815789473684212,760,15
overall,MIXED,16.17,JUNGLE,rune,8126,追い打ち,105,47,58,0.44761904761904764,0.10416666666666667,1008,15
overall,MIXED,15.10,ALL,rune,8236,強まる嵐,104,60,44,0.5769230769230769,0.15072463768115943,690,15
overall,MIXED,15.11,ALL,rune,8299,背水の陣,104,56,48,0.5384615384615384,0.19622641509433963,530,15
overall,MIXED,15.14,ALL,rune,8345,ビスケットデリバリー,104,54,50,0.5192307692307693,0.22608695652173913,460,15
overall,MIXED,15.22,MIDDLE,shard,5001,UNKNOWN(5001),104,53,51,0.5096153846153846,0.7878787878787878,132,15
overall,MIXED,16.4,MIDDLE,shard,5008,UNKNOWN(5008),104,53,51,0.5096153846153846,0.9811320754716981,106,15
overall,MIXED,16.12,MIDDLE,rune,8226,マナフローバンド,104,53,51,0.5096153846153846,0.5842696629213483,178,15
overall,MIXED,16.17,ALL,keystone,8128,魂の収穫,104,53,51,0.5096153846153846,0.020634920634920634,5040,15
overall,MIXED,16.3,TOP,shard,5005,UNKNOWN(5005),104,52,52,0.5,0.5909090909090909,176,15
overall,MIXED,16.10,BOTTOM,rune,8017,切り崩し,104,51,53,0.49038461538461536,0.46846846846846846,222,15
overall,MIXED,16.2,ALL,keystone,8229,秘儀の彗星,104,51,53,0.49038461538461536,0.14647887323943662,710,15
overall,MIXED,15.21,UTILITY,shard,5001,UNKNOWN(5001),104,50,54,0.4807692307692308,0.8813559322033898,118,15
overall,MIXED,16.12,JUNGLE,rune,9104,レジェンド: 迅速,104,50,54,0.4807692307692308,0.5842696629213483,178,15
overall,MIXED,16.15,ALL,rune,8232,水走り,104,49,55,0.47115384615384615,0.025181598062953996,4130,15
overall,MIXED,15.12,ALL,rune,8473,ボーンアーマー,104,48,56,0.46153846153846156,0.20392156862745098,510,15
overall,MIXED,16.15,UTILITY,keystone,8214,エアリー召喚,104,47,57,0.4519230769230769,0.12590799031476999,826,15
overall,MIXED,15.13,JUNGLE,rune,8014,最期の慈悲,104,47,57,0.4519230769230769,0.5416666666666666,192,15
overall,MIXED,16.1,ALL,rune,8242,気迫,103,62,41,0.6019417475728155,0.13376623376623376,770,15
overall,MIXED,16.9,UTILITY,shard,5008,UNKNOWN(5008),103,58,45,0.5631067961165048,0.6518987341772152,158,15
overall,MIXED,16.3,ALL,rune,8236,強まる嵐,103,58,45,0.5631067961165048,0.11704545454545455,880,15
overall,MIXED,16.13,TOP,keystone,8992,死神の残り火,103,56,47,0.5436893203883495,0.15653495440729484,658,15
overall,MIXED,16.3,ALL,rune,9103,レジェンド: 血脈,103,55,48,0.5339805825242718,0.11704545454545455,880,15
overall,MIXED,16.12,MIDDLE,rune,8210,至高,103,55,48,0.5339805825242718,0.5786516853932584,178,15
overall,MIXED,15.2,ALL,rune,8237,追火,103,55,48,0.5339805825242718,0.22391304347826088,460,15
overall,MIXED,15.19,UTILITY,rune,8347,宇宙の英知,103,54,49,0.5242718446601942,0.44782608695652176,230,15
overall,MIXED,16.11,JUNGLE,keystone,8010,征服者,103,53,50,0.5145631067961165,0.4364406779661017,236,15
overall,MIXED,15.24,ALL,rune,8446,打ちこわし,103,52,51,0.5048543689320388,0.06023391812865497,1710,15
overall,MIXED,16.4,JUNGLE,shard,5001,UNKNOWN(5001),103,51,52,0.49514563106796117,0.9716981132075472,106,15
overall,MIXED,16.6,JUNGLE,shard,5005,UNKNOWN(5005),103,51,52,0.49514563106796117,0.6776315789473685,152,15
overall,MIXED,16.13,TOP,shard,5010,UNKNOWN(5010),103,51,52,0.49514563106796117,0.15653495440729484,658,15
overall,MIXED,14.19,ALL,rune,8014,最期の慈悲,103,50,53,0.4854368932038835,0.24523809523809523,420,15
overall,MIXED,16.6,ALL,rune,8106,至極の賞金首狩り,103,50,53,0.4854368932038835,0.1355263157894737,760,15
overall,MIXED,16.17,BOTTOM,rune,8210,至高,103,50,53,0.4854368932038835,0.10218253968253968,1008,15
overall,MIXED,16.11,MIDDLE,rune,8237,追火,103,50,53,0.4854368932038835,0.4364406779661017,236,15
overall,MIXED,16.4,ALL,rune,8237,追火,103,50,53,0.4854368932038835,0.19433962264150945,530,15
overall,MIXED,15.16,ALL,rune,8473,ボーンアーマー,103,49,54,0.47572815533980584,0.19074074074074074,540,15
overall,MIXED,15.13,MIDDLE,rune,8226,マナフローバンド,103,48,55,0.46601941747572817,0.5392670157068062,191,15
overall,MIXED,15.2,ALL,rune,8009,冷静沈着,103,48,55,0.46601941747572817,0.22391304347826088,460,15
overall,MIXED,16.3,ALL,rune,8140,グリスリー メメント,103,46,57,0.44660194174757284,0.11704545454545455,880,15
overall,MIXED,15.2,ALL,rune,8299,背水の陣,103,45,58,0.4368932038834951,0.22391304347826088,460,15
overall,MIXED,16.13,UTILITY,rune,8236,強まる嵐,102,60,42,0.5882352941176471,0.1552511415525114,657,15
overall,MIXED,15.17,ALL,keystone,8229,秘儀の彗星,102,59,43,0.5784313725490197,0.1259259259259259,810,15
overall,MIXED,15.20,TOP,shard,5008,UNKNOWN(5008),102,58,44,0.5686274509803921,0.7727272727272727,132,15
overall,MIXED,15.24,ALL,rune,8234,追い風,102,58,44,0.5686274509803921,0.05964912280701754,1710,15
overall,MIXED,16.1,ALL,shard,5007,UNKNOWN(5007),102,54,48,0.5294117647058824,0.13246753246753246,770,15
overall,MIXED,16.17,JUNGLE,rune,8232,水走り,102,54,48,0.5294117647058824,0.10119047619047619,1008,15
overall,MIXED,16.7,MIDDLE,rune,8210,至高,102,54,48,0.5294117647058824,0.6623376623376623,154,15
overall,MIXED,15.16,MIDDLE,shard,5001,UNKNOWN(5001),102,53,49,0.5196078431372549,0.9444444444444444,108,15
overall,MIXED,15.1,ALL,shard,5005,UNKNOWN(5005),102,53,49,0.5196078431372549,0.5368421052631579,190,15
overall,MIXED,16.12,BOTTOM,rune,8009,冷静沈着,102,53,49,0.5196078431372549,0.576271186440678,177,15
overall,MIXED,15.17,ALL,rune,8444,息継ぎ,102,53,49,0.5196078431372549,0.1259259259259259,810,15
overall,MIXED,15.14,ALL,rune,8473,ボーンアーマー,102,52,50,0.5098039215686274,0.2217391304347826,460,15
overall,MIXED,15.21,MIDDLE,shard,5001,UNKNOWN(5001),102,51,51,0.5,0.864406779661017,118,15
overall,MIXED,15.12,MIDDLE,shard,5008,UNKNOWN(5008),102,51,51,0.5,1.0,102,15
overall,MIXED,16.17,BOTTOM,rune,8316,なんでも屋,102,51,51,0.5,0.10119047619047619,1008,15
overall,MIXED,15.17,ALL,rune,8017,切り崩し,102,51,51,0.5,0.1259259259259259,810,15
overall,MIXED,16.15,TOP,rune,8453,生気付与,102,51,51,0.5,0.1234866828087167,826,15
overall,MIXED,15.16,JUNGLE,shard,5001,UNKNOWN(5001),102,50,52,0.49019607843137253,0.9444444444444444,108,15
overall,MIXED,16.5,ALL,rune,8017,切り崩し,102,50,52,0.49019607843137253,0.1259259259259259,810,15
overall,MIXED,15.11,ALL,keystone,8010,征服者,102,50,52,0.49019607843137253,0.19245283018867926,530,15
overall,MIXED,16.15,JUNGLE,rune,8234,追い風,102,50,52,0.49019607843137253,0.1234866828087167,826,15
overall,MIXED,16.10,ALL,rune,8242,気迫,102,49,53,0.4803921568627451,0.0918918918918919,1110,15
overall,MIXED,16.12,ALL,rune,8140,グリスリー メメント,102,48,54,0.47058823529411764,0.1146067415730337,890,15
overall,MIXED,15.13,BOTTOM,rune,8345,ビスケットデリバリー,102,48,54,0.47058823529411764,0.53125,192,15
overall,MIXED,16.18,MIDDLE,keystone,8112,電撃,102,48,54,0.47058823529411764,0.30357142857142855,336,15
overall,MIXED,16.13,TOP,rune,8446,打ちこわし,102,47,55,0.46078431372549017,0.15501519756838905,658,15
overall,MIXED,15.19,BOTTOM,rune,8014,最期の慈悲,102,47,55,0.46078431372549017,0.4434782608695652,230,15
overall,MIXED,16.17,UTILITY,rune,9111,凱旋,102,46,56,0.45098039215686275,0.10119047619047619,1008,15
overall,MIXED,16.18,ALL,keystone,8992,死神の残り火,102,45,57,0.4411764705882353,0.060714285714285714,1680,15
overall,MIXED,15.14,ALL,rune,8009,冷静沈着,102,43,59,0.4215686274509804,0.2217391304347826,460,15
overall,MIXED,16.15,MIDDLE,rune,8014,最期の慈悲,102,42,60,0.4117647058823529,0.1234866828087167,826,15
overall,MIXED,15.16,ALL,rune,8009,冷静沈着,102,41,61,0.4019607843137255,0.18888888888888888,540,15
overall,MIXED,15.23,ALL,rune,8473,ボーンアーマー,101,55,46,0.5445544554455446,0.17413793103448275,580,15
overall,MIXED,16.14,MIDDLE,rune,8009,冷静沈着,101,55,46,0.5445544554455446,0.14511494252873564,696,15
overall,MIXED,15.24,ALL,keystone,8021,フリートフットワーク,101,53,48,0.5247524752475248,0.05906432748538012,1710,15
overall,MIXED,15.20,BOTTOM,shard,5005,UNKNOWN(5005),101,52,49,0.5148514851485149,0.7651515151515151,132,15
overall,MIXED,15.12,BOTTOM,shard,5008,UNKNOWN(5008),101,51,50,0.504950495049505,1.0,101,15
overall,MIXED,16.17,UTILITY,rune,9105,レジェンド: ヘイスト,101,51,50,0.504950495049505,0.1001984126984127,1008,15
overall,MIXED,15.11,JUNGLE,shard,5001,UNKNOWN(5001),101,50,51,0.49504950495049505,0.9528301886792453,106,15
overall,MIXED,16.18,UTILITY,rune,8463,生命の泉,101,49,52,0.48514851485148514,0.3005952380952381,336,15
overall,MIXED,16.7,ALL,rune,8106,至極の賞金首狩り,101,44,57,0.43564356435643564,0.13116883116883116,770,15
overall,MIXED,16.5,ALL,shard,5007,UNKNOWN(5007),101,43,58,0.42574257425742573,0.12469135802469136,810,15
overall,MIXED,16.15,MIDDLE,rune,8347,宇宙の英知,100,56,44,0.56,0.12106537530266344,826,15
overall,MIXED,16.11,ALL,rune,8321,キャッシュバック,100,55,45,0.55,0.0847457627118644,1180,15
overall,MIXED,15.13,BOTTOM,rune,8014,最期の慈悲,100,54,46,0.54,0.5208333333333334,192,15
overall,MIXED,16.5,ALL,rune,8242,気迫,100,53,47,0.53,0.12345679012345678,810,15
overall,MIXED,16.13,UTILITY,keystone,8214,エアリー召喚,100,52,48,0.52,0.15220700152207,657,15
overall,MIXED,15.24,BOTTOM,rune,9104,レジェンド: 迅速,100,52,48,0.52,0.2932551319648094,341,15
overall,MIXED,15.19,JUNGLE,keystone,8010,征服者,100,52,48,0.52,0.4329004329004329,231,15
overall,MIXED,15.24,TOP,rune,9104,レジェンド: 迅速,100,51,49,0.51,0.29239766081871343,342,15
overall,MIXED,16.13,UTILITY,rune,8453,生気付与,100,51,49,0.51,0.15220700152207,657,15
overall,MIXED,15.16,TOP,shard,5001,UNKNOWN(5001),100,50,50,0.5,0.9259259259259259,108,15
overall,MIXED,16.7,BOTTOM,shard,5011,UNKNOWN(5011),100,49,51,0.49,0.6493506493506493,154,15
overall,MIXED,15.12,ALL,rune,8009,冷静沈着,100,49,51,0.49,0.19607843137254902,510,15
overall,MIXED,16.14,TOP,rune,8237,追火,100,49,51,0.49,0.14367816091954022,696,15
overall,MIXED,15.23,TOP,shard,5008,UNKNOWN(5008),100,48,52,0.48,0.8620689655172413,116,15
overall,MIXED,16.10,UTILITY,shard,5007,UNKNOWN(5007),100,47,53,0.47,0.45045045045045046,222,15
overall,MIXED,15.18,ALL,shard,5011,UNKNOWN(5011),100,47,53,0.47,0.15384615384615385,650,15
overall,MIXED,16.5,ALL,rune,8321,キャッシュバック,100,47,53,0.47,0.12345679012345678,810,15
overall,MIXED,15.19,ALL,rune,8143,サドンインパクト,100,47,53,0.47,0.08695652173913043,1150,15
overall,MIXED,16.9,ALL,rune,8242,気迫,100,47,53,0.47,0.12658227848101267,790,15
overall,MIXED,15.24,ALL,rune,8321,キャッシュバック,100,44,56,0.44,0.05847953216374269,1710,15
overall,MIXED,15.10,BOTTOM,rune,8009,冷静沈着,100,42,58,0.42,0.7246376811594203,138,15
overall,MIXED,16.7,ALL,shard,5007,UNKNOWN(5007),99,60,39,0.6060606060606061,0.12857142857142856,770,15
overall,MIXED,15.17,ALL,shard,5007,UNKNOWN(5007),99,54,45,0.5454545454545454,0.12222222222222222,810,15
overall,MIXED,16.9,ALL,rune,8236,強まる嵐,99,53,46,0.5353535353535354,0.12531645569620253,790,15
overall,MIXED,16.2,ALL,keystone,8008,リーサルテンポ,99,52,47,0.5252525252525253,0.13943661971830987,710,15
overall,MIXED,15.18,JUNGLE,rune,9111,凱旋,99,52,47,0.5252525252525253,0.7615384615384615,130,15
overall,MIXED,15.9,ALL,rune,8347,宇宙の英知,99,52,47,0.5252525252525253,0.2302325581395349,430,15
overall,MIXED,15.12,ALL,keystone,8010,征服者,99,52,47,0.5252525252525253,0.19411764705882353,510,15
overall,MIXED,15.24,MIDDLE,rune,8106,至極の賞金首狩り,99,52,47,0.5252525252525253,0.2894736842105263,342,15
overall,MIXED,15.12,JUNGLE,shard,5008,UNKNOWN(5008),99,50,49,0.5050505050505051,0.9705882352941176,102,15
overall,MIXED,15.3,ALL,rune,8226,マナフローバンド,99,50,49,0.5050505050505051,0.24146341463414633,410,15
overall,MIXED,15.17,BOTTOM,rune,8009,冷静沈着,99,50,49,0.5050505050505051,0.6111111111111112,162,15
overall,MIXED,15.17,TOP,shard,5005,UNKNOWN(5005),99,49,50,0.494949494949495,0.6111111111111112,162,15
overall,MIXED,16.17,MIDDLE,rune,9111,凱旋,99,49,50,0.494949494949495,0.09821428571428571,1008,15
overall,MIXED,16.14,UTILITY,rune,8236,強まる嵐,99,49,50,0.494949494949495,0.14224137931034483,696,15
overall,MIXED,15.14,ALL,rune,8299,背水の陣,99,49,50,0.494949494949495,0.21521739130434783,460,15
overall,MIXED,16.17,JUNGLE,keystone,8008,リーサルテンポ,99,48,51,0.48484848484848486,0.09821428571428571,1008,15
overall,MIXED,16.12,ALL,rune,8444,息継ぎ,99,48,51,0.48484848484848486,0.11123595505617978,890,15
overall,MIXED,15.17,ALL,rune,8242,気迫,99,48,51,0.48484848484848486,0.12222222222222222,810,15
overall,MIXED,15.10,ALL,rune,8140,グリスリー メメント,99,47,52,0.47474747474747475,0.14347826086956522,690,15
overall,MIXED,16.3,TOP,rune,8299,背水の陣,99,47,52,0.47474747474747475,0.5625,176,15
overall,MIXED,15.2,ALL,rune,9104,レジェンド: 迅速,99,44,55,0.4444444444444444,0.21521739130434783,460,15
overall,MIXED,15.3,ALL,rune,9104,レジェンド: 迅速,99,44,55,0.4444444444444444,0.24146341463414633,410,15
overall,MIXED,16.9,ALL,rune,8140,グリスリー メメント,99,43,56,0.43434343434343436,0.12531645569620253,790,15
overall,MIXED,16.14,UTILITY,keystone,8214,エアリー召喚,99,40,59,0.40404040404040403,0.14224137931034483,696,15
overall,MIXED,16.10,TOP,rune,8473,ボーンアーマー,98,55,43,0.5612244897959183,0.44144144144144143,222,15
overall,MIXED,15.14,ALL,rune,8304,魔法の靴,98,54,44,0.5510204081632653,0.21304347826086956,460,15
overall,MIXED,16.1,ALL,rune,9103,レジェンド: 血脈,98,51,47,0.5204081632653061,0.12727272727272726,770,15
overall,MIXED,15.3,ALL,rune,8299,背水の陣,98,51,47,0.5204081632653061,0.23902439024390243,410,15
overall,MIXED,16.13,BOTTOM,rune,8234,追い風,98,51,47,0.5204081632653061,0.14893617021276595,658,15
overall,MIXED,16.10,BOTTOM,shard,5001,UNKNOWN(5001),98,50,48,0.5102040816326531,0.44144144144144143,222,15
overall,MIXED,14.19,ALL,rune,8345,ビスケットデリバリー,98,50,48,0.5102040816326531,0.23333333333333334,420,15
overall,MIXED,15.7,ALL,rune,8226,マナフローバンド,98,50,48,0.5102040816326531,0.21304347826086956,460,15
overall,MIXED,16.14,BOTTOM,keystone,8229,秘儀の彗星,98,50,48,0.5102040816326531,0.14080459770114942,696,15
overall,MIXED,16.1,BOTTOM,rune,8009,冷静沈着,98,49,49,0.5,0.6363636363636364,154,15
overall,MIXED,15.11,MIDDLE,shard,5001,UNKNOWN(5001),98,48,50,0.4897959183673469,0.9245283018867925,106,15
overall,MIXED,16.7,BOTTOM,rune,8009,冷静沈着,98,48,50,0.4897959183673469,0.6363636363636364,154,15
overall,MIXED,15.10,UTILITY,shard,5008,UNKNOWN(5008),98,47,51,0.47959183673469385,0.7101449275362319,138,15
overall,MIXED,15.13,ALL,keystone,8229,秘儀の彗星,98,47,51,0.47959183673469385,0.10208333333333333,960,15
overall,MIXED,15.7,ALL,rune,8210,至高,98,47,51,0.47959183673469385,0.21304347826086956,460,15
overall,MIXED,15.11,JUNGLE,shard,5008,UNKNOWN(5008),98,46,52,0.46938775510204084,0.9245283018867925,106,15
overall,MIXED,16.1,ALL,rune,8321,キャッシュバック,98,46,52,0.46938775510204084,0.12727272727272726,770,15
overall,MIXED,15.8,BOTTOM,rune,8009,冷静沈着,98,46,52,0.46938775510204084,0.7538461538461538,130,15
overall,MIXED,16.3,JUNGLE,rune,8347,宇宙の英知,98,46,52,0.46938775510204084,0.5568181818181818,176,15
overall,MIXED,15.24,ALL,rune,8233,英気集中,98,46,52,0.46938775510204084,0.05730994152046784,1710,15
overall,MIXED,14.20,ALL,rune,9104,レジェンド: 迅速,98,45,53,0.45918367346938777,0.21304347826086956,460,15
overall,MIXED,15.23,JUNGLE,shard,5001,UNKNOWN(5001),98,44,54,0.4489795918367347,0.8448275862068966,116,15
overall,MIXED,16.10,MIDDLE,shard,5005,UNKNOWN(5005),98,43,55,0.4387755102040816,0.44144144144144143,222,15
overall,MIXED,16.14,UTILITY,rune,8453,生気付与,98,42,56,0.42857142857142855,0.14080459770114942,696,15
overall,MIXED,15.9,ALL,rune,8345,ビスケットデリバリー,97,58,39,0.5979381443298969,0.2255813953488372,430,15
overall,MIXED,16.13,BOTTOM,rune,8347,宇宙の英知,97,57,40,0.5876288659793815,0.1474164133738602,658,15
overall,MIXED,15.20,ALL,keystone,8008,リーサルテンポ,97,55,42,0.5670103092783505,0.14696969696969697,660,15
overall,MIXED,16.1,TOP,shard,5005,UNKNOWN(5005),97,54,43,0.5567010309278351,0.6298701298701299,154,15
overall,MIXED,15.24,JUNGLE,rune,9105,レジェンド: ヘイスト,97,52,45,0.5360824742268041,0.28362573099415206,342,15
overall,MIXED,15.22,BOTTOM,rune,8009,冷静沈着,97,52,45,0.5360824742268041,0.7348484848484849,132,15
overall,MIXED,15.19,ALL,rune,8453,生気付与,97,52,45,0.5360824742268041,0.08434782608695653,1150,15
overall,MIXED,16.4,TOP,shard,5001,UNKNOWN(5001),97,51,46,0.5257731958762887,0.9238095238095239,105,15
overall,MIXED,15.24,UTILITY,rune,8463,生命の泉,97,51,46,0.5257731958762887,0.28362573099415206,342,15
overall,MIXED,15.11,ALL,rune,8451,超成長,97,51,46,0.5257731958762887,0.1830188679245283,530,15
overall,MIXED,16.8,ALL,shard,5007,UNKNOWN(5007),97,49,48,0.5051546391752577,0.13857142857142857,700,15
overall,MIXED,16.12,BOTTOM,shard,5011,UNKNOWN(5011),97,49,48,0.5051546391752577,0.5480225988700564,177,15
overall,MIXED,16.13,ALL,rune,9101,体力吸収,97,49,48,0.5051546391752577,0.029483282674772036,3290,15
overall,MIXED,15.19,BOTTOM,rune,8017,切り崩し,97,49,48,0.5051546391752577,0.4217391304347826,230,15
overall,MIXED,16.9,ALL,rune,8017,切り崩し,97,49,48,0.5051546391752577,0.12278481012658228,790,15
overall,MIXED,16.15,MIDDLE,rune,8139,血の味わい,97,49,48,0.5051546391752577,0.11743341404358354,826,15
overall,MIXED,16.8,ALL,rune,8451,超成長,97,49,48,0.5051546391752577,0.13857142857142857,700,15
overall,MIXED,15.16,JUNGLE,shard,5008,UNKNOWN(5008),97,48,49,0.4948453608247423,0.8981481481481481,108,15
overall,MIXED,15.23,ALL,rune,9105,レジェンド: ヘイスト,97,48,49,0.4948453608247423,0.16724137931034483,580,15
overall,MIXED,16.5,JUNGLE,rune,9104,レジェンド: 迅速,97,48,49,0.4948453608247423,0.5987654320987654,162,15
overall,MIXED,16.10,UTILITY,rune,8237,追火,97,48,49,0.4948453608247423,0.4369369369369369,222,15
overall,MIXED,16.13,BOTTOM,rune,8237,追火,97,48,49,0.4948453608247423,0.1474164133738602,658,15
overall,MIXED,16.6,UTILITY,shard,5008,UNKNOWN(5008),97,47,50,0.4845360824742268,0.6423841059602649,151,15
overall,MIXED,16.18,MIDDLE,rune,8140,グリスリー メメント,97,47,50,0.4845360824742268,0.28869047619047616,336,15
overall,MIXED,14.20,ALL,rune,8347,宇宙の英知,97,47,50,0.4845360824742268,0.2108695652173913,460,15
overall,MIXED,16.3,JUNGLE,rune,9104,レジェンド: 迅速,97,46,51,0.4742268041237113,0.5511363636363636,176,15
overall,MIXED,15.10,JUNGLE,rune,9111,凱旋,97,43,54,0.44329896907216493,0.7028985507246377,138,15
overall,MIXED,16.1,ALL,rune,8017,切り崩し,97,43,54,0.44329896907216493,0.12597402597402596,770,15
overall,MIXED,15.21,ALL,rune,9105,レジェンド: ヘイスト,97,42,55,0.4329896907216495,0.16440677966101694,590,15
overall,MIXED,16.4,ALL,rune,8473,ボーンアーマー,97,41,56,0.422680412371134,0.1830188679245283,530,15
overall,MIXED,15.13,TOP,rune,9111,凱旋,97,41,56,0.422680412371134,0.5052083333333334,192,15
overall,MIXED,15.22,ALL,keystone,8008,リーサルテンポ,97,39,58,0.4020618556701031,0.14696969696969697,660,15
overall,MIXED,15.16,ALL,rune,8237,追火,97,35,62,0.36082474226804123,0.17962962962962964,540,15
overall,MIXED,16.13,BOTTOM,rune,8316,なんでも屋,96,55,41,0.5729166666666666,0.1458966565349544,658,15
overall,MIXED,15.19,ALL,keystone,8437,不死者の握撃,96,55,41,0.5729166666666666,0.08347826086956522,1150,15
overall,MIXED,16.15,UTILITY,rune,9111,凱旋,96,55,41,0.5729166666666666,0.1162227602905569,826,15
overall,MIXED,16.18,BOTTOM,rune,8014,最期の慈悲,96,55,41,0.5729166666666666,0.2857142857142857,336,15
overall,MIXED,16.14,ALL,keystone,8021,フリートフットワーク,96,54,42,0.5625,0.027586206896551724,3480,15
overall,MIXED,16.12,BOTTOM,keystone,8008,リーサルテンポ,96,53,43,0.5520833333333334,0.5423728813559322,177,15
overall,MIXED,16.7,MIDDLE,rune,8226,マナフローバンド,96,51,45,0.53125,0.6233766233766234,154,15
overall,MIXED,15.24,ALL,rune,8410,疾駆,96,51,45,0.53125,0.056140350877192984,1710,15
overall,MIXED,16.17,MIDDLE,rune,8304,魔法の靴,96,51,45,0.53125,0.09523809523809523,1008,15
overall,MIXED,15.3,ALL,rune,8210,至高,96,50,46,0.5208333333333334,0.23414634146341465,410,15
overall,MIXED,15.8,ALL,rune,9103,レジェンド: 血脈,96,49,47,0.5104166666666666,0.1476923076923077,650,15
overall,MIXED,16.10,ALL,keystone,8992,死神の残り火,96,49,47,0.5104166666666666,0.08648648648648649,1110,15
overall,MIXED,16.11,UTILITY,rune,8210,至高,96,49,47,0.5104166666666666,0.4067796610169492,236,15
overall,MIXED,14.20,ALL,rune,8345,ビスケットデリバリー,96,48,48,0.5,0.20869565217391303,460,15
overall,MIXED,16.11,BOTTOM,rune,9103,レジェンド: 血脈,96,48,48,0.5,0.4067796610169492,236,15
overall,MIXED,16.1,ALL,rune,8444,息継ぎ,96,48,48,0.5,0.12467532467532468,770,15
overall,MIXED,16.10,ALL,rune,8444,息継ぎ,96,48,48,0.5,0.08648648648648649,1110,15
overall,MIXED,16.9,MIDDLE,rune,8210,至高,96,47,49,0.4895833333333333,0.6075949367088608,158,15
overall,MIXED,16.11,BOTTOM,rune,8017,切り崩し,96,46,50,0.4791666666666667,0.4067796610169492,236,15
overall,MIXED,15.9,ALL,rune,8014,最期の慈悲,96,43,53,0.4479166666666667,0.22325581395348837,430,15
overall,MIXED,16.13,UTILITY,rune,8401,シールドバッシュ,96,36,60,0.375,0.1461187214611872,657,15
overall,MIXED,16.3,MIDDLE,shard,5005,UNKNOWN(5005),95,50,45,0.5263157894736842,0.5397727272727273,176,15
overall,MIXED,16.17,JUNGLE,shard,5007,UNKNOWN(5007),95,49,46,0.5157894736842106,0.09424603174603174,1008,15
overall,MIXED,16.18,BOTTOM,rune,9104,レジェンド: 迅速,95,49,46,0.5157894736842106,0.28273809523809523,336,15
overall,MIXED,16.9,JUNGLE,rune,9104,レジェンド: 迅速,95,49,46,0.5157894736842106,0.6012658227848101,158,15
overall,MIXED,15.10,TOP,shard,5005,UNKNOWN(5005),95,48,47,0.5052631578947369,0.6884057971014492,138,15
overall,MIXED,15.16,ALL,rune,8451,超成長,95,48,47,0.5052631578947369,0.17592592592592593,540,15
overall,MIXED,15.23,UTILITY,shard,5001,UNKNOWN(5001),95,47,48,0.49473684210526314,0.8189655172413793,116,15
overall,MIXED,15.8,ALL,rune,8236,強まる嵐,95,46,49,0.4842105263157895,0.14615384615384616,650,15
overall,MIXED,16.18,TOP,rune,8444,息継ぎ,95,46,49,0.4842105263157895,0.28273809523809523,336,15
overall,MIXED,16.11,TOP,rune,8451,超成長,95,46,49,0.4842105263157895,0.4025423728813559,236,15
overall,MIXED,15.7,ALL,keystone,8010,征服者,95,45,50,0.47368421052631576,0.20652173913043478,460,15
overall,MIXED,16.5,MIDDLE,rune,8226,マナフローバンド,95,44,51,0.4631578947368421,0.5864197530864198,162,15
overall,MIXED,16.15,MIDDLE,rune,8017,切り崩し,95,44,51,0.4631578947368421,0.11501210653753027,826,15
overall,MIXED,15.2,ALL,rune,8347,宇宙の英知,95,44,51,0.4631578947368421,0.20652173913043478,460,15
overall,MIXED,15.17,JUNGLE,rune,8304,魔法の靴,95,44,51,0.4631578947368421,0.5864197530864198,162,15
overall,MIXED,15.9,ALL,rune,8226,マナフローバンド,95,42,53,0.4421052631578947,0.22093023255813954,430,15
overall,MIXED,16.17,ALL,rune,8306,ヘクステックフラッシュネイター,95,41,54,0.43157894736842106,0.018849206349206348,5040,15
overall,MIXED,16.5,MIDDLE,rune,8210,至高,95,41,54,0.43157894736842106,0.5864197530864198,162,15
overall,MIXED,16.17,MIDDLE,shard,5007,UNKNOWN(5007),94,53,41,0.5638297872340425,0.09325396825396826,1008,15
overall,MIXED,15.21,ALL,keystone,8008,リーサルテンポ,94,52,42,0.5531914893617021,0.15932203389830507,590,15
overall,MIXED,15.11,ALL,rune,8473,ボーンアーマー,94,51,43,0.5425531914893617,0.17735849056603772,530,15
overall,MIXED,14.19,ALL,rune,8009,冷静沈着,94,51,43,0.5425531914893617,0.22380952380952382,420,15
overall,MIXED,16.2,ALL,rune,8451,超成長,94,51,43,0.5425531914893617,0.1323943661971831,710,15
overall,MIXED,16.10,ALL,rune,8143,サドンインパクト,94,50,44,0.5319148936170213,0.08468468468468468,1110,15
overall,MIXED,16.14,BOTTOM,rune,8316,なんでも屋,94,48,46,0.5106382978723404,0.13505747126436782,696,15
overall,MIXED,15.14,ALL,keystone,8010,征服者,94,48,46,0.5106382978723404,0.20434782608695654,460,15
overall,MIXED,15.11,BOTTOM,shard,5005,UNKNOWN(5005),94,47,47,0.5,0.8867924528301887,106,15
overall,MIXED,14.19,ALL,rune,9104,レジェンド: 迅速,94,46,48,0.48936170212765956,0.22380952380952382,420,15
overall,MIXED,16.12,ALL,rune,8106,至極の賞金首狩り,94,46,48,0.48936170212765956,0.10561797752808989,890,15
overall,MIXED,15.11,ALL,rune,8237,追火,94,46,48,0.48936170212765956,0.17735849056603772,530,15
overall,MIXED,15.12,JUNGLE,shard,5001,UNKNOWN(5001),94,45,49,0.4787234042553192,0.9215686274509803,102,15
overall,MIXED,16.4,MIDDLE,shard,5001,UNKNOWN(5001),94,45,49,0.4787234042553192,0.8867924528301887,106,15
overall,MIXED,15.20,ALL,shard,5007,UNKNOWN(5007),94,45,49,0.4787234042553192,0.14242424242424243,660,15
overall,MIXED,16.5,BOTTOM,shard,5011,UNKNOWN(5011),94,45,49,0.4787234042553192,0.5802469135802469,162,15
overall,MIXED,16.2,ALL,rune,9105,レジェンド: ヘイスト,94,44,50,0.46808510638297873,0.1323943661971831,710,15
overall,MIXED,16.11,ALL,rune,8135,貪欲な賞金首狩り,94,44,50,0.46808510638297873,0.07966101694915254,1180,15
overall,MIXED,16.8,UTILITY,shard,5008,UNKNOWN(5008),94,43,51,0.4574468085106383,0.6714285714285714,140,15
overall,MIXED,16.17,UTILITY,rune,8306,ヘクステックフラッシュネイター,94,41,53,0.43617021276595747,0.09325396825396826,1008,15
overall,MIXED,16.16,BOTTOM,rune,8233,英気集中,93,56,37,0.6021505376344086,0.13963963963963963,666,15
overall,MIXED,16.12,ALL,keystone,8229,秘儀の彗星,93,53,40,0.5698924731182796,0.10449438202247191,890,15
overall,MIXED,14.19,ALL,rune,8299,背水の陣,93,52,41,0.5591397849462365,0.22142857142857142,420,15
overall,MIXED,16.18,JUNGLE,rune,8143,サドンインパクト,93,49,44,0.5268817204301075,0.2767857142857143,336,15
overall,MIXED,16.15,TOP,rune,8210,至高,93,49,44,0.5268817204301075,0.11259079903147699,826,15
overall,MIXED,15.20,ALL,rune,8140,グリスリー メメント,93,48,45,0.5161290322580645,0.1409090909090909,660,15
overall,MIXED,15.21,ALL,rune,8451,超成長,93,48,45,0.5161290322580645,0.1576271186440678,590,15
overall,MIXED,16.1,ALL,rune,8236,強まる嵐,93,47,46,0.5053763440860215,0.12077922077922078,770,15
overall,MIXED,15.11,TOP,shard,5001,UNKNOWN(5001),93,46,47,0.4946236559139785,0.8773584905660378,106,15
overall,MIXED,15.12,MIDDLE,shard,5001,UNKNOWN(5001),93,46,47,0.4946236559139785,0.9117647058823529,102,15
overall,MIXED,15.22,JUNGLE,shard,5005,UNKNOWN(5005),93,46,47,0.4946236559139785,0.7045454545454546,132,15
overall,MIXED,16.1,ALL,rune,8140,グリスリー メメント,93,45,48,0.4838709677419355,0.12077922077922078,770,15
overall,MIXED,15.10,ALL,rune,8106,至極の賞金首狩り,93,45,48,0.4838709677419355,0.13478260869565217,690,15
overall,MIXED,15.12,ALL,shard,5011,UNKNOWN(5011),93,44,49,0.4731182795698925,0.18235294117647058,510,15
overall,MIXED,16.18,TOP,rune,9105,レジェンド: ヘイスト,93,44,49,0.4731182795698925,0.2767857142857143,336,15
overall,MIXED,14.20,ALL,rune,8009,冷静沈着,93,44,49,0.4731182795698925,0.20217391304347826,460,15
overall,MIXED,15.17,ALL,rune,8236,強まる嵐,93,44,49,0.4731182795698925,0.11481481481481481,810,15
overall,MIXED,15.7,ALL,rune,8304,魔法の靴,93,44,49,0.4731182795698925,0.20217391304347826,460,15
overall,MIXED,16.10,ALL,rune,8453,生気付与,93,43,50,0.46236559139784944,0.08378378378378379,1110,15
overall,MIXED,15.19,ALL,keystone,8439,アフターショック,93,42,51,0.45161290322580644,0.0808695652173913,1150,15
overall,MIXED,16.14,MIDDLE,rune,8347,宇宙の英知,93,41,52,0.44086021505376344,0.1336206896551724,696,15
overall,MIXED,16.17,TOP,rune,8234,追い風,92,52,40,0.5652173913043478,0.09126984126984126,1008,15
overall,MIXED,16.16,TOP,rune,8345,ビスケットデリバリー,92,50,42,0.5434782608695652,0.13813813813813813,666,15
overall,MIXED,15.16,UTILITY,shard,5001,UNKNOWN(5001),92,49,43,0.532608695652174,0.8518518518518519,108,15
overall,MIXED,16.7,JUNGLE,rune,9104,レジェンド: 迅速,92,49,43,0.532608695652174,0.5974025974025974,154,15
overall,MIXED,15.21,ALL,rune,8236,強まる嵐,92,48,44,0.5217391304347826,0.15593220338983052,590,15
overall,MIXED,16.5,TOP,rune,8299,背水の陣,92,48,44,0.5217391304347826,0.5679012345679012,162,15
overall,MIXED,15.21,BOTTOM,shard,5005,UNKNOWN(5005),92,47,45,0.5108695652173914,0.7863247863247863,117,15
overall,MIXED,16.13,MIDDLE,rune,9105,レジェンド: ヘイスト,92,47,45,0.5108695652173914,0.1398176291793313,658,15
overall,MIXED,15.3,ALL,rune,8014,最期の慈悲,92,47,45,0.5108695652173914,0.22439024390243903,410,15
overall,MIXED,16.11,ALL,keystone,8992,死神の残り火,92,47,45,0.5108695652173914,0.07796610169491526,1180,15
overall,MIXED,15.14,BOTTOM,shard,5008,UNKNOWN(5008),92,46,46,0.5,1.0,92,15
overall,MIXED,15.14,MIDDLE,shard,5008,UNKNOWN(5008),92,46,46,0.5,1.0,92,15
overall,MIXED,15.7,BOTTOM,shard,5008,UNKNOWN(5008),92,46,46,0.5,1.0,92,15
overall,MIXED,16.15,MIDDLE,rune,9101,体力吸収,92,46,46,0.5,0.11138014527845036,826,15
overall,MIXED,16.8,ALL,rune,8106,至極の賞金首狩り,92,46,46,0.5,0.13142857142857142,700,15
overall,MIXED,15.16,ALL,rune,9105,レジェンド: ヘイスト,92,45,47,0.4891304347826087,0.17037037037037037,540,15
overall,MIXED,15.19,ALL,rune,8463,生命の泉,92,45,47,0.4891304347826087,0.08,1150,15
overall,MIXED,15.22,ALL,rune,8451,超成長,92,45,47,0.4891304347826087,0.1393939393939394,660,15
overall,MIXED,16.4,JUNGLE,shard,5008,UNKNOWN(5008),92,44,48,0.4782608695652174,0.8679245283018868,106,15
overall,MIXED,16.2,ALL,rune,8242,気迫,92,44,48,0.4782608695652174,0.1295774647887324,710,15
overall,MIXED,16.16,MIDDLE,keystone,8229,秘儀の彗星,92,44,48,0.4782608695652174,0.13813813813813813,666,15
overall,MIXED,15.15,ALL,rune,8014,最期の慈悲,92,43,49,0.4673913043478261,0.22439024390243903,410,15
overall,MIXED,15.18,ALL,rune,8242,気迫,92,43,49,0.4673913043478261,0.14153846153846153,650,15
overall,MIXED,15.8,ALL,shard,5011,UNKNOWN(5011),92,42,50,0.45652173913043476,0.14153846153846153,650,15
overall,MIXED,15.2,ALL,rune,8345,ビスケットデリバリー,92,42,50,0.45652173913043476,0.2,460,15
overall,MIXED,16.15,TOP,keystone,8008,リーサルテンポ,92,40,52,0.43478260869565216,0.11138014527845036,826,15
overall,MIXED,16.3,ALL,keystone,8229,秘儀の彗星,92,39,53,0.42391304347826086,0.10454545454545454,880,15
overall,MIXED,16.2,ALL,shard,5007,UNKNOWN(5007),91,51,40,0.5604395604395604,0.12816901408450704,710,15
overall,MIXED,16.16,MIDDLE,keystone,8992,死神の残り火,91,50,41,0.5494505494505495,0.13663663663663664,666,15
overall,MIXED,15.18,TOP,shard,5005,UNKNOWN(5005),91,49,42,0.5384615384615384,0.7,130,15
overall,MIXED,16.4,ALL,shard,5011,UNKNOWN(5011),91,47,44,0.5164835164835165,0.17169811320754716,530,15
overall,MIXED,15.11,TOP,shard,5008,UNKNOWN(5008),91,46,45,0.5054945054945055,0.8584905660377359,106,15
overall,MIXED,15.5,ALL,shard,5008,UNKNOWN(5008),91,46,45,0.5054945054945055,0.91,100,15
overall,MIXED,15.7,MIDDLE,shard,5008,UNKNOWN(5008),91,46,45,0.5054945054945055,0.9891304347826086,92,15
overall,MIXED,16.15,TOP,rune,8226,マナフローバンド,91,46,45,0.5054945054945055,0.11016949152542373,826,15
overall,MIXED,16.8,ALL,keystone,8008,リーサルテンポ,91,46,45,0.5054945054945055,0.13,700,15
overall,MIXED,15.8,BOTTOM,rune,9103,レジェンド: 血脈,91,46,45,0.5054945054945055,0.7,130,15
overall,MIXED,16.10,BOTTOM,rune,9103,レジェンド: 血脈,91,46,45,0.5054945054945055,0.4099099099099099,222,15
overall,MIXED,14.20,BOTTOM,shard,5008,UNKNOWN(5008),91,45,46,0.4945054945054945,0.9891304347826086,92,15
overall,MIXED,15.16,TOP,shard,5008,UNKNOWN(5008),91,45,46,0.4945054945054945,0.8425925925925926,108,15
overall,MIXED,16.6,MIDDLE,rune,8226,マナフローバンド,91,45,46,0.4945054945054945,0.5986842105263158,152,15
overall,MIXED,16.2,UTILITY,shard,5008,UNKNOWN(5008),91,44,47,0.4835164835164835,0.6408450704225352,142,15
overall,MIXED,14.20,ALL,keystone,8010,征服者,91,44,47,0.4835164835164835,0.19782608695652174,460,15
overall,MIXED,16.15,JUNGLE,rune,8232,水走り,91,44,47,0.4835164835164835,0.11016949152542373,826,15
overall,MIXED,15.15,ALL,rune,8009,冷静沈着,91,43,48,0.4725274725274725,0.22195121951219512,410,15
overall,MIXED,16.2,BOTTOM,rune,8009,冷静沈着,91,43,48,0.4725274725274725,0.6408450704225352,142,15
overall,MIXED,15.11,ALL,rune,8304,魔法の靴,91,43,48,0.4725274725274725,0.17169811320754716,530,15
overall,MIXED,16.16,UTILITY,rune,8236,強まる嵐,91,42,49,0.46153846153846156,0.13663663663663664,666,15
overall,MIXED,16.13,MIDDLE,rune,9104,レジェンド: 迅速,91,39,52,0.42857142857142855,0.13829787234042554,658,15
overall,MIXED,15.18,ALL,keystone,8229,秘儀の彗星,90,54,36,0.6,0.13846153846153847,650,15
overall,MIXED,14.19,ALL,rune,8347,宇宙の英知,90,51,39,0.5666666666666667,0.21428571428571427,420,15
overall,MIXED,14.20,ALL,rune,9105,レジェンド: ヘイスト,90,50,40,0.5555555555555556,0.1956521739130435,460,15
overall,MIXED,16.6,MIDDLE,rune,8210,至高,90,49,41,0.5444444444444444,0.5921052631578947,152,15
overall,MIXED,16.3,BOTTOM,rune,9103,レジェンド: 血脈,90,48,42,0.5333333333333333,0.5113636363636364,176,15
overall,MIXED,15.23,BOTTOM,shard,5005,UNKNOWN(5005),90,47,43,0.5222222222222223,0.7758620689655172,116,15
overall,MIXED,16.18,UTILITY,keystone,8439,アフターショック,90,47,43,0.5222222222222223,0.26785714285714285,336,15
overall,MIXED,16.1,ALL,rune,8143,サドンインパクト,90,47,43,0.5222222222222223,0.11688311688311688,770,15
overall,MIXED,16.15,ALL,keystone,8230,嵐乗りの勇躍,90,47,43,0.5222222222222223,0.021791767554479417,4130,15
overall,MIXED,15.19,UTILITY,rune,8242,気迫,90,47,43,0.5222222222222223,0.391304347826087,230,15
overall,MIXED,15.13,JUNGLE,rune,8304,魔法の靴,90,47,43,0.5222222222222223,0.46875,192,15
overall,MIXED,15.8,UTILITY,shard,5008,UNKNOWN(5008),90,46,44,0.5111111111111111,0.6923076923076923,130,15
overall,MIXED,16.5,ALL,rune,9103,レジェンド: 血脈,90,46,44,0.5111111111111111,0.1111111111111111,810,15
overall,MIXED,16.13,MIDDLE,rune,8009,冷静沈着,90,46,44,0.5111111111111111,0.13677811550151975,658,15
overall,MIXED,15.15,ALL,rune,8210,至高,90,46,44,0.5111111111111111,0.21951219512195122,410,15
overall,MIXED,15.2,MIDDLE,shard,5008,UNKNOWN(5008),90,45,45,0.5,0.9782608695652174,92,15
overall,MIXED,16.4,TOP,shard,5008,UNKNOWN(5008),90,45,45,0.5,0.8571428571428571,105,15
overall,MIXED,16.9,MIDDLE,rune,8226,マナフローバンド,90,45,45,0.5,0.569620253164557,158,15
overall,MIXED,15.19,TOP,keystone,8010,征服者,90,45,45,0.5,0.3930131004366812,229,15
overall,MIXED,16.6,TOP,rune,8299,背水の陣,90,45,45,0.5,0.5921052631578947,152,15
overall,MIXED,15.10,JUNGLE,shard,5005,UNKNOWN(5005),90,44,46,0.4888888888888889,0.6521739130434783,138,15
overall,MIXED,15.12,UTILITY,shard,5001,UNKNOWN(5001),90,43,47,0.4777777777777778,0.8823529411764706,102,15
overall,MIXED,16.5,TOP,shard,5005,UNKNOWN(5005),90,43,47,0.4777777777777778,0.5555555555555556,162,15
overall,MIXED,15.17,JUNGLE,rune,9104,レジェンド: 迅速,90,43,47,0.4777777777777778,0.5555555555555556,162,15
overall,MIXED,15.21,JUNGLE,rune,9111,凱旋,90,43,47,0.4777777777777778,0.7627118644067796,118,15
overall,MIXED,15.7,ALL,rune,8009,冷静沈着,90,42,48,0.4666666666666667,0.1956521739130435,460,15
overall,MIXED,16.6,ALL,rune,8140,グリスリー メメント,90,41,49,0.45555555555555555,0.11842105263157894,760,15
overall,MIXED,16.15,MIDDLE,rune,8345,ビスケットデリバリー,89,53,36,0.5955056179775281,0.10774818401937046,826,15
overall,MIXED,16.1,BOTTOM,rune,9103,レジェンド: 血脈,89,48,41,0.5393258426966292,0.577922077922078,154,15
overall,MIXED,15.13,ALL,rune,8017,切り崩し,89,48,41,0.5393258426966292,0.09270833333333334,960,15
overall,MIXED,15.3,ALL,rune,8347,宇宙の英知,89,48,41,0.5393258426966292,0.21707317073170732,410,15
overall,MIXED,15.22,UTILITY,shard,5008,UNKNOWN(5008),89,46,43,0.5168539325842697,0.6742424242424242,132,15
overall,MIXED,16.16,TOP,rune,8401,シールドバッシュ,89,46,43,0.5168539325842697,0.13363363363363365,666,15
overall,MIXED,16.7,TOP,shard,5005,UNKNOWN(5005),89,44,45,0.4943820224719101,0.577922077922078,154,15
overall,MIXED,15.14,JUNGLE,shard,5008,UNKNOWN(5008),89,44,45,0.4943820224719101,0.967391304347826,92,15
overall,MIXED,16.4,ALL,keystone,8008,リーサルテンポ,89,44,45,0.4943820224719101,0.16792452830188678,530,15
overall,MIXED,16.9,JUNGLE,keystone,8010,征服者,89,44,45,0.4943820224719101,0.5632911392405063,158,15
overall,MIXED,15.15,ALL,rune,8304,魔法の靴,89,44,45,0.4943820224719101,0.21707317073170732,410,15
overall,MIXED,15.12,TOP,shard,5001,UNKNOWN(5001),89,43,46,0.48314606741573035,0.8725490196078431,102,15
overall,MIXED,16.2,MIDDLE,rune,8210,至高,89,43,46,0.48314606741573035,0.6267605633802817,142,15
overall,MIXED,16.6,ALL,rune,9103,レジェンド: 血脈,89,42,47,0.47191011235955055,0.11710526315789474,760,15
overall,MIXED,16.1,UTILITY,shard,5008,UNKNOWN(5008),89,41,48,0.4606741573033708,0.5816993464052288,153,15
overall,MIXED,16.11,UTILITY,rune,8347,宇宙の英知,89,41,48,0.4606741573033708,0.3771186440677966,236,15
overall,MIXED,16.8,ALL,keystone,8229,秘儀の彗星,89,41,48,0.4606741573033708,0.12714285714285714,700,15
overall,MIXED,15.18,TOP,rune,8299,背水の陣,89,40,49,0.449438202247191,0.6846153846153846,130,15
overall,MIXED,15.21,ALL,rune,8242,気迫,89,39,50,0.43820224719101125,0.15084745762711865,590,15
overall,MIXED,16.17,TOP,rune,8237,追火,89,33,56,0.3707865168539326,0.0882936507936508,1008,15
overall,MIXED,16.10,MIDDLE,rune,8237,追火,88,51,37,0.5795454545454546,0.3963963963963964,222,15
overall,MIXED,16.13,MIDDLE,rune,8347,宇宙の英知,88,50,38,0.5681818181818182,0.1337386018237082,658,15
overall,MIXED,16.3,ALL,rune,8444,息継ぎ,88,50,38,0.5681818181818182,0.1,880,15
overall,MIXED,16.16,TOP,rune,8210,至高,88,50,38,0.5681818181818182,0.13213213213213212,666,15
overall,MIXED,15.17,BOTTOM,rune,8345,ビスケットデリバリー,88,49,39,0.5568181818181818,0.5432098765432098,162,15
overall,MIXED,15.3,ALL,rune,8009,冷静沈着,88,48,40,0.5454545454545454,0.2146341463414634,410,15
overall,MIXED,15.13,JUNGLE,keystone,8010,征服者,88,47,41,0.5340909090909091,0.4583333333333333,192,15
overall,MIXED,15.16,ALL,shard,5011,UNKNOWN(5011),88,46,42,0.5227272727272727,0.16296296296296298,540,15
overall,MIXED,16.8,ALL,rune,8017,切り崩し,88,46,42,0.5227272727272727,0.12571428571428572,700,15
overall,MIXED,15.19,TOP,rune,8451,超成長,88,46,42,0.5227272727272727,0.38427947598253276,229,15
overall,MIXED,16.14,JUNGLE,rune,8106,至極の賞金首狩り,88,45,43,0.5113636363636364,0.12643678160919541,696,15
overall,MIXED,15.2,BOTTOM,shard,5008,UNKNOWN(5008),88,44,44,0.5,0.9565217391304348,92,15
overall,MIXED,16.2,BOTTOM,shard,5011,UNKNOWN(5011),88,44,44,0.5,0.6197183098591549,142,15
overall,MIXED,16.11,TOP,rune,8473,ボーンアーマー,88,44,44,0.5,0.3728813559322034,236,15
overall,MIXED,15.20,BOTTOM,rune,8009,冷静沈着,88,44,44,0.5,0.6666666666666666,132,15
overall,MIXED,14.20,MIDDLE,shard,5001,UNKNOWN(5001),88,43,45,0.48863636363636365,0.9565217391304348,92,15
overall,MIXED,15.2,JUNGLE,shard,5001,UNKNOWN(5001),88,43,45,0.48863636363636365,0.9565217391304348,92,15
overall,MIXED,15.23,TOP,shard,5001,UNKNOWN(5001),88,43,45,0.48863636363636365,0.7586206896551724,116,15
overall,MIXED,14.20,MIDDLE,shard,5008,UNKNOWN(5008),88,43,45,0.48863636363636365,0.9565217391304348,92,15
overall,MIXED,16.16,MIDDLE,rune,8345,ビスケットデリバリー,88,43,45,0.48863636363636365,0.13213213213213212,666,15
overall,MIXED,15.13,ALL,keystone,8005,プレスアタック,88,43,45,0.48863636363636365,0.09166666666666666,960,15
overall,MIXED,15.22,JUNGLE,rune,9104,レジェンド: 迅速,88,42,46,0.4772727272727273,0.6666666666666666,132,15
overall,MIXED,16.17,MIDDLE,rune,8236,強まる嵐,88,42,46,0.4772727272727273,0.0873015873015873,1008,15
overall,MIXED,16.7,ALL,rune,8140,グリスリー メメント,88,41,47,0.4659090909090909,0.11428571428571428,770,15
overall,MIXED,16.6,ALL,rune,8017,切り崩し,88,41,47,0.4659090909090909,0.11578947368421053,760,15
overall,MIXED,15.19,MIDDLE,rune,8237,追火,88,41,47,0.4659090909090909,0.3826086956521739,230,15
overall,MIXED,15.24,BOTTOM,rune,8304,魔法の靴,88,41,47,0.4659090909090909,0.25806451612903225,341,15
overall,MIXED,16.15,TOP,rune,8345,ビスケットデリバリー,88,40,48,0.45454545454545453,0.10653753026634383,826,15
overall,MIXED,16.11,UTILITY,rune,8473,ボーンアーマー,88,40,48,0.45454545454545453,0.3728813559322034,236,15
overall,MIXED,15.17,TOP,rune,8299,背水の陣,88,40,48,0.45454545454545453,0.5432098765432098,162,15
overall,MIXED,15.23,ALL,rune,8451,超成長,88,40,48,0.45454545454545453,0.15172413793103448,580,15
overall,MIXED,16.15,JUNGLE,keystone,9923,ヘイルブレード,88,39,49,0.4431818181818182,0.10653753026634383,826,15
overall,MIXED,14.21,ALL,rune,9111,凱旋,88,39,49,0.4431818181818182,0.3142857142857143,280,15
overall,MIXED,16.18,ALL,rune,8105,執拗な賞金首狩り,88,38,50,0.4318181818181818,0.05238095238095238,1680,15
overall,MIXED,15.22,ALL,rune,9105,レジェンド: ヘイスト,87,47,40,0.5402298850574713,0.1318181818181818,660,15
overall,MIXED,16.4,ALL,rune,9105,レジェンド: ヘイスト,87,47,40,0.5402298850574713,0.1641509433962264,530,15
overall,MIXED,16.2,ALL,rune,8017,切り崩し,87,47,40,0.5402298850574713,0.12253521126760564,710,15
overall,MIXED,16.14,TOP,rune,8453,生気付与,87,47,40,0.5402298850574713,0.125,696,15
overall,MIXED,16.7,ALL,rune,8017,切り崩し,87,46,41,0.5287356321839081,0.11298701298701298,770,15
overall,MIXED,14.20,TOP,shard,5001,UNKNOWN(5001),87,45,42,0.5172413793103449,0.9456521739130435,92,15
overall,MIXED,15.11,UTILITY,shard,5001,UNKNOWN(5001),87,45,42,0.5172413793103449,0.8207547169811321,106,15
overall,MIXED,16.16,TOP,rune,8009,冷静沈着,87,45,42,0.5172413793103449,0.13063063063063063,666,15
overall,MIXED,15.19,UTILITY,rune,8210,至高,87,45,42,0.5172413793103449,0.3782608695652174,230,15
overall,MIXED,15.23,ALL,rune,8237,追火,87,45,42,0.5172413793103449,0.15,580,15
overall,MIXED,15.18,JUNGLE,shard,5005,UNKNOWN(5005),87,44,43,0.5057471264367817,0.6692307692307692,130,15
overall,MIXED,16.12,TOP,rune,8299,背水の陣,87,44,43,0.5057471264367817,0.4887640449438202,178,15
overall,MIXED,16.6,TOP,shard,5005,UNKNOWN(5005),87,43,44,0.4942528735632184,0.5723684210526315,152,15
overall,MIXED,16.18,ALL,rune,8275,ニンバスクローク,87,43,44,0.4942528735632184,0.05178571428571429,1680,15
overall,MIXED,15.8,ALL,keystone,8008,リーサルテンポ,87,43,44,0.4942528735632184,0.13384615384615384,650,15
overall,MIXED,16.12,JUNGLE,rune,8347,宇宙の英知,87,43,44,0.4942528735632184,0.4887640449438202,178,15
overall,MIXED,16.18,UTILITY,rune,8237,追火,87,43,44,0.4942528735632184,0.25892857142857145,336,15
overall,MIXED,15.7,JUNGLE,shard,5001,UNKNOWN(5001),87,42,45,0.4827586206896552,0.9456521739130435,92,15
overall,MIXED,15.7,JUNGLE,shard,5008,UNKNOWN(5008),87,42,45,0.4827586206896552,0.9456521739130435,92,15
overall,MIXED,15.13,MIDDLE,keystone,8112,電撃,87,41,46,0.47126436781609193,0.45549738219895286,191,15
overall,MIXED,16.9,BOTTOM,shard,5011,UNKNOWN(5011),87,40,47,0.45977011494252873,0.5506329113924051,158,15
overall,MIXED,16.10,BOTTOM,rune,8345,ビスケットデリバリー,87,40,47,0.45977011494252873,0.3918918918918919,222,15
overall,MIXED,16.8,JUNGLE,shard,5005,UNKNOWN(5005),87,39,48,0.4482758620689655,0.6214285714285714,140,15
overall,MIXED,16.12,JUNGLE,keystone,8010,征服者,87,39,48,0.4482758620689655,0.4887640449438202,178,15
overall,MIXED,16.13,BOTTOM,rune,8313,トリプル トニック,87,38,49,0.4367816091954023,0.13221884498480244,658,15
overall,MIXED,16.15,MIDDLE,keystone,8008,リーサルテンポ,87,38,49,0.4367816091954023,0.1053268765133172,826,15
overall,MIXED,16.11,TOP,keystone,8010,征服者,87,38,49,0.4367816091954023,0.3686440677966102,236,15
overall,MIXED,15.8,ALL,shard,5007,UNKNOWN(5007),87,36,51,0.41379310344827586,0.13384615384615384,650,15
overall,MIXED,16.16,MIDDLE,rune,8009,冷静沈着,87,36,51,0.41379310344827586,0.13063063063063063,666,15
overall,MIXED,16.17,TOP,rune,8226,マナフローバンド,87,35,52,0.40229885057471265,0.08630952380952381,1008,15
overall,MIXED,16.15,MIDDLE,shard,5007,UNKNOWN(5007),86,49,37,0.5697674418604651,0.10411622276029056,826,15
overall,MIXED,16.17,MIDDLE,rune,8345,ビスケットデリバリー,86,49,37,0.5697674418604651,0.08531746031746032,1008,15
overall,MIXED,16.3,ALL,rune,8242,気迫,86,49,37,0.5697674418604651,0.09772727272727273,880,15
overall,MIXED,16.17,JUNGLE,rune,8410,疾駆,86,47,39,0.5465116279069767,0.08531746031746032,1008,15
overall,MIXED,15.17,MIDDLE,rune,8210,至高,86,46,40,0.5348837209302325,0.5308641975308642,162,15
overall,MIXED,16.12,MIDDLE,rune,8237,追火,86,46,40,0.5348837209302325,0.48314606741573035,178,15
overall,MIXED,15.21,ALL,shard,5007,UNKNOWN(5007),86,45,41,0.5232558139534884,0.14576271186440679,590,15
overall,MIXED,14.20,JUNGLE,shard,5008,UNKNOWN(5008),86,45,41,0.5232558139534884,0.9347826086956522,92,15
overall,MIXED,16.16,ALL,keystone,8128,魂の収穫,86,45,41,0.5232558139534884,0.025825825825825825,3330,15
overall,MIXED,15.22,ALL,shard,5007,UNKNOWN(5007),86,44,42,0.5116279069767442,0.1303030303030303,660,15
overall,MIXED,16.3,JUNGLE,rune,8014,最期の慈悲,86,44,42,0.5116279069767442,0.48863636363636365,176,15
overall,MIXED,14.20,JUNGLE,shard,5001,UNKNOWN(5001),86,43,43,0.5,0.9347826086956522,92,15
overall,MIXED,16.5,MIDDLE,shard,5005,UNKNOWN(5005),86,43,43,0.5,0.5308641975308642,162,15
overall,MIXED,15.9,BOTTOM,shard,5008,UNKNOWN(5008),86,43,43,0.5,1.0,86,15
overall,MIXED,16.6,ALL,rune,8321,キャッシュバック,86,43,43,0.5,0.11315789473684211,760,15
overall,MIXED,15.11,JUNGLE,rune,9111,凱旋,86,43,43,0.5,0.8113207547169812,106,15
overall,MIXED,15.23,JUNGLE,rune,9111,凱旋,86,43,43,0.5,0.7413793103448276,116,15
overall,MIXED,15.19,UTILITY,rune,8463,生命の泉,86,43,43,0.5,0.3739130434782609,230,15
overall,MIXED,16.8,ALL,rune,8140,グリスリー メメント,86,42,44,0.4883720930232558,0.12285714285714286,700,15
overall,MIXED,15.8,BOTTOM,rune,8014,最期の慈悲,86,42,44,0.4883720930232558,0.6615384615384615,130,15
overall,MIXED,15.16,BOTTOM,shard,5005,UNKNOWN(5005),86,41,45,0.47674418604651164,0.8037383177570093,107,15
overall,MIXED,16.6,BOTTOM,shard,5011,UNKNOWN(5011),86,41,45,0.47674418604651164,0.5657894736842105,152,15
overall,MIXED,15.2,ALL,rune,8473,ボーンアーマー,86,41,45,0.47674418604651164,0.18695652173913044,460,15
overall,MIXED,15.24,TOP,rune,8444,息継ぎ,86,41,45,0.47674418604651164,0.25146198830409355,342,15
overall,MIXED,16.12,JUNGLE,rune,8304,魔法の靴,86,41,45,0.47674418604651164,0.48314606741573035,178,15
overall,MIXED,16.4,JUNGLE,rune,9111,凱旋,86,40,46,0.46511627906976744,0.8113207547169812,106,15
overall,MIXED,16.16,MIDDLE,rune,8347,宇宙の英知,86,40,46,0.46511627906976744,0.12912912912912913,666,15
overall,MIXED,15.17,JUNGLE,rune,8014,最期の慈悲,86,40,46,0.46511627906976744,0.5308641975308642,162,15
overall,MIXED,16.10,ALL,keystone,8112,電撃,86,40,46,0.46511627906976744,0.07747747747747748,1110,15
overall,MIXED,16.1,BOTTOM,shard,5011,UNKNOWN(5011),86,38,48,0.4418604651162791,0.5584415584415584,154,15
overall,MIXED,16.13,ALL,keystone,8128,魂の収穫,86,38,48,0.4418604651162791,0.026139817629179333,3290,15
overall,MIXED,15.17,MIDDLE,shard,5005,UNKNOWN(5005),86,37,49,0.43023255813953487,0.5308641975308642,162,15
overall,MIXED,16.14,TOP,rune,8009,冷静沈着,86,37,49,0.43023255813953487,0.1235632183908046,696,15
overall,MIXED,16.3,JUNGLE,rune,8304,魔法の靴,86,35,51,0.4069767441860465,0.48863636363636365,176,15
overall,MIXED,16.17,MIDDLE,rune,8401,シールドバッシュ,86,30,56,0.3488372093023256,0.08531746031746032,1008,15
overall,MIXED,16.15,BOTTOM,keystone,8992,死神の残り火,85,55,30,0.6470588235294118,0.10290556900726393,826,15
overall,MIXED,15.13,TOP,rune,8451,超成長,85,50,35,0.5882352941176471,0.4427083333333333,192,15
overall,MIXED,16.12,ALL,keystone,8992,死神の残り火,85,48,37,0.5647058823529412,0.09550561797752809,890,15
overall,MIXED,15.2,ALL,keystone,8229,秘儀の彗星,85,47,38,0.5529411764705883,0.18478260869565216,460,15
overall,MIXED,15.8,JUNGLE,shard,5005,UNKNOWN(5005),85,46,39,0.5411764705882353,0.6538461538461539,130,15
overall,MIXED,16.11,MIDDLE,rune,8140,グリスリー メメント,85,46,39,0.5411764705882353,0.3601694915254237,236,15
overall,MIXED,15.19,ALL,rune,8401,シールドバッシュ,85,46,39,0.5411764705882353,0.07391304347826087,1150,15
overall,MIXED,15.2,MIDDLE,shard,5001,UNKNOWN(5001),85,45,40,0.5294117647058824,0.9239130434782609,92,15
overall,MIXED,16.14,UTILITY,shard,5005,UNKNOWN(5005),85,45,40,0.5294117647058824,0.1221264367816092,696,15
overall,MIXED,15.21,BOTTOM,rune,8009,冷静沈着,85,45,40,0.5294117647058824,0.7264957264957265,117,15
overall,MIXED,16.18,BOTTOM,rune,8236,強まる嵐,85,45,40,0.5294117647058824,0.25297619047619047,336,15
overall,MIXED,16.17,MIDDLE,keystone,8008,リーサルテンポ,85,44,41,0.5176470588235295,0.08432539682539683,1008,15
overall,MIXED,16.5,BOTTOM,keystone,8008,リーサルテンポ,85,44,41,0.5176470588235295,0.5246913580246914,162,15
overall,MIXED,16.9,JUNGLE,rune,8304,魔法の靴,85,44,41,0.5176470588235295,0.5379746835443038,158,15
overall,MIXED,15.2,UTILITY,shard,5001,UNKNOWN(5001),85,43,42,0.5058823529411764,0.9239130434782609,92,15
overall,MIXED,15.8,BOTTOM,shard,5001,UNKNOWN(5001),85,43,42,0.5058823529411764,0.6538461538461539,130,15
overall,MIXED,16.12,UTILITY,shard,5007,UNKNOWN(5007),85,43,42,0.5058823529411764,0.47752808988764045,178,15
overall,MIXED,16.11,ALL,keystone,8005,プレスアタック,85,43,42,0.5058823529411764,0.07203389830508475,1180,15
overall,MIXED,16.9,TOP,rune,8299,背水の陣,85,43,42,0.5058823529411764,0.5379746835443038,158,15
overall,MIXED,15.22,MIDDLE,rune,8210,至高,85,43,42,0.5058823529411764,0.6439393939393939,132,15
overall,MIXED,16.15,BOTTOM,rune,8233,英気集中,85,43,42,0.5058823529411764,0.10290556900726393,826,15
overall,MIXED,15.21,ALL,rune,8237,追火,85,43,42,0.5058823529411764,0.1440677966101695,590,15
overall,MIXED,15.14,UTILITY,shard,5001,UNKNOWN(5001),85,42,43,0.49411764705882355,0.9239130434782609,92,15
overall,MIXED,15.2,TOP,shard,5001,UNKNOWN(5001),85,42,43,0.49411764705882355,0.9239130434782609,92,15
overall,MIXED,15.23,MIDDLE,shard,5001,UNKNOWN(5001),85,42,43,0.49411764705882355,0.7327586206896551,116,15
overall,MIXED,16.8,TOP,shard,5005,UNKNOWN(5005),85,42,43,0.49411764705882355,0.6071428571428571,140,15
overall,MIXED,15.22,ALL,rune,8140,グリスリー メメント,85,42,43,0.49411764705882355,0.12878787878787878,660,15
overall,MIXED,15.24,TOP,keystone,8437,不死者の握撃,85,42,43,0.49411764705882355,0.24853801169590642,342,15
overall,MIXED,16.9,JUNGLE,rune,8014,最期の慈悲,85,42,43,0.49411764705882355,0.5379746835443038,158,15
overall,MIXED,15.14,MIDDLE,shard,5001,UNKNOWN(5001),85,41,44,0.4823529411764706,0.9239130434782609,92,15
overall,MIXED,16.8,MIDDLE,rune,8226,マナフローバンド,85,41,44,0.4823529411764706,0.6071428571428571,140,15
overall,MIXED,16.11,TOP,rune,9104,レジェンド: 迅速,85,41,44,0.4823529411764706,0.3601694915254237,236,15
overall,MIXED,16.6,BOTTOM,rune,8009,冷静沈着,85,41,44,0.4823529411764706,0.5592105263157895,152,15
overall,MIXED,15.19,ALL,rune,8233,英気集中,85,41,44,0.4823529411764706,0.07391304347826087,1150,15
overall,MIXED,16.2,MIDDLE,rune,8226,マナフローバンド,85,40,45,0.47058823529411764,0.5985915492957746,142,15
overall,MIXED,16.18,JUNGLE,rune,9105,レジェンド: ヘイスト,85,40,45,0.47058823529411764,0.25297619047619047,336,15
overall,MIXED,16.1,TOP,rune,8299,背水の陣,85,40,45,0.47058823529411764,0.551948051948052,154,15
overall,MIXED,16.15,JUNGLE,keystone,8005,プレスアタック,85,39,46,0.4588235294117647,0.10290556900726393,826,15
overall,MIXED,16.15,UTILITY,rune,8236,強まる嵐,85,39,46,0.4588235294117647,0.10290556900726393,826,15
overall,MIXED,16.1,ALL,rune,8106,至極の賞金首狩り,85,39,46,0.4588235294117647,0.11038961038961038,770,15
overall,MIXED,14.19,ALL,rune,8304,魔法の靴,85,39,46,0.4588235294117647,0.20238095238095238,420,15
overall,MIXED,16.5,ALL,rune,8444,息継ぎ,85,38,47,0.4470588235294118,0.10493827160493827,810,15
overall,MIXED,16.18,MIDDLE,rune,8143,サドンインパクト,85,37,48,0.43529411764705883,0.25297619047619047,336,15
overall,MIXED,16.8,JUNGLE,rune,9104,レジェンド: 迅速,85,37,48,0.43529411764705883,0.6071428571428571,140,15
overall,MIXED,16.14,MIDDLE,rune,8139,血の味わい,85,36,49,0.4235294117647059,0.1221264367816092,696,15
overall,MIXED,15.8,TOP,rune,8299,背水の陣,84,52,32,0.6190476190476191,0.6461538461538462,130,15
overall,MIXED,16.13,BOTTOM,keystone,8992,死神の残り火,84,50,34,0.5952380952380952,0.1276595744680851,658,15
overall,MIXED,16.15,UTILITY,rune,9105,レジェンド: ヘイスト,84,47,37,0.5595238095238095,0.1016949152542373,826,15
overall,MIXED,16.16,UTILITY,shard,5005,UNKNOWN(5005),84,46,38,0.5476190476190477,0.12612612612612611,666,15
overall,MIXED,16.1,ALL,keystone,8229,秘儀の彗星,84,46,38,0.5476190476190477,0.10909090909090909,770,15
overall,MIXED,16.14,MIDDLE,keystone,8229,秘儀の彗星,84,45,39,0.5357142857142857,0.1206896551724138,696,15
overall,MIXED,15.5,ALL,shard,5001,UNKNOWN(5001),84,44,40,0.5238095238095238,0.84,100,15
overall,MIXED,15.10,MIDDLE,rune,8210,至高,84,44,40,0.5238095238095238,0.6086956521739131,138,15
overall,MIXED,15.14,JUNGLE,shard,5001,UNKNOWN(5001),84,43,41,0.5119047619047619,0.9130434782608695,92,15
overall,MIXED,15.9,MIDDLE,shard,5008,UNKNOWN(5008),84,43,41,0.5119047619047619,0.9767441860465116,86,15
overall,MIXED,16.15,TOP,rune,8237,追火,84,43,41,0.5119047619047619,0.1016949152542373,826,15
overall,MIXED,14.19,BOTTOM,shard,5008,UNKNOWN(5008),84,42,42,0.5,1.0,84,15
overall,MIXED,15.3,ALL,keystone,8010,征服者,84,42,42,0.5,0.2048780487804878,410,15
overall,MIXED,15.9,ALL,keystone,8010,征服者,84,42,42,0.5,0.19534883720930232,430,15
overall,MIXED,16.15,JUNGLE,keystone,8128,魂の収穫,84,42,42,0.5,0.1016949152542373,826,15
overall,MIXED,16.4,UTILITY,shard,5001,UNKNOWN(5001),84,41,43,0.4880952380952381,0.7924528301886793,106,15
overall,MIXED,15.19,ALL,rune,8126,追い打ち,84,41,43,0.4880952380952381,0.07304347826086957,1150,15
overall,MIXED,16.2,ALL,rune,8140,グリスリー メメント,84,40,44,0.47619047619047616,0.11830985915492957,710,15
overall,MIXED,15.19,TOP,rune,8473,ボーンアーマー,84,39,45,0.4642857142857143,0.36681222707423583,229,15
overall,MIXED,15.13,UTILITY,rune,8473,ボーンアーマー,84,38,46,0.4523809523809524,0.4375,192,15
overall,MIXED,16.3,JUNGLE,keystone,8010,征服者,84,37,47,0.44047619047619047,0.4772727272727273,176,15
overall,MIXED,16.3,ALL,keystone,8112,電撃,84,35,49,0.4166666666666667,0.09545454545454546,880,15
overall,MIXED,16.15,BOTTOM,rune,8234,追い風,83,53,30,0.6385542168674698,0.10048426150121065,826,15
overall,MIXED,15.24,JUNGLE,rune,8299,背水の陣,83,51,32,0.6144578313253012,0.24269005847953215,342,15
overall,MIXED,16.2,ALL,rune,8444,息継ぎ,83,47,36,0.5662650602409639,0.11690140845070422,710,15
overall,MIXED,16.14,MIDDLE,rune,9105,レジェンド: ヘイスト,83,46,37,0.5542168674698795,0.11925287356321838,696,15
overall,MIXED,15.22,ALL,rune,9103,レジェンド: 血脈,83,46,37,0.5542168674698795,0.12575757575757576,660,15
overall,MIXED,16.6,ALL,rune,8242,気迫,83,46,37,0.5542168674698795,0.10921052631578948,760,15
overall,MIXED,15.14,TOP,shard,5001,UNKNOWN(5001),83,45,38,0.5421686746987951,0.9021739130434783,92,15
overall,MIXED,15.10,ALL,keystone,8008,リーサルテンポ,83,45,38,0.5421686746987951,0.12028985507246377,690,15
overall,MIXED,15.23,BOTTOM,rune,8009,冷静沈着,83,45,38,0.5421686746987951,0.7155172413793104,116,15
overall,MIXED,14.22,ALL,rune,9111,凱旋,83,45,38,0.5421686746987951,0.28620689655172415,290,15
overall,MIXED,15.21,JUNGLE,shard,5005,UNKNOWN(5005),83,44,39,0.5301204819277109,0.7033898305084746,118,15
overall,MIXED,16.12,ALL,rune,8143,サドンインパクト,83,43,40,0.5180722891566265,0.09325842696629214,890,15
overall,MIXED,16.5,ALL,rune,8236,強まる嵐,83,43,40,0.5180722891566265,0.10246913580246914,810,15
overall,MIXED,16.10,ALL,rune,8126,追い打ち,83,43,40,0.5180722891566265,0.07477477477477477,1110,15
overall,MIXED,15.7,MIDDLE,shard,5001,UNKNOWN(5001),83,42,41,0.5060240963855421,0.9021739130434783,92,15
overall,MIXED,15.17,MIDDLE,rune,8226,マナフローバンド,83,42,41,0.5060240963855421,0.5123456790123457,162,15
overall,MIXED,15.12,JUNGLE,rune,9111,凱旋,83,42,41,0.5060240963855421,0.8137254901960784,102,15
overall,MIXED,15.15,ALL,rune,8347,宇宙の英知,83,42,41,0.5060240963855421,0.20243902439024392,410,15
overall,MIXED,16.17,UTILITY,rune,8444,息継ぎ,83,42,41,0.5060240963855421,0.08234126984126984,1008,15
overall,MIXED,16.2,ALL,rune,8106,至極の賞金首狩り,83,42,41,0.5060240963855421,0.11690140845070422,710,15
overall,MIXED,16.15,MIDDLE,rune,8304,魔法の靴,83,42,41,0.5060240963855421,0.10048426150121065,826,15
overall,MIXED,15.7,TOP,shard,5001,UNKNOWN(5001),83,41,42,0.4939759036144578,0.9021739130434783,92,15
overall,MIXED,15.8,TOP,shard,5005,UNKNOWN(5005),83,41,42,0.4939759036144578,0.6384615384615384,130,15
overall,MIXED,16.8,BOTTOM,shard,5011,UNKNOWN(5011),83,41,42,0.4939759036144578,0.5928571428571429,140,15
overall,MIXED,16.9,ALL,rune,9103,レジェンド: 血脈,83,41,42,0.4939759036144578,0.10506329113924051,790,15
overall,MIXED,16.7,JUNGLE,rune,8347,宇宙の英知,83,41,42,0.4939759036144578,0.538961038961039,154,15
overall,MIXED,14.20,ALL,rune,8304,魔法の靴,83,41,42,0.4939759036144578,0.18043478260869567,460,15
overall,MIXED,15.15,ALL,rune,8226,マナフローバンド,83,40,43,0.4819277108433735,0.20243902439024392,410,15
overall,MIXED,16.16,MIDDLE,rune,9105,レジェンド: ヘイスト,83,40,43,0.4819277108433735,0.12462462462462462,666,15
overall,MIXED,15.12,JUNGLE,shard,5005,UNKNOWN(5005),83,39,44,0.46987951807228917,0.8137254901960784,102,15
overall,MIXED,16.6,JUNGLE,rune,9104,レジェンド: 迅速,83,39,44,0.46987951807228917,0.5460526315789473,152,15
overall,MIXED,15.12,ALL,rune,8237,追火,83,39,44,0.46987951807228917,0.1627450980392157,510,15
overall,MIXED,16.5,ALL,rune,8143,サドンインパクト,83,38,45,0.4578313253012048,0.10246913580246914,810,15
overall,MIXED,15.18,BOTTOM,rune,8009,冷静沈着,83,38,45,0.4578313253012048,0.6384615384615384,130,15
overall,MIXED,16.4,ALL,keystone,8229,秘儀の彗星,83,38,45,0.4578313253012048,0.15660377358490565,530,15
overall,MIXED,15.10,MIDDLE,shard,5005,UNKNOWN(5005),83,35,48,0.42168674698795183,0.6014492753623188,138,15
overall,MIXED,16.8,MIDDLE,rune,8210,至高,83,35,48,0.42168674698795183,0.5928571428571429,140,15
overall,MIXED,16.15,BOTTOM,keystone,8005,プレスアタック,83,34,49,0.40963855421686746,0.10048426150121065,826,15
overall,MIXED,16.18,TOP,keystone,8437,不死者の握撃,83,34,49,0.40963855421686746,0.24702380952380953,336,15
overall,MIXED,16.14,TOP,rune,8275,ニンバスクローク,82,48,34,0.5853658536585366,0.11781609195402298,696,15
overall,MIXED,16.6,ALL,rune,8444,息継ぎ,82,48,34,0.5853658536585366,0.10789473684210527,760,15
overall,MIXED,16.10,TOP,rune,8451,超成長,82,47,35,0.573170731707317,0.36936936936936937,222,15
overall,MIXED,16.14,JUNGLE,keystone,8005,プレスアタック,82,46,36,0.5609756097560976,0.11781609195402298,696,15
overall,MIXED,16.3,BOTTOM,keystone,8008,リーサルテンポ,82,46,36,0.5609756097560976,0.4659090909090909,176,15
overall,MIXED,16.7,TOP,rune,8299,背水の陣,82,46,36,0.5609756097560976,0.5324675324675324,154,15
overall,MIXED,15.13,UTILITY,rune,8347,宇宙の英知,82,44,38,0.5365853658536586,0.4270833333333333,192,15
overall,MIXED,16.11,MIDDLE,keystone,8112,電撃,82,44,38,0.5365853658536586,0.3474576271186441,236,15
overall,MIXED,15.9,ALL,rune,8473,ボーンアーマー,82,43,39,0.524390243902439,0.19069767441860466,430,15
overall,MIXED,16.1,JUNGLE,rune,9104,レジェンド: 迅速,82,43,39,0.524390243902439,0.5324675324675324,154,15
overall,MIXED,15.24,UTILITY,rune,8106,至極の賞金首狩り,82,43,39,0.524390243902439,0.23976608187134502,342,15
overall,MIXED,15.9,JUNGLE,shard,5001,UNKNOWN(5001),82,42,40,0.5121951219512195,0.9534883720930233,86,15
overall,MIXED,16.17,TOP,rune,9101,体力吸収,82,42,40,0.5121951219512195,0.08134920634920635,1008,15
overall,MIXED,16.5,TOP,rune,9111,凱旋,82,42,40,0.5121951219512195,0.5061728395061729,162,15
overall,MIXED,15.2,ALL,rune,8304,魔法の靴,82,42,40,0.5121951219512195,0.1782608695652174,460,15
overall,MIXED,15.15,BOTTOM,shard,5008,UNKNOWN(5008),82,41,41,0.5,1.0,82,15
overall,MIXED,15.8,ALL,rune,8140,グリスリー メメント,82,41,41,0.5,0.12615384615384614,650,15
overall,MIXED,15.18,BOTTOM,keystone,8008,リーサルテンポ,82,41,41,0.5,0.6307692307692307,130,15
overall,MIXED,16.18,JUNGLE,rune,8299,背水の陣,82,41,41,0.5,0.24404761904761904,336,15
overall,MIXED,14.19,MIDDLE,shard,5008,UNKNOWN(5008),82,40,42,0.4878048780487805,0.9761904761904762,84,15
overall,MIXED,15.20,ALL,rune,8017,切り崩し,82,40,42,0.4878048780487805,0.12424242424242424,660,15
overall,MIXED,16.9,JUNGLE,rune,8347,宇宙の英知,82,40,42,0.4878048780487805,0.5189873417721519,158,15
overall,MIXED,15.19,UTILITY,keystone,8439,アフターショック,82,39,43,0.47560975609756095,0.3565217391304348,230,15
overall,MIXED,16.11,UTILITY,rune,8345,ビスケットデリバリー,82,39,43,0.47560975609756095,0.3474576271186441,236,15
overall,MIXED,15.24,ALL,rune,8429,心身調整,82,39,43,0.47560975609756095,0.047953216374269005,1710,15
overall,MIXED,16.9,ALL,rune,8321,キャッシュバック,82,38,44,0.4634146341463415,0.10379746835443038,790,15
overall,MIXED,16.14,MIDDLE,rune,8014,最期の慈悲,82,38,44,0.4634146341463415,0.11781609195402298,696,15
overall,MIXED,15.18,ALL,rune,8444,息継ぎ,82,34,48,0.4146341463414634,0.12615384615384614,650,15
overall,MIXED,16.6,ALL,rune,8143,サドンインパクト,82,33,49,0.4024390243902439,0.10789473684210527,760,15
overall,MIXED,15.18,ALL,rune,8106,至極の賞金首狩り,81,49,32,0.6049382716049383,0.12461538461538461,650,15
overall,MIXED,15.7,ALL,rune,8473,ボーンアーマー,81,46,35,0.5679012345679012,0.17608695652173914,460,15
overall,MIXED,16.8,ALL,rune,8444,息継ぎ,81,46,35,0.5679012345679012,0.11571428571428571,700,15
overall,MIXED,16.17,JUNGLE,rune,8429,心身調整,81,45,36,0.5555555555555556,0.08035714285714286,1008,15
overall,MIXED,16.18,ALL,shard,5010,UNKNOWN(5010),81,44,37,0.5432098765432098,0.048214285714285716,1680,15
overall,MIXED,16.3,ALL,rune,8143,サドンインパクト,81,44,37,0.5432098765432098,0.09204545454545454,880,15
overall,MIXED,16.11,UTILITY,rune,8237,追火,81,44,37,0.5432098765432098,0.3432203389830508,236,15
overall,MIXED,15.12,TOP,shard,5008,UNKNOWN(5008),81,43,38,0.5308641975308642,0.7941176470588235,102,15
overall,MIXED,16.9,BOTTOM,rune,8009,冷静沈着,81,43,38,0.5308641975308642,0.5126582278481012,158,15
overall,MIXED,15.19,UTILITY,rune,8226,マナフローバンド,81,42,39,0.5185185185185185,0.3521739130434783,230,15
overall,MIXED,15.17,BOTTOM,shard,5011,UNKNOWN(5011),81,41,40,0.5061728395061729,0.5,162,15
overall,MIXED,15.19,BOTTOM,rune,9104,レジェンド: 迅速,81,41,40,0.5061728395061729,0.3521739130434783,230,15
overall,MIXED,16.9,ALL,rune,8444,息継ぎ,81,41,40,0.5061728395061729,0.10253164556962026,790,15
overall,MIXED,16.18,ALL,rune,8446,打ちこわし,81,41,40,0.5061728395061729,0.048214285714285716,1680,15
overall,MIXED,15.15,JUNGLE,shard,5001,UNKNOWN(5001),81,40,41,0.49382716049382713,0.9878048780487805,82,15
overall,MIXED,15.17,BOTTOM,shard,5001,UNKNOWN(5001),81,40,41,0.49382716049382713,0.5,162,15
overall,MIXED,16.12,BOTTOM,shard,5001,UNKNOWN(5001),81,40,41,0.49382716049382713,0.4576271186440678,177,15
overall,MIXED,15.20,TOP,shard,5005,UNKNOWN(5005),81,40,41,0.49382716049382713,0.6136363636363636,132,15
overall,MIXED,15.9,JUNGLE,shard,5008,UNKNOWN(5008),81,40,41,0.49382716049382713,0.9418604651162791,86,15
overall,MIXED,15.22,ALL,rune,8236,強まる嵐,81,40,41,0.49382716049382713,0.12272727272727273,660,15
overall,MIXED,14.19,ALL,keystone,8010,征服者,81,40,41,0.49382716049382713,0.19285714285714287,420,15
overall,MIXED,16.7,JUNGLE,keystone,8010,征服者,81,40,41,0.49382716049382713,0.525974025974026,154,15
overall,MIXED,15.8,ALL,rune,8106,至極の賞金首狩り,81,40,41,0.49382716049382713,0.12461538461538461,650,15
overall,MIXED,16.18,BOTTOM,rune,8304,魔法の靴,81,40,41,0.49382716049382713,0.24107142857142858,336,15
overall,MIXED,16.6,BOTTOM,rune,9103,レジェンド: 血脈,81,39,42,0.48148148148148145,0.5328947368421053,152,15
overall,MIXED,16.1,MIDDLE,rune,8210,至高,81,39,42,0.48148148148148145,0.525974025974026,154,15
overall,MIXED,15.7,UTILITY,shard,5001,UNKNOWN(5001),81,38,43,0.4691358024691358,0.8804347826086957,92,15
overall,MIXED,16.12,UTILITY,rune,8226,マナフローバンド,81,38,43,0.4691358024691358,0.4550561797752809,178,15
overall,MIXED,16.7,ALL,rune,9103,レジェンド: 血脈,81,38,43,0.4691358024691358,0.10519480519480519,770,15
overall,MIXED,16.10,TOP,keystone,8010,征服者,81,37,44,0.4567901234567901,0.36486486486486486,222,15
overall,MIXED,16.15,TOP,rune,8401,シールドバッシュ,81,33,48,0.4074074074074074,0.09806295399515738,826,15
overall,MIXED,15.20,ALL,rune,8444,息継ぎ,81,32,49,0.3950617283950617,0.12272727272727273,660,15
overall,MIXED,16.18,ALL,keystone,8005,プレスアタック,80,48,32,0.6,0.047619047619047616,1680,15
overall,MIXED,15.19,MIDDLE,rune,8140,グリスリー メメント,80,46,34,0.575,0.34782608695652173,230,15
overall,MIXED,15.20,JUNGLE,shard,5005,UNKNOWN(5005),80,43,37,0.5375,0.6060606060606061,132,15
overall,MIXED,16.12,UTILITY,rune,8347,宇宙の英知,80,43,37,0.5375,0.449438202247191,178,15
overall,MIXED,16.15,TOP,rune,8234,追い風,80,43,37,0.5375,0.09685230024213075,826,15
overall,MIXED,16.15,BOTTOM,rune,8316,なんでも屋,80,42,38,0.525,0.09685230024213075,826,15
overall,MIXED,16.18,ALL,keystone,9923,ヘイルブレード,80,42,38,0.525,0.047619047619047616,1680,15
overall,MIXED,15.3,MIDDLE,shard,5001,UNKNOWN(5001),80,41,39,0.5125,0.975609756097561,82,15
overall,MIXED,15.3,BOTTOM,shard,5008,UNKNOWN(5008),80,41,39,0.5125,0.975609756097561,82,15
overall,MIXED,16.11,ALL,rune,8401,シールドバッシュ,80,41,39,0.5125,0.06779661016949153,1180,15
overall,MIXED,16.5,BOTTOM,rune,9103,レジェンド: 血脈,80,41,39,0.5125,0.49382716049382713,162,15
overall,MIXED,16.7,JUNGLE,rune,8014,最期の慈悲,80,41,39,0.5125,0.5194805194805194,154,15
overall,MIXED,15.15,ALL,rune,8299,背水の陣,80,41,39,0.5125,0.1951219512195122,410,15
overall,MIXED,15.3,JUNGLE,shard,5001,UNKNOWN(5001),80,40,40,0.5,0.975609756097561,82,15
overall,MIXED,15.15,MIDDLE,shard,5008,UNKNOWN(5008),80,40,40,0.5,0.975609756097561,82,15
overall,MIXED,16.7,ALL,rune,8321,キャッシュバック,80,40,40,0.5,0.1038961038961039,770,15
overall,MIXED,15.21,ALL,rune,8444,息継ぎ,80,40,40,0.5,0.13559322033898305,590,15
overall,MIXED,15.15,TOP,shard,5001,UNKNOWN(5001),80,39,41,0.4875,0.975609756097561,82,15
overall,MIXED,15.7,BOTTOM,shard,5005,UNKNOWN(5005),80,38,42,0.475,0.8695652173913043,92,15
overall,MIXED,16.14,BOTTOM,rune,8313,トリプル トニック,80,38,42,0.475,0.11494252873563218,696,15
overall,MIXED,15.16,ALL,keystone,8008,リーサルテンポ,80,38,42,0.475,0.14814814814814814,540,15
overall,MIXED,15.17,ALL,rune,9103,レジェンド: 血脈,80,38,42,0.475,0.09876543209876543,810,15
overall,MIXED,16.4,ALL,rune,8451,超成長,80,38,42,0.475,0.1509433962264151,530,15
overall,MIXED,16.2,TOP,shard,5005,UNKNOWN(5005),80,37,43,0.4625,0.5633802816901409,142,15
overall,MIXED,15.23,ALL,shard,5007,UNKNOWN(5007),80,37,43,0.4625,0.13793103448275862,580,15
overall,MIXED,15.17,JUNGLE,rune,8347,宇宙の英知,80,37,43,0.4625,0.49382716049382713,162,15
overall,MIXED,15.2,ALL,rune,9105,レジェンド: ヘイスト,80,36,44,0.45,0.17391304347826086,460,15
overall,MIXED,15.17,UTILITY,rune,8347,宇宙の英知,80,36,44,0.45,0.4968944099378882,161,15
overall,MIXED,16.13,BOTTOM,rune,8233,英気集中,80,36,44,0.45,0.12158054711246201,658,15
overall,MIXED,15.14,ALL,rune,8237,追火,80,34,46,0.425,0.17391304347826086,460,15
overall,MIXED,15.13,ALL,keystone,8437,不死者の握撃,79,48,31,0.6075949367088608,0.08229166666666667,960,15
overall,MIXED,15.10,ALL,shard,5007,UNKNOWN(5007),79,47,32,0.5949367088607594,0.1144927536231884,690,15
overall,MIXED,15.13,BOTTOM,keystone,8008,リーサルテンポ,79,45,34,0.569620253164557,0.4114583333333333,192,15
overall,MIXED,16.14,TOP,rune,8224,アクシオム アルカニスト,79,44,35,0.5569620253164557,0.11350574712643678,696,15
overall,MIXED,15.19,UTILITY,rune,8345,ビスケットデリバリー,79,43,36,0.5443037974683544,0.34347826086956523,230,15
overall,MIXED,15.2,ALL,rune,8106,至極の賞金首狩り,79,43,36,0.5443037974683544,0.17173913043478262,460,15
overall,MIXED,15.13,ALL,rune,8233,英気集中,79,43,36,0.5443037974683544,0.08229166666666667,960,15
overall,MIXED,16.4,BOTTOM,shard,5005,UNKNOWN(5005),79,42,37,0.5316455696202531,0.7452830188679245,106,15
overall,MIXED,16.14,MIDDLE,rune,8017,切り崩し,79,42,37,0.5316455696202531,0.11350574712643678,696,15
overall,MIXED,15.18,UTILITY,shard,5008,UNKNOWN(5008),79,41,38,0.5189873417721519,0.6076923076923076,130,15
overall,MIXED,15.11,ALL,shard,5011,UNKNOWN(5011),79,40,39,0.5063291139240507,0.1490566037735849,530,15
overall,MIXED,16.10,BOTTOM,rune,8236,強まる嵐,79,40,39,0.5063291139240507,0.35585585585585583,222,15
overall,MIXED,15.8,ALL,rune,8242,気迫,79,40,39,0.5063291139240507,0.12153846153846154,650,15
overall,MIXED,16.11,ALL,rune,8126,追い打ち,79,40,39,0.5063291139240507,0.06694915254237288,1180,15
overall,MIXED,16.11,ALL,keystone,8439,アフターショック,79,39,40,0.4936708860759494,0.06694915254237288,1180,15
overall,MIXED,15.17,UTILITY,rune,8473,ボーンアーマー,79,39,40,0.4936708860759494,0.4906832298136646,161,15
overall,MIXED,16.12,TOP,rune,9111,凱旋,79,39,40,0.4936708860759494,0.4438202247191011,178,15
overall,MIXED,16.7,ALL,rune,8444,息継ぎ,79,39,40,0.4936708860759494,0.1025974025974026,770,15
overall,MIXED,15.24,TOP,rune,8446,打ちこわし,79,39,40,0.4936708860759494,0.2309941520467836,342,15
overall,MIXED,15.2,JUNGLE,shard,5008,UNKNOWN(5008),79,38,41,0.4810126582278481,0.8586956521739131,92,15
overall,MIXED,14.19,ALL,rune,8473,ボーンアーマー,79,38,41,0.4810126582278481,0.1880952380952381,420,15
overall,MIXED,16.14,TOP,rune,8242,気迫,79,38,41,0.4810126582278481,0.11350574712643678,696,15
overall,MIXED,15.9,ALL,rune,8237,追火,79,38,41,0.4810126582278481,0.18372093023255814,430,15
overall,MIXED,15.4,ALL,rune,9111,凱旋,79,35,44,0.4430379746835443,0.29259259259259257,270,15
overall,MIXED,15.19,BOTTOM,rune,8304,魔法の靴,79,35,44,0.4430379746835443,0.34347826086956523,230,15
overall,MIXED,16.14,TOP,rune,8401,シールドバッシュ,79,34,45,0.43037974683544306,0.11350574712643678,696,15
overall,MIXED,15.13,TOP,keystone,8010,征服者,79,33,46,0.4177215189873418,0.4114583333333333,192,15
overall,MIXED,15.16,ALL,rune,8106,至極の賞金首狩り,78,44,34,0.5641025641025641,0.14444444444444443,540,15
overall,MIXED,15.20,UTILITY,shard,5008,UNKNOWN(5008),78,43,35,0.5512820512820513,0.5909090909090909,132,15
overall,MIXED,15.13,ALL,rune,8446,打ちこわし,78,43,35,0.5512820512820513,0.08125,960,15
overall,MIXED,16.13,MIDDLE,keystone,8229,秘儀の彗星,78,43,35,0.5512820512820513,0.11854103343465046,658,15
overall,MIXED,15.13,UTILITY,rune,8345,ビスケットデリバリー,78,41,37,0.5256410256410257,0.40625,192,15
overall,MIXED,16.7,ALL,rune,8242,気迫,78,41,37,0.5256410256410257,0.1012987012987013,770,15
overall,MIXED,16.16,BOTTOM,rune,8210,至高,78,41,37,0.5256410256410257,0.11711711711711711,666,15
overall,MIXED,14.19,JUNGLE,shard,5008,UNKNOWN(5008),78,40,38,0.5128205128205128,0.9285714285714286,84,15
overall,MIXED,14.20,ALL,rune,8473,ボーンアーマー,78,40,38,0.5128205128205128,0.16956521739130434,460,15
overall,MIXED,16.7,ALL,rune,8236,強まる嵐,78,40,38,0.5128205128205128,0.1012987012987013,770,15
overall,MIXED,16.12,BOTTOM,rune,8017,切り崩し,78,39,39,0.5,0.4406779661016949,177,15
overall,MIXED,15.19,BOTTOM,rune,8236,強まる嵐,78,39,39,0.5,0.3391304347826087,230,15
overall,MIXED,15.8,JUNGLE,keystone,8010,征服者,78,39,39,0.5,0.6,130,15
overall,MIXED,16.11,ALL,rune,8234,追い風,78,39,39,0.5,0.06610169491525424,1180,15
overall,MIXED,15.2,TOP,shard,5008,UNKNOWN(5008),78,38,40,0.48717948717948717,0.8478260869565217,92,15
overall,MIXED,15.8,MIDDLE,rune,8210,至高,78,38,40,0.48717948717948717,0.6,130,15
overall,MIXED,15.22,TOP,shard,5005,UNKNOWN(5005),78,37,41,0.47435897435897434,0.5909090909090909,132,15
overall,MIXED,15.16,JUNGLE,rune,9111,凱旋,78,37,41,0.47435897435897434,0.7222222222222222,108,15
overall,MIXED,15.3,ALL,rune,8473,ボーンアーマー,78,36,42,0.46153846153846156,0.1902439024390244,410,15
overall,MIXED,16.16,ALL,keystone,8230,嵐乗りの勇躍,78,36,42,0.46153846153846156,0.023423423423423424,3330,15
overall,MIXED,15.22,JUNGLE,rune,8304,魔法の靴,78,36,42,0.46153846153846156,0.5909090909090909,132,15
overall,MIXED,16.12,ALL,rune,8321,キャッシュバック,78,34,44,0.4358974358974359,0.08764044943820225,890,15
overall,MIXED,16.11,UTILITY,rune,8242,気迫,78,34,44,0.4358974358974359,0.3305084745762712,236,15
overall,MIXED,15.10,ALL,rune,8017,切り崩し,78,28,50,0.358974358974359,0.11304347826086956,690,15
overall,MIXED,15.24,ALL,keystone,8369,ファーストストライク,78,27,51,0.34615384615384615,0.0456140350877193,1710,15
overall,MIXED,16.17,UTILITY,rune,8451,超成長,77,44,33,0.5714285714285714,0.0763888888888889,1008,15
overall,MIXED,15.19,TOP,keystone,8437,不死者の握撃,77,42,35,0.5454545454545454,0.33624454148471616,229,15
overall,MIXED,15.20,ALL,rune,8106,至極の賞金首狩り,77,42,35,0.5454545454545454,0.11666666666666667,660,15
overall,MIXED,15.20,ALL,rune,8236,強まる嵐,77,41,36,0.5324675324675324,0.11666666666666667,660,15
overall,MIXED,14.20,ALL,rune,8451,超成長,77,41,36,0.5324675324675324,0.1673913043478261,460,15
overall,MIXED,15.23,UTILITY,shard,5008,UNKNOWN(5008),77,40,37,0.5194805194805194,0.6637931034482759,116,15
overall,MIXED,15.23,ALL,keystone,8008,リーサルテンポ,77,40,37,0.5194805194805194,0.13275862068965516,580,15
overall,MIXED,16.2,ALL,rune,8236,強まる嵐,77,40,37,0.5194805194805194,0.10845070422535211,710,15
overall,MIXED,16.8,JUNGLE,keystone,8010,征服者,77,40,37,0.5194805194805194,0.55,140,15
overall,MIXED,14.19,TOP,shard,5001,UNKNOWN(5001),77,39,38,0.5064935064935064,0.9166666666666666,84,15
overall,MIXED,15.12,BOTTOM,shard,5005,UNKNOWN(5005),77,39,38,0.5064935064935064,0.7623762376237624,101,15
overall,MIXED,15.12,ALL,rune,8140,グリスリー メメント,77,39,38,0.5064935064935064,0.15098039215686274,510,15
overall,MIXED,15.15,ALL,rune,8473,ボーンアーマー,77,39,38,0.5064935064935064,0.1878048780487805,410,15
overall,MIXED,16.7,BOTTOM,keystone,8008,リーサルテンポ,77,39,38,0.5064935064935064,0.5,154,15
overall,MIXED,14.19,JUNGLE,shard,5001,UNKNOWN(5001),77,38,39,0.4935064935064935,0.9166666666666666,84,15
overall,MIXED,15.10,BOTTOM,shard,5001,UNKNOWN(5001),77,38,39,0.4935064935064935,0.5579710144927537,138,15
overall,MIXED,16.5,JUNGLE,rune,8347,宇宙の英知,77,38,39,0.4935064935064935,0.47530864197530864,162,15
overall,MIXED,15.19,ALL,rune,8446,打ちこわし,77,38,39,0.4935064935064935,0.06695652173913043,1150,15
overall,MIXED,16.11,BOTTOM,rune,8014,最期の慈悲,77,38,39,0.4935064935064935,0.326271186440678,236,15
overall,MIXED,15.22,TOP,rune,8299,背水の陣,77,38,39,0.4935064935064935,0.5833333333333334,132,15
overall,MIXED,15.3,MIDDLE,shard,5008,UNKNOWN(5008),77,37,40,0.4805194805194805,0.9390243902439024,82,15
overall,MIXED,16.11,ALL,rune,8410,疾駆,77,37,40,0.4805194805194805,0.06525423728813559,1180,15
overall,MIXED,16.1,JUNGLE,rune,8304,魔法の靴,77,37,40,0.4805194805194805,0.5,154,15
overall,MIXED,16.4,ALL,shard,5007,UNKNOWN(5007),77,36,41,0.4675324675324675,0.14528301886792452,530,15
overall,MIXED,15.10,ALL,rune,8444,息継ぎ,77,36,41,0.4675324675324675,0.11159420289855072,690,15
overall,MIXED,16.7,JUNGLE,rune,8304,魔法の靴,77,36,41,0.4675324675324675,0.5,154,15
overall,MIXED,15.11,JUNGLE,shard,5005,UNKNOWN(5005),77,35,42,0.45454545454545453,0.7264150943396226,106,15
overall,MIXED,15.10,ALL,rune,8242,気迫,77,35,42,0.45454545454545453,0.11159420289855072,690,15
overall,MIXED,16.9,ALL,rune,8143,サドンインパクト,77,34,43,0.44155844155844154,0.09746835443037975,790,15
overall,MIXED,15.9,ALL,rune,8304,魔法の靴,77,34,43,0.44155844155844154,0.17906976744186046,430,15
overall,MIXED,14.19,ALL,rune,8138,UNKNOWN(8138),77,33,44,0.42857142857142855,0.18333333333333332,420,15
overall,MIXED,16.12,ALL,rune,9103,レジェンド: 血脈,77,31,46,0.4025974025974026,0.08651685393258426,890,15
overall,MIXED,15.9,ALL,rune,8299,背水の陣,76,48,28,0.631578947368421,0.17674418604651163,430,15
overall,MIXED,16.16,TOP,rune,8226,マナフローバンド,76,46,30,0.6052631578947368,0.11411411411411411,666,15
overall,MIXED,16.3,BOTTOM,rune,8017,切り崩し,76,46,30,0.6052631578947368,0.4318181818181818,176,15
overall,MIXED,16.9,UTILITY,rune,8226,マナフローバンド,76,45,31,0.5921052631578947,0.4810126582278481,158,15
overall,MIXED,15.16,TOP,shard,5005,UNKNOWN(5005),76,42,34,0.5526315789473685,0.7037037037037037,108,15
overall,MIXED,15.3,ALL,rune,8345,ビスケットデリバリー,76,42,34,0.5526315789473685,0.18536585365853658,410,15
overall,MIXED,16.8,ALL,rune,8242,気迫,76,42,34,0.5526315789473685,0.10857142857142857,700,15
overall,MIXED,15.3,JUNGLE,shard,5008,UNKNOWN(5008),76,41,35,0.5394736842105263,0.926829268292683,82,15
overall,MIXED,16.2,TOP,rune,8299,背水の陣,76,41,35,0.5394736842105263,0.5352112676056338,142,15
overall,MIXED,16.10,ALL,keystone,8437,不死者の握撃,76,40,36,0.5263157894736842,0.06846846846846846,1110,15
overall,MIXED,16.16,MIDDLE,rune,9111,凱旋,76,40,36,0.5263157894736842,0.11411411411411411,666,15
overall,MIXED,15.22,ALL,keystone,8229,秘儀の彗星,76,40,36,0.5263157894736842,0.11515151515151516,660,15
overall,MIXED,15.13,JUNGLE,rune,8347,宇宙の英知,76,39,37,0.5131578947368421,0.3958333333333333,192,15
overall,MIXED,16.1,JUNGLE,rune,8347,宇宙の英知,76,39,37,0.5131578947368421,0.4935064935064935,154,15
overall,MIXED,14.20,UTILITY,shard,5001,UNKNOWN(5001),76,38,38,0.5,0.8260869565217391,92,15
overall,MIXED,16.17,ALL,keystone,8465,ガーディアン,76,38,38,0.5,0.01507936507936508,5040,15
overall,MIXED,16.17,UTILITY,keystone,8465,ガーディアン,76,38,38,0.5,0.07539682539682539,1008,15
overall,MIXED,14.19,MIDDLE,shard,5001,UNKNOWN(5001),76,37,39,0.4868421052631579,0.9047619047619048,84,15
overall,MIXED,15.11,ALL,rune,8140,グリスリー メメント,76,37,39,0.4868421052631579,0.14339622641509434,530,15
overall,MIXED,16.1,ALL,keystone,8112,電撃,76,37,39,0.4868421052631579,0.0987012987012987,770,15
overall,MIXED,16.8,BOTTOM,rune,8009,冷静沈着,76,36,40,0.47368421052631576,0.5428571428571428,140,15
overall,MIXED,16.15,MIDDLE,rune,8401,シールドバッシュ,76,35,41,0.4605263157894737,0.09200968523002422,826,15
overall,MIXED,16.3,UTILITY,rune,8226,マナフローバンド,76,35,41,0.4605263157894737,0.4318181818181818,176,15
overall,MIXED,16.10,UTILITY,rune,8347,宇宙の英知,76,35,41,0.4605263157894737,0.34234234234234234,222,15
overall,MIXED,16.17,BOTTOM,rune,8237,追火,76,35,41,0.4605263157894737,0.07539682539682539,1008,15
overall,MIXED,15.18,ALL,shard,5007,UNKNOWN(5007),76,34,42,0.4473684210526316,0.11692307692307692,650,15
overall,MIXED,16.12,UTILITY,rune,8210,至高,76,34,42,0.4473684210526316,0.42696629213483145,178,15
overall,MIXED,16.17,MIDDLE,keystone,8010,征服者,76,30,46,0.39473684210526316,0.07539682539682539,1008,15
overall,MIXED,16.17,MIDDLE,rune,8275,ニンバスクローク,76,28,48,0.3684210526315789,0.07539682539682539,1008,15
overall,MIXED,16.16,TOP,rune,8237,追火,75,48,27,0.64,0.11261261261261261,666,15
overall,MIXED,16.9,UTILITY,rune,8210,至高,75,45,30,0.6,0.47468354430379744,158,15
overall,MIXED,16.17,JUNGLE,rune,8451,超成長,75,45,30,0.6,0.0744047619047619,1008,15
overall,MIXED,16.3,UTILITY,shard,5007,UNKNOWN(5007),75,43,32,0.5733333333333334,0.42613636363636365,176,15
overall,MIXED,16.9,ALL,keystone,8229,秘儀の彗星,75,42,33,0.56,0.0949367088607595,790,15
overall,MIXED,16.6,JUNGLE,rune,8304,魔法の靴,75,42,33,0.56,0.4934210526315789,152,15
overall,MIXED,15.17,ALL,rune,8143,サドンインパクト,75,40,35,0.5333333333333333,0.09259259259259259,810,15
overall,MIXED,16.10,ALL,rune,8463,生命の泉,75,40,35,0.5333333333333333,0.06756756756756757,1110,15
overall,MIXED,16.10,ALL,rune,8234,追い風,75,40,35,0.5333333333333333,0.06756756756756757,1110,15
overall,MIXED,15.13,UTILITY,shard,5007,UNKNOWN(5007),75,39,36,0.52,0.390625,192,15
overall,MIXED,15.15,JUNGLE,shard,5008,UNKNOWN(5008),75,39,36,0.52,0.9146341463414634,82,15
overall,MIXED,15.17,ALL,keystone,8439,アフターショック,75,39,36,0.52,0.09259259259259259,810,15
overall,MIXED,15.17,BOTTOM,keystone,8008,リーサルテンポ,75,39,36,0.52,0.46296296296296297,162,15
overall,MIXED,15.13,ALL,rune,8126,追い打ち,75,39,36,0.52,0.078125,960,15
overall,MIXED,15.15,MIDDLE,shard,5001,UNKNOWN(5001),75,38,37,0.5066666666666667,0.9146341463414634,82,15
overall,MIXED,16.16,MIDDLE,shard,5007,UNKNOWN(5007),75,38,37,0.5066666666666667,0.11261261261261261,666,15
overall,MIXED,14.22,ALL,rune,9104,レジェンド: 迅速,75,38,37,0.5066666666666667,0.25862068965517243,290,15
overall,MIXED,14.24,ALL,rune,9111,凱旋,75,38,37,0.5066666666666667,0.3,250,15
overall,MIXED,15.14,BOTTOM,shard,5005,UNKNOWN(5005),75,37,38,0.49333333333333335,0.8152173913043478,92,15
overall,MIXED,15.21,UTILITY,shard,5008,UNKNOWN(5008),75,37,38,0.49333333333333335,0.635593220338983,118,15
overall,MIXED,15.12,ALL,rune,9105,レジェンド: ヘイスト,75,37,38,0.49333333333333335,0.14705882352941177,510,15
overall,MIXED,16.4,BOTTOM,rune,8009,冷静沈着,75,37,38,0.49333333333333335,0.7075471698113207,106,15
overall,MIXED,16.6,TOP,rune,9111,凱旋,75,37,38,0.49333333333333335,0.4934210526315789,152,15
overall,MIXED,16.9,TOP,rune,9111,凱旋,75,37,38,0.49333333333333335,0.47468354430379744,158,15
overall,MIXED,15.13,UTILITY,rune,8210,至高,75,36,39,0.48,0.390625,192,15
overall,MIXED,16.16,MIDDLE,rune,8139,血の味わい,75,36,39,0.48,0.11261261261261261,666,15
overall,MIXED,15.17,TOP,rune,9111,凱旋,75,35,40,0.4666666666666667,0.46296296296296297,162,15
overall,MIXED,15.20,JUNGLE,rune,8014,最期の慈悲,75,35,40,0.4666666666666667,0.5681818181818182,132,15
overall,MIXED,16.6,JUNGLE,rune,8014,最期の慈悲,75,35,40,0.4666666666666667,0.4934210526315789,152,15
overall,MIXED,15.10,BOTTOM,rune,8345,ビスケットデリバリー,75,34,41,0.4533333333333333,0.5434782608695652,138,15
overall,MIXED,15.7,JUNGLE,rune,9111,凱旋,75,34,41,0.4533333333333333,0.8152173913043478,92,15
overall,MIXED,16.16,BOTTOM,rune,8347,宇宙の英知,75,34,41,0.4533333333333333,0.11261261261261261,666,15
overall,MIXED,16.12,JUNGLE,rune,8014,最期の慈悲,75,34,41,0.4533333333333333,0.42134831460674155,178,15
overall,MIXED,16.1,BOTTOM,rune,8017,切り崩し,75,32,43,0.4266666666666667,0.487012987012987,154,15
overall,MIXED,15.18,ALL,rune,8017,切り崩し,75,31,44,0.41333333333333333,0.11538461538461539,650,15
overall,MIXED,15.22,ALL,rune,8017,切り崩し,75,30,45,0.4,0.11363636363636363,660,15
overall,MIXED,16.16,TOP,rune,8453,生気付与,75,29,46,0.38666666666666666,0.11261261261261261,666,15
overall,MIXED,16.14,ALL,shard,5013,UNKNOWN(5013),74,43,31,0.581081081081081,0.021264367816091954,3480,15
overall,MIXED,16.18,ALL,rune,8410,疾駆,74,43,31,0.581081081081081,0.04404761904761905,1680,15
overall,MIXED,16.16,TOP,rune,8304,魔法の靴,74,43,31,0.581081081081081,0.1111111111111111,666,15
overall,MIXED,16.13,TOP,rune,8345,ビスケットデリバリー,74,42,32,0.5675675675675675,0.11246200607902736,658,15
overall,MIXED,16.10,ALL,rune,8446,打ちこわし,74,42,32,0.5675675675675675,0.06666666666666667,1110,15
overall,MIXED,15.24,UTILITY,keystone,8229,秘儀の彗星,74,42,32,0.5675675675675675,0.21637426900584794,342,15
overall,MIXED,16.14,MIDDLE,rune,8401,シールドバッシュ,74,41,33,0.5540540540540541,0.10632183908045977,696,15
overall,MIXED,15.22,MIDDLE,rune,8226,マナフローバンド,74,41,33,0.5540540540540541,0.5606060606060606,132,15
overall,MIXED,16.15,MIDDLE,rune,9111,凱旋,74,41,33,0.5540540540540541,0.08958837772397095,826,15
overall,MIXED,15.16,ALL,rune,8140,グリスリー メメント,74,40,34,0.5405405405405406,0.13703703703703704,540,15
overall,MIXED,14.19,ALL,rune,9105,レジェンド: ヘイスト,74,40,34,0.5405405405405406,0.1761904761904762,420,15
overall,MIXED,15.9,ALL,rune,9105,レジェンド: ヘイスト,74,40,34,0.5405405405405406,0.17209302325581396,430,15
overall,MIXED,15.22,BOTTOM,rune,9103,レジェンド: 血脈,74,40,34,0.5405405405405406,0.5606060606060606,132,15
overall,MIXED,15.23,ALL,rune,8106,至極の賞金首狩り,74,40,34,0.5405405405405406,0.12758620689655173,580,15
overall,MIXED,16.14,BOTTOM,rune,8234,追い風,74,40,34,0.5405405405405406,0.10632183908045977,696,15
overall,MIXED,16.2,JUNGLE,rune,8304,魔法の靴,74,40,34,0.5405405405405406,0.5211267605633803,142,15
overall,MIXED,15.9,MIDDLE,shard,5001,UNKNOWN(5001),74,39,35,0.527027027027027,0.8604651162790697,86,15
overall,MIXED,15.11,UTILITY,shard,5008,UNKNOWN(5008),74,39,35,0.527027027027027,0.6981132075471698,106,15
overall,MIXED,15.6,ALL,shard,5008,UNKNOWN(5008),74,39,35,0.527027027027027,0.925,80,15
overall,MIXED,16.8,TOP,rune,8299,背水の陣,74,39,35,0.527027027027027,0.5285714285714286,140,15
overall,MIXED,16.17,TOP,rune,8236,強まる嵐,74,38,36,0.5135135135135135,0.07341269841269842,1008,15
overall,MIXED,14.19,BOTTOM,shard,5001,UNKNOWN(5001),74,37,37,0.5,0.8809523809523809,84,15
overall,MIXED,15.21,TOP,shard,5005,UNKNOWN(5005),74,37,37,0.5,0.6271186440677966,118,15
overall,MIXED,15.21,ALL,rune,8140,グリスリー メメント,74,37,37,0.5,0.12542372881355932,590,15
overall,MIXED,16.2,JUNGLE,rune,9104,レジェンド: 迅速,74,37,37,0.5,0.5211267605633803,142,15
overall,MIXED,16.15,TOP,rune,8304,魔法の靴,74,37,37,0.5,0.08958837772397095,826,15
overall,MIXED,15.9,TOP,shard,5001,UNKNOWN(5001),74,36,38,0.4864864864864865,0.8604651162790697,86,15
overall,MIXED,16.1,BOTTOM,keystone,8008,リーサルテンポ,74,36,38,0.4864864864864865,0.4805194805194805,154,15
overall,MIXED,15.10,ALL,rune,9103,レジェンド: 血脈,74,36,38,0.4864864864864865,0.1072463768115942,690,15
overall,MIXED,15.20,JUNGLE,rune,8304,魔法の靴,74,36,38,0.4864864864864865,0.5606060606060606,132,15
overall,MIXED,15.18,BOTTOM,rune,8345,ビスケットデリバリー,74,35,39,0.47297297297297297,0.5692307692307692,130,15
overall,MIXED,15.12,BOTTOM,rune,8009,冷静沈着,74,35,39,0.47297297297297297,0.7326732673267327,101,15
overall,MIXED,16.5,ALL,keystone,8112,電撃,74,35,39,0.47297297297297297,0.09135802469135802,810,15
overall,MIXED,16.8,JUNGLE,rune,8304,魔法の靴,74,35,39,0.47297297297297297,0.5285714285714286,140,15
overall,MIXED,16.13,TOP,shard,5011,UNKNOWN(5011),74,34,40,0.4594594594594595,0.11246200607902736,658,15
overall,MIXED,15.20,ALL,rune,9103,レジェンド: 血脈,74,34,40,0.4594594594594595,0.11212121212121212,660,15
overall,MIXED,16.8,ALL,rune,8236,強まる嵐,74,34,40,0.4594594594594595,0.10571428571428572,700,15
overall,MIXED,15.20,ALL,rune,8242,気迫,74,34,40,0.4594594594594595,0.11212121212121212,660,15
overall,MIXED,16.14,MIDDLE,rune,8304,魔法の靴,74,33,41,0.44594594594594594,0.10632183908045977,696,15
overall,MIXED,15.10,ALL,keystone,8112,電撃,74,32,42,0.43243243243243246,0.1072463768115942,690,15
overall,MIXED,16.18,ALL,rune,8429,心身調整,74,31,43,0.4189189189189189,0.04404761904761905,1680,15
overall,MIXED,14.20,ALL,rune,8237,追火,74,31,43,0.4189189189189189,0.1608695652173913,460,15
overall,MIXED,15.9,ALL,rune,8009,冷静沈着,74,29,45,0.3918918918918919,0.17209302325581396,430,15
overall,MIXED,16.12,MIDDLE,shard,5005,UNKNOWN(5005),74,25,49,0.33783783783783783,0.4157303370786517,178,15
overall,MIXED,15.8,TOP,rune,9111,凱旋,73,43,30,0.589041095890411,0.5615384615384615,130,15
overall,MIXED,16.3,UTILITY,rune,8347,宇宙の英知,73,42,31,0.5753424657534246,0.4147727272727273,176,15
overall,MIXED,16.15,MIDDLE,keystone,8010,征服者,73,41,32,0.5616438356164384,0.08837772397094432,826,15
overall,MIXED,16.15,BOTTOM,shard,5007,UNKNOWN(5007),73,40,33,0.547945205479452,0.08837772397094432,826,15
overall,MIXED,16.12,BOTTOM,rune,8345,ビスケットデリバリー,73,40,33,0.547945205479452,0.4124293785310734,177,15
overall,MIXED,15.20,TOP,rune,8299,背水の陣,73,40,33,0.547945205479452,0.553030303030303,132,15
overall,MIXED,16.12,TOP,rune,8451,超成長,73,40,33,0.547945205479452,0.4101123595505618,178,15
overall,MIXED,15.24,ALL,keystone,8128,魂の収穫,73,40,33,0.547945205479452,0.04269005847953217,1710,15
overall,MIXED,15.17,BOTTOM,rune,8304,魔法の靴,73,40,33,0.547945205479452,0.4506172839506173,162,15
overall,MIXED,15.7,TOP,shard,5008,UNKNOWN(5008),73,39,34,0.5342465753424658,0.7934782608695652,92,15
overall,MIXED,15.9,ALL,shard,5011,UNKNOWN(5011),73,39,34,0.5342465753424658,0.1697674418604651,430,15
overall,MIXED,16.8,ALL,rune,8321,キャッシュバック,73,39,34,0.5342465753424658,0.10428571428571429,700,15
overall,MIXED,16.10,MIDDLE,rune,8140,グリスリー メメント,73,38,35,0.5205479452054794,0.32882882882882886,222,15
overall,MIXED,15.3,ALL,rune,9105,レジェンド: ヘイスト,73,38,35,0.5205479452054794,0.17804878048780487,410,15
overall,MIXED,16.11,ALL,keystone,8437,不死者の握撃,73,38,35,0.5205479452054794,0.06186440677966102,1180,15
overall,MIXED,16.13,ALL,keystone,8230,嵐乗りの勇躍,73,38,35,0.5205479452054794,0.022188449848024316,3290,15
overall,MIXED,15.13,ALL,rune,8401,シールドバッシュ,73,37,36,0.5068493150684932,0.07604166666666666,960,15
overall,MIXED,15.23,MIDDLE,rune,8226,マナフローバンド,73,37,36,0.5068493150684932,0.6293103448275862,116,15
overall,MIXED,16.7,UTILITY,rune,8226,マナフローバンド,73,37,36,0.5068493150684932,0.474025974025974,154,15
overall,MIXED,15.14,JUNGLE,rune,9111,凱旋,73,37,36,0.5068493150684932,0.7934782608695652,92,15
overall,MIXED,15.17,BOTTOM,rune,8014,最期の慈悲,73,37,36,0.5068493150684932,0.4506172839506173,162,15
overall,MIXED,15.13,UTILITY,rune,8226,マナフローバンド,73,36,37,0.4931506849315068,0.3802083333333333,192,15
overall,MIXED,15.22,JUNGLE,rune,8347,宇宙の英知,73,36,37,0.4931506849315068,0.553030303030303,132,15
overall,MIXED,16.5,JUNGLE,rune,8304,魔法の靴,73,36,37,0.4931506849315068,0.4506172839506173,162,15
overall,MIXED,15.9,UTILITY,shard,5001,UNKNOWN(5001),73,35,38,0.4794520547945205,0.8488372093023255,86,15
overall,MIXED,15.10,ALL,rune,8143,サドンインパクト,73,35,38,0.4794520547945205,0.10579710144927536,690,15
overall,MIXED,15.11,ALL,keystone,8008,リーサルテンポ,73,35,38,0.4794520547945205,0.13773584905660377,530,15
overall,MIXED,14.24,ALL,rune,9104,レジェンド: 迅速,73,35,38,0.4794520547945205,0.292,250,15
overall,MIXED,14.20,TOP,shard,5008,UNKNOWN(5008),73,34,39,0.4657534246575342,0.7934782608695652,92,15
overall,MIXED,16.16,MIDDLE,rune,8014,最期の慈悲,73,34,39,0.4657534246575342,0.10960960960960961,666,15
overall,MIXED,15.20,BOTTOM,shard,5001,UNKNOWN(5001),73,33,40,0.4520547945205479,0.553030303030303,132,15
overall,MIXED,15.16,JUNGLE,shard,5005,UNKNOWN(5005),73,33,40,0.4520547945205479,0.6759259259259259,108,15
overall,MIXED,15.14,TOP,shard,5008,UNKNOWN(5008),73,33,40,0.4520547945205479,0.7934782608695652,92,15
overall,MIXED,15.18,ALL,rune,8140,グリスリー メメント,73,33,40,0.4520547945205479,0.1123076923076923,650,15
overall,MIXED,16.3,UTILITY,rune,8210,至高,73,31,42,0.4246575342465753,0.4147727272727273,176,15
overall,MIXED,16.5,BOTTOM,rune,8321,キャッシュバック,73,30,43,0.410958904109589,0.4506172839506173,162,15
overall,MIXED,15.19,MIDDLE,keystone,8112,電撃,72,42,30,0.5833333333333334,0.3130434782608696,230,15
overall,MIXED,15.22,BOTTOM,shard,5001,UNKNOWN(5001),72,40,32,0.5555555555555556,0.5454545454545454,132,15
overall,MIXED,16.16,MIDDLE,rune,9101,体力吸収,72,40,32,0.5555555555555556,0.10810810810810811,666,15
overall,MIXED,15.17,ALL,keystone,8112,電撃,72,40,32,0.5555555555555556,0.08888888888888889,810,15
overall,MIXED,15.23,JUNGLE,shard,5005,UNKNOWN(5005),72,39,33,0.5416666666666666,0.6206896551724138,116,15
overall,MIXED,15.16,ALL,rune,8236,強まる嵐,72,39,33,0.5416666666666666,0.13333333333333333,540,15
overall,MIXED,15.18,JUNGLE,rune,8304,魔法の靴,72,39,33,0.5416666666666666,0.5538461538461539,130,15
overall,MIXED,15.20,TOP,rune,9111,凱旋,72,38,34,0.5277777777777778,0.5454545454545454,132,15
overall,MIXED,16.15,MIDDLE,rune,8105,執拗な賞金首狩り,72,37,35,0.5138888888888888,0.08716707021791767,826,15
overall,MIXED,16.8,JUNGLE,rune,8014,最期の慈悲,72,37,35,0.5138888888888888,0.5142857142857142,140,15
overall,MIXED,16.11,ALL,rune,8453,生気付与,72,37,35,0.5138888888888888,0.061016949152542375,1180,15
overall,MIXED,15.24,MIDDLE,rune,8139,血の味わい,72,37,35,0.5138888888888888,0.21052631578947367,342,15
overall,MIXED,14.19,UTILITY,shard,5001,UNKNOWN(5001),72,36,36,0.5,0.8571428571428571,84,15
overall,MIXED,15.7,ALL,keystone,8008,リーサルテンポ,72,36,36,0.5,0.1565217391304348,460,15
overall,MIXED,16.16,UTILITY,rune,9105,レジェンド: ヘイスト,72,36,36,0.5,0.10810810810810811,666,15
overall,MIXED,16.16,JUNGLE,rune,8234,追い風,72,36,36,0.5,0.10810810810810811,666,15
overall,MIXED,16.18,BOTTOM,rune,8313,トリプル トニック,72,35,37,0.4861111111111111,0.21428571428571427,336,15
overall,MIXED,15.11,ALL,rune,9103,レジェンド: 血脈,72,35,37,0.4861111111111111,0.13584905660377358,530,15
overall,MIXED,16.16,UTILITY,rune,9111,凱旋,72,35,37,0.4861111111111111,0.10810810810810811,666,15
overall,MIXED,15.20,MIDDLE,rune,8210,至高,72,35,37,0.4861111111111111,0.549618320610687,131,15
overall,MIXED,15.13,BOTTOM,rune,8304,魔法の靴,72,35,37,0.4861111111111111,0.375,192,15
overall,MIXED,16.16,MIDDLE,rune,8304,魔法の靴,72,35,37,0.4861111111111111,0.10810810810810811,666,15
overall,MIXED,15.23,ALL,rune,8140,グリスリー メメント,72,34,38,0.4722222222222222,0.12413793103448276,580,15
overall,MIXED,16.16,BOTTOM,keystone,8005,プレスアタック,72,34,38,0.4722222222222222,0.10810810810810811,666,15
overall,MIXED,16.1,MIDDLE,shard,5005,UNKNOWN(5005),72,33,39,0.4583333333333333,0.4675324675324675,154,15
overall,MIXED,16.8,ALL,rune,8143,サドンインパクト,72,33,39,0.4583333333333333,0.10285714285714286,700,15
overall,MIXED,16.6,BOTTOM,rune,8345,ビスケットデリバリー,72,33,39,0.4583333333333333,0.47368421052631576,152,15
overall,MIXED,15.11,ALL,rune,9105,レジェンド: ヘイスト,72,33,39,0.4583333333333333,0.13584905660377358,530,15
overall,MIXED,16.11,BOTTOM,rune,9104,レジェンド: 迅速,72,33,39,0.4583333333333333,0.3050847457627119,236,15
overall,MIXED,15.19,ALL,keystone,8005,プレスアタック,72,32,40,0.4444444444444444,0.06260869565217392,1150,15
overall,MIXED,16.17,UTILITY,rune,8009,冷静沈着,72,31,41,0.4305555555555556,0.07142857142857142,1008,15
overall,MIXED,16.12,ALL,keystone,8439,アフターショック,71,43,28,0.6056338028169014,0.07977528089887641,890,15
overall,MIXED,16.12,ALL,rune,8234,追い風,71,42,29,0.5915492957746479,0.07977528089887641,890,15
overall,MIXED,14.19,ALL,rune,8237,追火,71,42,29,0.5915492957746479,0.16904761904761906,420,15
overall,MIXED,16.3,BOTTOM,rune,8321,キャッシュバック,71,41,30,0.5774647887323944,0.4034090909090909,176,15
overall,MIXED,15.14,ALL,rune,9105,レジェンド: ヘイスト,71,40,31,0.5633802816901409,0.15434782608695652,460,15
overall,MIXED,15.23,ALL,rune,9103,レジェンド: 血脈,71,40,31,0.5633802816901409,0.12241379310344827,580,15
overall,MIXED,16.9,BOTTOM,shard,5001,UNKNOWN(5001),71,39,32,0.5492957746478874,0.44936708860759494,158,15
overall,MIXED,16.14,MIDDLE,rune,9111,凱旋,71,39,32,0.5492957746478874,0.10201149425287356,696,15
overall,MIXED,16.11,BOTTOM,rune,8236,強まる嵐,71,39,32,0.5492957746478874,0.3008474576271186,236,15
overall,MIXED,16.5,UTILITY,rune,8210,至高,71,39,32,0.5492957746478874,0.4382716049382716,162,15
overall,MIXED,15.24,BOTTOM,keystone,8021,フリートフットワーク,71,38,33,0.5352112676056338,0.20821114369501467,341,15
overall,MIXED,15.20,JUNGLE,rune,9104,レジェンド: 迅速,71,38,33,0.5352112676056338,0.5378787878787878,132,15
overall,MIXED,16.2,UTILITY,rune,8347,宇宙の英知,71,38,33,0.5352112676056338,0.5,142,15
overall,MIXED,16.10,UTILITY,rune,8463,生命の泉,71,38,33,0.5352112676056338,0.31981981981981983,222,15
overall,MIXED,15.24,MIDDLE,rune,8451,超成長,71,38,33,0.5352112676056338,0.20760233918128654,342,15
overall,MIXED,16.5,UTILITY,rune,8226,マナフローバンド,71,37,34,0.5211267605633803,0.4382716049382716,162,15
overall,MIXED,15.21,TOP,rune,8299,背水の陣,71,37,34,0.5211267605633803,0.6016949152542372,118,15
overall,MIXED,16.2,BOTTOM,rune,8017,切り崩し,71,36,35,0.5070422535211268,0.5,142,15
overall,MIXED,16.8,JUNGLE,rune,8347,宇宙の英知,71,36,35,0.5070422535211268,0.5071428571428571,140,15
overall,MIXED,16.5,JUNGLE,keystone,8010,征服者,71,36,35,0.5070422535211268,0.4382716049382716,162,15
overall,MIXED,15.20,ALL,keystone,8229,秘儀の彗星,71,36,35,0.5070422535211268,0.10757575757575757,660,15
overall,MIXED,16.14,ALL,keystone,8128,魂の収穫,71,36,35,0.5070422535211268,0.020402298850574714,3480,15
overall,MIXED,15.21,ALL,rune,9103,レジェンド: 血脈,71,35,36,0.49295774647887325,0.12033898305084746,590,15
overall,MIXED,16.16,UTILITY,rune,8009,冷静沈着,71,35,36,0.49295774647887325,0.1066066066066066,666,15
overall,MIXED,16.11,ALL,rune,8463,生命の泉,71,35,36,0.49295774647887325,0.06016949152542373,1180,15
overall,MIXED,16.10,MIDDLE,keystone,8112,電撃,71,35,36,0.49295774647887325,0.31981981981981983,222,15
overall,MIXED,14.20,BOTTOM,shard,5001,UNKNOWN(5001),71,34,37,0.4788732394366197,0.7717391304347826,92,15
overall,MIXED,15.15,BOTTOM,shard,5005,UNKNOWN(5005),71,34,37,0.4788732394366197,0.8658536585365854,82,15
overall,MIXED,16.17,TOP,shard,5007,UNKNOWN(5007),71,34,37,0.4788732394366197,0.07043650793650794,1008,15
overall,MIXED,15.8,JUNGLE,rune,9104,レジェンド: 迅速,71,34,37,0.4788732394366197,0.5461538461538461,130,15
overall,MIXED,15.17,BOTTOM,rune,8017,切り崩し,71,34,37,0.4788732394366197,0.4382716049382716,162,15
overall,MIXED,16.11,ALL,rune,8446,打ちこわし,71,34,37,0.4788732394366197,0.06016949152542373,1180,15
overall,MIXED,15.22,MIDDLE,shard,5005,UNKNOWN(5005),71,33,38,0.4647887323943662,0.5378787878787878,132,15
overall,MIXED,16.7,MIDDLE,shard,5005,UNKNOWN(5005),71,33,38,0.4647887323943662,0.461038961038961,154,15
overall,MIXED,16.18,ALL,keystone,8369,ファーストストライク,71,33,38,0.4647887323943662,0.042261904761904764,1680,15
overall,MIXED,16.14,MIDDLE,rune,8345,ビスケットデリバリー,71,32,39,0.4507042253521127,0.10201149425287356,696,15
overall,MIXED,16.7,BOTTOM,rune,9103,レジェンド: 血脈,71,32,39,0.4507042253521127,0.461038961038961,154,15
overall,MIXED,16.15,UTILITY,rune,8105,執拗な賞金首狩り,71,32,39,0.4507042253521127,0.08595641646489104,826,15
overall,MIXED,15.10,ALL,keystone,8229,秘儀の彗星,71,32,39,0.4507042253521127,0.10289855072463767,690,15
overall,MIXED,16.3,TOP,rune,9111,凱旋,71,31,40,0.43661971830985913,0.4034090909090909,176,15
overall,MIXED,15.4,ALL,rune,9104,レジェンド: 迅速,71,30,41,0.4225352112676056,0.26296296296296295,270,15
overall,MIXED,15.16,ALL,keystone,8229,秘儀の彗星,71,30,41,0.4225352112676056,0.13148148148148148,540,15
overall,MIXED,16.14,TOP,keystone,8992,死神の残り火,70,42,28,0.6,0.10057471264367816,696,15
overall,MIXED,16.18,ALL,rune,8224,アクシオム アルカニスト,70,41,29,0.5857142857142857,0.041666666666666664,1680,15
overall,MIXED,15.10,TOP,rune,8299,背水の陣,70,41,29,0.5857142857142857,0.5072463768115942,138,15
overall,MIXED,16.1,UTILITY,rune,8347,宇宙の英知,70,40,30,0.5714285714285714,0.45751633986928103,153,15
overall,MIXED,16.3,UTILITY,rune,8345,ビスケットデリバリー,70,39,31,0.5571428571428572,0.3977272727272727,176,15
overall,MIXED,16.9,BOTTOM,rune,8345,ビスケットデリバリー,70,39,31,0.5571428571428572,0.4430379746835443,158,15
overall,MIXED,15.10,MIDDLE,rune,8226,マナフローバンド,70,39,31,0.5571428571428572,0.5072463768115942,138,15
overall,MIXED,15.20,MIDDLE,rune,8226,マナフローバンド,70,39,31,0.5571428571428572,0.5343511450381679,131,15
overall,MIXED,16.16,ALL,rune,8232,水走り,70,38,32,0.5428571428571428,0.021021021021021023,3330,15
overall,MIXED,16.7,TOP,rune,8451,超成長,70,38,32,0.5428571428571428,0.45454545454545453,154,15
overall,MIXED,15.2,UTILITY,shard,5008,UNKNOWN(5008),70,37,33,0.5285714285714286,0.7608695652173914,92,15
overall,MIXED,16.18,JUNGLE,rune,8140,グリスリー メメント,70,37,33,0.5285714285714286,0.20833333333333334,336,15
overall,MIXED,14.22,ALL,rune,8226,マナフローバンド,70,36,34,0.5142857142857142,0.2413793103448276,290,15
overall,MIXED,16.1,MIDDLE,rune,8226,マナフローバンド,70,36,34,0.5142857142857142,0.45454545454545453,154,15
overall,MIXED,15.8,BOTTOM,rune,8236,強まる嵐,70,36,34,0.5142857142857142,0.5384615384615384,130,15
overall,MIXED,16.1,JUNGLE,keystone,8010,征服者,70,36,34,0.5142857142857142,0.45454545454545453,154,15
overall,MIXED,15.22,ALL,rune,8242,気迫,70,36,34,0.5142857142857142,0.10606060606060606,660,15
overall,MIXED,15.23,MIDDLE,rune,8210,至高,70,36,34,0.5142857142857142,0.603448275862069,116,15
overall,MIXED,16.3,TOP,rune,8451,超成長,70,36,34,0.5142857142857142,0.3977272727272727,176,15
overall,MIXED,15.8,JUNGLE,rune,8304,魔法の靴,70,36,34,0.5142857142857142,0.5384615384615384,130,15
overall,MIXED,15.15,UTILITY,shard,5001,UNKNOWN(5001),70,35,35,0.5,0.8536585365853658,82,15
overall,MIXED,16.13,UTILITY,rune,9105,レジェンド: ヘイスト,70,35,35,0.5,0.106544901065449,657,15
overall,MIXED,16.2,JUNGLE,rune,8347,宇宙の英知,70,35,35,0.5,0.49295774647887325,142,15
overall,MIXED,16.7,UTILITY,rune,8210,至高,70,35,35,0.5,0.45454545454545453,154,15
overall,MIXED,16.14,BOTTOM,rune,8233,英気集中,70,35,35,0.5,0.10057471264367816,696,15
overall,MIXED,14.19,ALL,rune,8451,超成長,70,35,35,0.5,0.16666666666666666,420,15
overall,MIXED,16.16,TOP,rune,8234,追い風,70,35,35,0.5,0.10510510510510511,666,15
overall,MIXED,15.3,BOTTOM,shard,5005,UNKNOWN(5005),70,34,36,0.4857142857142857,0.8536585365853658,82,15
overall,MIXED,16.13,UTILITY,shard,5005,UNKNOWN(5005),70,34,36,0.4857142857142857,0.106544901065449,657,15
overall,MIXED,15.22,BOTTOM,rune,8345,ビスケットデリバリー,70,34,36,0.4857142857142857,0.5303030303030303,132,15
overall,MIXED,16.14,TOP,rune,8345,ビスケットデリバリー,70,34,36,0.4857142857142857,0.10057471264367816,696,15
overall,MIXED,15.20,JUNGLE,rune,8347,宇宙の英知,70,34,36,0.4857142857142857,0.5303030303030303,132,15
overall,MIXED,15.18,MIDDLE,rune,8210,至高,70,34,36,0.4857142857142857,0.5384615384615384,130,15
overall,MIXED,16.11,UTILITY,keystone,8439,アフターショック,70,33,37,0.4714285714285714,0.2966101694915254,236,15
overall,MIXED,15.15,TOP,shard,5008,UNKNOWN(5008),70,32,38,0.45714285714285713,0.8536585365853658,82,15
overall,MIXED,15.17,UTILITY,rune,8345,ビスケットデリバリー,70,32,38,0.45714285714285713,0.43478260869565216,161,15
overall,MIXED,16.1,TOP,rune,9111,凱旋,70,31,39,0.44285714285714284,0.45454545454545453,154,15
overall,MIXED,15.9,BOTTOM,shard,5005,UNKNOWN(5005),70,30,40,0.42857142857142855,0.813953488372093,86,15
overall,MIXED,15.20,ALL,rune,8143,サドンインパクト,70,30,40,0.42857142857142855,0.10606060606060606,660,15
overall,MIXED,14.21,ALL,rune,9104,レジェンド: 迅速,70,29,41,0.4142857142857143,0.25,280,15
overall,MIXED,16.17,BOTTOM,rune,8234,追い風,69,44,25,0.6376811594202898,0.06845238095238096,1008,15
overall,MIXED,16.4,ALL,rune,8017,切り崩し,69,42,27,0.6086956521739131,0.13018867924528302,530,15
overall,MIXED,15.2,ALL,rune,8236,強まる嵐,69,41,28,0.5942028985507246,0.15,460,15
overall,MIXED,16.1,UTILITY,rune,8345,ビスケットデリバリー,69,40,29,0.5797101449275363,0.45098039215686275,153,15
overall,MIXED,15.20,BOTTOM,keystone,8008,リーサルテンポ,69,39,30,0.5652173913043478,0.5227272727272727,132,15
overall,MIXED,16.17,UTILITY,rune,8304,魔法の靴,69,39,30,0.5652173913043478,0.06845238095238096,1008,15
overall,MIXED,15.23,TOP,shard,5005,UNKNOWN(5005),69,38,31,0.5507246376811594,0.5948275862068966,116,15
overall,MIXED,16.16,MIDDLE,rune,8401,シールドバッシュ,69,38,31,0.5507246376811594,0.1036036036036036,666,15
overall,MIXED,16.14,MIDDLE,rune,9101,体力吸収,69,38,31,0.5507246376811594,0.09913793103448276,696,15
overall,MIXED,15.11,BOTTOM,rune,8009,冷静沈着,69,38,31,0.5507246376811594,0.6509433962264151,106,15
overall,MIXED,15.12,ALL,rune,8106,至極の賞金首狩り,69,38,31,0.5507246376811594,0.13529411764705881,510,15
overall,MIXED,16.10,ALL,rune,8135,貪欲な賞金首狩り,69,38,31,0.5507246376811594,0.062162162162162166,1110,15
overall,MIXED,15.12,UTILITY,shard,5008,UNKNOWN(5008),69,37,32,0.5362318840579711,0.6764705882352942,102,15
overall,MIXED,16.13,MIDDLE,rune,8345,ビスケットデリバリー,69,37,32,0.5362318840579711,0.10486322188449848,658,15
overall,MIXED,16.14,UTILITY,rune,9105,レジェンド: ヘイスト,69,37,32,0.5362318840579711,0.09913793103448276,696,15
overall,MIXED,15.21,ALL,rune,8017,切り崩し,69,37,32,0.5362318840579711,0.11694915254237288,590,15
overall,MIXED,15.19,TOP,rune,8444,息継ぎ,69,37,32,0.5362318840579711,0.30131004366812225,229,15
overall,MIXED,15.19,ALL,rune,8410,疾駆,69,37,32,0.5362318840579711,0.06,1150,15
overall,MIXED,15.8,ALL,keystone,8229,秘儀の彗星,69,37,32,0.5362318840579711,0.10615384615384615,650,15
overall,MIXED,14.20,BOTTOM,shard,5005,UNKNOWN(5005),69,36,33,0.5217391304347826,0.75,92,15
overall,MIXED,15.11,JUNGLE,rune,9104,レジェンド: 迅速,69,35,34,0.5072463768115942,0.6509433962264151,106,15
overall,MIXED,15.6,ALL,shard,5001,UNKNOWN(5001),69,34,35,0.4927536231884058,0.8625,80,15
overall,MIXED,15.9,TOP,shard,5008,UNKNOWN(5008),69,34,35,0.4927536231884058,0.8023255813953488,86,15
overall,MIXED,15.13,BOTTOM,shard,5011,UNKNOWN(5011),69,34,35,0.4927536231884058,0.359375,192,15
overall,MIXED,16.16,JUNGLE,keystone,8008,リーサルテンポ,69,34,35,0.4927536231884058,0.1036036036036036,666,15
overall,MIXED,16.9,BOTTOM,rune,9103,レジェンド: 血脈,69,34,35,0.4927536231884058,0.43670886075949367,158,15
overall,MIXED,15.13,UTILITY,rune,8242,気迫,69,34,35,0.4927536231884058,0.359375,192,15
overall,MIXED,15.24,ALL,keystone,8214,エアリー召喚,69,33,36,0.4782608695652174,0.04035087719298246,1710,15
overall,MIXED,15.8,MIDDLE,rune,8226,マナフローバンド,69,33,36,0.4782608695652174,0.5307692307692308,130,15
overall,MIXED,15.2,JUNGLE,rune,9111,凱旋,69,33,36,0.4782608695652174,0.75,92,15
overall,MIXED,15.22,ALL,rune,8143,サドンインパクト,69,32,37,0.463768115942029,0.10454545454545454,660,15
overall,MIXED,15.24,JUNGLE,rune,8143,サドンインパクト,69,32,37,0.463768115942029,0.20175438596491227,342,15
overall,MIXED,16.3,BOTTOM,rune,8345,ビスケットデリバリー,69,32,37,0.463768115942029,0.39204545454545453,176,15
overall,MIXED,16.13,TOP,rune,8009,冷静沈着,69,32,37,0.463768115942029,0.10486322188449848,658,15
overall,MIXED,15.2,BOTTOM,rune,8009,冷静沈着,69,31,38,0.4492753623188406,0.75,92,15
overall,MIXED,15.8,ALL,rune,8444,息継ぎ,69,31,38,0.4492753623188406,0.10615384615384615,650,15
overall,MIXED,16.9,MIDDLE,shard,5005,UNKNOWN(5005),69,30,39,0.43478260869565216,0.43670886075949367,158,15
overall,MIXED,16.5,JUNGLE,rune,8014,最期の慈悲,69,30,39,0.43478260869565216,0.42592592592592593,162,15
overall,MIXED,16.3,BOTTOM,shard,5001,UNKNOWN(5001),69,29,40,0.42028985507246375,0.39204545454545453,176,15
overall,MIXED,16.9,UTILITY,shard,5007,UNKNOWN(5007),69,29,40,0.42028985507246375,0.43670886075949367,158,15
overall,MIXED,15.13,TOP,rune,8473,ボーンアーマー,69,28,41,0.4057971014492754,0.359375,192,15
overall,MIXED,16.13,MIDDLE,rune,9111,凱旋,69,28,41,0.4057971014492754,0.10486322188449848,658,15
overall,MIXED,16.18,BOTTOM,rune,8226,マナフローバンド,69,26,43,0.37681159420289856,0.20535714285714285,336,15
overall,MIXED,15.24,MIDDLE,rune,8143,サドンインパクト,68,41,27,0.6029411764705882,0.19883040935672514,342,15
overall,MIXED,14.21,ALL,rune,8226,マナフローバンド,68,41,27,0.6029411764705882,0.24285714285714285,280,15
overall,MIXED,15.3,ALL,rune,8304,魔法の靴,68,41,27,0.6029411764705882,0.16585365853658537,410,15
overall,MIXED,16.14,TOP,shard,5010,UNKNOWN(5010),68,40,28,0.5882352941176471,0.09770114942528736,696,15
overall,MIXED,16.18,MIDDLE,rune,8451,超成長,68,40,28,0.5882352941176471,0.20238095238095238,336,15
overall,MIXED,15.7,ALL,rune,8140,グリスリー メメント,68,39,29,0.5735294117647058,0.14782608695652175,460,15
overall,MIXED,16.13,MIDDLE,rune,8304,魔法の靴,68,39,29,0.5735294117647058,0.1033434650455927,658,15
overall,MIXED,15.13,ALL,rune,8105,執拗な賞金首狩り,68,38,30,0.5588235294117647,0.07083333333333333,960,15
overall,MIXED,16.17,JUNGLE,keystone,8128,魂の収穫,68,38,30,0.5588235294117647,0.06746031746031746,1008,15
overall,MIXED,16.4,UTILITY,shard,5008,UNKNOWN(5008),68,37,31,0.5441176470588235,0.6415094339622641,106,15
overall,MIXED,16.14,JUNGLE,rune,8234,追い風,68,37,31,0.5441176470588235,0.09770114942528736,696,15
overall,MIXED,16.15,ALL,rune,8306,ヘクステックフラッシュネイター,68,36,32,0.5294117647058824,0.01646489104116223,4130,15
overall,MIXED,15.21,ALL,rune,8106,至極の賞金首狩り,68,36,32,0.5294117647058824,0.1152542372881356,590,15
overall,MIXED,14.21,ALL,rune,8210,至高,68,36,32,0.5294117647058824,0.24285714285714285,280,15
overall,MIXED,14.20,ALL,shard,5007,UNKNOWN(5007),68,35,33,0.5147058823529411,0.14782608695652175,460,15
overall,MIXED,16.4,ALL,rune,9103,レジェンド: 血脈,68,35,33,0.5147058823529411,0.12830188679245283,530,15
overall,MIXED,15.3,JUNGLE,rune,9111,凱旋,68,35,33,0.5147058823529411,0.8292682926829268,82,15
overall,MIXED,15.11,ALL,rune,8444,息継ぎ,68,35,33,0.5147058823529411,0.12830188679245283,530,15
overall,MIXED,16.12,UTILITY,rune,8345,ビスケットデリバリー,68,34,34,0.5,0.38202247191011235,178,15
overall,MIXED,15.7,ALL,rune,8451,超成長,68,34,34,0.5,0.14782608695652175,460,15
overall,MIXED,15.20,ALL,keystone,8112,電撃,68,34,34,0.5,0.10303030303030303,660,15
overall,MIXED,16.16,JUNGLE,keystone,8005,プレスアタック,68,33,35,0.4852941176470588,0.1021021021021021,666,15
overall,MIXED,16.6,UTILITY,rune,8226,マナフローバンド,68,33,35,0.4852941176470588,0.4503311258278146,151,15
overall,MIXED,16.5,BOTTOM,rune,8017,切り崩し,68,33,35,0.4852941176470588,0.41975308641975306,162,15
overall,MIXED,15.22,JUNGLE,rune,8014,最期の慈悲,68,33,35,0.4852941176470588,0.5151515151515151,132,15
overall,MIXED,16.6,ALL,keystone,8112,電撃,68,33,35,0.4852941176470588,0.08947368421052632,760,15
overall,MIXED,16.16,BOTTOM,keystone,8369,ファーストストライク,68,32,36,0.47058823529411764,0.1021021021021021,666,15
overall,MIXED,15.18,TOP,rune,9111,凱旋,68,32,36,0.47058823529411764,0.5230769230769231,130,15
overall,MIXED,15.16,UTILITY,shard,5008,UNKNOWN(5008),68,31,37,0.45588235294117646,0.6296296296296297,108,15
overall,MIXED,16.10,TOP,rune,9105,レジェンド: ヘイスト,68,31,37,0.45588235294117646,0.3063063063063063,222,15
overall,MIXED,15.17,BOTTOM,rune,9103,レジェンド: 血脈,68,31,37,0.45588235294117646,0.41975308641975306,162,15
overall,MIXED,16.16,UTILITY,rune,8014,最期の慈悲,68,30,38,0.4411764705882353,0.1021021021021021,666,15
overall,MIXED,15.11,MIDDLE,rune,8210,至高,68,30,38,0.4411764705882353,0.6415094339622641,106,15
overall,MIXED,16.13,MIDDLE,rune,8139,血の味わい,68,30,38,0.4411764705882353,0.1033434650455927,658,15
overall,MIXED,16.10,ALL,keystone,8214,エアリー召喚,68,28,40,0.4117647058823529,0.06126126126126126,1110,15
overall,MIXED,15.2,BOTTOM,shard,5005,UNKNOWN(5005),68,27,41,0.39705882352941174,0.7391304347826086,92,15
overall,MIXED,16.3,ALL,rune,8126,追い打ち,68,27,41,0.39705882352941174,0.07727272727272727,880,15
overall,MIXED,16.15,TOP,rune,9101,体力吸収,68,26,42,0.38235294117647056,0.08232445520581114,826,15
overall,MIXED,15.12,ALL,rune,8451,超成長,68,26,42,0.38235294117647056,0.13333333333333333,510,15
overall,MIXED,16.3,ALL,rune,8313,トリプル トニック,67,43,24,0.6417910447761194,0.07613636363636364,880,15
overall,MIXED,16.13,BOTTOM,keystone,8369,ファーストストライク,67,41,26,0.6119402985074627,0.10182370820668693,658,15
overall,MIXED,15.22,BOTTOM,rune,8014,最期の慈悲,67,39,28,0.582089552238806,0.5075757575757576,132,15
overall,MIXED,15.18,BOTTOM,shard,5001,UNKNOWN(5001),67,38,29,0.5671641791044776,0.5153846153846153,130,15
overall,MIXED,16.1,BOTTOM,shard,5001,UNKNOWN(5001),67,38,29,0.5671641791044776,0.43506493506493504,154,15
overall,MIXED,16.15,UTILITY,rune,8014,最期の慈悲,67,37,30,0.5522388059701493,0.0811138014527845,826,15
overall,MIXED,16.5,BOTTOM,shard,5001,UNKNOWN(5001),67,36,31,0.5373134328358209,0.41358024691358025,162,15
overall,MIXED,15.23,MIDDLE,shard,5005,UNKNOWN(5005),67,36,31,0.5373134328358209,0.5775862068965517,116,15
overall,MIXED,15.9,ALL,rune,8140,グリスリー メメント,67,36,31,0.5373134328358209,0.1558139534883721,430,15
overall,MIXED,16.6,JUNGLE,rune,8347,宇宙の英知,67,36,31,0.5373134328358209,0.4407894736842105,152,15
overall,MIXED,16.7,UTILITY,rune,8347,宇宙の英知,67,36,31,0.5373134328358209,0.43506493506493504,154,15
overall,MIXED,16.13,TOP,rune,8236,強まる嵐,67,36,31,0.5373134328358209,0.10182370820668693,658,15
overall,MIXED,16.10,UTILITY,shard,5011,UNKNOWN(5011),67,35,32,0.5223880597014925,0.30180180180180183,222,15
overall,MIXED,16.18,TOP,shard,5011,UNKNOWN(5011),67,35,32,0.5223880597014925,0.19940476190476192,336,15
overall,MIXED,14.20,ALL,rune,9103,レジェンド: 血脈,67,35,32,0.5223880597014925,0.14565217391304347,460,15
overall,MIXED,16.2,ALL,rune,9103,レジェンド: 血脈,67,35,32,0.5223880597014925,0.09436619718309859,710,15
overall,MIXED,16.12,BOTTOM,rune,8236,強まる嵐,67,35,32,0.5223880597014925,0.3785310734463277,177,15
overall,MIXED,16.17,MIDDLE,rune,8242,気迫,67,35,32,0.5223880597014925,0.06646825396825397,1008,15
overall,MIXED,16.7,ALL,rune,8143,サドンインパクト,67,34,33,0.5074626865671642,0.08701298701298701,770,15
overall,MIXED,16.13,MIDDLE,rune,8014,最期の慈悲,67,34,33,0.5074626865671642,0.10182370820668693,658,15
overall,MIXED,15.14,ALL,rune,8106,至極の賞金首狩り,67,34,33,0.5074626865671642,0.14565217391304347,460,15
overall,MIXED,16.1,JUNGLE,rune,8014,最期の慈悲,67,33,34,0.4925373134328358,0.43506493506493504,154,15
overall,MIXED,15.22,ALL,keystone,8112,電撃,67,33,34,0.4925373134328358,0.10151515151515152,660,15
overall,MIXED,15.3,TOP,shard,5001,UNKNOWN(5001),67,32,35,0.47761194029850745,0.8170731707317073,82,15
overall,MIXED,14.23,ALL,rune,9111,凱旋,67,32,35,0.47761194029850745,0.319047619047619,210,15
overall,MIXED,14.19,ALL,rune,8106,至極の賞金首狩り,67,32,35,0.47761194029850745,0.1595238095238095,420,15
overall,MIXED,15.13,MIDDLE,rune,8140,グリスリー メメント,67,31,36,0.4626865671641791,0.3507853403141361,191,15
overall,MIXED,15.14,ALL,shard,5011,UNKNOWN(5011),67,30,37,0.44776119402985076,0.14565217391304347,460,15
overall,MIXED,16.6,BOTTOM,keystone,8008,リーサルテンポ,67,30,37,0.44776119402985076,0.4407894736842105,152,15
overall,MIXED,15.24,BOTTOM,rune,8233,英気集中,67,30,37,0.44776119402985076,0.19648093841642228,341,15
overall,MIXED,16.9,ALL,keystone,8112,電撃,67,30,37,0.44776119402985076,0.08481012658227848,790,15
overall,MIXED,16.16,TOP,keystone,8008,リーサルテンポ,67,29,38,0.43283582089552236,0.1006006006006006,666,15
overall,MIXED,16.8,UTILITY,rune,8210,至高,67,29,38,0.43283582089552236,0.4785714285714286,140,15
overall,MIXED,15.23,ALL,rune,8236,強まる嵐,67,28,39,0.417910447761194,0.11551724137931034,580,15
overall,MIXED,16.18,ALL,rune,8233,英気集中,66,46,20,0.696969696969697,0.039285714285714285,1680,15
overall,MIXED,15.13,TOP,keystone,8437,不死者の握撃,66,43,23,0.6515151515151515,0.34375,192,15
overall,MIXED,16.14,JUNGLE,keystone,9923,ヘイルブレード,66,42,24,0.6363636363636364,0.09482758620689655,696,15
overall,MIXED,16.17,BOTTOM,keystone,8992,死神の残り火,66,42,24,0.6363636363636364,0.06547619047619048,1008,15
overall,MIXED,16.13,BOTTOM,shard,5010,UNKNOWN(5010),66,41,25,0.6212121212121212,0.10030395136778116,658,15
overall,MIXED,16.15,TOP,rune,8236,強まる嵐,66,41,25,0.6212121212121212,0.07990314769975787,826,15
overall,MIXED,16.1,UTILITY,shard,5007,UNKNOWN(5007),66,39,27,0.5909090909090909,0.43137254901960786,153,15
overall,MIXED,16.10,BOTTOM,rune,8321,キャッシュバック,66,39,27,0.5909090909090909,0.2972972972972973,222,15
overall,MIXED,16.5,TOP,keystone,8010,征服者,66,39,27,0.5909090909090909,0.4074074074074074,162,15
overall,MIXED,15.22,ALL,rune,8106,至極の賞金首狩り,66,39,27,0.5909090909090909,0.1,660,15
overall,MIXED,16.8,BOTTOM,rune,8345,ビスケットデリバリー,66,38,28,0.5757575757575758,0.4714285714285714,140,15
overall,MIXED,16.18,ALL,keystone,8021,フリートフットワーク,66,37,29,0.5606060606060606,0.039285714285714285,1680,15
overall,MIXED,16.13,JUNGLE,keystone,8005,プレスアタック,66,37,29,0.5606060606060606,0.10030395136778116,658,15
overall,MIXED,15.18,MIDDLE,rune,8226,マナフローバンド,66,37,29,0.5606060606060606,0.5076923076923077,130,15
overall,MIXED,15.2,ALL,rune,8451,超成長,66,37,29,0.5606060606060606,0.14347826086956522,460,15
overall,MIXED,15.17,UTILITY,rune,8226,マナフローバンド,66,36,30,0.5454545454545454,0.40993788819875776,161,15
overall,MIXED,15.23,BOTTOM,rune,9103,レジェンド: 血脈,66,36,30,0.5454545454545454,0.5689655172413793,116,15
overall,MIXED,16.14,ALL,rune,8232,水走り,66,36,30,0.5454545454545454,0.01896551724137931,3480,15
overall,MIXED,15.9,ALL,rune,8451,超成長,66,36,30,0.5454545454545454,0.15348837209302327,430,15
overall,MIXED,16.6,BOTTOM,shard,5001,UNKNOWN(5001),66,35,31,0.5303030303030303,0.4342105263157895,152,15
overall,MIXED,16.17,BOTTOM,keystone,8021,フリートフットワーク,66,35,31,0.5303030303030303,0.06547619047619048,1008,15
overall,MIXED,15.22,ALL,rune,8444,息継ぎ,66,35,31,0.5303030303030303,0.1,660,15
overall,MIXED,15.10,BOTTOM,rune,8014,最期の慈悲,66,35,31,0.5303030303030303,0.4782608695652174,138,15
overall,MIXED,15.14,ALL,rune,8242,気迫,66,35,31,0.5303030303030303,0.14347826086956522,460,15
overall,MIXED,15.17,UTILITY,rune,8210,至高,66,35,31,0.5303030303030303,0.40993788819875776,161,15
overall,MIXED,16.4,TOP,shard,5005,UNKNOWN(5005),66,34,32,0.5151515151515151,0.6285714285714286,105,15
overall,MIXED,16.16,TOP,shard,5007,UNKNOWN(5007),66,34,32,0.5151515151515151,0.0990990990990991,666,15
overall,MIXED,16.2,BOTTOM,rune,9103,レジェンド: 血脈,66,34,32,0.5151515151515151,0.4647887323943662,142,15
overall,MIXED,15.8,MIDDLE,shard,5005,UNKNOWN(5005),66,33,33,0.5,0.5076923076923077,130,15
overall,MIXED,15.3,ALL,rune,8140,グリスリー メメント,66,33,33,0.5,0.16097560975609757,410,15
overall,MIXED,15.9,JUNGLE,rune,9111,凱旋,66,33,33,0.5,0.7674418604651163,86,15
overall,MIXED,15.16,MIDDLE,rune,8210,至高,66,33,33,0.5,0.6111111111111112,108,15
overall,MIXED,16.17,JUNGLE,rune,8321,キャッシュバック,66,32,34,0.48484848484848486,0.06547619047619048,1008,15
overall,MIXED,15.22,BOTTOM,keystone,8008,リーサルテンポ,66,32,34,0.48484848484848486,0.5,132,15
overall,MIXED,16.9,BOTTOM,keystone,8008,リーサルテンポ,66,32,34,0.48484848484848486,0.4177215189873418,158,15
overall,MIXED,16.7,BOTTOM,rune,8017,切り崩し,66,32,34,0.48484848484848486,0.42857142857142855,154,15
overall,MIXED,16.6,MIDDLE,rune,8237,追火,66,32,34,0.48484848484848486,0.4342105263157895,152,15
overall,MIXED,15.15,ALL,keystone,8008,リーサルテンポ,66,31,35,0.4696969696969697,0.16097560975609757,410,15
overall,MIXED,15.8,BOTTOM,keystone,8008,リーサルテンポ,66,31,35,0.4696969696969697,0.5076923076923077,130,15
overall,MIXED,16.16,MIDDLE,keystone,8010,征服者,66,31,35,0.4696969696969697,0.0990990990990991,666,15
overall,MIXED,15.17,ALL,rune,8453,生気付与,66,31,35,0.4696969696969697,0.08148148148148149,810,15
overall,MIXED,16.18,MIDDLE,rune,8106,至極の賞金首狩り,66,31,35,0.4696969696969697,0.19642857142857142,336,15
overall,MIXED,15.21,JUNGLE,rune,8304,魔法の靴,66,31,35,0.4696969696969697,0.559322033898305,118,15
overall,MIXED,15.4,ALL,rune,8345,ビスケットデリバリー,66,30,36,0.45454545454545453,0.24444444444444444,270,15
overall,MIXED,16.3,TOP,rune,8473,ボーンアーマー,66,29,37,0.4393939393939394,0.375,176,15
overall,MIXED,15.19,JUNGLE,rune,9105,レジェンド: ヘイスト,66,29,37,0.4393939393939394,0.2857142857142857,231,15
overall,MIXED,16.11,ALL,rune,8233,英気集中,66,29,37,0.4393939393939394,0.05593220338983051,1180,15
overall,MIXED,15.13,ALL,rune,8135,貪欲な賞金首狩り,66,29,37,0.4393939393939394,0.06875,960,15
overall,MIXED,15.18,TOP,keystone,8010,征服者,66,28,38,0.42424242424242425,0.5076923076923077,130,15
overall,MIXED,15.18,ALL,rune,9103,レジェンド: 血脈,66,27,39,0.4090909090909091,0.10153846153846154,650,15
overall,MIXED,16.18,MIDDLE,rune,8444,息継ぎ,65,40,25,0.6153846153846154,0.19345238095238096,336,15
overall,MIXED,16.18,MIDDLE,rune,9104,レジェンド: 迅速,65,38,27,0.5846153846153846,0.19345238095238096,336,15
overall,MIXED,16.15,UTILITY,rune,8444,息継ぎ,65,37,28,0.5692307692307692,0.07869249394673124,826,15
overall,MIXED,15.4,ALL,rune,8299,背水の陣,65,37,28,0.5692307692307692,0.24074074074074073,270,15
overall,MIXED,15.24,ALL,rune,9101,体力吸収,65,36,29,0.5538461538461539,0.038011695906432746,1710,15
overall,MIXED,16.14,UTILITY,rune,9111,凱旋,65,36,29,0.5538461538461539,0.09339080459770115,696,15
overall,MIXED,15.17,BOTTOM,rune,9104,レジェンド: 迅速,65,35,30,0.5384615384615384,0.4012345679012346,162,15
overall,MIXED,16.8,TOP,rune,9111,凱旋,65,35,30,0.5384615384615384,0.4642857142857143,140,15
overall,MIXED,15.22,JUNGLE,keystone,8010,征服者,65,35,30,0.5384615384615384,0.49242424242424243,132,15
overall,MIXED,15.21,MIDDLE,rune,8210,至高,65,35,30,0.5384615384615384,0.5508474576271186,118,15
overall,MIXED,16.10,ALL,rune,8233,英気集中,65,35,30,0.5384615384615384,0.05855855855855856,1110,15
overall,MIXED,15.3,UTILITY,shard,5001,UNKNOWN(5001),65,34,31,0.5230769230769231,0.7926829268292683,82,15
overall,MIXED,15.20,BOTTOM,rune,8345,ビスケットデリバリー,65,34,31,0.5230769230769231,0.49242424242424243,132,15
overall,MIXED,16.2,UTILITY,rune,8226,マナフローバンド,65,34,31,0.5230769230769231,0.45774647887323944,142,15
overall,MIXED,16.13,UTILITY,rune,9111,凱旋,65,34,31,0.5230769230769231,0.0989345509893455,657,15
overall,MIXED,15.18,UTILITY,rune,8347,宇宙の英知,65,34,31,0.5230769230769231,0.5,130,15
overall,MIXED,15.13,BOTTOM,rune,8236,強まる嵐,65,34,31,0.5230769230769231,0.3385416666666667,192,15
overall,MIXED,14.22,ALL,rune,8299,背水の陣,65,34,31,0.5230769230769231,0.22413793103448276,290,15
overall,MIXED,15.3,ALL,rune,8451,超成長,65,34,31,0.5230769230769231,0.15853658536585366,410,15
overall,MIXED,15.11,BOTTOM,shard,5001,UNKNOWN(5001),65,33,32,0.5076923076923077,0.6132075471698113,106,15
overall,MIXED,15.7,TOP,shard,5005,UNKNOWN(5005),65,33,32,0.5076923076923077,0.7065217391304348,92,15
overall,MIXED,16.6,UTILITY,shard,5007,UNKNOWN(5007),65,33,32,0.5076923076923077,0.4304635761589404,151,15
overall,MIXED,14.19,TOP,shard,5008,UNKNOWN(5008),65,33,32,0.5076923076923077,0.7738095238095238,84,15
overall,MIXED,16.17,UTILITY,shard,5010,UNKNOWN(5010),65,33,32,0.5076923076923077,0.06448412698412699,1008,15
overall,MIXED,16.15,UTILITY,keystone,9923,ヘイルブレード,65,33,32,0.5076923076923077,0.07869249394673124,826,15
overall,MIXED,15.17,UTILITY,rune,8242,気迫,65,33,32,0.5076923076923077,0.40372670807453415,161,15
overall,MIXED,16.2,MIDDLE,rune,8237,追火,65,33,32,0.5076923076923077,0.45774647887323944,142,15
overall,MIXED,16.4,JUNGLE,shard,5005,UNKNOWN(5005),65,32,33,0.49230769230769234,0.6132075471698113,106,15
overall,MIXED,16.15,UTILITY,rune,8143,サドンインパクト,65,32,33,0.49230769230769234,0.07869249394673124,826,15
overall,MIXED,16.13,JUNGLE,keystone,9923,ヘイルブレード,65,32,33,0.49230769230769234,0.09878419452887538,658,15
overall,MIXED,15.12,JUNGLE,rune,9104,レジェンド: 迅速,65,32,33,0.49230769230769234,0.6372549019607843,102,15
overall,MIXED,14.20,JUNGLE,rune,9111,凱旋,65,32,33,0.49230769230769234,0.7065217391304348,92,15
overall,MIXED,15.18,JUNGLE,rune,8347,宇宙の英知,65,32,33,0.49230769230769234,0.5,130,15
overall,MIXED,16.14,BOTTOM,keystone,8992,死神の残り火,65,32,33,0.49230769230769234,0.09339080459770115,696,15
overall,MIXED,16.11,UTILITY,rune,8463,生命の泉,65,32,33,0.49230769230769234,0.2754237288135593,236,15
overall,MIXED,16.18,UTILITY,keystone,8229,秘儀の彗星,65,32,33,0.49230769230769234,0.19345238095238096,336,15
overall,MIXED,15.19,UTILITY,rune,8237,追火,65,32,33,0.49230769230769234,0.2826086956521739,230,15
overall,MIXED,15.12,TOP,shard,5005,UNKNOWN(5005),65,31,34,0.47692307692307695,0.6372549019607843,102,15
overall,MIXED,16.13,MIDDLE,rune,8017,切り崩し,65,31,34,0.47692307692307695,0.09878419452887538,658,15
overall,MIXED,15.15,ALL,keystone,8010,征服者,65,31,34,0.47692307692307695,0.15853658536585366,410,15
overall,MIXED,16.3,TOP,keystone,8010,征服者,65,31,34,0.47692307692307695,0.3693181818181818,176,15
overall,MIXED,16.17,MIDDLE,rune,8135,貪欲な賞金首狩り,65,31,34,0.47692307692307695,0.06448412698412699,1008,15
overall,MIXED,15.2,BOTTOM,shard,5001,UNKNOWN(5001),65,30,35,0.46153846153846156,0.7065217391304348,92,15
overall,MIXED,15.7,BOTTOM,shard,5001,UNKNOWN(5001),65,30,35,0.46153846153846156,0.7065217391304348,92,15
overall,MIXED,15.10,BOTTOM,rune,9103,レジェンド: 血脈,65,30,35,0.46153846153846156,0.47101449275362317,138,15
overall,MIXED,14.22,ALL,rune,8009,冷静沈着,65,30,35,0.46153846153846156,0.22413793103448276,290,15
overall,MIXED,15.7,JUNGLE,shard,5005,UNKNOWN(5005),65,29,36,0.4461538461538462,0.7065217391304348,92,15
overall,MIXED,16.12,BOTTOM,rune,9103,レジェンド: 血脈,65,29,36,0.4461538461538462,0.3672316384180791,177,15
overall,MIXED,14.20,BOTTOM,rune,8009,冷静沈着,65,29,36,0.4461538461538462,0.7065217391304348,92,15
overall,MIXED,15.11,ALL,rune,8017,切り崩し,65,29,36,0.4461538461538462,0.12264150943396226,530,15
overall,MIXED,16.10,BOTTOM,rune,8014,最期の慈悲,65,29,36,0.4461538461538462,0.2927927927927928,222,15
overall,MIXED,15.11,ALL,keystone,8229,秘儀の彗星,65,29,36,0.4461538461538462,0.12264150943396226,530,15
overall,MIXED,16.5,ALL,rune,8135,貪欲な賞金首狩り,65,29,36,0.4461538461538462,0.08024691358024691,810,15
overall,MIXED,16.1,ALL,rune,8313,トリプル トニック,65,28,37,0.4307692307692308,0.08441558441558442,770,15
overall,MIXED,16.8,UTILITY,rune,8226,マナフローバンド,65,28,37,0.4307692307692308,0.4642857142857143,140,15
overall,MIXED,15.7,ALL,rune,9103,レジェンド: 血脈,65,28,37,0.4307692307692308,0.14130434782608695,460,15
overall,MIXED,15.11,ALL,rune,8236,強まる嵐,65,27,38,0.4153846153846154,0.12264150943396226,530,15
overall,MIXED,16.18,UTILITY,shard,5011,UNKNOWN(5011),65,26,39,0.4,0.19345238095238096,336,15
overall,MIXED,16.18,ALL,rune,8137,第六感,65,25,40,0.38461538461538464,0.03869047619047619,1680,15
overall,MIXED,15.11,ALL,rune,8106,至極の賞金首狩り,65,24,41,0.36923076923076925,0.12264150943396226,530,15
overall,MIXED,16.3,ALL,rune,8463,生命の泉,64,43,21,0.671875,0.07272727272727272,880,15
overall,MIXED,16.15,JUNGLE,rune,8410,疾駆,64,40,24,0.625,0.0774818401937046,826,15
overall,MIXED,16.12,ALL,rune,8463,生命の泉,64,37,27,0.578125,0.07191011235955057,890,15
overall,MIXED,14.20,ALL,rune,8138,UNKNOWN(8138),64,35,29,0.546875,0.1391304347826087,460,15
overall,MIXED,16.14,MIDDLE,keystone,8008,リーサルテンポ,64,35,29,0.546875,0.09195402298850575,696,15
overall,MIXED,16.18,JUNGLE,rune,8135,貪欲な賞金首狩り,64,35,29,0.546875,0.19047619047619047,336,15
overall,MIXED,15.11,TOP,shard,5005,UNKNOWN(5005),64,34,30,0.53125,0.6037735849056604,106,15
overall,MIXED,15.21,BOTTOM,rune,9103,レジェンド: 血脈,64,34,30,0.53125,0.5470085470085471,117,15
overall,MIXED,16.13,TOP,rune,8453,生気付与,64,34,30,0.53125,0.0972644376899696,658,15
overall,MIXED,16.9,TOP,rune,8451,超成長,64,34,30,0.53125,0.4050632911392405,158,15
overall,MIXED,16.7,ALL,keystone,8112,電撃,64,34,30,0.53125,0.08311688311688312,770,15
overall,MIXED,16.17,TOP,rune,8224,アクシオム アルカニスト,64,33,31,0.515625,0.06349206349206349,1008,15
overall,MIXED,16.15,UTILITY,rune,8306,ヘクステックフラッシュネイター,64,33,31,0.515625,0.0774818401937046,826,15
overall,MIXED,14.24,ALL,rune,8299,背水の陣,64,33,31,0.515625,0.256,250,15
overall,MIXED,15.3,ALL,rune,8106,至極の賞金首狩り,64,33,31,0.515625,0.15609756097560976,410,15
overall,MIXED,15.19,ALL,rune,8135,貪欲な賞金首狩り,64,33,31,0.515625,0.05565217391304348,1150,15
overall,MIXED,16.2,ALL,rune,8143,サドンインパクト,64,32,32,0.5,0.09014084507042254,710,15
overall,MIXED,16.2,BOTTOM,keystone,8008,リーサルテンポ,64,32,32,0.5,0.4507042253521127,142,15
overall,MIXED,14.21,ALL,rune,8009,冷静沈着,64,32,32,0.5,0.22857142857142856,280,15
overall,MIXED,15.4,ALL,rune,8014,最期の慈悲,64,32,32,0.5,0.23703703703703705,270,15
overall,MIXED,15.7,ALL,rune,8106,至極の賞金首狩り,64,32,32,0.5,0.1391304347826087,460,15
overall,MIXED,14.22,ALL,rune,8210,至高,64,32,32,0.5,0.2206896551724138,290,15
overall,MIXED,15.2,JUNGLE,shard,5005,UNKNOWN(5005),64,31,33,0.484375,0.6956521739130435,92,15
overall,MIXED,16.13,MIDDLE,rune,8401,シールドバッシュ,64,31,33,0.484375,0.0972644376899696,658,15
overall,MIXED,16.8,ALL,rune,9103,レジェンド: 血脈,64,31,33,0.484375,0.09142857142857143,700,15
overall,MIXED,16.5,UTILITY,rune,8347,宇宙の英知,64,31,33,0.484375,0.3950617283950617,162,15
overall,MIXED,15.20,JUNGLE,keystone,8010,征服者,64,31,33,0.484375,0.48484848484848486,132,15
overall,MIXED,15.14,TOP,rune,8299,背水の陣,64,31,33,0.484375,0.6956521739130435,92,15
overall,MIXED,16.6,UTILITY,rune,8210,至高,64,31,33,0.484375,0.423841059602649,151,15
overall,MIXED,15.3,TOP,shard,5008,UNKNOWN(5008),64,30,34,0.46875,0.7804878048780488,82,15
overall,MIXED,15.19,TOP,rune,8446,打ちこわし,64,30,34,0.46875,0.2794759825327511,229,15
overall,MIXED,14.21,ALL,rune,8014,最期の慈悲,64,30,34,0.46875,0.22857142857142856,280,15
overall,MIXED,16.13,BOTTOM,keystone,8229,秘儀の彗星,64,30,34,0.46875,0.0972644376899696,658,15
overall,MIXED,16.7,BOTTOM,rune,8345,ビスケットデリバリー,64,29,35,0.453125,0.4155844155844156,154,15
overall,MIXED,15.7,BOTTOM,rune,8009,冷静沈着,64,29,35,0.453125,0.6956521739130435,92,15
overall,MIXED,16.6,TOP,keystone,8010,征服者,64,29,35,0.453125,0.42105263157894735,152,15
overall,MIXED,15.7,ALL,rune,8237,追火,64,29,35,0.453125,0.1391304347826087,460,15
overall,MIXED,15.9,ALL,rune,8236,強まる嵐,64,27,37,0.421875,0.14883720930232558,430,15
overall,MIXED,16.3,MIDDLE,keystone,8112,電撃,64,27,37,0.421875,0.36363636363636365,176,15
overall,MIXED,14.20,ALL,rune,8106,至極の賞金首狩り,64,26,38,0.40625,0.1391304347826087,460,15
overall,MIXED,16.15,JUNGLE,keystone,8008,リーサルテンポ,63,37,26,0.5873015873015873,0.07627118644067797,826,15
overall,MIXED,15.15,ALL,rune,9105,レジェンド: ヘイスト,63,36,27,0.5714285714285714,0.15365853658536585,410,15
overall,MIXED,16.17,TOP,rune,8410,疾駆,63,36,27,0.5714285714285714,0.0625,1008,15
overall,MIXED,16.6,ALL,rune,8126,追い打ち,63,36,27,0.5714285714285714,0.08289473684210526,760,15
overall,MIXED,15.16,ALL,shard,5007,UNKNOWN(5007),63,35,28,0.5555555555555556,0.11666666666666667,540,15
overall,MIXED,16.13,ALL,shard,5013,UNKNOWN(5013),63,35,28,0.5555555555555556,0.019148936170212766,3290,15
overall,MIXED,16.17,ALL,shard,5013,UNKNOWN(5013),63,35,28,0.5555555555555556,0.0125,5040,15
overall,MIXED,15.18,MIDDLE,shard,5005,UNKNOWN(5005),63,34,29,0.5396825396825397,0.4846153846153846,130,15
overall,MIXED,15.20,TOP,keystone,8010,征服者,63,34,29,0.5396825396825397,0.4772727272727273,132,15
overall,MIXED,15.17,ALL,rune,8463,生命の泉,63,34,29,0.5396825396825397,0.07777777777777778,810,15
overall,MIXED,15.3,ALL,rune,8237,追火,63,34,29,0.5396825396825397,0.15365853658536585,410,15
overall,MIXED,15.23,ALL,rune,8143,サドンインパクト,63,33,30,0.5238095238095238,0.10862068965517241,580,15
overall,MIXED,15.16,BOTTOM,rune,8345,ビスケットデリバリー,63,33,30,0.5238095238095238,0.5887850467289719,107,15
overall,MIXED,15.22,ALL,keystone,8005,プレスアタック,63,33,30,0.5238095238095238,0.09545454545454546,660,15
overall,MIXED,15.22,TOP,rune,9111,凱旋,63,33,30,0.5238095238095238,0.4772727272727273,132,15
overall,MIXED,15.13,ALL,keystone,8439,アフターショック,63,32,31,0.5079365079365079,0.065625,960,15
overall,MIXED,15.19,ALL,keystone,8214,エアリー召喚,63,32,31,0.5079365079365079,0.05478260869565217,1150,15
overall,MIXED,16.2,UTILITY,rune,8473,ボーンアーマー,63,32,31,0.5079365079365079,0.44366197183098594,142,15
overall,MIXED,16.10,TOP,keystone,8437,不死者の握撃,63,32,31,0.5079365079365079,0.28378378378378377,222,15
overall,MIXED,16.11,TOP,rune,8446,打ちこわし,63,32,31,0.5079365079365079,0.2669491525423729,236,15
overall,MIXED,16.10,ALL,rune,8410,疾駆,63,32,31,0.5079365079365079,0.05675675675675676,1110,15
overall,MIXED,14.20,TOP,shard,5005,UNKNOWN(5005),63,31,32,0.49206349206349204,0.6847826086956522,92,15
overall,MIXED,16.5,BOTTOM,rune,8345,ビスケットデリバリー,63,31,32,0.49206349206349204,0.3888888888888889,162,15
overall,MIXED,16.4,BOTTOM,rune,9103,レジェンド: 血脈,63,31,32,0.49206349206349204,0.5943396226415094,106,15
overall,MIXED,15.18,JUNGLE,rune,9104,レジェンド: 迅速,63,31,32,0.49206349206349204,0.4846153846153846,130,15
overall,MIXED,16.18,TOP,rune,8446,打ちこわし,63,31,32,0.49206349206349204,0.1875,336,15
overall,MIXED,15.12,ALL,rune,8242,気迫,63,31,32,0.49206349206349204,0.12352941176470589,510,15
overall,MIXED,15.24,UTILITY,rune,8126,追い打ち,63,31,32,0.49206349206349204,0.18421052631578946,342,15
overall,MIXED,15.13,UTILITY,rune,8237,追火,63,31,32,0.49206349206349204,0.328125,192,15
overall,MIXED,16.2,BOTTOM,rune,8345,ビスケットデリバリー,63,30,33,0.47619047619047616,0.44366197183098594,142,15
overall,MIXED,15.20,BOTTOM,rune,9103,レジェンド: 血脈,63,30,33,0.47619047619047616,0.4772727272727273,132,15
overall,MIXED,15.15,JUNGLE,rune,9111,凱旋,63,30,33,0.47619047619047616,0.7682926829268293,82,15
overall,MIXED,16.14,MIDDLE,rune,8105,執拗な賞金首狩り,63,30,33,0.47619047619047616,0.09051724137931035,696,15
overall,MIXED,14.21,ALL,rune,8138,UNKNOWN(8138),63,29,34,0.4603174603174603,0.225,280,15
overall,MIXED,16.13,JUNGLE,keystone,8008,リーサルテンポ,63,29,34,0.4603174603174603,0.09574468085106383,658,15
overall,MIXED,16.17,BOTTOM,rune,8410,疾駆,63,29,34,0.4603174603174603,0.0625,1008,15
overall,MIXED,15.10,TOP,rune,8451,超成長,63,29,34,0.4603174603174603,0.45652173913043476,138,15
overall,MIXED,15.14,ALL,rune,8451,超成長,63,29,34,0.4603174603174603,0.13695652173913042,460,15
overall,MIXED,15.14,JUNGLE,shard,5005,UNKNOWN(5005),63,28,35,0.4444444444444444,0.6847826086956522,92,15
overall,MIXED,16.5,UTILITY,shard,5007,UNKNOWN(5007),63,28,35,0.4444444444444444,0.3888888888888889,162,15
overall,MIXED,16.3,MIDDLE,rune,8140,グリスリー メメント,63,28,35,0.4444444444444444,0.35795454545454547,176,15
overall,MIXED,15.18,BOTTOM,shard,5011,UNKNOWN(5011),63,27,36,0.42857142857142855,0.4846153846153846,130,15
overall,MIXED,16.16,BOTTOM,rune,8316,なんでも屋,63,25,38,0.3968253968253968,0.0945945945945946,666,15
overall,MIXED,16.3,ALL,keystone,8439,アフターショック,62,39,23,0.6290322580645161,0.07045454545454545,880,15
overall,MIXED,16.5,TOP,rune,8473,ボーンアーマー,62,38,24,0.6129032258064516,0.38271604938271603,162,15
overall,MIXED,16.18,MIDDLE,rune,8299,背水の陣,62,38,24,0.6129032258064516,0.18452380952380953,336,15
overall,MIXED,15.19,TOP,rune,9105,レジェンド: ヘイスト,62,36,26,0.5806451612903226,0.27074235807860264,229,15
overall,MIXED,16.10,TOP,rune,8446,打ちこわし,62,36,26,0.5806451612903226,0.27927927927927926,222,15
overall,MIXED,15.13,TOP,rune,8444,息継ぎ,62,35,27,0.5645161290322581,0.3229166666666667,192,15
overall,MIXED,15.13,TOP,rune,8446,打ちこわし,62,35,27,0.5645161290322581,0.3229166666666667,192,15
overall,MIXED,16.4,TOP,rune,8299,背水の陣,62,35,27,0.5645161290322581,0.5904761904761905,105,15
overall,MIXED,15.23,BOTTOM,rune,8345,ビスケットデリバリー,62,34,28,0.5483870967741935,0.5344827586206896,116,15
overall,MIXED,15.18,BOTTOM,rune,9104,レジェンド: 迅速,62,34,28,0.5483870967741935,0.47692307692307695,130,15
overall,MIXED,15.16,ALL,rune,8017,切り崩し,62,34,28,0.5483870967741935,0.11481481481481481,540,15
overall,MIXED,16.10,UTILITY,rune,8345,ビスケットデリバリー,62,33,29,0.532258064516129,0.27927927927927926,222,15
overall,MIXED,16.1,UTILITY,rune,8226,マナフローバンド,62,33,29,0.532258064516129,0.40522875816993464,153,15
overall,MIXED,16.11,TOP,keystone,8437,不死者の握撃,62,33,29,0.532258064516129,0.2627118644067797,236,15
overall,MIXED,16.2,TOP,rune,9111,凱旋,62,33,29,0.532258064516129,0.43661971830985913,142,15
overall,MIXED,15.24,MIDDLE,rune,8444,息継ぎ,62,33,29,0.532258064516129,0.18128654970760233,342,15
overall,MIXED,16.18,TOP,rune,8242,気迫,62,33,29,0.532258064516129,0.18452380952380953,336,15
overall,MIXED,16.12,UTILITY,rune,8242,気迫,62,32,30,0.5161290322580645,0.34831460674157305,178,15
overall,MIXED,15.21,ALL,keystone,8229,秘儀の彗星,62,32,30,0.5161290322580645,0.10508474576271186,590,15
overall,MIXED,16.18,UTILITY,rune,8126,追い打ち,62,32,30,0.5161290322580645,0.18452380952380953,336,15
overall,MIXED,16.12,ALL,keystone,8112,電撃,62,32,30,0.5161290322580645,0.0696629213483146,890,15
overall,MIXED,16.8,MIDDLE,shard,5005,UNKNOWN(5005),62,31,31,0.5,0.44285714285714284,140,15
overall,MIXED,16.2,UTILITY,rune,8345,ビスケットデリバリー,62,31,31,0.5,0.43661971830985913,142,15
overall,MIXED,16.14,BOTTOM,keystone,8005,プレスアタック,62,31,31,0.5,0.08908045977011494,696,15
overall,MIXED,15.16,TOP,rune,9111,凱旋,62,31,31,0.5,0.5740740740740741,108,15
overall,MIXED,16.16,MIDDLE,rune,8017,切り崩し,62,31,31,0.5,0.09309309309309309,666,15
overall,MIXED,16.9,MIDDLE,rune,8237,追火,62,31,31,0.5,0.3924050632911392,158,15
overall,MIXED,16.10,BOTTOM,rune,9104,レジェンド: 迅速,62,30,32,0.4838709677419355,0.27927927927927926,222,15
overall,MIXED,16.15,MIDDLE,rune,8236,強まる嵐,62,30,32,0.4838709677419355,0.07506053268765134,826,15
overall,MIXED,15.11,JUNGLE,rune,8014,最期の慈悲,62,30,32,0.4838709677419355,0.5849056603773585,106,15
overall,MIXED,15.8,ALL,rune,8233,英気集中,62,30,32,0.4838709677419355,0.09538461538461539,650,15
overall,MIXED,16.3,ALL,rune,8135,貪欲な賞金首狩り,62,30,32,0.4838709677419355,0.07045454545454545,880,15
overall,MIXED,16.17,MIDDLE,rune,8126,追い打ち,62,30,32,0.4838709677419355,0.061507936507936505,1008,15
overall,MIXED,15.24,ALL,rune,8224,アクシオム アルカニスト,62,29,33,0.46774193548387094,0.03625730994152047,1710,15
overall,MIXED,15.10,UTILITY,rune,8473,ボーンアーマー,62,29,33,0.46774193548387094,0.4492753623188406,138,15
overall,MIXED,15.10,UTILITY,rune,8226,マナフローバンド,62,29,33,0.46774193548387094,0.4492753623188406,138,15
overall,MIXED,14.24,ALL,rune,8009,冷静沈着,62,29,33,0.46774193548387094,0.248,250,15
overall,MIXED,15.17,TOP,keystone,8010,征服者,62,29,33,0.46774193548387094,0.38271604938271603,162,15
overall,MIXED,16.11,ALL,rune,8139,血の味わい,62,29,33,0.46774193548387094,0.05254237288135593,1180,15
overall,MIXED,15.16,MIDDLE,shard,5005,UNKNOWN(5005),62,28,34,0.45161290322580644,0.5740740740740741,108,15
overall,MIXED,16.11,JUNGLE,rune,8143,サドンインパクト,62,28,34,0.45161290322580644,0.2627118644067797,236,15
overall,MIXED,16.11,TOP,rune,9105,レジェンド: ヘイスト,62,28,34,0.45161290322580644,0.2627118644067797,236,15
overall,MIXED,16.12,ALL,rune,8135,貪欲な賞金首狩り,62,28,34,0.45161290322580644,0.0696629213483146,890,15
overall,MIXED,16.2,ALL,rune,8135,貪欲な賞金首狩り,62,28,34,0.45161290322580644,0.08732394366197183,710,15
overall,MIXED,14.22,ALL,rune,8345,ビスケットデリバリー,62,27,35,0.43548387096774194,0.21379310344827587,290,15
overall,MIXED,15.10,JUNGLE,rune,8014,最期の慈悲,62,27,35,0.43548387096774194,0.4492753623188406,138,15
overall,MIXED,15.19,TOP,rune,9104,レジェンド: 迅速,62,26,36,0.41935483870967744,0.27074235807860264,229,15
overall,MIXED,16.17,ALL,keystone,8351,グレイシャルオーグメント,61,37,24,0.6065573770491803,0.012103174603174604,5040,15
overall,MIXED,15.21,ALL,rune,8143,サドンインパクト,61,35,26,0.5737704918032787,0.10338983050847457,590,15
overall,MIXED,16.9,ALL,keystone,8992,死神の残り火,61,34,27,0.5573770491803278,0.07721518987341772,790,15
overall,MIXED,15.4,ALL,rune,8009,冷静沈着,61,33,28,0.5409836065573771,0.22592592592592592,270,15
overall,MIXED,15.17,UTILITY,keystone,8439,アフターショック,61,32,29,0.5245901639344263,0.37888198757763975,161,15
overall,MIXED,16.14,UTILITY,rune,8143,サドンインパクト,61,32,29,0.5245901639344263,0.08764367816091954,696,15
overall,MIXED,16.12,TOP,rune,8473,ボーンアーマー,61,32,29,0.5245901639344263,0.34269662921348315,178,15
overall,MIXED,16.10,TOP,rune,9104,レジェンド: 迅速,61,32,29,0.5245901639344263,0.2747747747747748,222,15
overall,MIXED,15.14,BOTTOM,rune,8009,冷静沈着,61,32,29,0.5245901639344263,0.6630434782608695,92,15
overall,MIXED,15.23,TOP,rune,8299,背水の陣,61,32,29,0.5245901639344263,0.5258620689655172,116,15
overall,MIXED,16.15,UTILITY,rune,8451,超成長,61,32,29,0.5245901639344263,0.07384987893462469,826,15
overall,MIXED,15.14,TOP,shard,5005,UNKNOWN(5005),61,31,30,0.5081967213114754,0.6630434782608695,92,15
overall,MIXED,16.7,BOTTOM,rune,8321,キャッシュバック,61,31,30,0.5081967213114754,0.3961038961038961,154,15
overall,MIXED,15.21,UTILITY,rune,8347,宇宙の英知,61,31,30,0.5081967213114754,0.5169491525423728,118,15
overall,MIXED,15.19,ALL,rune,8234,追い風,61,31,30,0.5081967213114754,0.05304347826086957,1150,15
overall,MIXED,15.11,BOTTOM,rune,9103,レジェンド: 血脈,61,30,31,0.4918032786885246,0.5754716981132075,106,15
overall,MIXED,15.14,JUNGLE,rune,9104,レジェンド: 迅速,61,30,31,0.4918032786885246,0.6630434782608695,92,15
overall,MIXED,15.23,ALL,rune,8444,息継ぎ,61,30,31,0.4918032786885246,0.10517241379310345,580,15
overall,MIXED,16.16,JUNGLE,rune,8232,水走り,61,30,31,0.4918032786885246,0.0915915915915916,666,15
overall,MIXED,16.18,UTILITY,rune,8106,至極の賞金首狩り,61,30,31,0.4918032786885246,0.18154761904761904,336,15
overall,MIXED,16.12,ALL,rune,8126,追い打ち,61,30,31,0.4918032786885246,0.06853932584269663,890,15
overall,MIXED,15.21,BOTTOM,rune,8345,ビスケットデリバリー,61,29,32,0.47540983606557374,0.5213675213675214,117,15
overall,MIXED,16.9,UTILITY,rune,8347,宇宙の英知,61,29,32,0.47540983606557374,0.3860759493670886,158,15
overall,MIXED,15.16,TOP,rune,8299,背水の陣,61,29,32,0.47540983606557374,0.5648148148148148,108,15
overall,MIXED,15.2,TOP,rune,8299,背水の陣,61,27,34,0.4426229508196721,0.6630434782608695,92,15
overall,MIXED,16.3,ALL,keystone,8005,プレスアタック,61,26,35,0.4262295081967213,0.06931818181818182,880,15
overall,MIXED,15.13,ALL,rune,8453,生気付与,61,26,35,0.4262295081967213,0.06354166666666666,960,15
overall,MIXED,15.17,ALL,keystone,8005,プレスアタック,61,25,36,0.4098360655737705,0.07530864197530865,810,15
overall,MIXED,15.16,BOTTOM,rune,8009,冷静沈着,61,23,38,0.3770491803278688,0.5700934579439252,107,15
overall,MIXED,15.19,JUNGLE,keystone,8008,リーサルテンポ,60,39,21,0.65,0.2597402597402597,231,15
overall,MIXED,16.18,UTILITY,shard,5005,UNKNOWN(5005),60,36,24,0.6,0.17857142857142858,336,15
overall,MIXED,16.13,MIDDLE,shard,5007,UNKNOWN(5007),60,36,24,0.6,0.0911854103343465,658,15
overall,MIXED,16.17,UTILITY,keystone,8351,グレイシャルオーグメント,60,36,24,0.6,0.05952380952380952,1008,15
overall,MIXED,14.22,ALL,keystone,8010,征服者,60,35,25,0.5833333333333334,0.20689655172413793,290,15
overall,MIXED,15.11,MIDDLE,shard,5005,UNKNOWN(5005),60,34,26,0.5666666666666667,0.5660377358490566,106,15
overall,MIXED,15.7,ALL,rune,9105,レジェンド: ヘイスト,60,34,26,0.5666666666666667,0.13043478260869565,460,15
overall,MIXED,16.18,ALL,rune,9101,体力吸収,60,34,26,0.5666666666666667,0.03571428571428571,1680,15
overall,MIXED,16.11,BOTTOM,rune,8321,キャッシュバック,60,33,27,0.55,0.2542372881355932,236,15
overall,MIXED,16.7,TOP,rune,9111,凱旋,60,33,27,0.55,0.38961038961038963,154,15
overall,MIXED,15.8,JUNGLE,rune,8014,最期の慈悲,60,33,27,0.55,0.46153846153846156,130,15
overall,MIXED,16.10,MIDDLE,rune,8106,至極の賞金首狩り,60,33,27,0.55,0.2702702702702703,222,15
overall,MIXED,15.17,ALL,rune,8126,追い打ち,60,33,27,0.55,0.07407407407407407,810,15
overall,MIXED,15.3,JUNGLE,shard,5005,UNKNOWN(5005),60,32,28,0.5333333333333333,0.7317073170731707,82,15
overall,MIXED,16.17,JUNGLE,rune,8275,ニンバスクローク,60,32,28,0.5333333333333333,0.05952380952380952,1008,15
overall,MIXED,16.14,UTILITY,keystone,9923,ヘイルブレード,60,32,28,0.5333333333333333,0.08620689655172414,696,15
overall,MIXED,15.3,BOTTOM,rune,8009,冷静沈着,60,32,28,0.5333333333333333,0.7317073170731707,82,15
overall,MIXED,16.17,UTILITY,rune,8429,心身調整,60,32,28,0.5333333333333333,0.05952380952380952,1008,15
overall,MIXED,16.2,UTILITY,rune,8210,至高,60,32,28,0.5333333333333333,0.4225352112676056,142,15
overall,MIXED,15.19,BOTTOM,rune,8233,英気集中,60,32,28,0.5333333333333333,0.2608695652173913,230,15
overall,MIXED,16.13,JUNGLE,rune,8126,追い打ち,60,32,28,0.5333333333333333,0.0911854103343465,658,15
overall,MIXED,16.5,UTILITY,rune,8237,追火,60,32,28,0.5333333333333333,0.37037037037037035,162,15
overall,MIXED,15.21,ALL,keystone,8112,電撃,60,32,28,0.5333333333333333,0.1016949152542373,590,15
overall,MIXED,15.8,UTILITY,rune,8473,ボーンアーマー,60,31,29,0.5166666666666667,0.46153846153846156,130,15
overall,MIXED,15.10,BOTTOM,shard,5011,UNKNOWN(5011),60,30,30,0.5,0.43478260869565216,138,15
overall,MIXED,15.20,UTILITY,rune,8473,ボーンアーマー,60,30,30,0.5,0.45454545454545453,132,15
overall,MIXED,15.15,BOTTOM,rune,8009,冷静沈着,60,30,30,0.5,0.7317073170731707,82,15
overall,MIXED,15.23,ALL,rune,8017,切り崩し,60,30,30,0.5,0.10344827586206896,580,15
overall,MIXED,15.20,UTILITY,rune,8347,宇宙の英知,60,30,30,0.5,0.45454545454545453,132,15
overall,MIXED,16.15,UTILITY,rune,8135,貪欲な賞金首狩り,60,30,30,0.5,0.07263922518159806,826,15
overall,MIXED,16.8,ALL,keystone,8112,電撃,60,30,30,0.5,0.08571428571428572,700,15
overall,MIXED,16.18,MIDDLE,shard,5011,UNKNOWN(5011),60,29,31,0.48333333333333334,0.17857142857142858,336,15
overall,MIXED,16.14,TOP,keystone,8008,リーサルテンポ,60,29,31,0.48333333333333334,0.08620689655172414,696,15
overall,MIXED,15.2,BOTTOM,rune,8014,最期の慈悲,60,29,31,0.48333333333333334,0.6521739130434783,92,15
overall,MIXED,16.14,JUNGLE,rune,8410,疾駆,60,29,31,0.48333333333333334,0.08620689655172414,696,15
overall,MIXED,16.16,JUNGLE,rune,8126,追い打ち,60,29,31,0.48333333333333334,0.09009009009009009,666,15
overall,MIXED,15.15,JUNGLE,shard,5005,UNKNOWN(5005),60,28,32,0.4666666666666667,0.7317073170731707,82,15
overall,MIXED,15.24,UTILITY,rune,8401,シールドバッシュ,60,28,32,0.4666666666666667,0.17543859649122806,342,15
overall,MIXED,16.17,MIDDLE,keystone,8021,フリートフットワーク,60,28,32,0.4666666666666667,0.05952380952380952,1008,15
overall,MIXED,15.10,JUNGLE,rune,9104,レジェンド: 迅速,60,28,32,0.4666666666666667,0.43478260869565216,138,15
overall,MIXED,16.9,BOTTOM,rune,8017,切り崩し,60,28,32,0.4666666666666667,0.379746835443038,158,15
overall,MIXED,15.23,JUNGLE,keystone,8010,征服者,60,28,32,0.4666666666666667,0.5172413793103449,116,15
overall,MIXED,16.2,JUNGLE,keystone,8010,征服者,60,28,32,0.4666666666666667,0.4225352112676056,142,15
overall,MIXED,16.14,JUNGLE,shard,5007,UNKNOWN(5007),60,27,33,0.45,0.08620689655172414,696,15
overall,MIXED,15.18,UTILITY,rune,8473,ボーンアーマー,60,27,33,0.45,0.46153846153846156,130,15
overall,MIXED,15.10,UTILITY,rune,8210,至高,60,27,33,0.45,0.43478260869565216,138,15
overall,MIXED,16.4,JUNGLE,rune,8304,魔法の靴,60,27,33,0.45,0.5660377358490566,106,15
overall,MIXED,15.9,TOP,shard,5005,UNKNOWN(5005),60,26,34,0.43333333333333335,0.6976744186046512,86,15
overall,MIXED,15.7,BOTTOM,rune,9103,レジェンド: 血脈,60,26,34,0.43333333333333335,0.6521739130434783,92,15
overall,MIXED,16.5,ALL,rune,8453,生気付与,60,25,35,0.4166666666666667,0.07407407407407407,810,15
overall,MIXED,16.10,UTILITY,keystone,8214,エアリー召喚,60,24,36,0.4,0.2702702702702703,222,15
overall,MIXED,15.12,ALL,rune,8017,切り崩し,60,22,38,0.36666666666666664,0.11764705882352941,510,15
overall,MIXED,16.14,TOP,rune,8210,至高,60,17,43,0.2833333333333333,0.08620689655172414,696,15
overall,MIXED,16.3,UTILITY,rune,8473,ボーンアーマー,59,37,22,0.6271186440677966,0.3352272727272727,176,15
overall,MIXED,14.22,ALL,rune,8237,追火,59,34,25,0.576271186440678,0.20344827586206896,290,15
overall,MIXED,16.13,TOP,rune,8401,シールドバッシュ,59,33,26,0.559322033898305,0.08966565349544073,658,15
overall,MIXED,15.16,ALL,rune,8242,気迫,59,33,26,0.559322033898305,0.10925925925925926,540,15
overall,MIXED,16.14,JUNGLE,rune,8232,水走り,59,33,26,0.559322033898305,0.08477011494252873,696,15
overall,MIXED,16.16,BOTTOM,rune,8410,疾駆,59,33,26,0.559322033898305,0.08858858858858859,666,15
overall,MIXED,16.11,MIDDLE,rune,8106,至極の賞金首狩り,59,33,26,0.559322033898305,0.25,236,15
overall,MIXED,15.12,MIDDLE,rune,8210,至高,59,33,26,0.559322033898305,0.5784313725490197,102,15
overall,MIXED,15.12,MIDDLE,shard,5005,UNKNOWN(5005),59,32,27,0.5423728813559322,0.5784313725490197,102,15
overall,MIXED,15.22,UTILITY,rune,8226,マナフローバンド,59,32,27,0.5423728813559322,0.44696969696969696,132,15
overall,MIXED,16.4,BOTTOM,keystone,8008,リーサルテンポ,59,32,27,0.5423728813559322,0.5566037735849056,106,15
overall,MIXED,15.13,BOTTOM,rune,8017,切り崩し,59,32,27,0.5423728813559322,0.3072916666666667,192,15
overall,MIXED,15.17,UTILITY,rune,8463,生命の泉,59,32,27,0.5423728813559322,0.36645962732919257,161,15
overall,MIXED,16.13,TOP,rune,8210,至高,59,32,27,0.5423728813559322,0.08966565349544073,658,15
overall,MIXED,16.7,ALL,rune,8135,貪欲な賞金首狩り,59,32,27,0.5423728813559322,0.07662337662337662,770,15
overall,MIXED,16.2,MIDDLE,shard,5005,UNKNOWN(5005),59,31,28,0.5254237288135594,0.4154929577464789,142,15
overall,MIXED,16.8,BOTTOM,keystone,8008,リーサルテンポ,59,31,28,0.5254237288135594,0.42142857142857143,140,15
overall,MIXED,16.1,ALL,keystone,8005,プレスアタック,59,30,29,0.5084745762711864,0.07662337662337662,770,15
overall,MIXED,16.13,TOP,rune,8226,マナフローバンド,59,30,29,0.5084745762711864,0.08966565349544073,658,15
overall,MIXED,16.8,BOTTOM,rune,8017,切り崩し,59,30,29,0.5084745762711864,0.42142857142857143,140,15
overall,MIXED,15.23,TOP,keystone,8010,征服者,59,30,29,0.5084745762711864,0.5086206896551724,116,15
overall,MIXED,15.20,BOTTOM,rune,8014,最期の慈悲,59,30,29,0.5084745762711864,0.44696969696969696,132,15
overall,MIXED,16.17,JUNGLE,rune,8137,第六感,59,30,29,0.5084745762711864,0.05853174603174603,1008,15
overall,MIXED,14.21,ALL,rune,8299,背水の陣,59,30,29,0.5084745762711864,0.21071428571428572,280,15
overall,MIXED,15.21,BOTTOM,shard,5001,UNKNOWN(5001),59,29,30,0.4915254237288136,0.5042735042735043,117,15
overall,MIXED,16.15,UTILITY,rune,8009,冷静沈着,59,29,30,0.4915254237288136,0.07142857142857142,826,15
overall,MIXED,15.16,ALL,rune,8444,息継ぎ,59,29,30,0.4915254237288136,0.10925925925925926,540,15
overall,MIXED,15.12,TOP,rune,8299,背水の陣,59,29,30,0.4915254237288136,0.5784313725490197,102,15
overall,MIXED,16.12,UTILITY,rune,8237,追火,59,29,30,0.4915254237288136,0.33146067415730335,178,15
overall,MIXED,15.23,ALL,keystone,8112,電撃,59,29,30,0.4915254237288136,0.10172413793103448,580,15
overall,MIXED,16.16,ALL,shard,5013,UNKNOWN(5013),59,28,31,0.4745762711864407,0.017717717717717716,3330,15
overall,MIXED,16.5,UTILITY,rune,8345,ビスケットデリバリー,59,28,31,0.4745762711864407,0.36419753086419754,162,15
overall,MIXED,14.22,ALL,rune,8473,ボーンアーマー,59,28,31,0.4745762711864407,0.20344827586206896,290,15
overall,MIXED,15.10,ALL,keystone,8437,不死者の握撃,59,28,31,0.4745762711864407,0.08550724637681159,690,15
overall,MIXED,16.2,JUNGLE,rune,8014,最期の慈悲,59,28,31,0.4745762711864407,0.4154929577464789,142,15
overall,MIXED,16.16,BOTTOM,rune,8234,追い風,59,28,31,0.4745762711864407,0.08858858858858859,666,15
overall,MIXED,16.3,MIDDLE,rune,8237,追火,59,28,31,0.4745762711864407,0.3352272727272727,176,15
overall,MIXED,16.15,JUNGLE,shard,5011,UNKNOWN(5011),59,27,32,0.4576271186440678,0.07142857142857142,826,15
overall,MIXED,16.1,BOTTOM,rune,8321,キャッシュバック,59,27,32,0.4576271186440678,0.38311688311688313,154,15
overall,MIXED,15.18,UTILITY,rune,8242,気迫,59,27,32,0.4576271186440678,0.45384615384615384,130,15
overall,MIXED,16.13,JUNGLE,keystone,8128,魂の収穫,59,27,32,0.4576271186440678,0.08966565349544073,658,15
overall,MIXED,16.14,BOTTOM,shard,5007,UNKNOWN(5007),59,26,33,0.4406779661016949,0.08477011494252873,696,15
overall,MIXED,15.22,BOTTOM,shard,5011,UNKNOWN(5011),59,26,33,0.4406779661016949,0.44696969696969696,132,15
overall,MIXED,15.11,MIDDLE,rune,8226,マナフローバンド,59,26,33,0.4406779661016949,0.5566037735849056,106,15
overall,MIXED,15.10,JUNGLE,keystone,8010,征服者,59,26,33,0.4406779661016949,0.427536231884058,138,15
overall,MIXED,15.18,ALL,rune,8236,強まる嵐,59,25,34,0.423728813559322,0.09076923076923077,650,15
overall,MIXED,15.10,JUNGLE,rune,8304,魔法の靴,59,24,35,0.4067796610169492,0.427536231884058,138,15
overall,MIXED,15.17,ALL,rune,8446,打ちこわし,58,38,20,0.6551724137931034,0.07160493827160494,810,15
overall,MIXED,16.4,ALL,rune,8236,強まる嵐,58,37,21,0.6379310344827587,0.10943396226415095,530,15
overall,MIXED,16.16,JUNGLE,keystone,9923,ヘイルブレード,58,35,23,0.603448275862069,0.08708708708708708,666,15
overall,MIXED,15.24,TOP,rune,8453,生気付与,58,34,24,0.5862068965517241,0.1695906432748538,342,15
overall,MIXED,15.20,BOTTOM,shard,5011,UNKNOWN(5011),58,33,25,0.5689655172413793,0.4393939393939394,132,15
overall,MIXED,15.14,ALL,rune,8140,グリスリー メメント,58,33,25,0.5689655172413793,0.12608695652173912,460,15
overall,MIXED,15.21,JUNGLE,rune,9104,レジェンド: 迅速,58,33,25,0.5689655172413793,0.4915254237288136,118,15
overall,MIXED,15.8,ALL,keystone,8112,電撃,58,33,25,0.5689655172413793,0.08923076923076922,650,15
overall,MIXED,16.15,ALL,shard,5013,UNKNOWN(5013),58,32,26,0.5517241379310345,0.014043583535108959,4130,15
overall,MIXED,16.12,ALL,rune,8401,シールドバッシュ,58,32,26,0.5517241379310345,0.0651685393258427,890,15
overall,MIXED,15.18,UTILITY,rune,8345,ビスケットデリバリー,58,32,26,0.5517241379310345,0.4461538461538462,130,15
overall,MIXED,16.1,UTILITY,rune,8473,ボーンアーマー,58,32,26,0.5517241379310345,0.3790849673202614,153,15
overall,MIXED,15.10,ALL,rune,8126,追い打ち,58,32,26,0.5517241379310345,0.08405797101449275,690,15
overall,MIXED,15.15,ALL,rune,8237,追火,58,32,26,0.5517241379310345,0.14146341463414633,410,15
overall,MIXED,16.9,UTILITY,rune,8345,ビスケットデリバリー,58,31,27,0.5344827586206896,0.3670886075949367,158,15
overall,MIXED,16.10,ALL,keystone,8005,プレスアタック,58,31,27,0.5344827586206896,0.05225225225225225,1110,15
overall,MIXED,16.12,BOTTOM,rune,9104,レジェンド: 迅速,58,31,27,0.5344827586206896,0.327683615819209,177,15
overall,MIXED,16.6,UTILITY,rune,8347,宇宙の英知,58,31,27,0.5344827586206896,0.3841059602649007,151,15
overall,MIXED,15.23,ALL,rune,8242,気迫,58,31,27,0.5344827586206896,0.1,580,15
overall,MIXED,15.3,ALL,shard,5011,UNKNOWN(5011),58,30,28,0.5172413793103449,0.14146341463414633,410,15
overall,MIXED,16.7,UTILITY,rune,8237,追火,58,30,28,0.5172413793103449,0.37662337662337664,154,15
overall,MIXED,14.22,BOTTOM,shard,5008,UNKNOWN(5008),58,29,29,0.5,1.0,58,15
overall,MIXED,14.22,MIDDLE,shard,5008,UNKNOWN(5008),58,29,29,0.5,1.0,58,15
overall,MIXED,15.15,ALL,shard,5011,UNKNOWN(5011),58,29,29,0.5,0.14146341463414633,410,15
overall,MIXED,15.24,JUNGLE,rune,8140,グリスリー メメント,58,29,29,0.5,0.1695906432748538,342,15
overall,MIXED,16.17,TOP,keystone,8005,プレスアタック,58,29,29,0.5,0.057539682539682536,1008,15
overall,MIXED,15.16,MIDDLE,rune,8226,マナフローバンド,58,29,29,0.5,0.5370370370370371,108,15
overall,MIXED,16.8,BOTTOM,rune,9103,レジェンド: 血脈,58,29,29,0.5,0.4142857142857143,140,15
overall,MIXED,16.7,ALL,keystone,8437,不死者の握撃,58,29,29,0.5,0.07532467532467532,770,15
overall,MIXED,16.8,TOP,rune,8451,超成長,58,29,29,0.5,0.4142857142857143,140,15
overall,MIXED,16.11,BOTTOM,rune,8304,魔法の靴,58,29,29,0.5,0.2457627118644068,236,15
overall,MIXED,15.20,MIDDLE,shard,5005,UNKNOWN(5005),58,28,30,0.4827586206896552,0.44274809160305345,131,15
overall,MIXED,16.1,MIDDLE,rune,8140,グリスリー メメント,58,28,30,0.4827586206896552,0.37662337662337664,154,15
overall,MIXED,15.12,ALL,keystone,8008,リーサルテンポ,58,28,30,0.4827586206896552,0.11372549019607843,510,15
overall,MIXED,16.12,ALL,keystone,8437,不死者の握撃,58,28,30,0.4827586206896552,0.0651685393258427,890,15
overall,MIXED,16.14,MIDDLE,shard,5007,UNKNOWN(5007),58,27,31,0.46551724137931033,0.08333333333333333,696,15
overall,MIXED,16.3,MIDDLE,rune,8106,至極の賞金首狩り,58,27,31,0.46551724137931033,0.32954545454545453,176,15
overall,MIXED,15.21,JUNGLE,keystone,8010,征服者,58,26,32,0.4482758620689655,0.4915254237288136,118,15
overall,MIXED,15.9,JUNGLE,shard,5005,UNKNOWN(5005),58,25,33,0.43103448275862066,0.6744186046511628,86,15
overall,MIXED,16.13,MIDDLE,keystone,8010,征服者,58,25,33,0.43103448275862066,0.08814589665653495,658,15
overall,MIXED,16.3,BOTTOM,rune,8014,最期の慈悲,58,25,33,0.43103448275862066,0.32954545454545453,176,15
overall,MIXED,16.9,ALL,rune,8126,追い打ち,58,25,33,0.43103448275862066,0.07341772151898734,790,15
overall,MIXED,15.23,BOTTOM,shard,5011,UNKNOWN(5011),58,24,34,0.41379310344827586,0.5,116,15
overall,MIXED,15.14,ALL,keystone,8008,リーサルテンポ,58,24,34,0.41379310344827586,0.12608695652173912,460,15
overall,MIXED,14.22,ALL,rune,8347,宇宙の英知,58,24,34,0.41379310344827586,0.2,290,15
overall,MIXED,15.20,TOP,rune,8451,超成長,58,24,34,0.41379310344827586,0.4393939393939394,132,15
overall,MIXED,15.13,TOP,rune,9105,レジェンド: ヘイスト,58,23,35,0.39655172413793105,0.3020833333333333,192,15
overall,MIXED,16.1,TOP,keystone,8010,征服者,58,22,36,0.3793103448275862,0.37662337662337664,154,15
overall,MIXED,15.12,ALL,rune,8236,強まる嵐,57,35,22,0.6140350877192983,0.11176470588235295,510,15
overall,MIXED,16.14,MIDDLE,keystone,8010,征服者,57,35,22,0.6140350877192983,0.08189655172413793,696,15
overall,MIXED,16.3,ALL,rune,8446,打ちこわし,57,35,22,0.6140350877192983,0.06477272727272727,880,15
overall,MIXED,16.1,TOP,rune,8444,息継ぎ,57,34,23,0.5964912280701754,0.37012987012987014,154,15
overall,MIXED,16.15,JUNGLE,shard,5007,UNKNOWN(5007),57,33,24,0.5789473684210527,0.06900726392251816,826,15
overall,MIXED,15.7,ALL,shard,5011,UNKNOWN(5011),57,33,24,0.5789473684210527,0.12391304347826088,460,15
overall,MIXED,16.17,JUNGLE,rune,8105,執拗な賞金首狩り,57,33,24,0.5789473684210527,0.05654761904761905,1008,15
overall,MIXED,16.11,TOP,rune,8444,息継ぎ,57,33,24,0.5789473684210527,0.24152542372881355,236,15
overall,MIXED,16.4,ALL,rune,8106,至極の賞金首狩り,57,33,24,0.5789473684210527,0.10754716981132076,530,15
overall,MIXED,15.12,ALL,keystone,8112,電撃,57,33,24,0.5789473684210527,0.11176470588235295,510,15
overall,MIXED,15.16,ALL,keystone,8112,電撃,57,33,24,0.5789473684210527,0.10555555555555556,540,15
overall,MIXED,16.7,UTILITY,rune,8345,ビスケットデリバリー,57,32,25,0.5614035087719298,0.37012987012987014,154,15
overall,MIXED,16.17,MIDDLE,keystone,8369,ファーストストライク,57,32,25,0.5614035087719298,0.05654761904761905,1008,15
overall,MIXED,15.21,BOTTOM,keystone,8008,リーサルテンポ,57,32,25,0.5614035087719298,0.48717948717948717,117,15
overall,MIXED,14.22,ALL,rune,8014,最期の慈悲,57,32,25,0.5614035087719298,0.19655172413793104,290,15
overall,MIXED,15.11,ALL,rune,8242,気迫,57,32,25,0.5614035087719298,0.10754716981132076,530,15
overall,MIXED,15.11,TOP,rune,8299,背水の陣,57,32,25,0.5614035087719298,0.5377358490566038,106,15
overall,MIXED,15.17,TOP,rune,8451,超成長,57,32,25,0.5614035087719298,0.35185185185185186,162,15
overall,MIXED,16.14,UTILITY,rune,8304,魔法の靴,57,32,25,0.5614035087719298,0.08189655172413793,696,15
overall,MIXED,15.10,TOP,rune,9111,凱旋,57,31,26,0.543859649122807,0.41304347826086957,138,15
overall,MIXED,15.8,UTILITY,rune,8347,宇宙の英知,57,31,26,0.543859649122807,0.43846153846153846,130,15
overall,MIXED,16.17,JUNGLE,keystone,8230,嵐乗りの勇躍,57,31,26,0.543859649122807,0.05654761904761905,1008,15
overall,MIXED,16.12,JUNGLE,rune,8299,背水の陣,57,31,26,0.543859649122807,0.3202247191011236,178,15
overall,MIXED,16.16,MIDDLE,rune,8135,貪欲な賞金首狩り,57,31,26,0.543859649122807,0.08558558558558559,666,15
overall,MIXED,15.21,BOTTOM,shard,5011,UNKNOWN(5011),57,30,27,0.5263157894736842,0.48717948717948717,117,15
overall,MIXED,16.11,UTILITY,shard,5011,UNKNOWN(5011),57,30,27,0.5263157894736842,0.24152542372881355,236,15
overall,MIXED,15.7,MIDDLE,rune,8226,マナフローバンド,57,30,27,0.5263157894736842,0.6195652173913043,92,15
overall,MIXED,15.24,MIDDLE,rune,9104,レジェンド: 迅速,57,30,27,0.5263157894736842,0.16666666666666666,342,15
overall,MIXED,15.10,UTILITY,rune,8347,宇宙の英知,57,30,27,0.5263157894736842,0.41304347826086957,138,15
overall,MIXED,15.8,JUNGLE,rune,8347,宇宙の英知,57,30,27,0.5263157894736842,0.43846153846153846,130,15
overall,MIXED,15.18,JUNGLE,rune,8014,最期の慈悲,57,30,27,0.5263157894736842,0.43846153846153846,130,15
overall,MIXED,16.1,BOTTOM,rune,8014,最期の慈悲,57,30,27,0.5263157894736842,0.37012987012987014,154,15
overall,MIXED,16.10,JUNGLE,rune,8299,背水の陣,57,30,27,0.5263157894736842,0.25675675675675674,222,15
overall,MIXED,15.1,ALL,rune,8210,至高,57,30,27,0.5263157894736842,0.3,190,15
overall,MIXED,15.2,TOP,shard,5005,UNKNOWN(5005),57,29,28,0.5087719298245614,0.6195652173913043,92,15
overall,MIXED,15.21,UTILITY,shard,5007,UNKNOWN(5007),57,29,28,0.5087719298245614,0.4830508474576271,118,15
overall,MIXED,15.2,ALL,rune,8140,グリスリー メメント,57,29,28,0.5087719298245614,0.12391304347826088,460,15
overall,MIXED,16.15,JUNGLE,rune,8275,ニンバスクローク,57,29,28,0.5087719298245614,0.06900726392251816,826,15
overall,MIXED,16.12,UTILITY,rune,8473,ボーンアーマー,57,29,28,0.5087719298245614,0.3202247191011236,178,15
overall,MIXED,16.18,MIDDLE,rune,8473,ボーンアーマー,57,29,28,0.5087719298245614,0.16964285714285715,336,15
overall,MIXED,15.15,ALL,rune,8451,超成長,57,29,28,0.5087719298245614,0.13902439024390245,410,15
overall,MIXED,15.17,UTILITY,rune,8237,追火,57,29,28,0.5087719298245614,0.35403726708074534,161,15
overall,MIXED,15.3,BOTTOM,shard,5001,UNKNOWN(5001),57,28,29,0.49122807017543857,0.6951219512195121,82,15
overall,MIXED,15.22,UTILITY,shard,5007,UNKNOWN(5007),57,28,29,0.49122807017543857,0.4318181818181818,132,15
overall,MIXED,16.1,BOTTOM,rune,8345,ビスケットデリバリー,57,28,29,0.49122807017543857,0.37012987012987014,154,15
overall,MIXED,16.10,UTILITY,rune,8473,ボーンアーマー,57,28,29,0.49122807017543857,0.25675675675675674,222,15
overall,MIXED,16.5,UTILITY,rune,8473,ボーンアーマー,57,27,30,0.47368421052631576,0.35185185185185186,162,15
overall,MIXED,16.12,TOP,keystone,8010,征服者,57,27,30,0.47368421052631576,0.3202247191011236,178,15
overall,MIXED,16.11,JUNGLE,rune,8299,背水の陣,57,27,30,0.47368421052631576,0.24152542372881355,236,15
overall,MIXED,15.8,TOP,rune,8451,超成長,57,26,31,0.45614035087719296,0.43846153846153846,130,15
overall,MIXED,16.14,BOTTOM,rune,8410,疾駆,57,25,32,0.43859649122807015,0.08189655172413793,696,15
overall,MIXED,15.15,ALL,rune,8106,至極の賞金首狩り,57,25,32,0.43859649122807015,0.13902439024390245,410,15
overall,MIXED,16.16,MIDDLE,rune,8236,強まる嵐,57,24,33,0.42105263157894735,0.08558558558558559,666,15
overall,MIXED,16.5,ALL,rune,8463,生命の泉,57,24,33,0.42105263157894735,0.07037037037037037,810,15
overall,MIXED,16.10,ALL,rune,8401,シールドバッシュ,57,23,34,0.40350877192982454,0.051351351351351354,1110,15
overall,MIXED,16.6,BOTTOM,rune,8017,切り崩し,57,23,34,0.40350877192982454,0.375,152,15
overall,MIXED,16.14,ALL,rune,8306,ヘクステックフラッシュネイター,57,22,35,0.38596491228070173,0.016379310344827588,3480,15
overall,MIXED,16.4,JUNGLE,rune,9104,レジェンド: 迅速,57,22,35,0.38596491228070173,0.5377358490566038,106,15
overall,MIXED,15.3,ALL,rune,8236,強まる嵐,57,22,35,0.38596491228070173,0.13902439024390245,410,15
overall,MIXED,15.10,ALL,rune,8233,英気集中,56,36,20,0.6428571428571429,0.08115942028985507,690,15
overall,MIXED,15.8,TOP,keystone,8010,征服者,56,35,21,0.625,0.4307692307692308,130,15
overall,MIXED,16.9,UTILITY,rune,8237,追火,56,35,21,0.625,0.35443037974683544,158,15
overall,MIXED,15.23,BOTTOM,shard,5001,UNKNOWN(5001),56,34,22,0.6071428571428571,0.4827586206896552,116,15
overall,MIXED,15.16,BOTTOM,shard,5011,UNKNOWN(5011),56,33,23,0.5892857142857143,0.5233644859813084,107,15
overall,MIXED,16.12,UTILITY,keystone,8439,アフターショック,56,33,23,0.5892857142857143,0.3146067415730337,178,15
overall,MIXED,15.17,MIDDLE,rune,8140,グリスリー メメント,56,33,23,0.5892857142857143,0.345679012345679,162,15
overall,MIXED,16.2,BOTTOM,rune,8321,キャッシュバック,56,32,24,0.5714285714285714,0.39436619718309857,142,15
overall,MIXED,16.6,JUNGLE,keystone,8010,征服者,56,32,24,0.5714285714285714,0.3684210526315789,152,15
overall,MIXED,16.1,UTILITY,rune,8242,気迫,56,32,24,0.5714285714285714,0.3660130718954248,153,15
overall,MIXED,15.23,TOP,rune,9111,凱旋,56,31,25,0.5535714285714286,0.4827586206896552,116,15
overall,MIXED,14.20,ALL,rune,8236,強まる嵐,56,31,25,0.5535714285714286,0.12173913043478261,460,15
overall,MIXED,14.20,ALL,rune,8444,息継ぎ,56,31,25,0.5535714285714286,0.12173913043478261,460,15
overall,MIXED,15.20,ALL,rune,8453,生気付与,56,31,25,0.5535714285714286,0.08484848484848485,660,15
overall,MIXED,15.24,MIDDLE,keystone,8229,秘儀の彗星,56,31,25,0.5535714285714286,0.16374269005847952,342,15
overall,MIXED,16.1,UTILITY,rune,8210,至高,56,31,25,0.5535714285714286,0.3660130718954248,153,15
overall,MIXED,16.1,TOP,rune,8451,超成長,56,31,25,0.5535714285714286,0.36363636363636365,154,15
overall,MIXED,16.7,UTILITY,rune,8473,ボーンアーマー,56,30,26,0.5357142857142857,0.36363636363636365,154,15
overall,MIXED,15.12,MIDDLE,rune,8226,マナフローバンド,56,30,26,0.5357142857142857,0.5490196078431373,102,15
overall,MIXED,15.23,JUNGLE,rune,9104,レジェンド: 迅速,56,30,26,0.5357142857142857,0.4827586206896552,116,15
overall,MIXED,15.15,ALL,rune,8017,切り崩し,56,30,26,0.5357142857142857,0.13658536585365855,410,15
overall,MIXED,16.18,JUNGLE,rune,8106,至極の賞金首狩り,56,30,26,0.5357142857142857,0.16666666666666666,336,15
overall,MIXED,16.6,TOP,rune,8451,超成長,56,30,26,0.5357142857142857,0.3684210526315789,152,15
overall,MIXED,15.11,ALL,keystone,8112,電撃,56,30,26,0.5357142857142857,0.10566037735849057,530,15
overall,MIXED,15.12,JUNGLE,rune,8304,魔法の靴,56,30,26,0.5357142857142857,0.5490196078431373,102,15
overall,MIXED,16.8,BOTTOM,shard,5001,UNKNOWN(5001),56,29,27,0.5178571428571429,0.4,140,15
overall,MIXED,14.19,TOP,shard,5005,UNKNOWN(5005),56,29,27,0.5178571428571429,0.6666666666666666,84,15
overall,MIXED,15.17,TOP,rune,8473,ボーンアーマー,56,29,27,0.5178571428571429,0.345679012345679,162,15
overall,MIXED,15.2,ALL,rune,8126,追い打ち,56,29,27,0.5178571428571429,0.12173913043478261,460,15
overall,MIXED,16.6,MIDDLE,shard,5005,UNKNOWN(5005),56,28,28,0.5,0.3684210526315789,152,15
overall,MIXED,14.19,UTILITY,shard,5008,UNKNOWN(5008),56,28,28,0.5,0.6666666666666666,84,15
overall,MIXED,14.20,BOTTOM,rune,9103,レジェンド: 血脈,56,28,28,0.5,0.6086956521739131,92,15
overall,MIXED,15.2,ALL,rune,9103,レジェンド: 血脈,56,28,28,0.5,0.12173913043478261,460,15
overall,MIXED,15.13,BOTTOM,rune,9104,レジェンド: 迅速,56,28,28,0.5,0.2916666666666667,192,15
overall,MIXED,15.23,BOTTOM,rune,8014,最期の慈悲,56,28,28,0.5,0.4827586206896552,116,15
overall,MIXED,16.8,ALL,rune,8453,生気付与,56,28,28,0.5,0.08,700,15
overall,MIXED,15.7,ALL,shard,5007,UNKNOWN(5007),56,27,29,0.48214285714285715,0.12173913043478261,460,15
overall,MIXED,15.8,UTILITY,rune,8226,マナフローバンド,56,27,29,0.48214285714285715,0.4307692307692308,130,15
overall,MIXED,15.18,ALL,rune,8463,生命の泉,56,27,29,0.48214285714285715,0.08615384615384615,650,15
overall,MIXED,16.2,ALL,rune,8463,生命の泉,56,27,29,0.48214285714285715,0.07887323943661972,710,15
overall,MIXED,15.19,UTILITY,rune,8453,生気付与,56,27,29,0.48214285714285715,0.24347826086956523,230,15
overall,MIXED,16.10,UTILITY,rune,8453,生気付与,56,27,29,0.48214285714285715,0.25225225225225223,222,15
overall,MIXED,15.23,ALL,keystone,8229,秘儀の彗星,56,27,29,0.48214285714285715,0.09655172413793103,580,15
overall,MIXED,15.21,JUNGLE,rune,8347,宇宙の英知,56,26,30,0.4642857142857143,0.4745762711864407,118,15
overall,MIXED,16.16,TOP,rune,8236,強まる嵐,56,26,30,0.4642857142857143,0.08408408408408409,666,15
overall,MIXED,15.12,ALL,rune,8444,息継ぎ,56,26,30,0.4642857142857143,0.10980392156862745,510,15
overall,MIXED,15.10,ALL,rune,8463,生命の泉,56,26,30,0.4642857142857143,0.08115942028985507,690,15
overall,MIXED,16.13,BOTTOM,rune,8410,疾駆,56,26,30,0.4642857142857143,0.0851063829787234,658,15
overall,MIXED,15.24,JUNGLE,rune,8135,貪欲な賞金首狩り,56,26,30,0.4642857142857143,0.16374269005847952,342,15
overall,MIXED,16.1,MIDDLE,keystone,8112,電撃,56,26,30,0.4642857142857143,0.36363636363636365,154,15
overall,MIXED,16.17,JUNGLE,keystone,8112,電撃,56,26,30,0.4642857142857143,0.05555555555555555,1008,15
overall,MIXED,15.9,UTILITY,shard,5008,UNKNOWN(5008),56,25,31,0.44642857142857145,0.6511627906976745,86,15
overall,MIXED,16.9,MIDDLE,rune,8140,グリスリー メメント,56,25,31,0.44642857142857145,0.35443037974683544,158,15
overall,MIXED,16.17,JUNGLE,rune,8313,トリプル トニック,56,25,31,0.44642857142857145,0.05555555555555555,1008,15
overall,MIXED,16.14,UTILITY,rune,8009,冷静沈着,56,25,31,0.44642857142857145,0.08045977011494253,696,15
overall,MIXED,16.5,BOTTOM,rune,8014,最期の慈悲,56,25,31,0.44642857142857145,0.345679012345679,162,15
overall,MIXED,15.24,TOP,rune,8242,気迫,56,25,31,0.44642857142857145,0.16374269005847952,342,15
overall,MIXED,16.3,UTILITY,rune,8237,追火,56,25,31,0.44642857142857145,0.3181818181818182,176,15
overall,MIXED,16.9,UTILITY,rune,8473,ボーンアーマー,56,24,32,0.42857142857142855,0.35443037974683544,158,15
overall,MIXED,15.20,UTILITY,shard,5007,UNKNOWN(5007),56,23,33,0.4107142857142857,0.42424242424242425,132,15
overall,MIXED,15.15,ALL,rune,8236,強まる嵐,56,23,33,0.4107142857142857,0.13658536585365855,410,15
overall,MIXED,16.14,MIDDLE,rune,8135,貪欲な賞金首狩り,56,23,33,0.4107142857142857,0.08045977011494253,696,15
overall,MIXED,15.4,ALL,rune,8304,魔法の靴,56,23,33,0.4107142857142857,0.2074074074074074,270,15
overall,MIXED,15.8,UTILITY,shard,5007,UNKNOWN(5007),56,22,34,0.39285714285714285,0.4307692307692308,130,15
overall,MIXED,15.19,ALL,rune,8429,心身調整,56,22,34,0.39285714285714285,0.04869565217391304,1150,15
overall,MIXED,15.13,JUNGLE,rune,8143,サドンインパクト,56,21,35,0.375,0.2916666666666667,192,15
overall,MIXED,16.13,BOTTOM,keystone,8021,フリートフットワーク,56,21,35,0.375,0.0851063829787234,658,15
overall,MIXED,14.21,ALL,rune,8347,宇宙の英知,55,37,18,0.6727272727272727,0.19642857142857142,280,15
overall,MIXED,16.16,ALL,rune,8306,ヘクステックフラッシュネイター,55,34,21,0.6181818181818182,0.016516516516516516,3330,15
overall,MIXED,16.9,TOP,rune,8473,ボーンアーマー,55,34,21,0.6181818181818182,0.34810126582278483,158,15
overall,MIXED,15.17,ALL,keystone,8437,不死者の握撃,55,34,21,0.6181818181818182,0.06790123456790123,810,15
overall,MIXED,15.21,MIDDLE,rune,8226,マナフローバンド,55,33,22,0.6,0.4661016949152542,118,15
overall,MIXED,16.15,JUNGLE,keystone,8021,フリートフットワーク,55,32,23,0.5818181818181818,0.06658595641646489,826,15
overall,MIXED,16.10,UTILITY,keystone,8229,秘儀の彗星,55,32,23,0.5818181818181818,0.24774774774774774,222,15
overall,MIXED,15.17,MIDDLE,keystone,8112,電撃,55,32,23,0.5818181818181818,0.3395061728395062,162,15
overall,MIXED,15.7,ALL,keystone,8112,電撃,55,32,23,0.5818181818181818,0.11956521739130435,460,15
overall,MIXED,16.13,UTILITY,rune,8009,冷静沈着,55,31,24,0.5636363636363636,0.0837138508371385,657,15
overall,MIXED,15.10,ALL,rune,8446,打ちこわし,55,31,24,0.5636363636363636,0.07971014492753623,690,15
overall,MIXED,16.7,ALL,rune,8463,生命の泉,55,31,24,0.5636363636363636,0.07142857142857142,770,15
overall,MIXED,15.19,ALL,rune,8139,血の味わい,55,31,24,0.5636363636363636,0.04782608695652174,1150,15
overall,MIXED,15.9,ALL,rune,8143,サドンインパクト,55,30,25,0.5454545454545454,0.12790697674418605,430,15
overall,MIXED,14.19,BOTTOM,rune,8009,冷静沈着,55,30,25,0.5454545454545454,0.6547619047619048,84,15
overall,MIXED,15.22,UTILITY,rune,8210,至高,55,30,25,0.5454545454545454,0.4166666666666667,132,15
overall,MIXED,16.10,BOTTOM,rune,8304,魔法の靴,55,30,25,0.5454545454545454,0.24774774774774774,222,15
overall,MIXED,15.15,ALL,shard,5007,UNKNOWN(5007),55,29,26,0.5272727272727272,0.13414634146341464,410,15
overall,MIXED,15.14,UTILITY,shard,5008,UNKNOWN(5008),55,29,26,0.5272727272727272,0.5978260869565217,92,15
overall,MIXED,15.18,TOP,rune,8473,ボーンアーマー,55,29,26,0.5272727272727272,0.4230769230769231,130,15
overall,MIXED,16.4,TOP,rune,9111,凱旋,55,29,26,0.5272727272727272,0.5238095238095238,105,15
overall,MIXED,15.19,ALL,rune,8105,執拗な賞金首狩り,55,29,26,0.5272727272727272,0.04782608695652174,1150,15
overall,MIXED,15.15,ALL,rune,8444,息継ぎ,55,29,26,0.5272727272727272,0.13414634146341464,410,15
overall,MIXED,16.15,MIDDLE,rune,8242,気迫,55,29,26,0.5272727272727272,0.06658595641646489,826,15
overall,MIXED,16.3,ALL,rune,8453,生気付与,55,29,26,0.5272727272727272,0.0625,880,15
overall,MIXED,15.17,UTILITY,shard,5007,UNKNOWN(5007),55,28,27,0.509090909090909,0.3416149068322981,161,15
overall,MIXED,14.21,BOTTOM,shard,5008,UNKNOWN(5008),55,28,27,0.509090909090909,0.9821428571428571,56,15
overall,MIXED,14.21,MIDDLE,shard,5008,UNKNOWN(5008),55,28,27,0.509090909090909,1.0,55,15
overall,MIXED,16.4,ALL,rune,8140,グリスリー メメント,55,28,27,0.509090909090909,0.10377358490566038,530,15
overall,MIXED,15.21,UTILITY,rune,8345,ビスケットデリバリー,55,28,27,0.509090909090909,0.4661016949152542,118,15
overall,MIXED,16.15,MIDDLE,keystone,8369,ファーストストライク,55,28,27,0.509090909090909,0.06658595641646489,826,15
overall,MIXED,14.19,JUNGLE,rune,9111,凱旋,55,28,27,0.509090909090909,0.6547619047619048,84,15
overall,MIXED,16.4,ALL,rune,8444,息継ぎ,55,28,27,0.509090909090909,0.10377358490566038,530,15
overall,MIXED,15.7,MIDDLE,rune,8210,至高,55,28,27,0.509090909090909,0.5978260869565217,92,15
overall,MIXED,16.18,ALL,rune,8139,血の味わい,55,28,27,0.509090909090909,0.03273809523809524,1680,15
overall,MIXED,16.1,UTILITY,rune,8237,追火,55,28,27,0.509090909090909,0.35947712418300654,153,15
overall,MIXED,16.14,TOP,rune,8304,魔法の靴,55,28,27,0.509090909090909,0.07902298850574713,696,15
overall,MIXED,14.19,BOTTOM,shard,5005,UNKNOWN(5005),55,27,28,0.4909090909090909,0.6547619047619048,84,15
overall,MIXED,15.9,MIDDLE,shard,5005,UNKNOWN(5005),55,27,28,0.4909090909090909,0.6395348837209303,86,15
overall,MIXED,14.22,JUNGLE,shard,5008,UNKNOWN(5008),55,27,28,0.4909090909090909,0.9482758620689655,58,15
overall,MIXED,15.3,UTILITY,shard,5008,UNKNOWN(5008),55,27,28,0.4909090909090909,0.6707317073170732,82,15
overall,MIXED,16.17,TOP,rune,9103,レジェンド: 血脈,55,27,28,0.4909090909090909,0.054563492063492064,1008,15
overall,MIXED,16.2,UTILITY,rune,8242,気迫,55,27,28,0.4909090909090909,0.3873239436619718,142,15
overall,MIXED,16.15,BOTTOM,rune,8410,疾駆,55,27,28,0.4909090909090909,0.06658595641646489,826,15
overall,MIXED,15.4,ALL,rune,8210,至高,55,27,28,0.4909090909090909,0.2037037037037037,270,15
overall,MIXED,15.8,UTILITY,rune,8210,至高,55,27,28,0.4909090909090909,0.4230769230769231,130,15
overall,MIXED,16.12,ALL,keystone,8005,プレスアタック,55,26,29,0.4727272727272727,0.06179775280898876,890,15
overall,MIXED,16.3,TOP,rune,9104,レジェンド: 迅速,55,26,29,0.4727272727272727,0.3125,176,15
overall,MIXED,15.4,ALL,rune,8347,宇宙の英知,55,26,29,0.4727272727272727,0.2037037037037037,270,15
overall,MIXED,16.15,JUNGLE,keystone,8230,嵐乗りの勇躍,55,26,29,0.4727272727272727,0.06658595641646489,826,15
overall,MIXED,16.5,TOP,rune,8451,超成長,55,26,29,0.4727272727272727,0.3395061728395062,162,15
overall,MIXED,16.5,ALL,rune,8126,追い打ち,55,26,29,0.4727272727272727,0.06790123456790123,810,15
overall,MIXED,15.9,BOTTOM,shard,5001,UNKNOWN(5001),55,25,30,0.45454545454545453,0.6395348837209303,86,15
overall,MIXED,16.5,MIDDLE,rune,8140,グリスリー メメント,55,25,30,0.45454545454545453,0.3395061728395062,162,15
overall,MIXED,16.13,BOTTOM,keystone,8005,プレスアタック,55,25,30,0.45454545454545453,0.08358662613981763,658,15
overall,MIXED,16.1,TOP,rune,8473,ボーンアーマー,55,25,30,0.45454545454545453,0.35714285714285715,154,15
overall,MIXED,15.1,ALL,rune,8226,マナフローバンド,55,25,30,0.45454545454545453,0.2894736842105263,190,15
overall,MIXED,15.22,UTILITY,rune,8347,宇宙の英知,55,25,30,0.45454545454545453,0.4166666666666667,132,15
overall,MIXED,15.14,ALL,keystone,8229,秘儀の彗星,55,25,30,0.45454545454545453,0.11956521739130435,460,15
overall,MIXED,16.3,ALL,rune,8139,血の味わい,55,25,30,0.45454545454545453,0.0625,880,15
overall,MIXED,16.7,ALL,rune,8126,追い打ち,55,25,30,0.45454545454545453,0.07142857142857142,770,15
overall,MIXED,16.7,MIDDLE,rune,8237,追火,55,25,30,0.45454545454545453,0.35714285714285715,154,15
overall,MIXED,15.21,UTILITY,rune,8473,ボーンアーマー,55,24,31,0.43636363636363634,0.4661016949152542,118,15
overall,MIXED,15.21,TOP,rune,9111,凱旋,55,24,31,0.43636363636363634,0.4661016949152542,118,15
overall,MIXED,15.9,MIDDLE,rune,8210,至高,55,24,31,0.43636363636363634,0.6395348837209303,86,15
overall,MIXED,16.6,ALL,rune,8135,貪欲な賞金首狩り,55,24,31,0.43636363636363634,0.07236842105263158,760,15
overall,MIXED,16.17,TOP,keystone,8021,フリートフットワーク,55,23,32,0.41818181818181815,0.054563492063492064,1008,15
overall,MIXED,14.24,ALL,keystone,8010,征服者,55,23,32,0.41818181818181815,0.22,250,15
overall,MIXED,16.4,ALL,rune,8242,気迫,55,23,32,0.41818181818181815,0.10377358490566038,530,15
overall,MIXED,15.19,MIDDLE,keystone,8229,秘儀の彗星,55,23,32,0.41818181818181815,0.2391304347826087,230,15
overall,MIXED,16.17,BOTTOM,keystone,8229,秘儀の彗星,55,23,32,0.41818181818181815,0.054563492063492064,1008,15
overall,MIXED,16.12,ALL,rune,8446,打ちこわし,55,22,33,0.4,0.06179775280898876,890,15
overall,MIXED,16.13,MIDDLE,rune,8135,貪欲な賞金首狩り,55,22,33,0.4,0.08358662613981763,658,15
overall,MIXED,15.17,JUNGLE,keystone,8010,征服者,55,20,35,0.36363636363636365,0.3395061728395062,162,15
overall,MIXED,16.3,UTILITY,rune,8463,生命の泉,54,37,17,0.6851851851851852,0.3068181818181818,176,15
overall,MIXED,16.2,UTILITY,shard,5007,UNKNOWN(5007),54,32,22,0.5925925925925926,0.38028169014084506,142,15
overall,MIXED,14.24,ALL,rune,8138,UNKNOWN(8138),54,32,22,0.5925925925925926,0.216,250,15
overall,MIXED,15.20,TOP,rune,8473,ボーンアーマー,54,32,22,0.5925925925925926,0.4090909090909091,132,15
overall,MIXED,16.3,ALL,keystone,8437,不死者の握撃,54,31,23,0.5740740740740741,0.06136363636363636,880,15
overall,MIXED,16.1,ALL,rune,8463,生命の泉,54,31,23,0.5740740740740741,0.07012987012987013,770,15
overall,MIXED,15.2,UTILITY,rune,8210,至高,54,31,23,0.5740740740740741,0.5869565217391305,92,15
overall,MIXED,16.7,UTILITY,shard,5007,UNKNOWN(5007),54,30,24,0.5555555555555556,0.35064935064935066,154,15
overall,MIXED,15.8,UTILITY,rune,8345,ビスケットデリバリー,54,30,24,0.5555555555555556,0.4153846153846154,130,15
overall,MIXED,15.2,UTILITY,rune,8226,マナフローバンド,54,30,24,0.5555555555555556,0.5869565217391305,92,15
overall,MIXED,15.1,ALL,rune,9111,凱旋,54,30,24,0.5555555555555556,0.28421052631578947,190,15
overall,MIXED,16.11,ALL,keystone,8214,エアリー召喚,54,29,25,0.5370370370370371,0.04576271186440678,1180,15
overall,MIXED,15.14,TOP,rune,9111,凱旋,54,29,25,0.5370370370370371,0.5869565217391305,92,15
overall,MIXED,16.14,TOP,keystone,8005,プレスアタック,54,28,26,0.5185185185185185,0.07758620689655173,696,15
overall,MIXED,16.8,ALL,keystone,8437,不死者の握撃,54,28,26,0.5185185185185185,0.07714285714285714,700,15
overall,MIXED,16.3,BOTTOM,rune,8236,強まる嵐,54,28,26,0.5185185185185185,0.3068181818181818,176,15
overall,MIXED,15.14,MIDDLE,rune,8210,至高,54,28,26,0.5185185185185185,0.5869565217391305,92,15
overall,MIXED,16.4,MIDDLE,rune,8210,至高,54,28,26,0.5185185185185185,0.5094339622641509,106,15
overall,MIXED,14.22,JUNGLE,shard,5001,UNKNOWN(5001),54,27,27,0.5,0.9310344827586207,58,15
overall,MIXED,16.2,BOTTOM,shard,5001,UNKNOWN(5001),54,27,27,0.5,0.38028169014084506,142,15
overall,MIXED,16.4,BOTTOM,shard,5001,UNKNOWN(5001),54,27,27,0.5,0.5094339622641509,106,15
overall,MIXED,15.4,BOTTOM,shard,5008,UNKNOWN(5008),54,27,27,0.5,1.0,54,15
overall,MIXED,15.4,MIDDLE,shard,5008,UNKNOWN(5008),54,27,27,0.5,1.0,54,15
overall,MIXED,15.20,ALL,keystone,8439,アフターショック,54,27,27,0.5,0.08181818181818182,660,15
overall,MIXED,16.4,MIDDLE,rune,8226,マナフローバンド,54,27,27,0.5,0.5094339622641509,106,15
overall,MIXED,16.18,TOP,rune,8009,冷静沈着,54,27,27,0.5,0.16071428571428573,336,15
overall,MIXED,16.9,TOP,keystone,8010,征服者,54,27,27,0.5,0.34177215189873417,158,15
overall,MIXED,16.13,JUNGLE,keystone,8112,電撃,54,27,27,0.5,0.08206686930091185,658,15
overall,MIXED,14.21,TOP,shard,5001,UNKNOWN(5001),54,26,28,0.48148148148148145,0.9642857142857143,56,15
overall,MIXED,15.18,ALL,keystone,8439,アフターショック,54,26,28,0.48148148148148145,0.08307692307692308,650,15
overall,MIXED,15.12,BOTTOM,rune,8345,ビスケットデリバリー,54,26,28,0.48148148148148145,0.5346534653465347,101,15
overall,MIXED,15.14,MIDDLE,rune,8226,マナフローバンド,54,26,28,0.48148148148148145,0.5869565217391305,92,15
overall,MIXED,16.12,BOTTOM,rune,8014,最期の慈悲,54,26,28,0.48148148148148145,0.3050847457627119,177,15
overall,MIXED,15.15,ALL,rune,8242,気迫,54,26,28,0.48148148148148145,0.13170731707317074,410,15
overall,MIXED,15.5,ALL,shard,5005,UNKNOWN(5005),54,25,29,0.46296296296296297,0.54,100,15
overall,MIXED,14.20,UTILITY,shard,5008,UNKNOWN(5008),54,25,29,0.46296296296296297,0.5869565217391305,92,15
overall,MIXED,14.20,BOTTOM,rune,8014,最期の慈悲,54,25,29,0.46296296296296297,0.5869565217391305,92,15
overall,MIXED,15.21,BOTTOM,rune,8014,最期の慈悲,54,25,29,0.46296296296296297,0.46153846153846156,117,15
overall,MIXED,16.18,UTILITY,rune,8453,生気付与,54,25,29,0.46296296296296297,0.16071428571428573,336,15
overall,MIXED,14.20,MIDDLE,shard,5005,UNKNOWN(5005),54,24,30,0.4444444444444444,0.5869565217391305,92,15
overall,MIXED,16.4,ALL,rune,8321,キャッシュバック,54,24,30,0.4444444444444444,0.1018867924528302,530,15
overall,MIXED,16.12,TOP,rune,9104,レジェンド: 迅速,54,24,30,0.4444444444444444,0.30337078651685395,178,15
overall,MIXED,15.23,JUNGLE,rune,8304,魔法の靴,54,24,30,0.4444444444444444,0.46551724137931033,116,15
overall,MIXED,15.24,BOTTOM,keystone,8005,プレスアタック,54,23,31,0.42592592592592593,0.15835777126099707,341,15
overall,MIXED,14.19,ALL,shard,5007,UNKNOWN(5007),54,22,32,0.4074074074074074,0.12857142857142856,420,15
overall,MIXED,16.9,BOTTOM,rune,8321,キャッシュバック,54,22,32,0.4074074074074074,0.34177215189873417,158,15
overall,MIXED,15.18,BOTTOM,rune,8017,切り崩し,54,22,32,0.4074074074074074,0.4153846153846154,130,15
overall,MIXED,16.14,UTILITY,rune,8306,ヘクステックフラッシュネイター,54,21,33,0.3888888888888889,0.07758620689655173,696,15
overall,MIXED,15.18,BOTTOM,rune,8304,魔法の靴,54,21,33,0.3888888888888889,0.4153846153846154,130,15
overall,MIXED,15.16,ALL,rune,9103,レジェンド: 血脈,54,19,35,0.35185185185185186,0.1,540,15
overall,MIXED,16.3,UTILITY,keystone,8439,アフターショック,53,35,18,0.660377358490566,0.30113636363636365,176,15
overall,MIXED,16.16,UTILITY,rune,8306,ヘクステックフラッシュネイター,53,34,19,0.6415094339622641,0.07957957957957958,666,15
overall,MIXED,16.12,ALL,rune,8429,心身調整,53,33,20,0.6226415094339622,0.05955056179775281,890,15
overall,MIXED,15.10,ALL,keystone,8439,アフターショック,53,32,21,0.6037735849056604,0.07681159420289856,690,15
overall,MIXED,16.6,UTILITY,rune,8473,ボーンアーマー,53,32,21,0.6037735849056604,0.3509933774834437,151,15
overall,MIXED,16.1,MIDDLE,rune,8237,追火,53,32,21,0.6037735849056604,0.34415584415584416,154,15
overall,MIXED,16.9,BOTTOM,rune,8236,強まる嵐,53,31,22,0.5849056603773585,0.33544303797468356,158,15
overall,MIXED,15.7,MIDDLE,shard,5005,UNKNOWN(5005),53,30,23,0.5660377358490566,0.5760869565217391,92,15
overall,MIXED,15.11,BOTTOM,rune,8345,ビスケットデリバリー,53,30,23,0.5660377358490566,0.5,106,15
overall,MIXED,16.16,MIDDLE,keystone,8008,リーサルテンポ,53,30,23,0.5660377358490566,0.07957957957957958,666,15
overall,MIXED,15.10,BOTTOM,rune,8236,強まる嵐,53,30,23,0.5660377358490566,0.38405797101449274,138,15
overall,MIXED,15.4,ALL,rune,8106,至極の賞金首狩り,53,30,23,0.5660377358490566,0.1962962962962963,270,15
overall,MIXED,15.2,UTILITY,rune,8237,追火,53,30,23,0.5660377358490566,0.5760869565217391,92,15
overall,MIXED,16.7,MIDDLE,keystone,8112,電撃,53,30,23,0.5660377358490566,0.34415584415584416,154,15
overall,MIXED,16.18,ALL,rune,8316,なんでも屋,53,29,24,0.5471698113207547,0.03154761904761905,1680,15
overall,MIXED,15.20,MIDDLE,rune,8140,グリスリー メメント,53,29,24,0.5471698113207547,0.40458015267175573,131,15
overall,MIXED,16.6,BOTTOM,rune,8236,強まる嵐,53,29,24,0.5471698113207547,0.34868421052631576,152,15
overall,MIXED,15.21,TOP,keystone,8010,征服者,53,29,24,0.5471698113207547,0.4491525423728814,118,15
overall,MIXED,15.2,MIDDLE,rune,8210,至高,53,29,24,0.5471698113207547,0.5760869565217391,92,15
overall,MIXED,16.16,JUNGLE,keystone,8128,魂の収穫,53,29,24,0.5471698113207547,0.07957957957957958,666,15
overall,MIXED,15.2,ALL,shard,5007,UNKNOWN(5007),53,28,25,0.5283018867924528,0.11521739130434783,460,15
overall,MIXED,16.6,UTILITY,rune,8345,ビスケットデリバリー,53,28,25,0.5283018867924528,0.3509933774834437,151,15
overall,MIXED,16.16,BOTTOM,keystone,8021,フリートフットワーク,53,28,25,0.5283018867924528,0.07957957957957958,666,15
overall,MIXED,16.18,JUNGLE,keystone,9923,ヘイルブレード,53,28,25,0.5283018867924528,0.15773809523809523,336,15
overall,MIXED,15.23,ALL,rune,8453,生気付与,53,28,25,0.5283018867924528,0.09137931034482759,580,15
overall,MIXED,14.20,TOP,rune,8299,背水の陣,53,28,25,0.5283018867924528,0.5760869565217391,92,15
overall,MIXED,16.7,BOTTOM,shard,5001,UNKNOWN(5001),53,27,26,0.5094339622641509,0.34415584415584416,154,15
overall,MIXED,15.3,ALL,shard,5007,UNKNOWN(5007),53,27,26,0.5094339622641509,0.12926829268292683,410,15
overall,MIXED,15.13,UTILITY,keystone,8439,アフターショック,53,27,26,0.5094339622641509,0.2760416666666667,192,15
overall,MIXED,16.5,ALL,keystone,8439,アフターショック,53,27,26,0.5094339622641509,0.0654320987654321,810,15
overall,MIXED,15.10,UTILITY,rune,8345,ビスケットデリバリー,53,27,26,0.5094339622641509,0.38405797101449274,138,15
overall,MIXED,16.5,UTILITY,rune,8242,気迫,53,27,26,0.5094339622641509,0.3271604938271605,162,15
overall,MIXED,16.9,ALL,rune,8463,生命の泉,53,27,26,0.5094339622641509,0.0670886075949367,790,15
overall,MIXED,15.4,JUNGLE,shard,5001,UNKNOWN(5001),53,26,27,0.49056603773584906,0.9814814814814815,54,15
overall,MIXED,15.4,TOP,shard,5001,UNKNOWN(5001),53,26,27,0.49056603773584906,0.9814814814814815,54,15
overall,MIXED,16.8,UTILITY,shard,5007,UNKNOWN(5007),53,26,27,0.49056603773584906,0.37857142857142856,140,15
overall,MIXED,14.21,JUNGLE,shard,5008,UNKNOWN(5008),53,26,27,0.49056603773584906,0.9464285714285714,56,15
overall,MIXED,15.15,ALL,rune,8140,グリスリー メメント,53,26,27,0.49056603773584906,0.12926829268292683,410,15
overall,MIXED,16.6,ALL,keystone,8021,フリートフットワーク,53,26,27,0.49056603773584906,0.06973684210526315,760,15
overall,MIXED,15.20,BOTTOM,rune,8017,切り崩し,53,26,27,0.49056603773584906,0.4015151515151515,132,15
overall,MIXED,15.18,UTILITY,rune,8463,生命の泉,53,26,27,0.49056603773584906,0.4076923076923077,130,15
overall,MIXED,15.3,TOP,rune,8299,背水の陣,53,26,27,0.49056603773584906,0.6463414634146342,82,15
overall,MIXED,16.7,ALL,rune,8313,トリプル トニック,53,25,28,0.4716981132075472,0.06883116883116883,770,15
overall,MIXED,15.7,ALL,rune,8242,気迫,53,25,28,0.4716981132075472,0.11521739130434783,460,15
overall,MIXED,15.13,ALL,rune,8463,生命の泉,53,25,28,0.4716981132075472,0.05520833333333333,960,15
overall,MIXED,15.8,ALL,keystone,8439,アフターショック,53,24,29,0.4528301886792453,0.08153846153846153,650,15
overall,MIXED,15.23,BOTTOM,keystone,8008,リーサルテンポ,53,24,29,0.4528301886792453,0.45689655172413796,116,15
overall,MIXED,15.8,ALL,rune,8017,切り崩し,53,24,29,0.4528301886792453,0.08153846153846153,650,15
overall,MIXED,16.5,MIDDLE,keystone,8112,電撃,53,24,29,0.4528301886792453,0.3271604938271605,162,15
overall,MIXED,14.19,MIDDLE,shard,5005,UNKNOWN(5005),53,23,30,0.4339622641509434,0.6309523809523809,84,15
overall,MIXED,16.18,TOP,rune,8453,生気付与,53,23,30,0.4339622641509434,0.15773809523809523,336,15
overall,MIXED,16.9,ALL,rune,8135,貪欲な賞金首狩り,53,23,30,0.4339622641509434,0.0670886075949367,790,15
overall,MIXED,16.5,MIDDLE,rune,8237,追火,53,23,30,0.4339622641509434,0.3271604938271605,162,15
overall,MIXED,15.9,BOTTOM,rune,8009,冷静沈着,53,22,31,0.41509433962264153,0.6162790697674418,86,15
overall,MIXED,16.15,MIDDLE,rune,8135,貪欲な賞金首狩り,53,22,31,0.41509433962264153,0.06416464891041163,826,15
overall,MIXED,16.15,JUNGLE,rune,8126,追い打ち,53,22,31,0.41509433962264153,0.06416464891041163,826,15
overall,MIXED,16.15,JUNGLE,rune,8105,執拗な賞金首狩り,53,21,32,0.39622641509433965,0.06416464891041163,826,15
overall,MIXED,15.12,BOTTOM,shard,5011,UNKNOWN(5011),53,19,34,0.3584905660377358,0.5247524752475248,101,15
overall,MIXED,15.9,ALL,shard,5007,UNKNOWN(5007),52,31,21,0.5961538461538461,0.12093023255813953,430,15
overall,MIXED,16.18,UTILITY,rune,8401,シールドバッシュ,52,31,21,0.5961538461538461,0.15476190476190477,336,15
overall,MIXED,15.14,ALL,keystone,8005,プレスアタック,52,31,21,0.5961538461538461,0.11304347826086956,460,15
overall,MIXED,15.10,BOTTOM,keystone,8008,リーサルテンポ,52,31,21,0.5961538461538461,0.37681159420289856,138,15
overall,MIXED,15.18,ALL,rune,8126,追い打ち,52,31,21,0.5961538461538461,0.08,650,15
overall,MIXED,14.20,ALL,rune,8143,サドンインパクト,52,30,22,0.5769230769230769,0.11304347826086956,460,15
overall,MIXED,15.12,JUNGLE,rune,8014,最期の慈悲,52,30,22,0.5769230769230769,0.5098039215686274,102,15
overall,MIXED,15.23,JUNGLE,rune,8014,最期の慈悲,52,30,22,0.5769230769230769,0.4482758620689655,116,15
overall,MIXED,16.12,ALL,rune,8410,疾駆,52,30,22,0.5769230769230769,0.058426966292134834,890,15
overall,MIXED,16.16,TOP,rune,8224,アクシオム アルカニスト,52,29,23,0.5576923076923077,0.07807807807807808,666,15
overall,MIXED,16.6,BOTTOM,rune,8321,キャッシュバック,52,29,23,0.5576923076923077,0.34210526315789475,152,15
overall,MIXED,16.7,MIDDLE,rune,8140,グリスリー メメント,52,29,23,0.5576923076923077,0.33766233766233766,154,15
overall,MIXED,15.14,BOTTOM,rune,8345,ビスケットデリバリー,52,29,23,0.5576923076923077,0.5652173913043478,92,15
overall,MIXED,15.8,TOP,rune,8473,ボーンアーマー,52,29,23,0.5576923076923077,0.4,130,15
overall,MIXED,16.4,UTILITY,rune,8226,マナフローバンド,52,29,23,0.5576923076923077,0.49056603773584906,106,15
overall,MIXED,15.22,TOP,keystone,8010,征服者,52,29,23,0.5576923076923077,0.3939393939393939,132,15
overall,MIXED,16.2,TOP,rune,8444,息継ぎ,52,29,23,0.5576923076923077,0.36619718309859156,142,15
overall,MIXED,15.8,UTILITY,rune,8242,気迫,52,29,23,0.5576923076923077,0.4,130,15
overall,MIXED,15.14,BOTTOM,shard,5001,UNKNOWN(5001),52,28,24,0.5384615384615384,0.5652173913043478,92,15
overall,MIXED,16.9,TOP,rune,9104,レジェンド: 迅速,52,28,24,0.5384615384615384,0.3291139240506329,158,15
overall,MIXED,14.19,BOTTOM,rune,8014,最期の慈悲,52,28,24,0.5384615384615384,0.6190476190476191,84,15
overall,MIXED,15.21,JUNGLE,rune,8014,最期の慈悲,52,28,24,0.5384615384615384,0.4406779661016949,118,15
overall,MIXED,16.2,ALL,rune,8313,トリプル トニック,52,27,25,0.5192307692307693,0.07323943661971831,710,15
overall,MIXED,16.7,TOP,rune,8473,ボーンアーマー,52,27,25,0.5192307692307693,0.33766233766233766,154,15
overall,MIXED,15.7,ALL,rune,8236,強まる嵐,52,27,25,0.5192307692307693,0.11304347826086956,460,15
overall,MIXED,15.17,TOP,rune,8444,息継ぎ,52,27,25,0.5192307692307693,0.32098765432098764,162,15
overall,MIXED,16.17,UTILITY,rune,8137,第六感,52,27,25,0.5192307692307693,0.051587301587301584,1008,15
overall,MIXED,16.1,ALL,rune,8135,貪欲な賞金首狩り,52,27,25,0.5192307692307693,0.06753246753246753,770,15
overall,MIXED,15.22,MIDDLE,keystone,8112,電撃,52,27,25,0.5192307692307693,0.3939393939393939,132,15
overall,MIXED,15.22,BOTTOM,rune,8304,魔法の靴,52,27,25,0.5192307692307693,0.3939393939393939,132,15
overall,MIXED,14.22,MIDDLE,shard,5001,UNKNOWN(5001),52,26,26,0.5,0.896551724137931,58,15
overall,MIXED,16.9,TOP,rune,8444,息継ぎ,52,26,26,0.5,0.3291139240506329,158,15
overall,MIXED,16.6,BOTTOM,rune,8014,最期の慈悲,52,26,26,0.5,0.34210526315789475,152,15
overall,MIXED,16.7,BOTTOM,rune,8014,最期の慈悲,52,26,26,0.5,0.33766233766233766,154,15
overall,MIXED,14.19,TOP,rune,8299,背水の陣,52,26,26,0.5,0.6190476190476191,84,15
overall,MIXED,16.1,ALL,rune,8233,英気集中,52,26,26,0.5,0.06753246753246753,770,15
overall,MIXED,15.22,UTILITY,rune,8237,追火,52,26,26,0.5,0.3939393939393939,132,15
overall,MIXED,16.4,MIDDLE,shard,5005,UNKNOWN(5005),52,25,27,0.4807692307692308,0.49056603773584906,106,15
overall,MIXED,15.12,ALL,shard,5007,UNKNOWN(5007),52,25,27,0.4807692307692308,0.10196078431372549,510,15
overall,MIXED,15.4,JUNGLE,shard,5008,UNKNOWN(5008),52,25,27,0.4807692307692308,0.9629629629629629,54,15
overall,MIXED,15.23,UTILITY,rune,8226,マナフローバンド,52,25,27,0.4807692307692308,0.4482758620689655,116,15
overall,MIXED,16.11,JUNGLE,rune,9105,レジェンド: ヘイスト,52,25,27,0.4807692307692308,0.22033898305084745,236,15
overall,MIXED,16.14,TOP,rune,8410,疾駆,52,25,27,0.4807692307692308,0.07471264367816093,696,15
overall,MIXED,16.9,MIDDLE,rune,8106,至極の賞金首狩り,52,25,27,0.4807692307692308,0.3291139240506329,158,15
overall,MIXED,14.21,JUNGLE,shard,5001,UNKNOWN(5001),52,24,28,0.46153846153846156,0.9285714285714286,56,15
overall,MIXED,14.20,JUNGLE,shard,5005,UNKNOWN(5005),52,24,28,0.46153846153846156,0.5652173913043478,92,15
overall,MIXED,15.24,BOTTOM,rune,8226,マナフローバンド,52,24,28,0.46153846153846156,0.15249266862170088,341,15
overall,MIXED,15.12,TOP,rune,9111,凱旋,52,24,28,0.46153846153846156,0.5098039215686274,102,15
overall,MIXED,14.19,ALL,rune,8242,気迫,52,24,28,0.46153846153846156,0.12380952380952381,420,15
overall,MIXED,15.19,JUNGLE,rune,8299,背水の陣,52,24,28,0.46153846153846156,0.22510822510822512,231,15
overall,MIXED,15.8,BOTTOM,rune,8233,英気集中,52,24,28,0.46153846153846156,0.4,130,15
overall,MIXED,15.9,ALL,keystone,8112,電撃,52,24,28,0.46153846153846156,0.12093023255813953,430,15
overall,MIXED,15.10,ALL,keystone,8005,プレスアタック,52,23,29,0.4423076923076923,0.07536231884057971,690,15
overall,MIXED,14.21,ALL,keystone,8010,征服者,52,23,29,0.4423076923076923,0.18571428571428572,280,15
overall,MIXED,15.3,TOP,shard,5005,UNKNOWN(5005),52,22,30,0.4230769230769231,0.6341463414634146,82,15
overall,MIXED,16.15,JUNGLE,rune,8321,キャッシュバック,52,22,30,0.4230769230769231,0.06295399515738499,826,15
overall,MIXED,16.8,UTILITY,rune,8237,追火,52,22,30,0.4230769230769231,0.37142857142857144,140,15
overall,MIXED,16.9,MIDDLE,keystone,8112,電撃,52,22,30,0.4230769230769231,0.3291139240506329,158,15
overall,MIXED,16.9,UTILITY,rune,8242,気迫,52,21,31,0.40384615384615385,0.3291139240506329,158,15
overall,MIXED,15.18,BOTTOM,rune,9103,レジェンド: 血脈,52,20,32,0.38461538461538464,0.4,130,15
overall,MIXED,15.24,ALL,rune,8313,トリプル トニック,52,18,34,0.34615384615384615,0.0304093567251462,1710,15
overall,MIXED,15.8,ALL,keystone,8437,不死者の握撃,52,17,35,0.3269230769230769,0.08,650,15
overall,MIXED,16.17,JUNGLE,rune,8224,アクシオム アルカニスト,52,16,36,0.3076923076923077,0.051587301587301584,1008,15
overall,MIXED,16.10,ALL,rune,8316,なんでも屋,51,32,19,0.6274509803921569,0.04594594594594595,1110,15
overall,MIXED,16.3,UTILITY,rune,8242,気迫,51,31,20,0.6078431372549019,0.2897727272727273,176,15
overall,MIXED,16.17,UTILITY,rune,8234,追い風,51,31,20,0.6078431372549019,0.050595238095238096,1008,15
overall,MIXED,16.4,UTILITY,rune,8210,至高,51,30,21,0.5882352941176471,0.4811320754716981,106,15
overall,MIXED,15.8,ALL,keystone,8005,プレスアタック,51,29,22,0.5686274509803921,0.07846153846153846,650,15
overall,MIXED,15.7,TOP,rune,8299,背水の陣,51,29,22,0.5686274509803921,0.5543478260869565,92,15
overall,MIXED,15.20,ALL,rune,8126,追い打ち,51,29,22,0.5686274509803921,0.07727272727272727,660,15
overall,MIXED,14.21,ALL,rune,8304,魔法の靴,51,29,22,0.5686274509803921,0.18214285714285713,280,15
overall,MIXED,14.21,MIDDLE,shard,5001,UNKNOWN(5001),51,28,23,0.5490196078431373,0.9272727272727272,55,15
overall,MIXED,15.14,JUNGLE,rune,8014,最期の慈悲,51,27,24,0.5294117647058824,0.5543478260869565,92,15
overall,MIXED,16.16,BOTTOM,rune,8237,追火,51,27,24,0.5294117647058824,0.07657657657657657,666,15
overall,MIXED,16.4,BOTTOM,shard,5011,UNKNOWN(5011),51,26,25,0.5098039215686274,0.4811320754716981,106,15
overall,MIXED,16.14,JUNGLE,rune,8321,キャッシュバック,51,26,25,0.5098039215686274,0.07327586206896551,696,15
overall,MIXED,16.8,UTILITY,rune,8345,ビスケットデリバリー,51,26,25,0.5098039215686274,0.36428571428571427,140,15
overall,MIXED,15.22,TOP,rune,8473,ボーンアーマー,51,26,25,0.5098039215686274,0.38636363636363635,132,15
overall,MIXED,15.3,MIDDLE,rune,8210,至高,51,26,25,0.5098039215686274,0.6219512195121951,82,15
overall,MIXED,16.10,MIDDLE,rune,8451,超成長,51,26,25,0.5098039215686274,0.22972972972972974,222,15
overall,MIXED,16.6,UTILITY,rune,8237,追火,51,26,25,0.5098039215686274,0.33774834437086093,151,15
overall,MIXED,14.22,TOP,shard,5001,UNKNOWN(5001),51,25,26,0.49019607843137253,0.8793103448275862,58,15
overall,MIXED,15.11,ALL,shard,5007,UNKNOWN(5007),51,25,26,0.49019607843137253,0.09622641509433963,530,15
overall,MIXED,16.11,ALL,shard,5010,UNKNOWN(5010),51,25,26,0.49019607843137253,0.043220338983050846,1180,15
overall,MIXED,15.22,MIDDLE,rune,8140,グリスリー メメント,51,25,26,0.49019607843137253,0.38636363636363635,132,15
overall,MIXED,16.3,TOP,rune,9105,レジェンド: ヘイスト,51,25,26,0.49019607843137253,0.2897727272727273,176,15
overall,MIXED,15.16,JUNGLE,rune,9104,レジェンド: 迅速,51,25,26,0.49019607843137253,0.4722222222222222,108,15
overall,MIXED,15.24,MIDDLE,rune,8009,冷静沈着,51,25,26,0.49019607843137253,0.14912280701754385,342,15
overall,MIXED,16.10,UTILITY,rune,8242,気迫,51,25,26,0.49019607843137253,0.22972972972972974,222,15
overall,MIXED,16.1,ALL,rune,8453,生気付与,51,25,26,0.49019607843137253,0.06623376623376623,770,15
overall,MIXED,16.17,TOP,keystone,8229,秘儀の彗星,51,25,26,0.49019607843137253,0.050595238095238096,1008,15
overall,MIXED,16.8,MIDDLE,rune,8237,追火,51,25,26,0.49019607843137253,0.36428571428571427,140,15
overall,MIXED,15.20,MIDDLE,keystone,8112,電撃,51,25,26,0.49019607843137253,0.3893129770992366,131,15
overall,MIXED,15.15,UTILITY,shard,5008,UNKNOWN(5008),51,24,27,0.47058823529411764,0.6219512195121951,82,15
overall,MIXED,16.6,TOP,rune,9105,レジェンド: ヘイスト,51,24,27,0.47058823529411764,0.3355263157894737,152,15
overall,MIXED,15.13,TOP,rune,9104,レジェンド: 迅速,51,24,27,0.47058823529411764,0.265625,192,15
overall,MIXED,15.21,ALL,keystone,8437,不死者の握撃,51,24,27,0.47058823529411764,0.08644067796610169,590,15
overall,MIXED,16.9,ALL,keystone,8437,不死者の握撃,51,24,27,0.47058823529411764,0.06455696202531645,790,15
overall,MIXED,15.17,BOTTOM,rune,8236,強まる嵐,51,24,27,0.47058823529411764,0.3148148148148148,162,15
overall,MIXED,15.7,JUNGLE,keystone,8010,征服者,51,24,27,0.47058823529411764,0.5543478260869565,92,15
overall,MIXED,16.13,MIDDLE,keystone,8008,リーサルテンポ,51,23,28,0.45098039215686275,0.07750759878419453,658,15
overall,MIXED,16.5,TOP,rune,9104,レジェンド: 迅速,51,23,28,0.45098039215686275,0.3148148148148148,162,15
overall,MIXED,15.20,ALL,keystone,8437,不死者の握撃,51,23,28,0.45098039215686275,0.07727272727272727,660,15
overall,MIXED,15.23,JUNGLE,rune,8347,宇宙の英知,51,23,28,0.45098039215686275,0.4396551724137931,116,15
overall,MIXED,16.15,JUNGLE,rune,8236,強まる嵐,51,23,28,0.45098039215686275,0.06174334140435835,826,15
overall,MIXED,15.7,ALL,rune,8444,息継ぎ,51,23,28,0.45098039215686275,0.1108695652173913,460,15
overall,MIXED,16.3,ALL,rune,8410,疾駆,51,23,28,0.45098039215686275,0.05795454545454545,880,15
overall,MIXED,14.20,ALL,keystone,8229,秘儀の彗星,51,23,28,0.45098039215686275,0.1108695652173913,460,15
overall,MIXED,16.5,ALL,rune,8139,血の味わい,51,23,28,0.45098039215686275,0.06296296296296296,810,15
overall,MIXED,15.11,JUNGLE,rune,8304,魔法の靴,51,23,28,0.45098039215686275,0.4811320754716981,106,15
overall,MIXED,15.14,ALL,shard,5007,UNKNOWN(5007),51,22,29,0.43137254901960786,0.1108695652173913,460,15
overall,MIXED,15.16,UTILITY,rune,8226,マナフローバンド,51,22,29,0.43137254901960786,0.4722222222222222,108,15
overall,MIXED,16.14,JUNGLE,keystone,8008,リーサルテンポ,51,22,29,0.43137254901960786,0.07327586206896551,696,15
overall,MIXED,14.24,ALL,rune,8014,最期の慈悲,51,22,29,0.43137254901960786,0.204,250,15
overall,MIXED,15.16,BOTTOM,shard,5001,UNKNOWN(5001),51,21,30,0.4117647058823529,0.4766355140186916,107,15
overall,MIXED,16.17,JUNGLE,shard,5010,UNKNOWN(5010),51,21,30,0.4117647058823529,0.050595238095238096,1008,15
overall,MIXED,15.7,JUNGLE,rune,9104,レジェンド: 迅速,51,21,30,0.4117647058823529,0.5543478260869565,92,15
overall,MIXED,16.5,ALL,keystone,8005,プレスアタック,51,20,31,0.39215686274509803,0.06296296296296296,810,15
overall,MIXED,16.5,UTILITY,rune,8463,生命の泉,51,20,31,0.39215686274509803,0.3148148148148148,162,15
overall,MIXED,16.9,ALL,keystone,8005,プレスアタック,51,17,34,0.3333333333333333,0.06455696202531645,790,15
overall,MIXED,15.17,TOP,rune,8446,打ちこわし,50,32,18,0.64,0.30864197530864196,162,15
overall,MIXED,15.24,ALL,rune,8105,執拗な賞金首狩り,50,31,19,0.62,0.029239766081871343,1710,15
overall,MIXED,14.21,ALL,rune,8345,ビスケットデリバリー,50,30,20,0.6,0.17857142857142858,280,15
overall,MIXED,16.6,ALL,keystone,8005,プレスアタック,50,30,20,0.6,0.06578947368421052,760,15
overall,MIXED,16.12,UTILITY,rune,8463,生命の泉,50,30,20,0.6,0.2808988764044944,178,15
overall,MIXED,14.19,ALL,keystone,8229,秘儀の彗星,50,30,20,0.6,0.11904761904761904,420,15
overall,MIXED,16.15,MIDDLE,rune,8126,追い打ち,50,30,20,0.6,0.06053268765133172,826,15
overall,MIXED,16.15,ALL,rune,8141,ディープワード,50,29,21,0.58,0.012106537530266344,4130,15
overall,MIXED,15.20,UTILITY,rune,8345,ビスケットデリバリー,50,29,21,0.58,0.3787878787878788,132,15
overall,MIXED,15.4,ALL,rune,8473,ボーンアーマー,50,29,21,0.58,0.18518518518518517,270,15
overall,MIXED,15.12,ALL,rune,9103,レジェンド: 血脈,50,29,21,0.58,0.09803921568627451,510,15
overall,MIXED,15.23,UTILITY,rune,8347,宇宙の英知,50,29,21,0.58,0.43103448275862066,116,15
overall,MIXED,16.15,UTILITY,rune,8429,心身調整,50,29,21,0.58,0.06053268765133172,826,15
overall,MIXED,15.10,MIDDLE,rune,8237,追火,50,29,21,0.58,0.36231884057971014,138,15
overall,MIXED,16.3,ALL,keystone,8369,ファーストストライク,50,28,22,0.56,0.056818181818181816,880,15
overall,MIXED,14.24,ALL,rune,8226,マナフローバンド,50,28,22,0.56,0.2,250,15
overall,MIXED,14.20,ALL,rune,8242,気迫,50,28,22,0.56,0.10869565217391304,460,15
overall,MIXED,15.24,MIDDLE,rune,8299,背水の陣,50,28,22,0.56,0.14619883040935672,342,15
overall,MIXED,16.2,ALL,rune,8126,追い打ち,50,28,22,0.56,0.07042253521126761,710,15
overall,MIXED,16.8,MIDDLE,rune,8140,グリスリー メメント,50,27,23,0.54,0.35714285714285715,140,15
overall,MIXED,15.11,ALL,rune,8143,サドンインパクト,50,27,23,0.54,0.09433962264150944,530,15
overall,MIXED,15.20,BOTTOM,rune,9104,レジェンド: 迅速,50,27,23,0.54,0.3787878787878788,132,15
overall,MIXED,16.2,ALL,keystone,8437,不死者の握撃,50,27,23,0.54,0.07042253521126761,710,15
overall,MIXED,16.17,UTILITY,rune,8105,執拗な賞金首狩り,50,27,23,0.54,0.0496031746031746,1008,15
overall,MIXED,15.18,JUNGLE,keystone,8010,征服者,50,27,23,0.54,0.38461538461538464,130,15
overall,MIXED,15.4,ALL,keystone,8010,征服者,50,27,23,0.54,0.18518518518518517,270,15
overall,MIXED,15.21,ALL,rune,8446,打ちこわし,50,27,23,0.54,0.0847457627118644,590,15
overall,MIXED,15.13,BOTTOM,rune,8233,英気集中,50,27,23,0.54,0.2604166666666667,192,15
overall,MIXED,16.10,ALL,rune,8139,血の味わい,50,27,23,0.54,0.04504504504504504,1110,15
overall,MIXED,14.22,UTILITY,shard,5001,UNKNOWN(5001),50,26,24,0.52,0.8620689655172413,58,15
overall,MIXED,16.1,ALL,keystone,8439,アフターショック,50,26,24,0.52,0.06493506493506493,770,15
overall,MIXED,16.2,ALL,keystone,8439,アフターショック,50,26,24,0.52,0.07042253521126761,710,15
overall,MIXED,16.10,ALL,rune,8313,トリプル トニック,50,26,24,0.52,0.04504504504504504,1110,15
overall,MIXED,16.7,TOP,keystone,8437,不死者の握撃,50,26,24,0.52,0.3246753246753247,154,15
overall,MIXED,16.18,MIDDLE,rune,9111,凱旋,50,26,24,0.52,0.1488095238095238,336,15
overall,MIXED,15.21,TOP,rune,8451,超成長,50,26,24,0.52,0.423728813559322,118,15
overall,MIXED,15.23,UTILITY,shard,5007,UNKNOWN(5007),50,25,25,0.5,0.43103448275862066,116,15
overall,MIXED,14.24,BOTTOM,shard,5008,UNKNOWN(5008),50,25,25,0.5,1.0,50,15
overall,MIXED,15.7,UTILITY,shard,5008,UNKNOWN(5008),50,25,25,0.5,0.5434782608695652,92,15
overall,MIXED,15.20,UTILITY,keystone,8439,アフターショック,50,25,25,0.5,0.3787878787878788,132,15
overall,MIXED,16.10,ALL,keystone,8439,アフターショック,50,25,25,0.5,0.04504504504504504,1110,15
overall,MIXED,16.12,TOP,keystone,8437,不死者の握撃,50,25,25,0.5,0.2808988764044944,178,15
overall,MIXED,15.10,ALL,rune,8453,生気付与,50,25,25,0.5,0.07246376811594203,690,15
overall,MIXED,15.8,ALL,rune,8453,生気付与,50,25,25,0.5,0.07692307692307693,650,15
overall,MIXED,16.13,JUNGLE,rune,8137,第六感,50,25,25,0.5,0.07598784194528875,658,15
overall,MIXED,14.22,ALL,rune,9105,レジェンド: ヘイスト,50,24,26,0.48,0.1724137931034483,290,15
overall,MIXED,15.11,TOP,rune,8451,超成長,50,24,26,0.48,0.4716981132075472,106,15
overall,MIXED,16.2,UTILITY,rune,8237,追火,50,24,26,0.48,0.352112676056338,142,15
overall,MIXED,16.17,JUNGLE,shard,5011,UNKNOWN(5011),50,23,27,0.46,0.0496031746031746,1008,15
overall,MIXED,15.18,UTILITY,keystone,8439,アフターショック,50,23,27,0.46,0.38461538461538464,130,15
overall,MIXED,15.22,UTILITY,rune,8345,ビスケットデリバリー,50,23,27,0.46,0.3787878787878788,132,15
overall,MIXED,15.14,ALL,rune,9103,レジェンド: 血脈,50,23,27,0.46,0.10869565217391304,460,15
overall,MIXED,15.10,UTILITY,rune,8242,気迫,50,23,27,0.46,0.36231884057971014,138,15
overall,MIXED,14.23,ALL,rune,8299,背水の陣,50,23,27,0.46,0.23809523809523808,210,15
overall,MIXED,16.8,ALL,rune,8135,貪欲な賞金首狩り,50,23,27,0.46,0.07142857142857142,700,15
overall,MIXED,14.19,JUNGLE,shard,5005,UNKNOWN(5005),50,22,28,0.44,0.5952380952380952,84,15
overall,MIXED,15.13,BOTTOM,keystone,8005,プレスアタック,50,22,28,0.44,0.2604166666666667,192,15
overall,MIXED,14.20,TOP,rune,9111,凱旋,50,22,28,0.44,0.5434782608695652,92,15
overall,MIXED,15.2,TOP,rune,9111,凱旋,50,22,28,0.44,0.5434782608695652,92,15
overall,MIXED,16.11,ALL,rune,8429,心身調整,50,22,28,0.44,0.0423728813559322,1180,15
overall,MIXED,15.13,UTILITY,rune,8463,生命の泉,50,22,28,0.44,0.2604166666666667,192,15
overall,MIXED,15.7,BOTTOM,rune,8014,最期の慈悲,50,21,29,0.42,0.5434782608695652,92,15
overall,MIXED,14.22,ALL,rune,8138,UNKNOWN(8138),50,20,30,0.4,0.1724137931034483,290,15
overall,MIXED,16.18,ALL,keystone,8214,エアリー召喚,50,20,30,0.4,0.02976190476190476,1680,15
overall,MIXED,15.22,ALL,rune,8233,英気集中,50,20,30,0.4,0.07575757575757576,660,15
overall,MIXED,16.14,TOP,rune,8226,マナフローバンド,50,19,31,0.38,0.07183908045977011,696,15
overall,MIXED,16.18,MIDDLE,keystone,8992,死神の残り火,50,19,31,0.38,0.1488095238095238,336,15
overall,MIXED,15.24,MIDDLE,rune,8347,宇宙の英知,50,18,32,0.36,0.14619883040935672,342,15
overall,MIXED,15.10,BOTTOM,rune,8017,切り崩し,50,17,33,0.34,0.36231884057971014,138,15
overall,MIXED,15.8,ALL,rune,8463,生命の泉,50,16,34,0.32,0.07692307692307693,650,15
overall,MIXED,15.20,ALL,rune,8233,英気集中,49,32,17,0.6530612244897959,0.07424242424242425,660,15
overall,MIXED,16.13,TOP,rune,8224,アクシオム アルカニスト,49,31,18,0.6326530612244898,0.07446808510638298,658,15
overall,MIXED,16.5,TOP,rune,9105,レジェンド: ヘイスト,49,30,19,0.6122448979591837,0.30246913580246915,162,15
overall,MIXED,16.10,ALL,rune,8275,ニンバスクローク,49,29,20,0.5918367346938775,0.044144144144144144,1110,15
overall,MIXED,16.6,MIDDLE,rune,8106,至極の賞金首狩り,49,29,20,0.5918367346938775,0.3223684210526316,152,15
overall,MIXED,15.15,MIDDLE,shard,5005,UNKNOWN(5005),49,28,21,0.5714285714285714,0.5975609756097561,82,15
overall,MIXED,16.13,JUNGLE,shard,5007,UNKNOWN(5007),49,28,21,0.5714285714285714,0.07446808510638298,658,15
overall,MIXED,16.11,MIDDLE,rune,8143,サドンインパクト,49,28,21,0.5714285714285714,0.2076271186440678,236,15
overall,MIXED,16.10,JUNGLE,rune,9105,レジェンド: ヘイスト,49,28,21,0.5714285714285714,0.22072072072072071,222,15
overall,MIXED,15.12,JUNGLE,rune,8347,宇宙の英知,49,28,21,0.5714285714285714,0.4803921568627451,102,15
overall,MIXED,15.24,BOTTOM,rune,8347,宇宙の英知,49,28,21,0.5714285714285714,0.1436950146627566,341,15
overall,MIXED,16.7,UTILITY,rune,8463,生命の泉,49,28,21,0.5714285714285714,0.3181818181818182,154,15
overall,MIXED,15.12,MIDDLE,keystone,8112,電撃,49,28,21,0.5714285714285714,0.4803921568627451,102,15
overall,MIXED,15.7,ALL,rune,8143,サドンインパクト,49,27,22,0.5510204081632653,0.10652173913043478,460,15
overall,MIXED,15.12,ALL,keystone,8005,プレスアタック,49,27,22,0.5510204081632653,0.09607843137254903,510,15
overall,MIXED,16.1,TOP,rune,9104,レジェンド: 迅速,49,27,22,0.5510204081632653,0.3181818181818182,154,15
overall,MIXED,15.3,ALL,rune,8444,息継ぎ,49,27,22,0.5510204081632653,0.11951219512195121,410,15
overall,MIXED,16.7,ALL,rune,8453,生気付与,49,27,22,0.5510204081632653,0.06363636363636363,770,15
overall,MIXED,14.22,ALL,rune,8106,至極の賞金首狩り,49,27,22,0.5510204081632653,0.16896551724137931,290,15
overall,MIXED,16.12,MIDDLE,rune,8451,超成長,49,27,22,0.5510204081632653,0.2752808988764045,178,15
overall,MIXED,15.22,MIDDLE,rune,8237,追火,49,27,22,0.5510204081632653,0.3712121212121212,132,15
overall,MIXED,16.11,ALL,keystone,8021,フリートフットワーク,49,26,23,0.5306122448979592,0.04152542372881356,1180,15
overall,MIXED,15.18,UTILITY,rune,8226,マナフローバンド,49,26,23,0.5306122448979592,0.3769230769230769,130,15
overall,MIXED,16.12,JUNGLE,rune,9105,レジェンド: ヘイスト,49,26,23,0.5306122448979592,0.2752808988764045,178,15
overall,MIXED,15.16,UTILITY,rune,8347,宇宙の英知,49,26,23,0.5306122448979592,0.4537037037037037,108,15
overall,MIXED,16.2,TOP,keystone,8010,征服者,49,26,23,0.5306122448979592,0.34507042253521125,142,15
overall,MIXED,16.4,TOP,keystone,8010,征服者,49,26,23,0.5306122448979592,0.4666666666666667,105,15
overall,MIXED,16.16,MIDDLE,rune,8242,気迫,49,26,23,0.5306122448979592,0.07357357357357357,666,15
overall,MIXED,16.9,ALL,rune,8453,生気付与,49,26,23,0.5306122448979592,0.0620253164556962,790,15
overall,MIXED,15.10,ALL,rune,8234,追い風,49,26,23,0.5306122448979592,0.07101449275362319,690,15
overall,MIXED,15.8,ALL,rune,8401,シールドバッシュ,49,25,24,0.5102040816326531,0.07538461538461538,650,15
overall,MIXED,16.6,TOP,rune,9104,レジェンド: 迅速,49,25,24,0.5102040816326531,0.3223684210526316,152,15
overall,MIXED,16.8,UTILITY,rune,8347,宇宙の英知,49,25,24,0.5102040816326531,0.35,140,15
overall,MIXED,15.16,TOP,keystone,8010,征服者,49,25,24,0.5102040816326531,0.4537037037037037,108,15
overall,MIXED,15.16,JUNGLE,rune,8014,最期の慈悲,49,25,24,0.5102040816326531,0.4537037037037037,108,15
overall,MIXED,16.9,UTILITY,rune,8463,生命の泉,49,25,24,0.5102040816326531,0.310126582278481,158,15
overall,MIXED,15.11,UTILITY,rune,8210,至高,49,25,24,0.5102040816326531,0.46226415094339623,106,15
overall,MIXED,15.18,UTILITY,rune,8210,至高,49,25,24,0.5102040816326531,0.3769230769230769,130,15
overall,MIXED,16.8,MIDDLE,keystone,8112,電撃,49,25,24,0.5102040816326531,0.35,140,15
overall,MIXED,15.21,BOTTOM,rune,8304,魔法の靴,49,25,24,0.5102040816326531,0.4188034188034188,117,15
overall,MIXED,14.24,JUNGLE,shard,5001,UNKNOWN(5001),49,24,25,0.4897959183673469,0.98,50,15
overall,MIXED,14.21,TOP,shard,5008,UNKNOWN(5008),49,24,25,0.4897959183673469,0.875,56,15
overall,MIXED,14.22,TOP,shard,5008,UNKNOWN(5008),49,24,25,0.4897959183673469,0.8448275862068966,58,15
overall,MIXED,14.24,MIDDLE,shard,5008,UNKNOWN(5008),49,24,25,0.4897959183673469,0.98,50,15
overall,MIXED,16.6,ALL,rune,8313,トリプル トニック,49,24,25,0.4897959183673469,0.06447368421052632,760,15
overall,MIXED,15.17,ALL,keystone,8021,フリートフットワーク,49,24,25,0.4897959183673469,0.06049382716049383,810,15
overall,MIXED,15.4,ALL,rune,8226,マナフローバンド,49,24,25,0.4897959183673469,0.1814814814814815,270,15
overall,MIXED,16.13,TOP,keystone,8008,リーサルテンポ,49,24,25,0.4897959183673469,0.07446808510638298,658,15
overall,MIXED,15.20,UTILITY,rune,8242,気迫,49,24,25,0.4897959183673469,0.3712121212121212,132,15
overall,MIXED,16.14,UTILITY,rune,8451,超成長,49,24,25,0.4897959183673469,0.07040229885057471,696,15
overall,MIXED,15.18,MIDDLE,rune,8237,追火,49,24,25,0.4897959183673469,0.3769230769230769,130,15
overall,MIXED,15.18,UTILITY,shard,5007,UNKNOWN(5007),49,23,26,0.46938775510204084,0.3769230769230769,130,15
overall,MIXED,16.1,ALL,rune,8401,シールドバッシュ,49,23,26,0.46938775510204084,0.06363636363636363,770,15
overall,MIXED,15.10,TOP,keystone,8437,不死者の握撃,49,23,26,0.46938775510204084,0.35507246376811596,138,15
overall,MIXED,15.9,ALL,rune,8242,気迫,49,23,26,0.46938775510204084,0.11395348837209303,430,15
overall,MIXED,16.2,UTILITY,rune,8463,生命の泉,49,23,26,0.46938775510204084,0.34507042253521125,142,15
overall,MIXED,16.9,ALL,rune,8139,血の味わい,49,23,26,0.46938775510204084,0.0620253164556962,790,15
overall,MIXED,15.10,BOTTOM,rune,8304,魔法の靴,49,23,26,0.46938775510204084,0.35507246376811596,138,15
overall,MIXED,15.1,ALL,rune,8345,ビスケットデリバリー,49,22,27,0.4489795918367347,0.2578947368421053,190,15
overall,MIXED,14.23,ALL,rune,9104,レジェンド: 迅速,49,22,27,0.4489795918367347,0.23333333333333334,210,15
overall,MIXED,16.2,ALL,keystone,8005,プレスアタック,49,21,28,0.42857142857142855,0.06901408450704226,710,15
overall,MIXED,15.14,ALL,rune,8017,切り崩し,49,21,28,0.42857142857142855,0.10652173913043478,460,15
overall,MIXED,15.17,ALL,rune,8233,英気集中,49,21,28,0.42857142857142855,0.06049382716049383,810,15
overall,MIXED,15.14,MIDDLE,shard,5005,UNKNOWN(5005),49,20,29,0.40816326530612246,0.532608695652174,92,15
overall,MIXED,15.10,MIDDLE,rune,8140,グリスリー メメント,49,20,29,0.40816326530612246,0.35507246376811596,138,15
overall,MIXED,15.9,ALL,rune,9103,レジェンド: 血脈,49,20,29,0.40816326530612246,0.11395348837209303,430,15
overall,MIXED,16.9,ALL,keystone,8439,アフターショック,49,19,30,0.3877551020408163,0.0620253164556962,790,15
overall,MIXED,16.13,MIDDLE,rune,8105,執拗な賞金首狩り,49,19,30,0.3877551020408163,0.07446808510638298,658,15
overall,MIXED,16.4,JUNGLE,rune,8014,最期の慈悲,49,19,30,0.3877551020408163,0.46226415094339623,106,15
overall,MIXED,15.3,ALL,rune,8242,気迫,49,19,30,0.3877551020408163,0.11951219512195121,410,15
overall,MIXED,16.4,JUNGLE,rune,8347,宇宙の英知,49,18,31,0.3673469387755102,0.46226415094339623,106,15
overall,MIXED,15.24,MIDDLE,shard,5011,UNKNOWN(5011),49,17,32,0.3469387755102041,0.14327485380116958,342,15
overall,MIXED,16.18,BOTTOM,rune,8210,至高,49,17,32,0.3469387755102041,0.14583333333333334,336,15
overall,MIXED,15.12,BOTTOM,shard,5001,UNKNOWN(5001),48,32,16,0.6666666666666666,0.4752475247524752,101,15
overall,MIXED,16.17,TOP,rune,8429,心身調整,48,29,19,0.6041666666666666,0.047619047619047616,1008,15
overall,MIXED,15.10,UTILITY,shard,5007,UNKNOWN(5007),48,28,20,0.5833333333333334,0.34782608695652173,138,15
overall,MIXED,16.7,ALL,keystone,8439,アフターショック,48,27,21,0.5625,0.06233766233766234,770,15
overall,MIXED,16.4,ALL,rune,8143,サドンインパクト,48,27,21,0.5625,0.09056603773584905,530,15
overall,MIXED,15.2,MIDDLE,rune,8226,マナフローバンド,48,27,21,0.5625,0.5217391304347826,92,15
overall,MIXED,15.7,TOP,rune,9111,凱旋,48,27,21,0.5625,0.5217391304347826,92,15
overall,MIXED,16.13,MIDDLE,rune,8242,気迫,48,27,21,0.5625,0.0729483282674772,658,15
overall,MIXED,16.6,UTILITY,rune,8242,気迫,48,27,21,0.5625,0.31788079470198677,151,15
overall,MIXED,15.2,UTILITY,keystone,8229,秘儀の彗星,48,27,21,0.5625,0.5217391304347826,92,15
overall,MIXED,14.23,ALL,rune,8226,マナフローバンド,48,26,22,0.5416666666666666,0.22857142857142856,210,15
overall,MIXED,15.11,UTILITY,rune,8226,マナフローバンド,48,26,22,0.5416666666666666,0.4528301886792453,106,15
overall,MIXED,16.1,ALL,keystone,8437,不死者の握撃,48,26,22,0.5416666666666666,0.06233766233766234,770,15
overall,MIXED,15.11,TOP,rune,9111,凱旋,48,26,22,0.5416666666666666,0.4528301886792453,106,15
overall,MIXED,16.7,TOP,rune,8444,息継ぎ,48,26,22,0.5416666666666666,0.3116883116883117,154,15
overall,MIXED,16.2,TOP,rune,8451,超成長,48,26,22,0.5416666666666666,0.3380281690140845,142,15
overall,MIXED,15.16,JUNGLE,rune,8304,魔法の靴,48,26,22,0.5416666666666666,0.4444444444444444,108,15
overall,MIXED,16.11,UTILITY,keystone,8214,エアリー召喚,48,25,23,0.5208333333333334,0.2033898305084746,236,15
overall,MIXED,15.11,MIDDLE,rune,8140,グリスリー メメント,48,25,23,0.5208333333333334,0.4528301886792453,106,15
overall,MIXED,16.4,JUNGLE,keystone,8010,征服者,48,25,23,0.5208333333333334,0.4528301886792453,106,15
overall,MIXED,15.22,ALL,rune,8446,打ちこわし,48,25,23,0.5208333333333334,0.07272727272727272,660,15
overall,MIXED,14.21,ALL,rune,8106,至極の賞金首狩り,48,25,23,0.5208333333333334,0.17142857142857143,280,15
overall,MIXED,16.5,MIDDLE,rune,8106,至極の賞金首狩り,48,25,23,0.5208333333333334,0.2962962962962963,162,15
overall,MIXED,16.11,JUNGLE,rune,8140,グリスリー メメント,48,24,24,0.5,0.2033898305084746,236,15
overall,MIXED,15.3,ALL,rune,9103,レジェンド: 血脈,48,24,24,0.5,0.11707317073170732,410,15
overall,MIXED,15.14,BOTTOM,rune,8014,最期の慈悲,48,24,24,0.5,0.5217391304347826,92,15
overall,MIXED,16.13,UTILITY,rune,8014,最期の慈悲,48,24,24,0.5,0.0730593607305936,657,15
overall,MIXED,15.2,ALL,rune,8242,気迫,48,24,24,0.5,0.10434782608695652,460,15
overall,MIXED,15.17,MIDDLE,rune,8451,超成長,48,24,24,0.5,0.2962962962962963,162,15
overall,MIXED,16.7,ALL,rune,8234,追い風,48,24,24,0.5,0.06233766233766234,770,15
overall,MIXED,15.8,UTILITY,rune,8237,追火,48,24,24,0.5,0.36923076923076925,130,15
overall,MIXED,14.22,BOTTOM,shard,5005,UNKNOWN(5005),48,23,25,0.4791666666666667,0.8275862068965517,58,15
overall,MIXED,15.4,BOTTOM,shard,5005,UNKNOWN(5005),48,23,25,0.4791666666666667,0.8888888888888888,54,15
overall,MIXED,16.8,BOTTOM,rune,8321,キャッシュバック,48,23,25,0.4791666666666667,0.34285714285714286,140,15
overall,MIXED,16.12,MIDDLE,rune,8140,グリスリー メメント,48,23,25,0.4791666666666667,0.2696629213483146,178,15
overall,MIXED,15.17,ALL,rune,8401,シールドバッシュ,48,23,25,0.4791666666666667,0.05925925925925926,810,15
overall,MIXED,16.3,ALL,keystone,8021,フリートフットワーク,48,23,25,0.4791666666666667,0.05454545454545454,880,15
overall,MIXED,15.3,MIDDLE,rune,8226,マナフローバンド,48,23,25,0.4791666666666667,0.5853658536585366,82,15
overall,MIXED,16.15,BOTTOM,rune,9105,レジェンド: ヘイスト,48,23,25,0.4791666666666667,0.05811138014527845,826,15
overall,MIXED,16.8,ALL,rune,8463,生命の泉,48,23,25,0.4791666666666667,0.06857142857142857,700,15
overall,MIXED,16.15,UTILITY,rune,8137,第六感,48,23,25,0.4791666666666667,0.05811138014527845,826,15
overall,MIXED,16.7,MIDDLE,rune,8106,至極の賞金首狩り,48,23,25,0.4791666666666667,0.3116883116883117,154,15
overall,MIXED,16.10,ALL,keystone,8369,ファーストストライク,48,22,26,0.4583333333333333,0.043243243243243246,1110,15
overall,MIXED,14.20,ALL,keystone,8005,プレスアタック,48,22,26,0.4583333333333333,0.10434782608695652,460,15
overall,MIXED,15.15,ALL,rune,9103,レジェンド: 血脈,48,22,26,0.4583333333333333,0.11707317073170732,410,15
overall,MIXED,15.2,BOTTOM,rune,9103,レジェンド: 血脈,48,22,26,0.4583333333333333,0.5217391304347826,92,15
overall,MIXED,16.11,BOTTOM,rune,8347,宇宙の英知,48,22,26,0.4583333333333333,0.2033898305084746,236,15
overall,MIXED,16.12,TOP,rune,8446,打ちこわし,48,22,26,0.4583333333333333,0.2696629213483146,178,15
overall,MIXED,16.12,ALL,rune,8453,生気付与,48,22,26,0.4583333333333333,0.05393258426966292,890,15
overall,MIXED,15.23,UTILITY,rune,8210,至高,48,22,26,0.4583333333333333,0.41379310344827586,116,15
overall,MIXED,16.11,MIDDLE,rune,8009,冷静沈着,48,21,27,0.4375,0.2033898305084746,236,15
overall,MIXED,15.10,TOP,rune,8444,息継ぎ,48,21,27,0.4375,0.34782608695652173,138,15
overall,MIXED,15.21,UTILITY,rune,8242,気迫,48,21,27,0.4375,0.4067796610169492,118,15
overall,MIXED,15.10,UTILITY,rune,8463,生命の泉,48,21,27,0.4375,0.34782608695652173,138,15
overall,MIXED,16.15,JUNGLE,rune,8137,第六感,48,21,27,0.4375,0.05811138014527845,826,15
overall,MIXED,15.20,ALL,rune,8401,シールドバッシュ,48,20,28,0.4166666666666667,0.07272727272727272,660,15
overall,MIXED,16.2,ALL,keystone,8112,電撃,48,20,28,0.4166666666666667,0.0676056338028169,710,15
overall,MIXED,15.22,BOTTOM,rune,8017,切り崩し,48,19,29,0.3958333333333333,0.36363636363636365,132,15
overall,MIXED,16.1,UTILITY,rune,8463,生命の泉,47,29,18,0.6170212765957447,0.30718954248366015,153,15
overall,MIXED,14.20,ALL,rune,8135,貪欲な賞金首狩り,47,29,18,0.6170212765957447,0.10217391304347827,460,15
overall,MIXED,15.2,BOTTOM,rune,8236,強まる嵐,47,28,19,0.5957446808510638,0.5108695652173914,92,15
overall,MIXED,15.8,MIDDLE,keystone,8112,電撃,47,28,19,0.5957446808510638,0.36153846153846153,130,15
overall,MIXED,15.13,JUNGLE,rune,9105,レジェンド: ヘイスト,47,27,20,0.574468085106383,0.24479166666666666,192,15
overall,MIXED,15.20,TOP,rune,9105,レジェンド: ヘイスト,47,27,20,0.574468085106383,0.3560606060606061,132,15
overall,MIXED,16.6,MIDDLE,keystone,8229,秘儀の彗星,47,27,20,0.574468085106383,0.3092105263157895,152,15
overall,MIXED,16.17,BOTTOM,rune,8299,背水の陣,47,27,20,0.574468085106383,0.04662698412698413,1008,15
overall,MIXED,15.16,ALL,rune,8143,サドンインパクト,47,26,21,0.5531914893617021,0.08703703703703704,540,15
overall,MIXED,16.13,MIDDLE,keystone,8369,ファーストストライク,47,26,21,0.5531914893617021,0.07142857142857142,658,15
overall,MIXED,15.24,BOTTOM,rune,9111,凱旋,47,26,21,0.5531914893617021,0.1378299120234604,341,15
overall,MIXED,15.4,ALL,rune,8451,超成長,47,26,21,0.5531914893617021,0.17407407407407408,270,15
overall,MIXED,14.19,ALL,rune,9103,レジェンド: 血脈,47,25,22,0.5319148936170213,0.11190476190476191,420,15
overall,MIXED,16.8,ALL,rune,8446,打ちこわし,47,25,22,0.5319148936170213,0.06714285714285714,700,15
overall,MIXED,16.9,BOTTOM,rune,8014,最期の慈悲,47,25,22,0.5319148936170213,0.2974683544303797,158,15
overall,MIXED,15.22,TOP,rune,8451,超成長,47,25,22,0.5319148936170213,0.3560606060606061,132,15
overall,MIXED,15.20,MIDDLE,rune,8237,追火,47,25,22,0.5319148936170213,0.35877862595419846,131,15
overall,MIXED,14.24,TOP,shard,5001,UNKNOWN(5001),47,24,23,0.5106382978723404,0.94,50,15
overall,MIXED,15.4,MIDDLE,shard,5001,UNKNOWN(5001),47,24,23,0.5106382978723404,0.8703703703703703,54,15
overall,MIXED,15.20,ALL,keystone,8005,プレスアタック,47,24,23,0.5106382978723404,0.07121212121212121,660,15
overall,MIXED,14.20,ALL,keystone,8008,リーサルテンポ,47,24,23,0.5106382978723404,0.10217391304347827,460,15
overall,MIXED,16.8,TOP,keystone,8437,不死者の握撃,47,24,23,0.5106382978723404,0.3357142857142857,140,15
overall,MIXED,15.11,JUNGLE,keystone,8010,征服者,47,24,23,0.5106382978723404,0.44339622641509435,106,15
overall,MIXED,15.2,JUNGLE,keystone,8010,征服者,47,24,23,0.5106382978723404,0.5108695652173914,92,15
overall,MIXED,16.15,TOP,keystone,8229,秘儀の彗星,47,24,23,0.5106382978723404,0.05690072639225181,826,15
overall,MIXED,15.17,MIDDLE,rune,8106,至極の賞金首狩り,47,24,23,0.5106382978723404,0.29012345679012347,162,15
overall,MIXED,15.13,MIDDLE,rune,8451,超成長,47,24,23,0.5106382978723404,0.24607329842931938,191,15
overall,MIXED,15.17,MIDDLE,rune,8237,追火,47,24,23,0.5106382978723404,0.29012345679012347,162,15
overall,MIXED,15.3,ALL,keystone,8112,電撃,47,24,23,0.5106382978723404,0.11463414634146342,410,15
overall,MIXED,16.7,ALL,rune,8401,シールドバッシュ,47,23,24,0.48936170212765956,0.06103896103896104,770,15
overall,MIXED,14.23,ALL,rune,8345,ビスケットデリバリー,47,23,24,0.48936170212765956,0.22380952380952382,210,15
overall,MIXED,15.16,UTILITY,rune,8345,ビスケットデリバリー,47,23,24,0.48936170212765956,0.4351851851851852,108,15
overall,MIXED,16.8,TOP,rune,8473,ボーンアーマー,47,23,24,0.48936170212765956,0.3357142857142857,140,15
overall,MIXED,15.7,BOTTOM,keystone,8008,リーサルテンポ,47,23,24,0.48936170212765956,0.5108695652173914,92,15
overall,MIXED,16.17,JUNGLE,rune,8017,切り崩し,47,23,24,0.48936170212765956,0.04662698412698413,1008,15
overall,MIXED,15.12,ALL,keystone,8229,秘儀の彗星,47,23,24,0.48936170212765956,0.09215686274509804,510,15
overall,MIXED,16.18,TOP,rune,8210,至高,47,23,24,0.48936170212765956,0.13988095238095238,336,15
overall,MIXED,16.6,MIDDLE,keystone,8112,電撃,47,23,24,0.48936170212765956,0.3092105263157895,152,15
overall,MIXED,15.4,UTILITY,shard,5001,UNKNOWN(5001),47,22,25,0.46808510638297873,0.8703703703703703,54,15
overall,MIXED,15.21,MIDDLE,shard,5005,UNKNOWN(5005),47,22,25,0.46808510638297873,0.3983050847457627,118,15
overall,MIXED,16.13,ALL,rune,8306,ヘクステックフラッシュネイター,47,22,25,0.46808510638297873,0.014285714285714285,3290,15
overall,MIXED,15.12,UTILITY,rune,8473,ボーンアーマー,47,22,25,0.46808510638297873,0.46078431372549017,102,15
overall,MIXED,15.9,UTILITY,rune,8473,ボーンアーマー,47,22,25,0.46808510638297873,0.5465116279069767,86,15
overall,MIXED,15.3,JUNGLE,rune,9104,レジェンド: 迅速,47,22,25,0.46808510638297873,0.573170731707317,82,15
overall,MIXED,16.18,BOTTOM,rune,8347,宇宙の英知,47,22,25,0.46808510638297873,0.13988095238095238,336,15
overall,MIXED,16.12,TOP,rune,8444,息継ぎ,47,22,25,0.46808510638297873,0.2640449438202247,178,15
overall,MIXED,16.11,MIDDLE,keystone,8992,死神の残り火,47,22,25,0.46808510638297873,0.19915254237288135,236,15
overall,MIXED,15.22,ALL,rune,8453,生気付与,47,22,25,0.46808510638297873,0.07121212121212121,660,15
overall,MIXED,14.21,ALL,rune,8451,超成長,47,22,25,0.46808510638297873,0.16785714285714284,280,15
overall,MIXED,16.10,ALL,keystone,8021,フリートフットワーク,47,21,26,0.44680851063829785,0.04234234234234234,1110,15
overall,MIXED,15.16,TOP,rune,8473,ボーンアーマー,47,21,26,0.44680851063829785,0.4351851851851852,108,15
overall,MIXED,15.2,ALL,rune,8444,息継ぎ,47,21,26,0.44680851063829785,0.10217391304347827,460,15
overall,MIXED,16.17,UTILITY,rune,8014,最期の慈悲,47,21,26,0.44680851063829785,0.04662698412698413,1008,15
overall,MIXED,16.4,BOTTOM,rune,8014,最期の慈悲,47,21,26,0.44680851063829785,0.44339622641509435,106,15
overall,MIXED,14.19,MIDDLE,rune,8210,至高,47,21,26,0.44680851063829785,0.5595238095238095,84,15
overall,MIXED,15.16,UTILITY,rune,8210,至高,47,21,26,0.44680851063829785,0.4351851851851852,108,15
overall,MIXED,15.10,MIDDLE,keystone,8112,電撃,47,20,27,0.425531914893617,0.34057971014492755,138,15
overall,MIXED,15.18,ALL,rune,8143,サドンインパクト,47,19,28,0.40425531914893614,0.07230769230769231,650,15
overall,MIXED,15.22,UTILITY,rune,8473,ボーンアーマー,47,18,29,0.3829787234042553,0.3560606060606061,132,15
overall,MIXED,15.9,BOTTOM,rune,9103,レジェンド: 血脈,47,18,29,0.3829787234042553,0.5465116279069767,86,15
overall,MIXED,15.10,JUNGLE,rune,8347,宇宙の英知,47,18,29,0.3829787234042553,0.34057971014492755,138,15
overall,MIXED,16.15,UTILITY,rune,8304,魔法の靴,47,18,29,0.3829787234042553,0.05690072639225181,826,15
overall,MIXED,16.6,ALL,rune,8234,追い風,47,17,30,0.3617021276595745,0.06184210526315789,760,15
overall,MIXED,15.3,ALL,rune,8233,英気集中,47,16,31,0.3404255319148936,0.11463414634146342,410,15
overall,MIXED,16.12,TOP,rune,9105,レジェンド: ヘイスト,46,28,18,0.6086956521739131,0.25842696629213485,178,15
overall,MIXED,16.5,ALL,rune,8233,英気集中,46,28,18,0.6086956521739131,0.056790123456790124,810,15
overall,MIXED,16.16,UTILITY,rune,8451,超成長,46,28,18,0.6086956521739131,0.06906906906906907,666,15
overall,MIXED,15.8,MIDDLE,rune,8140,グリスリー メメント,46,27,19,0.5869565217391305,0.35384615384615387,130,15
overall,MIXED,15.11,ALL,keystone,8005,プレスアタック,46,27,19,0.5869565217391305,0.08679245283018867,530,15
overall,MIXED,16.13,JUNGLE,rune,8017,切り崩し,46,27,19,0.5869565217391305,0.06990881458966565,658,15
overall,MIXED,16.13,UTILITY,rune,8105,執拗な賞金首狩り,46,27,19,0.5869565217391305,0.0700152207001522,657,15
overall,MIXED,15.20,BOTTOM,rune,8236,強まる嵐,46,27,19,0.5869565217391305,0.3484848484848485,132,15
overall,MIXED,16.14,UTILITY,rune,8135,貪欲な賞金首狩り,46,27,19,0.5869565217391305,0.06609195402298851,696,15
overall,MIXED,16.13,UTILITY,rune,8451,超成長,46,27,19,0.5869565217391305,0.0700152207001522,657,15
overall,MIXED,15.12,BOTTOM,rune,9103,レジェンド: 血脈,46,26,20,0.5652173913043478,0.45544554455445546,101,15
overall,MIXED,16.12,UTILITY,keystone,8229,秘儀の彗星,46,26,20,0.5652173913043478,0.25842696629213485,178,15
overall,MIXED,16.5,UTILITY,keystone,8229,秘儀の彗星,46,26,20,0.5652173913043478,0.2839506172839506,162,15
overall,MIXED,15.12,MIDDLE,rune,8140,グリスリー メメント,46,25,21,0.5434782608695652,0.45098039215686275,102,15
overall,MIXED,15.11,BOTTOM,rune,8017,切り崩し,46,25,21,0.5434782608695652,0.4339622641509434,106,15
overall,MIXED,15.22,BOTTOM,rune,8236,強まる嵐,46,25,21,0.5434782608695652,0.3484848484848485,132,15
overall,MIXED,14.24,ALL,rune,8210,至高,46,25,21,0.5434782608695652,0.184,250,15
overall,MIXED,15.11,MIDDLE,keystone,8112,電撃,46,25,21,0.5434782608695652,0.4339622641509434,106,15
overall,MIXED,14.20,ALL,keystone,8021,フリートフットワーク,46,24,22,0.5217391304347826,0.1,460,15
overall,MIXED,15.24,JUNGLE,keystone,8005,プレスアタック,46,24,22,0.5217391304347826,0.13450292397660818,342,15
overall,MIXED,16.8,UTILITY,rune,8473,ボーンアーマー,46,24,22,0.5217391304347826,0.32857142857142857,140,15
overall,MIXED,14.21,ALL,rune,9105,レジェンド: ヘイスト,46,24,22,0.5217391304347826,0.16428571428571428,280,15
overall,MIXED,16.6,ALL,keystone,8437,不死者の握撃,46,24,22,0.5217391304347826,0.060526315789473685,760,15
overall,MIXED,16.10,TOP,rune,8444,息継ぎ,46,24,22,0.5217391304347826,0.2072072072072072,222,15
overall,MIXED,15.15,MIDDLE,rune,8210,至高,46,24,22,0.5217391304347826,0.5609756097560976,82,15
overall,MIXED,15.15,BOTTOM,shard,5001,UNKNOWN(5001),46,23,23,0.5,0.5609756097560976,82,15
overall,MIXED,16.6,MIDDLE,rune,8140,グリスリー メメント,46,23,23,0.5,0.3026315789473684,152,15
overall,MIXED,16.16,UTILITY,rune,8105,執拗な賞金首狩り,46,23,23,0.5,0.06906906906906907,666,15
overall,MIXED,15.18,BOTTOM,rune,8014,最期の慈悲,46,23,23,0.5,0.35384615384615387,130,15
overall,MIXED,16.6,ALL,rune,8463,生命の泉,46,23,23,0.5,0.060526315789473685,760,15
overall,MIXED,16.4,UTILITY,rune,8237,追火,46,23,23,0.5,0.4339622641509434,106,15
overall,MIXED,15.19,UTILITY,keystone,8214,エアリー召喚,46,22,24,0.4782608695652174,0.2,230,15
overall,MIXED,15.19,ALL,rune,8275,ニンバスクローク,46,22,24,0.4782608695652174,0.04,1150,15
overall,MIXED,16.13,UTILITY,rune,8306,ヘクステックフラッシュネイター,46,22,24,0.4782608695652174,0.0700152207001522,657,15
overall,MIXED,15.3,ALL,keystone,8008,リーサルテンポ,46,22,24,0.4782608695652174,0.11219512195121951,410,15
overall,MIXED,15.9,ALL,keystone,8008,リーサルテンポ,46,22,24,0.4782608695652174,0.10697674418604651,430,15
overall,MIXED,15.2,JUNGLE,rune,9104,レジェンド: 迅速,46,22,24,0.4782608695652174,0.5,92,15
overall,MIXED,15.18,ALL,keystone,8437,不死者の握撃,46,22,24,0.4782608695652174,0.07076923076923076,650,15
overall,MIXED,16.5,ALL,keystone,8437,不死者の握撃,46,22,24,0.4782608695652174,0.056790123456790124,810,15
overall,MIXED,16.9,TOP,keystone,8437,不死者の握撃,46,22,24,0.4782608695652174,0.2911392405063291,158,15
overall,MIXED,14.22,BOTTOM,rune,8009,冷静沈着,46,22,24,0.4782608695652174,0.7931034482758621,58,15
overall,MIXED,14.23,ALL,rune,8009,冷静沈着,46,22,24,0.4782608695652174,0.21904761904761905,210,15
overall,MIXED,16.18,UTILITY,rune,9111,凱旋,46,22,24,0.4782608695652174,0.13690476190476192,336,15
overall,MIXED,15.7,UTILITY,rune,8347,宇宙の英知,46,22,24,0.4782608695652174,0.5,92,15
overall,MIXED,14.19,ALL,rune,8236,強まる嵐,46,22,24,0.4782608695652174,0.10952380952380952,420,15
overall,MIXED,15.21,TOP,rune,8444,息継ぎ,46,22,24,0.4782608695652174,0.3898305084745763,118,15
overall,MIXED,16.17,BOTTOM,shard,5007,UNKNOWN(5007),46,21,25,0.45652173913043476,0.04563492063492063,1008,15
overall,MIXED,14.24,ALL,rune,8451,超成長,46,21,25,0.45652173913043476,0.184,250,15
overall,MIXED,14.19,ALL,keystone,8112,電撃,46,21,25,0.45652173913043476,0.10952380952380952,420,15
overall,MIXED,16.11,ALL,rune,9101,体力吸収,46,20,26,0.43478260869565216,0.03898305084745763,1180,15
overall,MIXED,15.9,ALL,rune,8017,切り崩し,46,20,26,0.43478260869565216,0.10697674418604651,430,15
overall,MIXED,16.15,TOP,rune,8410,疾駆,46,20,26,0.43478260869565216,0.05569007263922518,826,15
overall,MIXED,16.13,MIDDLE,rune,8137,第六感,46,20,26,0.43478260869565216,0.06990881458966565,658,15
overall,MIXED,15.12,BOTTOM,rune,8017,切り崩し,46,19,27,0.41304347826086957,0.45544554455445546,101,15
overall,MIXED,15.12,UTILITY,rune,8347,宇宙の英知,46,19,27,0.41304347826086957,0.45098039215686275,102,15
overall,MIXED,16.5,ALL,rune,8234,追い風,46,19,27,0.41304347826086957,0.056790123456790124,810,15
overall,MIXED,15.20,ALL,rune,8135,貪欲な賞金首狩り,46,18,28,0.391304347826087,0.0696969696969697,660,15
overall,MIXED,16.16,TOP,rune,9101,体力吸収,46,17,29,0.3695652173913043,0.06906906906906907,666,15
overall,MIXED,15.13,MIDDLE,rune,8237,追火,46,17,29,0.3695652173913043,0.24083769633507854,191,15
overall,MIXED,15.10,ALL,rune,8401,シールドバッシュ,45,30,15,0.6666666666666666,0.06521739130434782,690,15
overall,MIXED,15.16,ALL,keystone,8439,アフターショック,45,27,18,0.6,0.08333333333333333,540,15
overall,MIXED,16.13,TOP,rune,8304,魔法の靴,45,27,18,0.6,0.06838905775075987,658,15
overall,MIXED,16.13,BOTTOM,shard,5007,UNKNOWN(5007),45,26,19,0.5777777777777777,0.06838905775075987,658,15
overall,MIXED,15.23,UTILITY,rune,8345,ビスケットデリバリー,45,26,19,0.5777777777777777,0.3879310344827586,116,15
overall,MIXED,14.20,UTILITY,rune,8347,宇宙の英知,45,26,19,0.5777777777777777,0.4891304347826087,92,15
overall,MIXED,15.12,JUNGLE,keystone,8010,征服者,45,26,19,0.5777777777777777,0.4411764705882353,102,15
overall,MIXED,16.7,TOP,keystone,8010,征服者,45,26,19,0.5777777777777777,0.2922077922077922,154,15
overall,MIXED,16.7,ALL,rune,8139,血の味わい,45,26,19,0.5777777777777777,0.05844155844155844,770,15
overall,MIXED,14.22,ALL,rune,8304,魔法の靴,45,26,19,0.5777777777777777,0.15517241379310345,290,15
overall,MIXED,16.15,UTILITY,rune,8141,ディープワード,45,25,20,0.5555555555555556,0.05447941888619855,826,15
overall,MIXED,16.2,TOP,rune,9104,レジェンド: 迅速,45,25,20,0.5555555555555556,0.31690140845070425,142,15
overall,MIXED,15.16,BOTTOM,rune,8017,切り崩し,45,25,20,0.5555555555555556,0.4205607476635514,107,15
overall,MIXED,16.13,JUNGLE,rune,8105,執拗な賞金首狩り,45,25,20,0.5555555555555556,0.06838905775075987,658,15
overall,MIXED,15.3,JUNGLE,keystone,8010,征服者,45,25,20,0.5555555555555556,0.5487804878048781,82,15
overall,MIXED,16.8,TOP,keystone,8010,征服者,45,25,20,0.5555555555555556,0.32142857142857145,140,15
overall,MIXED,15.24,BOTTOM,rune,8410,疾駆,45,25,20,0.5555555555555556,0.13196480938416422,341,15
overall,MIXED,15.19,MIDDLE,rune,8451,超成長,45,25,20,0.5555555555555556,0.1956521739130435,230,15
overall,MIXED,15.7,MIDDLE,keystone,8112,電撃,45,25,20,0.5555555555555556,0.4891304347826087,92,15
overall,MIXED,16.8,BOTTOM,rune,8304,魔法の靴,45,25,20,0.5555555555555556,0.32142857142857145,140,15
overall,MIXED,15.16,UTILITY,shard,5007,UNKNOWN(5007),45,24,21,0.5333333333333333,0.4166666666666667,108,15
overall,MIXED,16.16,TOP,keystone,8021,フリートフットワーク,45,24,21,0.5333333333333333,0.06756756756756757,666,15
overall,MIXED,16.8,TOP,rune,8444,息継ぎ,45,24,21,0.5333333333333333,0.32142857142857145,140,15
overall,MIXED,16.14,MIDDLE,rune,8126,追い打ち,45,24,21,0.5333333333333333,0.06465517241379311,696,15
overall,MIXED,15.8,MIDDLE,rune,8237,追火,45,24,21,0.5333333333333333,0.34615384615384615,130,15
overall,MIXED,16.12,MIDDLE,keystone,8112,電撃,45,24,21,0.5333333333333333,0.25280898876404495,178,15
overall,MIXED,14.24,MIDDLE,shard,5001,UNKNOWN(5001),45,23,22,0.5111111111111111,0.9,50,15
overall,MIXED,15.2,ALL,shard,5011,UNKNOWN(5011),45,23,22,0.5111111111111111,0.09782608695652174,460,15
overall,MIXED,14.23,ALL,rune,8138,UNKNOWN(8138),45,23,22,0.5111111111111111,0.21428571428571427,210,15
overall,MIXED,16.15,TOP,rune,8224,アクシオム アルカニスト,45,23,22,0.5111111111111111,0.05447941888619855,826,15
overall,MIXED,15.10,TOP,rune,8473,ボーンアーマー,45,23,22,0.5111111111111111,0.32608695652173914,138,15
overall,MIXED,15.9,JUNGLE,rune,8014,最期の慈悲,45,23,22,0.5111111111111111,0.5232558139534884,86,15
overall,MIXED,16.7,UTILITY,rune,8242,気迫,45,23,22,0.5111111111111111,0.2922077922077922,154,15
overall,MIXED,16.6,ALL,rune,8453,生気付与,45,23,22,0.5111111111111111,0.05921052631578947,760,15
overall,MIXED,16.16,BOTTOM,keystone,8229,秘儀の彗星,45,23,22,0.5111111111111111,0.06756756756756757,666,15
overall,MIXED,16.13,UTILITY,rune,8304,魔法の靴,45,23,22,0.5111111111111111,0.0684931506849315,657,15
overall,MIXED,15.8,BOTTOM,shard,5011,UNKNOWN(5011),45,22,23,0.4888888888888889,0.34615384615384615,130,15
overall,MIXED,16.5,ALL,rune,8313,トリプル トニック,45,22,23,0.4888888888888889,0.05555555555555555,810,15
overall,MIXED,15.23,TOP,rune,8473,ボーンアーマー,45,22,23,0.4888888888888889,0.3879310344827586,116,15
overall,MIXED,16.4,TOP,rune,8473,ボーンアーマー,45,22,23,0.4888888888888889,0.42857142857142855,105,15
overall,MIXED,15.14,BOTTOM,rune,9103,レジェンド: 血脈,45,22,23,0.4888888888888889,0.4891304347826087,92,15
overall,MIXED,16.3,BOTTOM,rune,9104,レジェンド: 迅速,45,22,23,0.4888888888888889,0.2556818181818182,176,15
overall,MIXED,15.2,TOP,keystone,8010,征服者,45,22,23,0.4888888888888889,0.4891304347826087,92,15
overall,MIXED,15.15,ALL,rune,8410,疾駆,45,22,23,0.4888888888888889,0.10975609756097561,410,15
overall,MIXED,14.23,ALL,rune,8210,至高,45,22,23,0.4888888888888889,0.21428571428571427,210,15
overall,MIXED,16.11,JUNGLE,rune,8135,貪欲な賞金首狩り,45,22,23,0.4888888888888889,0.1906779661016949,236,15
overall,MIXED,16.18,TOP,rune,8304,魔法の靴,45,22,23,0.4888888888888889,0.13392857142857142,336,15
overall,MIXED,15.15,TOP,shard,5005,UNKNOWN(5005),45,21,24,0.4666666666666667,0.5487804878048781,82,15
overall,MIXED,16.18,TOP,rune,8345,ビスケットデリバリー,45,21,24,0.4666666666666667,0.13392857142857142,336,15
overall,MIXED,16.16,MIDDLE,keystone,8369,ファーストストライク,45,21,24,0.4666666666666667,0.06756756756756757,666,15
overall,MIXED,15.15,BOTTOM,rune,9103,レジェンド: 血脈,45,21,24,0.4666666666666667,0.5487804878048781,82,15
overall,MIXED,15.15,JUNGLE,rune,9104,レジェンド: 迅速,45,21,24,0.4666666666666667,0.5487804878048781,82,15
overall,MIXED,15.11,ALL,keystone,8437,不死者の握撃,45,21,24,0.4666666666666667,0.08490566037735849,530,15
overall,MIXED,16.5,ALL,rune,8401,シールドバッシュ,45,20,25,0.4444444444444444,0.05555555555555555,810,15
overall,MIXED,15.8,BOTTOM,rune,8345,ビスケットデリバリー,45,19,26,0.4222222222222222,0.34615384615384615,130,15
overall,MIXED,16.14,TOP,rune,8429,心身調整,45,19,26,0.4222222222222222,0.06465517241379311,696,15
overall,MIXED,15.19,TOP,rune,8242,気迫,45,18,27,0.4,0.1965065502183406,229,15
overall,MIXED,15.10,UTILITY,rune,8237,追火,45,18,27,0.4,0.32608695652173914,138,15
overall,MIXED,15.12,ALL,rune,8143,サドンインパクト,45,16,29,0.35555555555555557,0.08823529411764706,510,15
overall,MIXED,16.10,ALL,shard,5010,UNKNOWN(5010),44,30,14,0.6818181818181818,0.03963963963963964,1110,15
overall,MIXED,16.3,BOTTOM,rune,8313,トリプル トニック,44,28,16,0.6363636363636364,0.25,176,15
overall,MIXED,16.3,TOP,keystone,8437,不死者の握撃,44,27,17,0.6136363636363636,0.25,176,15
overall,MIXED,16.8,ALL,rune,8126,追い打ち,44,27,17,0.6136363636363636,0.06285714285714286,700,15
overall,MIXED,15.21,BOTTOM,rune,8017,切り崩し,44,26,18,0.5909090909090909,0.37606837606837606,117,15
overall,MIXED,15.10,TOP,keystone,8010,征服者,44,26,18,0.5909090909090909,0.3188405797101449,138,15
overall,MIXED,15.18,TOP,rune,8451,超成長,44,26,18,0.5909090909090909,0.3384615384615385,130,15
overall,MIXED,15.8,JUNGLE,rune,9105,レジェンド: ヘイスト,44,25,19,0.5681818181818182,0.3384615384615385,130,15
overall,MIXED,16.2,ALL,rune,8453,生気付与,44,25,19,0.5681818181818182,0.061971830985915494,710,15
overall,MIXED,15.18,ALL,keystone,8112,電撃,44,25,19,0.5681818181818182,0.06769230769230769,650,15
overall,MIXED,15.14,ALL,rune,8143,サドンインパクト,44,24,20,0.5454545454545454,0.09565217391304348,460,15
overall,MIXED,16.14,ALL,rune,8141,ディープワード,44,24,20,0.5454545454545454,0.01264367816091954,3480,15
overall,MIXED,16.15,BOTTOM,keystone,8021,フリートフットワーク,44,24,20,0.5454545454545454,0.053268765133171914,826,15
overall,MIXED,16.16,TOP,keystone,8005,プレスアタック,44,24,20,0.5454545454545454,0.06606606606606606,666,15
overall,MIXED,16.8,TOP,rune,9105,レジェンド: ヘイスト,44,24,20,0.5454545454545454,0.3142857142857143,140,15
overall,MIXED,15.10,TOP,rune,8446,打ちこわし,44,24,20,0.5454545454545454,0.3188405797101449,138,15
overall,MIXED,15.20,UTILITY,rune,8210,至高,44,24,20,0.5454545454545454,0.3333333333333333,132,15
overall,MIXED,15.17,ALL,rune,8234,追い風,44,24,20,0.5454545454545454,0.05432098765432099,810,15
overall,MIXED,15.4,TOP,shard,5008,UNKNOWN(5008),44,23,21,0.5227272727272727,0.8148148148148148,54,15
overall,MIXED,16.14,UTILITY,shard,5010,UNKNOWN(5010),44,23,21,0.5227272727272727,0.06321839080459771,696,15
overall,MIXED,14.20,ALL,shard,5011,UNKNOWN(5011),44,23,21,0.5227272727272727,0.09565217391304348,460,15
overall,MIXED,15.12,TOP,rune,8473,ボーンアーマー,44,23,21,0.5227272727272727,0.43137254901960786,102,15
overall,MIXED,16.18,MIDDLE,rune,9105,レジェンド: ヘイスト,44,23,21,0.5227272727272727,0.13095238095238096,336,15
overall,MIXED,15.17,BOTTOM,rune,9111,凱旋,44,23,21,0.5227272727272727,0.2716049382716049,162,15
overall,MIXED,15.11,UTILITY,rune,8347,宇宙の英知,44,23,21,0.5227272727272727,0.41509433962264153,106,15
overall,MIXED,15.14,UTILITY,rune,8347,宇宙の英知,44,23,21,0.5227272727272727,0.4782608695652174,92,15
overall,MIXED,16.8,TOP,rune,8446,打ちこわし,44,23,21,0.5227272727272727,0.3142857142857143,140,15
overall,MIXED,15.19,MIDDLE,rune,8106,至極の賞金首狩り,44,23,21,0.5227272727272727,0.19130434782608696,230,15
overall,MIXED,15.21,UTILITY,rune,8210,至高,44,23,21,0.5227272727272727,0.3728813559322034,118,15
overall,MIXED,15.23,MIDDLE,keystone,8112,電撃,44,23,21,0.5227272727272727,0.3793103448275862,116,15
overall,MIXED,14.24,JUNGLE,shard,5008,UNKNOWN(5008),44,22,22,0.5,0.88,50,15
overall,MIXED,16.5,UTILITY,keystone,8439,アフターショック,44,22,22,0.5,0.2716049382716049,162,15
overall,MIXED,16.17,TOP,rune,8275,ニンバスクローク,44,22,22,0.5,0.04365079365079365,1008,15
overall,MIXED,15.2,TOP,rune,8473,ボーンアーマー,44,22,22,0.5,0.4782608695652174,92,15
overall,MIXED,15.3,BOTTOM,rune,9103,レジェンド: 血脈,44,22,22,0.5,0.5365853658536586,82,15
overall,MIXED,14.22,JUNGLE,rune,9111,凱旋,44,22,22,0.5,0.7586206896551724,58,15
overall,MIXED,16.11,UTILITY,rune,8453,生気付与,44,22,22,0.5,0.1864406779661017,236,15
overall,MIXED,16.11,UTILITY,keystone,8229,秘儀の彗星,44,22,22,0.5,0.1864406779661017,236,15
overall,MIXED,15.24,JUNGLE,rune,8106,至極の賞金首狩り,44,22,22,0.5,0.1286549707602339,342,15
overall,MIXED,14.21,BOTTOM,shard,5001,UNKNOWN(5001),44,21,23,0.4772727272727273,0.7857142857142857,56,15
overall,MIXED,14.21,UTILITY,shard,5001,UNKNOWN(5001),44,21,23,0.4772727272727273,0.7857142857142857,56,15
overall,MIXED,16.10,UTILITY,keystone,8439,アフターショック,44,21,23,0.4772727272727273,0.1981981981981982,222,15
overall,MIXED,16.1,JUNGLE,rune,8143,サドンインパクト,44,21,23,0.4772727272727273,0.2857142857142857,154,15
overall,MIXED,15.17,TOP,rune,9105,レジェンド: ヘイスト,44,21,23,0.4772727272727273,0.2716049382716049,162,15
overall,MIXED,16.3,JUNGLE,rune,9105,レジェンド: ヘイスト,44,21,23,0.4772727272727273,0.25,176,15
overall,MIXED,15.10,BOTTOM,rune,9104,レジェンド: 迅速,44,21,23,0.4772727272727273,0.3188405797101449,138,15
overall,MIXED,16.13,MIDDLE,rune,8236,強まる嵐,44,21,23,0.4772727272727273,0.0668693009118541,658,15
overall,MIXED,15.12,TOP,keystone,8010,征服者,44,21,23,0.4772727272727273,0.43137254901960786,102,15
overall,MIXED,16.7,ALL,rune,8446,打ちこわし,44,21,23,0.4772727272727273,0.05714285714285714,770,15
overall,MIXED,15.3,ALL,keystone,8229,秘儀の彗星,44,21,23,0.4772727272727273,0.1073170731707317,410,15
overall,MIXED,15.15,TOP,rune,8299,背水の陣,44,21,23,0.4772727272727273,0.5365853658536586,82,15
overall,MIXED,14.20,MIDDLE,rune,8210,至高,44,21,23,0.4772727272727273,0.4782608695652174,92,15
overall,MIXED,15.22,ALL,rune,8135,貪欲な賞金首狩り,44,21,23,0.4772727272727273,0.06666666666666667,660,15
overall,MIXED,15.23,ALL,rune,8126,追い打ち,44,21,23,0.4772727272727273,0.07586206896551724,580,15
overall,MIXED,16.17,MIDDLE,rune,8234,追い風,44,21,23,0.4772727272727273,0.04365079365079365,1008,15
overall,MIXED,16.12,BOTTOM,rune,8321,キャッシュバック,44,20,24,0.45454545454545453,0.24858757062146894,177,15
overall,MIXED,15.18,TOP,rune,9104,レジェンド: 迅速,44,20,24,0.45454545454545453,0.3384615384615385,130,15
overall,MIXED,16.16,MIDDLE,rune,8105,執拗な賞金首狩り,44,20,24,0.45454545454545453,0.06606606606606606,666,15
overall,MIXED,16.18,ALL,keystone,8230,嵐乗りの勇躍,44,20,24,0.45454545454545453,0.02619047619047619,1680,15
overall,MIXED,15.14,ALL,rune,8444,息継ぎ,44,20,24,0.45454545454545453,0.09565217391304348,460,15
overall,MIXED,15.7,JUNGLE,rune,8014,最期の慈悲,44,20,24,0.45454545454545453,0.4782608695652174,92,15
overall,MIXED,15.10,ALL,rune,8410,疾駆,44,20,24,0.45454545454545453,0.06376811594202898,690,15
overall,MIXED,14.20,ALL,rune,8139,血の味わい,44,20,24,0.45454545454545453,0.09565217391304348,460,15
overall,MIXED,14.22,ALL,rune,8451,超成長,44,20,24,0.45454545454545453,0.15172413793103448,290,15
overall,MIXED,14.21,ALL,rune,8236,強まる嵐,44,19,25,0.4318181818181818,0.15714285714285714,280,15
overall,MIXED,15.14,ALL,rune,8236,強まる嵐,44,19,25,0.4318181818181818,0.09565217391304348,460,15
overall,MIXED,15.13,MIDDLE,rune,8106,至極の賞金首狩り,44,19,25,0.4318181818181818,0.23036649214659685,191,15
overall,MIXED,14.21,BOTTOM,shard,5005,UNKNOWN(5005),44,18,26,0.4090909090909091,0.7857142857142857,56,15
overall,MIXED,14.19,MIDDLE,rune,8226,マナフローバンド,44,18,26,0.4090909090909091,0.5238095238095238,84,15
overall,MIXED,16.18,MIDDLE,rune,8105,執拗な賞金首狩り,44,18,26,0.4090909090909091,0.13095238095238096,336,15
overall,MIXED,16.3,JUNGLE,rune,8299,背水の陣,44,18,26,0.4090909090909091,0.25,176,15
overall,MIXED,15.17,TOP,rune,9104,レジェンド: 迅速,44,17,27,0.38636363636363635,0.2716049382716049,162,15
overall,MIXED,15.13,ALL,rune,8139,血の味わい,44,17,27,0.38636363636363635,0.04583333333333333,960,15
overall,MIXED,16.15,UTILITY,rune,8234,追い風,44,17,27,0.38636363636363635,0.053268765133171914,826,15
overall,MIXED,16.6,JUNGLE,rune,8143,サドンインパクト,44,16,28,0.36363636363636365,0.2894736842105263,152,15
overall,MIXED,15.8,UTILITY,rune,8463,生命の泉,44,16,28,0.36363636363636365,0.3384615384615385,130,15
overall,MIXED,15.16,BOTTOM,rune,9103,レジェンド: 血脈,44,15,29,0.3409090909090909,0.411214953271028,107,15
overall,MIXED,16.9,ALL,rune,8401,シールドバッシュ,44,14,30,0.3181818181818182,0.05569620253164557,790,15
overall,MIXED,15.10,ALL,keystone,8021,フリートフットワーク,44,14,30,0.3181818181818182,0.06376811594202898,690,15
overall,MIXED,15.17,TOP,keystone,8437,不死者の握撃,43,28,15,0.6511627906976745,0.2654320987654321,162,15
overall,MIXED,15.10,ALL,rune,8135,貪欲な賞金首狩り,43,28,15,0.6511627906976745,0.06231884057971015,690,15
overall,MIXED,16.14,JUNGLE,shard,5013,UNKNOWN(5013),43,26,17,0.6046511627906976,0.0617816091954023,696,15
overall,MIXED,16.11,BOTTOM,rune,8226,マナフローバンド,43,26,17,0.6046511627906976,0.18220338983050846,236,15
overall,MIXED,15.8,TOP,rune,9104,レジェンド: 迅速,43,26,17,0.6046511627906976,0.33076923076923076,130,15
overall,MIXED,16.3,TOP,rune,8446,打ちこわし,43,26,17,0.6046511627906976,0.24431818181818182,176,15
overall,MIXED,16.3,ALL,rune,8233,英気集中,43,26,17,0.6046511627906976,0.048863636363636366,880,15
overall,MIXED,16.3,ALL,keystone,8214,エアリー召喚,43,25,18,0.5813953488372093,0.048863636363636366,880,15
overall,MIXED,16.16,UTILITY,rune,8234,追い風,43,25,18,0.5813953488372093,0.06456456456456457,666,15
overall,MIXED,16.17,JUNGLE,rune,8401,シールドバッシュ,43,24,19,0.5581395348837209,0.04265873015873016,1008,15
overall,MIXED,14.19,ALL,keystone,8005,プレスアタック,43,24,19,0.5581395348837209,0.10238095238095238,420,15
overall,MIXED,14.19,UTILITY,rune,8226,マナフローバンド,43,24,19,0.5581395348837209,0.5119047619047619,84,15
overall,MIXED,15.20,UTILITY,rune,8226,マナフローバンド,43,24,19,0.5581395348837209,0.32575757575757575,132,15
overall,MIXED,16.16,JUNGLE,rune,8105,執拗な賞金首狩り,43,24,19,0.5581395348837209,0.06456456456456457,666,15
overall,MIXED,16.13,TOP,rune,8410,疾駆,43,24,19,0.5581395348837209,0.06534954407294832,658,15
overall,MIXED,16.7,UTILITY,keystone,8229,秘儀の彗星,43,24,19,0.5581395348837209,0.2792207792207792,154,15
overall,MIXED,16.5,JUNGLE,rune,8299,背水の陣,43,24,19,0.5581395348837209,0.2654320987654321,162,15
overall,MIXED,15.21,ALL,rune,8233,英気集中,43,24,19,0.5581395348837209,0.07288135593220339,590,15
overall,MIXED,16.14,JUNGLE,keystone,8128,魂の収穫,43,24,19,0.5581395348837209,0.0617816091954023,696,15
overall,MIXED,16.12,ALL,shard,5010,UNKNOWN(5010),43,23,20,0.5348837209302325,0.048314606741573035,890,15
overall,MIXED,16.17,UTILITY,rune,8140,グリスリー メメント,43,23,20,0.5348837209302325,0.04265873015873016,1008,15
overall,MIXED,15.21,UTILITY,rune,8226,マナフローバンド,43,23,20,0.5348837209302325,0.3644067796610169,118,15
overall,MIXED,15.23,TOP,rune,9105,レジェンド: ヘイスト,43,23,20,0.5348837209302325,0.3706896551724138,116,15
overall,MIXED,15.21,BOTTOM,rune,8236,強まる嵐,43,23,20,0.5348837209302325,0.36752136752136755,117,15
overall,MIXED,16.8,MIDDLE,rune,8106,至極の賞金首狩り,43,23,20,0.5348837209302325,0.30714285714285716,140,15
overall,MIXED,15.24,UTILITY,shard,5005,UNKNOWN(5005),43,22,21,0.5116279069767442,0.12573099415204678,342,15
overall,MIXED,15.11,UTILITY,rune,8473,ボーンアーマー,43,22,21,0.5116279069767442,0.4056603773584906,106,15
overall,MIXED,15.15,UTILITY,rune,8473,ボーンアーマー,43,22,21,0.5116279069767442,0.524390243902439,82,15
overall,MIXED,16.5,BOTTOM,rune,9104,レジェンド: 迅速,43,22,21,0.5116279069767442,0.2654320987654321,162,15
overall,MIXED,14.21,JUNGLE,rune,9111,凱旋,43,22,21,0.5116279069767442,0.7678571428571429,56,15
overall,MIXED,16.15,TOP,rune,8429,心身調整,43,22,21,0.5116279069767442,0.05205811138014528,826,15
overall,MIXED,15.20,ALL,rune,8446,打ちこわし,43,22,21,0.5116279069767442,0.06515151515151515,660,15
overall,MIXED,16.7,ALL,rune,8410,疾駆,43,22,21,0.5116279069767442,0.05584415584415584,770,15
overall,MIXED,15.23,TOP,rune,8451,超成長,43,22,21,0.5116279069767442,0.3706896551724138,116,15
overall,MIXED,16.10,MIDDLE,rune,8143,サドンインパクト,43,21,22,0.4883720930232558,0.19369369369369369,222,15
overall,MIXED,15.19,TOP,rune,8345,ビスケットデリバリー,43,21,22,0.4883720930232558,0.18777292576419213,229,15
overall,MIXED,16.6,TOP,rune,8473,ボーンアーマー,43,21,22,0.4883720930232558,0.28289473684210525,152,15
overall,MIXED,15.15,MIDDLE,rune,8226,マナフローバンド,43,21,22,0.4883720930232558,0.524390243902439,82,15
overall,MIXED,15.4,ALL,keystone,8008,リーサルテンポ,43,21,22,0.4883720930232558,0.15925925925925927,270,15
overall,MIXED,15.17,JUNGLE,rune,9105,レジェンド: ヘイスト,43,21,22,0.4883720930232558,0.2654320987654321,162,15
overall,MIXED,15.3,TOP,rune,9111,凱旋,43,21,22,0.4883720930232558,0.524390243902439,82,15
overall,MIXED,16.18,MIDDLE,rune,8017,切り崩し,43,21,22,0.4883720930232558,0.12797619047619047,336,15
overall,MIXED,16.6,ALL,rune,8233,英気集中,43,21,22,0.4883720930232558,0.056578947368421055,760,15
overall,MIXED,15.16,BOTTOM,rune,8304,魔法の靴,43,21,22,0.4883720930232558,0.40186915887850466,107,15
overall,MIXED,15.13,ALL,keystone,8214,エアリー召喚,43,20,23,0.46511627906976744,0.04479166666666667,960,15
overall,MIXED,15.19,BOTTOM,keystone,8005,プレスアタック,43,20,23,0.46511627906976744,0.18695652173913044,230,15
overall,MIXED,15.19,MIDDLE,rune,8009,冷静沈着,43,20,23,0.46511627906976744,0.18695652173913044,230,15
overall,MIXED,15.10,ALL,rune,8105,執拗な賞金首狩り,43,20,23,0.46511627906976744,0.06231884057971015,690,15
overall,MIXED,16.14,UTILITY,rune,8105,執拗な賞金首狩り,43,20,23,0.46511627906976744,0.0617816091954023,696,15
overall,MIXED,15.11,JUNGLE,rune,8347,宇宙の英知,43,20,23,0.46511627906976744,0.4056603773584906,106,15
overall,MIXED,15.14,TOP,keystone,8010,征服者,43,20,23,0.46511627906976744,0.4673913043478261,92,15
overall,MIXED,16.8,UTILITY,rune,8463,生命の泉,43,20,23,0.46511627906976744,0.30714285714285716,140,15
overall,MIXED,15.16,ALL,rune,8453,生気付与,43,20,23,0.46511627906976744,0.07962962962962963,540,15
overall,MIXED,16.10,UTILITY,rune,8126,追い打ち,43,20,23,0.46511627906976744,0.19369369369369369,222,15
overall,MIXED,15.15,JUNGLE,rune,8304,魔法の靴,43,20,23,0.46511627906976744,0.524390243902439,82,15
overall,MIXED,16.16,JUNGLE,shard,5011,UNKNOWN(5011),43,19,24,0.4418604651162791,0.06456456456456457,666,15
overall,MIXED,15.21,MIDDLE,rune,8140,グリスリー メメント,43,19,24,0.4418604651162791,0.3644067796610169,118,15
overall,MIXED,16.1,BOTTOM,rune,8313,トリプル トニック,43,19,24,0.4418604651162791,0.2792207792207792,154,15
overall,MIXED,14.24,ALL,rune,8345,ビスケットデリバリー,43,19,24,0.4418604651162791,0.172,250,15
overall,MIXED,15.16,JUNGLE,keystone,8010,征服者,43,19,24,0.4418604651162791,0.39814814814814814,108,15
overall,MIXED,16.10,ALL,rune,8429,心身調整,43,19,24,0.4418604651162791,0.03873873873873874,1110,15
overall,MIXED,15.18,ALL,rune,8453,生気付与,43,19,24,0.4418604651162791,0.06615384615384616,650,15
overall,MIXED,15.3,MIDDLE,shard,5005,UNKNOWN(5005),43,18,25,0.4186046511627907,0.524390243902439,82,15
overall,MIXED,16.4,UTILITY,shard,5007,UNKNOWN(5007),43,18,25,0.4186046511627907,0.4056603773584906,106,15
overall,MIXED,15.13,JUNGLE,rune,8140,グリスリー メメント,43,18,25,0.4186046511627907,0.22395833333333334,192,15
overall,MIXED,15.1,ALL,rune,8347,宇宙の英知,43,18,25,0.4186046511627907,0.22631578947368422,190,15
overall,MIXED,15.15,JUNGLE,rune,8014,最期の慈悲,43,18,25,0.4186046511627907,0.524390243902439,82,15
overall,MIXED,15.22,ALL,keystone,8439,アフターショック,43,17,26,0.3953488372093023,0.06515151515151515,660,15
overall,MIXED,15.19,JUNGLE,rune,8143,サドンインパクト,43,17,26,0.3953488372093023,0.18614718614718614,231,15
overall,MIXED,15.16,UTILITY,rune,8237,追火,43,17,26,0.3953488372093023,0.39814814814814814,108,15
overall,MIXED,14.20,JUNGLE,rune,9104,レジェンド: 迅速,43,16,27,0.37209302325581395,0.4673913043478261,92,15
overall,MIXED,16.5,TOP,rune,8444,息継ぎ,43,16,27,0.37209302325581395,0.2654320987654321,162,15
overall,MIXED,16.9,UTILITY,keystone,8439,アフターショック,43,15,28,0.3488372093023256,0.2721518987341772,158,15
overall,MIXED,15.13,ALL,rune,8234,追い風,42,30,12,0.7142857142857143,0.04375,960,15
overall,MIXED,15.24,TOP,shard,5011,UNKNOWN(5011),42,27,15,0.6428571428571429,0.12280701754385964,342,15
overall,MIXED,15.22,ALL,keystone,8437,不死者の握撃,42,26,16,0.6190476190476191,0.06363636363636363,660,15
overall,MIXED,16.16,TOP,rune,8410,疾駆,42,26,16,0.6190476190476191,0.06306306306306306,666,15
overall,MIXED,15.14,ALL,keystone,8112,電撃,42,26,16,0.6190476190476191,0.09130434782608696,460,15
overall,MIXED,15.16,MIDDLE,rune,8140,グリスリー メメント,42,25,17,0.5952380952380952,0.3888888888888889,108,15
overall,MIXED,16.8,ALL,keystone,8005,プレスアタック,42,25,17,0.5952380952380952,0.06,700,15
overall,MIXED,15.17,JUNGLE,keystone,8008,リーサルテンポ,42,25,17,0.5952380952380952,0.25925925925925924,162,15
overall,MIXED,15.9,ALL,rune,8444,息継ぎ,42,25,17,0.5952380952380952,0.09767441860465116,430,15
overall,MIXED,16.9,JUNGLE,rune,8299,背水の陣,42,25,17,0.5952380952380952,0.26582278481012656,158,15
overall,MIXED,16.2,ALL,rune,8234,追い風,42,25,17,0.5952380952380952,0.059154929577464786,710,15
overall,MIXED,15.23,UTILITY,rune,8473,ボーンアーマー,42,24,18,0.5714285714285714,0.3620689655172414,116,15
overall,MIXED,16.12,MIDDLE,keystone,8992,死神の残り火,42,24,18,0.5714285714285714,0.23595505617977527,178,15
overall,MIXED,15.14,UTILITY,rune,8242,気迫,42,24,18,0.5714285714285714,0.45652173913043476,92,15
overall,MIXED,14.22,ALL,keystone,8229,秘儀の彗星,42,24,18,0.5714285714285714,0.14482758620689656,290,15
overall,MIXED,15.16,MIDDLE,keystone,8112,電撃,42,24,18,0.5714285714285714,0.3888888888888889,108,15
overall,MIXED,15.4,ALL,shard,5011,UNKNOWN(5011),42,23,19,0.5476190476190477,0.15555555555555556,270,15
overall,MIXED,15.13,MIDDLE,rune,8143,サドンインパクト,42,23,19,0.5476190476190477,0.2198952879581152,191,15
overall,MIXED,14.19,BOTTOM,rune,9103,レジェンド: 血脈,42,23,19,0.5476190476190477,0.5,84,15
overall,MIXED,16.5,ALL,rune,8446,打ちこわし,42,23,19,0.5476190476190477,0.05185185185185185,810,15
overall,MIXED,16.8,UTILITY,rune,8242,気迫,42,23,19,0.5476190476190477,0.3,140,15
overall,MIXED,15.23,ALL,rune,8135,貪欲な賞金首狩り,42,23,19,0.5476190476190477,0.07241379310344828,580,15
overall,MIXED,15.18,UTILITY,rune,8237,追火,42,23,19,0.5476190476190477,0.3230769230769231,130,15
overall,MIXED,15.8,UTILITY,keystone,8439,アフターショック,42,22,20,0.5238095238095238,0.3230769230769231,130,15
overall,MIXED,16.2,UTILITY,keystone,8439,アフターショック,42,22,20,0.5238095238095238,0.29577464788732394,142,15
overall,MIXED,15.7,UTILITY,rune,8345,ビスケットデリバリー,42,22,20,0.5238095238095238,0.45652173913043476,92,15
overall,MIXED,14.23,ALL,rune,8014,最期の慈悲,42,22,20,0.5238095238095238,0.2,210,15
overall,MIXED,15.13,ALL,rune,8137,第六感,42,22,20,0.5238095238095238,0.04375,960,15
overall,MIXED,16.12,ALL,rune,8233,英気集中,42,22,20,0.5238095238095238,0.04719101123595506,890,15
overall,MIXED,16.12,BOTTOM,rune,8304,魔法の靴,42,22,20,0.5238095238095238,0.23728813559322035,177,15
overall,MIXED,14.22,UTILITY,shard,5008,UNKNOWN(5008),42,21,21,0.5,0.7241379310344828,58,15
overall,MIXED,14.23,BOTTOM,shard,5008,UNKNOWN(5008),42,21,21,0.5,1.0,42,15
overall,MIXED,16.7,BOTTOM,rune,8313,トリプル トニック,42,21,21,0.5,0.2727272727272727,154,15
overall,MIXED,14.24,ALL,rune,8473,ボーンアーマー,42,21,21,0.5,0.168,250,15
overall,MIXED,16.7,TOP,rune,9104,レジェンド: 迅速,42,21,21,0.5,0.2727272727272727,154,15
overall,MIXED,15.17,MIDDLE,rune,8444,息継ぎ,42,21,21,0.5,0.25925925925925924,162,15
overall,MIXED,15.16,TOP,rune,8451,超成長,42,21,21,0.5,0.3888888888888889,108,15
overall,MIXED,15.24,BOTTOM,rune,8321,キャッシュバック,42,20,22,0.47619047619047616,0.12316715542521994,341,15
overall,MIXED,15.7,BOTTOM,rune,8345,ビスケットデリバリー,42,20,22,0.47619047619047616,0.45652173913043476,92,15
overall,MIXED,15.9,JUNGLE,rune,9104,レジェンド: 迅速,42,20,22,0.47619047619047616,0.4883720930232558,86,15
overall,MIXED,16.6,BOTTOM,rune,8304,魔法の靴,42,20,22,0.47619047619047616,0.27631578947368424,152,15
overall,MIXED,14.24,UTILITY,shard,5001,UNKNOWN(5001),42,19,23,0.4523809523809524,0.84,50,15
overall,MIXED,15.12,UTILITY,shard,5007,UNKNOWN(5007),42,19,23,0.4523809523809524,0.4117647058823529,102,15
overall,MIXED,15.21,ALL,keystone,8439,アフターショック,42,19,23,0.4523809523809524,0.0711864406779661,590,15
overall,MIXED,16.5,JUNGLE,rune,8140,グリスリー メメント,42,19,23,0.4523809523809524,0.25925925925925924,162,15
overall,MIXED,15.2,ALL,keystone,8008,リーサルテンポ,42,19,23,0.4523809523809524,0.09130434782608696,460,15
overall,MIXED,16.13,MIDDLE,rune,9101,体力吸収,42,19,23,0.4523809523809524,0.06382978723404255,658,15
overall,MIXED,15.4,JUNGLE,rune,9111,凱旋,42,19,23,0.4523809523809524,0.7777777777777778,54,15
overall,MIXED,15.23,BOTTOM,rune,8017,切り崩し,42,19,23,0.4523809523809524,0.3620689655172414,116,15
overall,MIXED,16.14,JUNGLE,rune,8017,切り崩し,42,19,23,0.4523809523809524,0.0603448275862069,696,15
overall,MIXED,16.17,MIDDLE,rune,8233,英気集中,42,19,23,0.4523809523809524,0.041666666666666664,1008,15
overall,MIXED,16.4,ALL,rune,8135,貪欲な賞金首狩り,42,19,23,0.4523809523809524,0.07924528301886792,530,15
overall,MIXED,15.21,MIDDLE,keystone,8112,電撃,42,19,23,0.4523809523809524,0.3559322033898305,118,15
overall,MIXED,14.22,JUNGLE,shard,5005,UNKNOWN(5005),42,18,24,0.42857142857142855,0.7241379310344828,58,15
overall,MIXED,14.20,MIDDLE,rune,8226,マナフローバンド,42,18,24,0.42857142857142855,0.45652173913043476,92,15
overall,MIXED,15.11,ALL,rune,8446,打ちこわし,42,18,24,0.42857142857142855,0.07924528301886792,530,15
overall,MIXED,16.8,ALL,rune,8410,疾駆,42,18,24,0.42857142857142855,0.06,700,15
overall,MIXED,15.4,ALL,rune,8237,追火,42,18,24,0.42857142857142855,0.15555555555555556,270,15
overall,MIXED,16.14,JUNGLE,shard,5011,UNKNOWN(5011),42,17,25,0.40476190476190477,0.0603448275862069,696,15
overall,MIXED,14.19,TOP,rune,9111,凱旋,42,17,25,0.40476190476190477,0.5,84,15
overall,MIXED,16.11,ALL,rune,8105,執拗な賞金首狩り,42,17,25,0.40476190476190477,0.03559322033898305,1180,15
overall,MIXED,14.20,JUNGLE,rune,8014,最期の慈悲,42,17,25,0.40476190476190477,0.45652173913043476,92,15
overall,MIXED,16.16,JUNGLE,keystone,8021,フリートフットワーク,42,16,26,0.38095238095238093,0.06306306306306306,666,15
overall,MIXED,16.8,ALL,rune,8139,血の味わい,42,16,26,0.38095238095238093,0.06,700,15
overall,MIXED,14.24,ALL,rune,8347,宇宙の英知,42,15,27,0.35714285714285715,0.168,250,15
overall,MIXED,16.3,UTILITY,rune,8126,追い打ち,42,13,29,0.30952380952380953,0.23863636363636365,176,15
overall,MIXED,15.18,ALL,rune,8429,心身調整,41,28,13,0.6829268292682927,0.06307692307692307,650,15
overall,MIXED,15.24,ALL,rune,8275,ニンバスクローク,41,27,14,0.6585365853658537,0.023976608187134502,1710,15
overall,MIXED,15.16,BOTTOM,rune,9104,レジェンド: 迅速,41,27,14,0.6585365853658537,0.38317757009345793,107,15
overall,MIXED,16.17,BOTTOM,shard,5010,UNKNOWN(5010),41,26,15,0.6341463414634146,0.040674603174603176,1008,15
overall,MIXED,16.13,JUNGLE,shard,5011,UNKNOWN(5011),41,26,15,0.6341463414634146,0.06231003039513678,658,15
overall,MIXED,15.8,ALL,rune,8143,サドンインパクト,41,26,15,0.6341463414634146,0.06307692307692307,650,15
overall,MIXED,16.13,UTILITY,shard,5010,UNKNOWN(5010),41,25,16,0.6097560975609756,0.0624048706240487,657,15
overall,MIXED,16.15,ALL,keystone,8465,ガーディアン,41,25,16,0.6097560975609756,0.009927360774818402,4130,15
overall,MIXED,16.15,UTILITY,keystone,8465,ガーディアン,41,25,16,0.6097560975609756,0.04963680387409201,826,15
overall,MIXED,16.13,UTILITY,rune,8140,グリスリー メメント,41,25,16,0.6097560975609756,0.0624048706240487,657,15
overall,MIXED,16.10,JUNGLE,rune,8143,サドンインパクト,41,25,16,0.6097560975609756,0.18468468468468469,222,15
overall,MIXED,16.6,TOP,rune,8444,息継ぎ,41,25,16,0.6097560975609756,0.26973684210526316,152,15
overall,MIXED,15.8,TOP,rune,9105,レジェンド: ヘイスト,41,24,17,0.5853658536585366,0.3153846153846154,130,15
overall,MIXED,16.14,TOP,rune,8236,強まる嵐,41,24,17,0.5853658536585366,0.05890804597701149,696,15
overall,MIXED,15.13,ALL,rune,8429,心身調整,41,24,17,0.5853658536585366,0.042708333333333334,960,15
overall,MIXED,16.15,JUNGLE,rune,8429,心身調整,41,24,17,0.5853658536585366,0.04963680387409201,826,15
overall,MIXED,15.2,ALL,rune,8233,英気集中,41,24,17,0.5853658536585366,0.0891304347826087,460,15
overall,MIXED,16.1,UTILITY,keystone,8439,アフターショック,41,23,18,0.5609756097560976,0.2679738562091503,153,15
overall,MIXED,14.21,ALL,rune,8473,ボーンアーマー,41,23,18,0.5609756097560976,0.14642857142857144,280,15
overall,MIXED,15.1,ALL,rune,9104,レジェンド: 迅速,41,23,18,0.5609756097560976,0.21578947368421053,190,15
overall,MIXED,16.1,BOTTOM,rune,8236,強まる嵐,41,23,18,0.5609756097560976,0.2662337662337662,154,15
overall,MIXED,16.13,UTILITY,rune,8444,息継ぎ,41,23,18,0.5609756097560976,0.0624048706240487,657,15
overall,MIXED,15.24,ALL,rune,8316,なんでも屋,41,22,19,0.5365853658536586,0.023976608187134502,1710,15
overall,MIXED,16.14,BOTTOM,rune,9105,レジェンド: ヘイスト,41,22,19,0.5365853658536586,0.05890804597701149,696,15
overall,MIXED,16.15,TOP,rune,9103,レジェンド: 血脈,41,22,19,0.5365853658536586,0.04963680387409201,826,15
overall,MIXED,16.4,BOTTOM,rune,8017,切り崩し,41,22,19,0.5365853658536586,0.3867924528301887,106,15
overall,MIXED,16.16,BOTTOM,keystone,8992,死神の残り火,41,22,19,0.5365853658536586,0.06156156156156156,666,15
overall,MIXED,15.13,JUNGLE,rune,8299,背水の陣,41,22,19,0.5365853658536586,0.21354166666666666,192,15
overall,MIXED,15.18,JUNGLE,rune,8299,背水の陣,41,22,19,0.5365853658536586,0.3153846153846154,130,15
overall,MIXED,16.11,JUNGLE,rune,8106,至極の賞金首狩り,41,22,19,0.5365853658536586,0.17372881355932204,236,15
overall,MIXED,14.19,UTILITY,rune,8210,至高,41,22,19,0.5365853658536586,0.4880952380952381,84,15
overall,MIXED,15.8,ALL,rune,8126,追い打ち,41,22,19,0.5365853658536586,0.06307692307692307,650,15
overall,MIXED,16.10,MIDDLE,shard,5011,UNKNOWN(5011),41,21,20,0.5121951219512195,0.18468468468468469,222,15
overall,MIXED,16.11,ALL,keystone,8369,ファーストストライク,41,21,20,0.5121951219512195,0.03474576271186441,1180,15
overall,MIXED,15.14,TOP,rune,8473,ボーンアーマー,41,21,20,0.5121951219512195,0.44565217391304346,92,15
overall,MIXED,15.16,BOTTOM,keystone,8008,リーサルテンポ,41,21,20,0.5121951219512195,0.38317757009345793,107,15
overall,MIXED,16.10,BOTTOM,rune,9111,凱旋,41,21,20,0.5121951219512195,0.18468468468468469,222,15
overall,MIXED,14.20,TOP,keystone,8010,征服者,41,21,20,0.5121951219512195,0.44565217391304346,92,15
overall,MIXED,15.14,JUNGLE,keystone,8010,征服者,41,21,20,0.5121951219512195,0.44565217391304346,92,15
overall,MIXED,16.9,ALL,rune,8446,打ちこわし,41,21,20,0.5121951219512195,0.05189873417721519,790,15
overall,MIXED,16.8,BOTTOM,rune,8014,最期の慈悲,41,21,20,0.5121951219512195,0.29285714285714287,140,15
overall,MIXED,15.20,ALL,rune,8463,生命の泉,41,21,20,0.5121951219512195,0.06212121212121212,660,15
overall,MIXED,15.13,UTILITY,keystone,8229,秘儀の彗星,41,21,20,0.5121951219512195,0.21354166666666666,192,15
overall,MIXED,15.15,ALL,keystone,8229,秘儀の彗星,41,21,20,0.5121951219512195,0.1,410,15
overall,MIXED,16.11,UTILITY,rune,8126,追い打ち,41,21,20,0.5121951219512195,0.17372881355932204,236,15
overall,MIXED,16.14,UTILITY,rune,8234,追い風,41,21,20,0.5121951219512195,0.05890804597701149,696,15
overall,MIXED,14.23,MIDDLE,shard,5008,UNKNOWN(5008),41,20,21,0.4878048780487805,0.9761904761904762,42,15
overall,MIXED,15.11,BOTTOM,shard,5011,UNKNOWN(5011),41,20,21,0.4878048780487805,0.3867924528301887,106,15
overall,MIXED,15.24,BOTTOM,keystone,8369,ファーストストライク,41,20,21,0.4878048780487805,0.12023460410557185,341,15
overall,MIXED,15.18,ALL,keystone,8005,プレスアタック,41,20,21,0.4878048780487805,0.06307692307692307,650,15
overall,MIXED,14.19,TOP,rune,8473,ボーンアーマー,41,20,21,0.4878048780487805,0.4880952380952381,84,15
overall,MIXED,15.4,BOTTOM,rune,8009,冷静沈着,41,20,21,0.4878048780487805,0.7592592592592593,54,15
overall,MIXED,15.9,JUNGLE,keystone,8010,征服者,41,20,21,0.4878048780487805,0.47674418604651164,86,15
overall,MIXED,16.6,UTILITY,rune,8463,生命の泉,41,20,21,0.4878048780487805,0.271523178807947,151,15
overall,MIXED,15.16,ALL,rune,8139,血の味わい,41,20,21,0.4878048780487805,0.07592592592592592,540,15
overall,MIXED,15.8,ALL,rune,8139,血の味わい,41,20,21,0.4878048780487805,0.06307692307692307,650,15
overall,MIXED,16.18,JUNGLE,rune,8234,追い風,41,20,21,0.4878048780487805,0.12202380952380952,336,15
overall,MIXED,16.14,BOTTOM,shard,5010,UNKNOWN(5010),41,19,22,0.4634146341463415,0.05890804597701149,696,15
overall,MIXED,14.20,BOTTOM,rune,8345,ビスケットデリバリー,41,19,22,0.4634146341463415,0.44565217391304346,92,15
overall,MIXED,15.11,BOTTOM,keystone,8008,リーサルテンポ,41,19,22,0.4634146341463415,0.3867924528301887,106,15
overall,MIXED,16.7,BOTTOM,rune,9104,レジェンド: 迅速,41,19,22,0.4634146341463415,0.2662337662337662,154,15
overall,MIXED,16.2,JUNGLE,rune,8299,背水の陣,41,19,22,0.4634146341463415,0.2887323943661972,142,15
overall,MIXED,16.3,MIDDLE,rune,8139,血の味わい,41,19,22,0.4634146341463415,0.23295454545454544,176,15
overall,MIXED,16.1,ALL,rune,8126,追い打ち,41,19,22,0.4634146341463415,0.053246753246753244,770,15
overall,MIXED,16.15,ALL,keystone,8351,グレイシャルオーグメント,41,18,23,0.43902439024390244,0.009927360774818402,4130,15
overall,MIXED,16.5,JUNGLE,rune,8143,サドンインパクト,41,18,23,0.43902439024390244,0.25308641975308643,162,15
overall,MIXED,14.19,BOTTOM,rune,8345,ビスケットデリバリー,41,18,23,0.43902439024390244,0.4880952380952381,84,15
overall,MIXED,16.18,UTILITY,rune,9105,レジェンド: ヘイスト,41,18,23,0.43902439024390244,0.12202380952380952,336,15
overall,MIXED,15.3,BOTTOM,rune,8014,最期の慈悲,41,18,23,0.43902439024390244,0.5,82,15
overall,MIXED,15.9,ALL,rune,8106,至極の賞金首狩り,41,18,23,0.43902439024390244,0.09534883720930233,430,15
overall,MIXED,15.16,ALL,keystone,8005,プレスアタック,41,17,24,0.4146341463414634,0.07592592592592592,540,15
overall,MIXED,16.7,ALL,keystone,8005,プレスアタック,41,17,24,0.4146341463414634,0.053246753246753244,770,15
overall,MIXED,15.3,BOTTOM,rune,8236,強まる嵐,41,16,25,0.3902439024390244,0.5,82,15
overall,MIXED,15.8,ALL,rune,8446,打ちこわし,41,16,25,0.3902439024390244,0.06307692307692307,650,15
overall,MIXED,15.16,BOTTOM,rune,8014,最期の慈悲,41,16,25,0.3902439024390244,0.38317757009345793,107,15
overall,MIXED,14.19,ALL,rune,8139,血の味わい,41,16,25,0.3902439024390244,0.09761904761904762,420,15
overall,MIXED,15.19,JUNGLE,rune,8140,グリスリー メメント,41,15,26,0.36585365853658536,0.1774891774891775,231,15
overall,MIXED,16.18,MIDDLE,rune,8347,宇宙の英知,41,15,26,0.36585365853658536,0.12202380952380952,336,15
overall,MIXED,16.6,JUNGLE,rune,9105,レジェンド: ヘイスト,40,27,13,0.675,0.2631578947368421,152,15
overall,MIXED,15.1,ALL,rune,8299,背水の陣,40,26,14,0.65,0.21052631578947367,190,15
overall,MIXED,15.7,MIDDLE,rune,8140,グリスリー メメント,40,25,15,0.625,0.43478260869565216,92,15
overall,MIXED,16.18,MIDDLE,rune,8009,冷静沈着,40,25,15,0.625,0.11904761904761904,336,15
overall,MIXED,16.16,TOP,keystone,8229,秘儀の彗星,40,25,15,0.625,0.06006006006006006,666,15
overall,MIXED,16.6,ALL,keystone,8439,アフターショック,40,24,16,0.6,0.05263157894736842,760,15
overall,MIXED,15.14,UTILITY,rune,8473,ボーンアーマー,40,24,16,0.6,0.43478260869565216,92,15
overall,MIXED,16.1,ALL,rune,8446,打ちこわし,40,24,16,0.6,0.05194805194805195,770,15
overall,MIXED,15.22,ALL,rune,8410,疾駆,40,24,16,0.6,0.06060606060606061,660,15
overall,MIXED,15.23,MIDDLE,rune,8140,グリスリー メメント,40,23,17,0.575,0.3448275862068966,116,15
overall,MIXED,15.11,TOP,rune,8473,ボーンアーマー,40,23,17,0.575,0.37735849056603776,106,15
overall,MIXED,16.17,JUNGLE,keystone,8437,不死者の握撃,40,23,17,0.575,0.03968253968253968,1008,15
overall,MIXED,15.9,ALL,rune,8105,執拗な賞金首狩り,40,23,17,0.575,0.09302325581395349,430,15
overall,MIXED,16.3,TOP,rune,8444,息継ぎ,40,23,17,0.575,0.22727272727272727,176,15
overall,MIXED,15.17,UTILITY,keystone,8229,秘儀の彗星,40,23,17,0.575,0.2484472049689441,161,15
overall,MIXED,16.9,ALL,rune,8233,英気集中,40,23,17,0.575,0.05063291139240506,790,15
overall,MIXED,14.20,ALL,keystone,8112,電撃,40,23,17,0.575,0.08695652173913043,460,15
overall,MIXED,14.20,UTILITY,shard,5007,UNKNOWN(5007),40,22,18,0.55,0.43478260869565216,92,15
overall,MIXED,16.8,ALL,keystone,8439,アフターショック,40,22,18,0.55,0.05714285714285714,700,15
overall,MIXED,16.14,TOP,rune,8017,切り崩し,40,22,18,0.55,0.05747126436781609,696,15
overall,MIXED,16.1,ALL,rune,8234,追い風,40,22,18,0.55,0.05194805194805195,770,15
overall,MIXED,16.3,ALL,rune,8234,追い風,40,22,18,0.55,0.045454545454545456,880,15
overall,MIXED,15.11,UTILITY,rune,8237,追火,40,22,18,0.55,0.37735849056603776,106,15
overall,MIXED,15.2,JUNGLE,rune,8304,魔法の靴,40,22,18,0.55,0.43478260869565216,92,15
overall,MIXED,14.23,JUNGLE,shard,5008,UNKNOWN(5008),40,21,19,0.525,0.9523809523809523,42,15
overall,MIXED,16.7,ALL,keystone,8021,フリートフットワーク,40,21,19,0.525,0.05194805194805195,770,15
overall,MIXED,16.1,ALL,rune,8105,執拗な賞金首狩り,40,21,19,0.525,0.05194805194805195,770,15
overall,MIXED,14.23,ALL,rune,8347,宇宙の英知,40,21,19,0.525,0.19047619047619047,210,15
overall,MIXED,15.10,ALL,rune,8429,心身調整,40,21,19,0.525,0.057971014492753624,690,15
overall,MIXED,15.11,BOTTOM,rune,8014,最期の慈悲,40,21,19,0.525,0.37735849056603776,106,15
overall,MIXED,15.2,JUNGLE,rune,8014,最期の慈悲,40,21,19,0.525,0.43478260869565216,92,15
overall,MIXED,15.12,ALL,rune,8453,生気付与,40,21,19,0.525,0.0784313725490196,510,15
overall,MIXED,15.24,UTILITY,rune,8453,生気付与,40,21,19,0.525,0.11695906432748537,342,15
overall,MIXED,16.14,UTILITY,rune,8137,第六感,40,21,19,0.525,0.05747126436781609,696,15
overall,MIXED,16.16,BOTTOM,rune,8299,背水の陣,40,21,19,0.525,0.06006006006006006,666,15
overall,MIXED,15.11,ALL,rune,8126,追い打ち,40,21,19,0.525,0.07547169811320754,530,15
overall,MIXED,14.22,BOTTOM,shard,5001,UNKNOWN(5001),40,20,20,0.5,0.6896551724137931,58,15
overall,MIXED,15.7,UTILITY,shard,5007,UNKNOWN(5007),40,20,20,0.5,0.43478260869565216,92,15
overall,MIXED,15.24,UTILITY,keystone,8214,エアリー召喚,40,20,20,0.5,0.11695906432748537,342,15
overall,MIXED,14.20,UTILITY,rune,8226,マナフローバンド,40,20,20,0.5,0.43478260869565216,92,15
overall,MIXED,16.11,TOP,rune,8242,気迫,40,20,20,0.5,0.1694915254237288,236,15
overall,MIXED,16.15,JUNGLE,rune,8210,至高,40,20,20,0.5,0.048426150121065374,826,15
overall,MIXED,16.16,MIDDLE,rune,8126,追い打ち,40,20,20,0.5,0.06006006006006006,666,15
overall,MIXED,16.17,MIDDLE,shard,5010,UNKNOWN(5010),40,19,21,0.475,0.03968253968253968,1008,15
overall,MIXED,15.21,UTILITY,keystone,8439,アフターショック,40,19,21,0.475,0.3389830508474576,118,15
overall,MIXED,15.15,BOTTOM,rune,8345,ビスケットデリバリー,40,19,21,0.475,0.4878048780487805,82,15
overall,MIXED,15.12,UTILITY,rune,8226,マナフローバンド,40,19,21,0.475,0.39215686274509803,102,15
overall,MIXED,15.21,TOP,rune,9104,レジェンド: 迅速,40,19,21,0.475,0.3389830508474576,118,15
overall,MIXED,16.9,BOTTOM,rune,9104,レジェンド: 迅速,40,19,21,0.475,0.25316455696202533,158,15
overall,MIXED,14.24,BOTTOM,rune,8009,冷静沈着,40,19,21,0.475,0.8,50,15
overall,MIXED,15.16,ALL,rune,8446,打ちこわし,40,19,21,0.475,0.07407407407407407,540,15
overall,MIXED,15.3,ALL,rune,8139,血の味わい,40,19,21,0.475,0.0975609756097561,410,15
overall,MIXED,15.22,ALL,rune,8126,追い打ち,40,19,21,0.475,0.06060606060606061,660,15
overall,MIXED,15.14,BOTTOM,shard,5011,UNKNOWN(5011),40,18,22,0.45,0.43478260869565216,92,15
overall,MIXED,15.19,UTILITY,rune,8401,シールドバッシュ,40,18,22,0.45,0.17391304347826086,230,15
overall,MIXED,15.22,ALL,rune,8401,シールドバッシュ,40,18,22,0.45,0.06060606060606061,660,15
overall,MIXED,15.20,TOP,keystone,8437,不死者の握撃,40,18,22,0.45,0.30303030303030304,132,15
overall,MIXED,16.14,JUNGLE,rune,8236,強まる嵐,40,18,22,0.45,0.05747126436781609,696,15
overall,MIXED,15.18,ALL,rune,8446,打ちこわし,40,18,22,0.45,0.06153846153846154,650,15
overall,MIXED,15.22,UTILITY,rune,8242,気迫,40,18,22,0.45,0.30303030303030304,132,15
overall,MIXED,14.19,MIDDLE,rune,8138,UNKNOWN(8138),40,17,23,0.425,0.47619047619047616,84,15
overall,MIXED,16.14,MIDDLE,keystone,8369,ファーストストライク,40,17,23,0.425,0.05747126436781609,696,15
overall,MIXED,15.2,ALL,keystone,8005,プレスアタック,40,17,23,0.425,0.08695652173913043,460,15
overall,MIXED,16.1,JUNGLE,rune,9105,レジェンド: ヘイスト,40,17,23,0.425,0.2597402597402597,154,15
overall,MIXED,16.2,BOTTOM,rune,8014,最期の慈悲,40,17,23,0.425,0.28169014084507044,142,15
overall,MIXED,16.18,MIDDLE,rune,8304,魔法の靴,40,17,23,0.425,0.11904761904761904,336,15
overall,MIXED,16.8,ALL,keystone,8214,エアリー召喚,40,16,24,0.4,0.05714285714285714,700,15
overall,MIXED,16.10,ALL,rune,8224,アクシオム アルカニスト,40,15,25,0.375,0.036036036036036036,1110,15
overall,MIXED,16.18,UTILITY,keystone,8214,エアリー召喚,40,15,25,0.375,0.11904761904761904,336,15
overall,MIXED,15.20,TOP,rune,8444,息継ぎ,40,15,25,0.375,0.30303030303030304,132,15
overall,MIXED,16.17,TOP,rune,8106,至極の賞金首狩り,40,15,25,0.375,0.03968253968253968,1008,15
overall,MIXED,16.2,ALL,rune,8139,血の味わい,40,15,25,0.375,0.056338028169014086,710,15
overall,MIXED,16.13,MIDDLE,rune,8126,追い打ち,40,15,25,0.375,0.060790273556231005,658,15
overall,MIXED,15.13,ALL,rune,8410,疾駆,39,25,14,0.6410256410256411,0.040625,960,15
overall,MIXED,15.10,BOTTOM,rune,8233,英気集中,39,25,14,0.6410256410256411,0.2826086956521739,138,15
overall,MIXED,14.20,ALL,keystone,8439,アフターショック,39,24,15,0.6153846153846154,0.08478260869565217,460,15
overall,MIXED,15.24,TOP,rune,8345,ビスケットデリバリー,39,24,15,0.6153846153846154,0.11403508771929824,342,15
overall,MIXED,15.16,ALL,rune,8429,心身調整,39,24,15,0.6153846153846154,0.07222222222222222,540,15
overall,MIXED,16.3,JUNGLE,rune,8143,サドンインパクト,39,23,16,0.5897435897435898,0.2215909090909091,176,15
overall,MIXED,15.23,ALL,keystone,8005,プレスアタック,39,23,16,0.5897435897435898,0.06724137931034482,580,15
overall,MIXED,15.4,ALL,rune,9105,レジェンド: ヘイスト,39,23,16,0.5897435897435898,0.14444444444444443,270,15
overall,MIXED,15.16,JUNGLE,rune,8347,宇宙の英知,39,23,16,0.5897435897435898,0.3611111111111111,108,15
overall,MIXED,15.16,MIDDLE,rune,8106,至極の賞金首狩り,39,23,16,0.5897435897435898,0.3611111111111111,108,15
overall,MIXED,15.8,MIDDLE,rune,8106,至極の賞金首狩り,39,23,16,0.5897435897435898,0.3,130,15
overall,MIXED,16.4,ALL,rune,8126,追い打ち,39,23,16,0.5897435897435898,0.07358490566037736,530,15
overall,MIXED,15.20,UTILITY,rune,8237,追火,39,23,16,0.5897435897435898,0.29545454545454547,132,15
overall,MIXED,15.6,ALL,shard,5005,UNKNOWN(5005),39,22,17,0.5641025641025641,0.4875,80,15
overall,MIXED,15.19,MIDDLE,rune,8143,サドンインパクト,39,22,17,0.5641025641025641,0.16956521739130434,230,15
overall,MIXED,15.13,TOP,rune,8345,ビスケットデリバリー,39,22,17,0.5641025641025641,0.203125,192,15
overall,MIXED,15.17,ALL,rune,8429,心身調整,39,22,17,0.5641025641025641,0.04814814814814815,810,15
overall,MIXED,16.10,TOP,rune,8242,気迫,39,22,17,0.5641025641025641,0.17567567567567569,222,15
overall,MIXED,16.13,JUNGLE,rune,8410,疾駆,39,22,17,0.5641025641025641,0.05927051671732523,658,15
overall,MIXED,15.17,ALL,rune,8135,貪欲な賞金首狩り,39,22,17,0.5641025641025641,0.04814814814814815,810,15
overall,MIXED,14.21,ALL,rune,8237,追火,39,22,17,0.5641025641025641,0.1392857142857143,280,15
overall,MIXED,15.9,UTILITY,shard,5007,UNKNOWN(5007),39,21,18,0.5384615384615384,0.45348837209302323,86,15
overall,MIXED,15.10,UTILITY,keystone,8439,アフターショック,39,21,18,0.5384615384615384,0.2826086956521739,138,15
overall,MIXED,16.7,UTILITY,keystone,8439,アフターショック,39,21,18,0.5384615384615384,0.2532467532467532,154,15
overall,MIXED,16.10,JUNGLE,rune,8140,グリスリー メメント,39,21,18,0.5384615384615384,0.17567567567567569,222,15
overall,MIXED,16.11,ALL,rune,8275,ニンバスクローク,39,21,18,0.5384615384615384,0.03305084745762712,1180,15
overall,MIXED,15.24,ALL,keystone,9923,ヘイルブレード,39,21,18,0.5384615384615384,0.02280701754385965,1710,15
overall,MIXED,16.14,TOP,rune,9101,体力吸収,39,21,18,0.5384615384615384,0.05603448275862069,696,15
overall,MIXED,16.10,UTILITY,rune,8236,強まる嵐,39,21,18,0.5384615384615384,0.17567567567567569,222,15
overall,MIXED,16.16,UTILITY,rune,8444,息継ぎ,39,21,18,0.5384615384615384,0.05855855855855856,666,15
overall,MIXED,16.18,MIDDLE,keystone,8229,秘儀の彗星,39,21,18,0.5384615384615384,0.11607142857142858,336,15
overall,MIXED,16.2,MIDDLE,keystone,8229,秘儀の彗星,39,21,18,0.5384615384615384,0.2746478873239437,142,15
overall,MIXED,15.19,ALL,keystone,8128,魂の収穫,39,21,18,0.5384615384615384,0.03391304347826087,1150,15
overall,MIXED,15.24,UTILITY,shard,5011,UNKNOWN(5011),39,20,19,0.5128205128205128,0.11403508771929824,342,15
overall,MIXED,15.10,ALL,keystone,8214,エアリー召喚,39,20,19,0.5128205128205128,0.05652173913043478,690,15
overall,MIXED,15.3,ALL,rune,8401,シールドバッシュ,39,20,19,0.5128205128205128,0.0951219512195122,410,15
overall,MIXED,16.2,BOTTOM,rune,9104,レジェンド: 迅速,39,20,19,0.5128205128205128,0.2746478873239437,142,15
overall,MIXED,16.13,TOP,rune,9101,体力吸収,39,20,19,0.5128205128205128,0.05927051671732523,658,15
overall,MIXED,14.19,ALL,rune,8444,息継ぎ,39,20,19,0.5128205128205128,0.09285714285714286,420,15
overall,MIXED,16.18,MIDDLE,rune,8014,最期の慈悲,39,20,19,0.5128205128205128,0.11607142857142858,336,15
overall,MIXED,15.12,UTILITY,rune,8210,至高,39,20,19,0.5128205128205128,0.38235294117647056,102,15
overall,MIXED,16.11,MIDDLE,rune,8139,血の味わい,39,20,19,0.5128205128205128,0.1652542372881356,236,15
overall,MIXED,15.14,JUNGLE,rune,8304,魔法の靴,39,20,19,0.5128205128205128,0.42391304347826086,92,15
overall,MIXED,16.15,BOTTOM,shard,5010,UNKNOWN(5010),39,19,20,0.48717948717948717,0.04721549636803874,826,15
overall,MIXED,15.11,UTILITY,rune,8345,ビスケットデリバリー,39,19,20,0.48717948717948717,0.36792452830188677,106,15
overall,MIXED,15.15,ALL,keystone,8005,プレスアタック,39,19,20,0.48717948717948717,0.0951219512195122,410,15
overall,MIXED,14.21,BOTTOM,rune,8009,冷静沈着,39,19,20,0.48717948717948717,0.6964285714285714,56,15
overall,MIXED,16.17,TOP,rune,8347,宇宙の英知,39,19,20,0.48717948717948717,0.03869047619047619,1008,15
overall,MIXED,16.2,ALL,rune,8446,打ちこわし,39,19,20,0.48717948717948717,0.054929577464788736,710,15
overall,MIXED,15.1,ALL,rune,8014,最期の慈悲,39,19,20,0.48717948717948717,0.20526315789473684,190,15
overall,MIXED,16.12,MIDDLE,rune,8106,至極の賞金首狩り,39,19,20,0.48717948717948717,0.21910112359550563,178,15
overall,MIXED,15.20,BOTTOM,rune,8304,魔法の靴,39,19,20,0.48717948717948717,0.29545454545454547,132,15
overall,MIXED,15.2,MIDDLE,shard,5005,UNKNOWN(5005),39,18,21,0.46153846153846156,0.42391304347826086,92,15
overall,MIXED,14.22,ALL,shard,5011,UNKNOWN(5011),39,18,21,0.46153846153846156,0.13448275862068965,290,15
overall,MIXED,16.6,ALL,keystone,8214,エアリー召喚,39,18,21,0.46153846153846156,0.05131578947368421,760,15
overall,MIXED,15.3,ALL,rune,8143,サドンインパクト,39,18,21,0.46153846153846156,0.0951219512195122,410,15
overall,MIXED,16.18,TOP,rune,8226,マナフローバンド,39,18,21,0.46153846153846156,0.11607142857142858,336,15
overall,MIXED,14.24,ALL,rune,9105,レジェンド: ヘイスト,39,18,21,0.46153846153846156,0.156,250,15
overall,MIXED,15.19,ALL,rune,9101,体力吸収,39,18,21,0.46153846153846156,0.03391304347826087,1150,15
overall,MIXED,14.24,JUNGLE,rune,9111,凱旋,39,18,21,0.46153846153846156,0.78,50,15
overall,MIXED,16.15,JUNGLE,rune,8017,切り崩し,39,18,21,0.46153846153846156,0.04721549636803874,826,15
overall,MIXED,16.6,ALL,rune,8446,打ちこわし,39,18,21,0.46153846153846156,0.05131578947368421,760,15
overall,MIXED,16.7,TOP,rune,8446,打ちこわし,39,18,21,0.46153846153846156,0.2532467532467532,154,15
overall,MIXED,15.15,BOTTOM,rune,8014,最期の慈悲,39,18,21,0.46153846153846156,0.47560975609756095,82,15
overall,MIXED,16.7,JUNGLE,rune,8299,背水の陣,39,18,21,0.46153846153846156,0.2532467532467532,154,15
overall,MIXED,16.11,UTILITY,rune,8106,至極の賞金首狩り,39,18,21,0.46153846153846156,0.1652542372881356,236,15
overall,MIXED,14.23,ALL,rune,8451,超成長,39,18,21,0.46153846153846156,0.18571428571428572,210,15
overall,MIXED,16.8,ALL,rune,8313,トリプル トニック,39,17,22,0.4358974358974359,0.055714285714285716,700,15
overall,MIXED,16.9,ALL,rune,8313,トリプル トニック,39,17,22,0.4358974358974359,0.049367088607594936,790,15
overall,MIXED,16.14,JUNGLE,keystone,8021,フリートフットワーク,39,17,22,0.4358974358974359,0.05603448275862069,696,15
overall,MIXED,16.12,ALL,rune,9101,体力吸収,39,17,22,0.4358974358974359,0.043820224719101124,890,15
overall,MIXED,16.14,MIDDLE,rune,8236,強まる嵐,39,17,22,0.4358974358974359,0.05603448275862069,696,15
overall,MIXED,14.19,TOP,keystone,8010,征服者,39,17,22,0.4358974358974359,0.4642857142857143,84,15
overall,MIXED,15.8,TOP,rune,8444,息継ぎ,39,17,22,0.4358974358974359,0.3,130,15
overall,MIXED,16.12,MIDDLE,rune,8444,息継ぎ,39,17,22,0.4358974358974359,0.21910112359550563,178,15
overall,MIXED,15.9,BOTTOM,rune,8014,最期の慈悲,39,17,22,0.4358974358974359,0.45348837209302323,86,15
overall,MIXED,16.1,MIDDLE,rune,8106,至極の賞金首狩り,39,17,22,0.4358974358974359,0.2532467532467532,154,15
overall,MIXED,15.11,MIDDLE,rune,8237,追火,39,17,22,0.4358974358974359,0.36792452830188677,106,15
overall,MIXED,14.19,MIDDLE,keystone,8112,電撃,39,17,22,0.4358974358974359,0.4642857142857143,84,15
overall,MIXED,16.15,UTILITY,keystone,8351,グレイシャルオーグメント,39,16,23,0.41025641025641024,0.04721549636803874,826,15
overall,MIXED,16.1,TOP,rune,9105,レジェンド: ヘイスト,39,16,23,0.41025641025641024,0.2532467532467532,154,15
overall,MIXED,15.22,TOP,rune,9104,レジェンド: 迅速,39,16,23,0.41025641025641024,0.29545454545454547,132,15
overall,MIXED,15.2,ALL,rune,8453,生気付与,39,16,23,0.41025641025641024,0.08478260869565217,460,15
overall,MIXED,15.11,ALL,rune,8233,英気集中,39,16,23,0.41025641025641024,0.07358490566037736,530,15
overall,MIXED,16.2,ALL,rune,8233,英気集中,39,16,23,0.41025641025641024,0.054929577464788736,710,15
overall,MIXED,15.24,TOP,rune,8009,冷静沈着,39,15,24,0.38461538461538464,0.11403508771929824,342,15
overall,MIXED,16.14,UTILITY,rune,8444,息継ぎ,39,15,24,0.38461538461538464,0.05603448275862069,696,15
overall,MIXED,16.3,UTILITY,keystone,8229,秘儀の彗星,39,15,24,0.38461538461538464,0.2215909090909091,176,15
overall,MIXED,16.14,MIDDLE,rune,8137,第六感,39,15,24,0.38461538461538464,0.05603448275862069,696,15
overall,MIXED,16.14,JUNGLE,rune,8126,追い打ち,39,15,24,0.38461538461538464,0.05603448275862069,696,15
overall,MIXED,15.8,TOP,rune,8446,打ちこわし,39,14,25,0.358974358974359,0.3,130,15
overall,MIXED,16.15,JUNGLE,keystone,8112,電撃,39,14,25,0.358974358974359,0.04721549636803874,826,15
overall,MIXED,15.8,TOP,keystone,8437,不死者の握撃,39,11,28,0.28205128205128205,0.3,130,15
overall,MIXED,15.12,BOTTOM,rune,8236,強まる嵐,38,25,13,0.6578947368421053,0.37623762376237624,101,15
overall,MIXED,15.12,ALL,rune,8126,追い打ち,38,25,13,0.6578947368421053,0.07450980392156863,510,15
overall,MIXED,16.6,BOTTOM,rune,8226,マナフローバンド,38,24,14,0.631578947368421,0.25,152,15
overall,MIXED,15.9,TOP,rune,8299,背水の陣,38,24,14,0.631578947368421,0.4418604651162791,86,15
overall,MIXED,15.18,JUNGLE,rune,9105,レジェンド: ヘイスト,38,23,15,0.6052631578947368,0.2923076923076923,130,15
overall,MIXED,16.16,TOP,rune,9103,レジェンド: 血脈,38,23,15,0.6052631578947368,0.057057057057057055,666,15
overall,MIXED,16.9,BOTTOM,rune,8304,魔法の靴,38,23,15,0.6052631578947368,0.24050632911392406,158,15
overall,MIXED,14.19,ALL,keystone,8021,フリートフットワーク,38,22,16,0.5789473684210527,0.09047619047619047,420,15
overall,MIXED,15.16,BOTTOM,rune,8236,強まる嵐,38,22,16,0.5789473684210527,0.35514018691588783,107,15
overall,MIXED,15.12,BOTTOM,rune,8014,最期の慈悲,38,22,16,0.5789473684210527,0.37623762376237624,101,15
overall,MIXED,15.4,UTILITY,shard,5008,UNKNOWN(5008),38,21,17,0.5526315789473685,0.7037037037037037,54,15
overall,MIXED,16.4,BOTTOM,rune,8345,ビスケットデリバリー,38,21,17,0.5526315789473685,0.3584905660377358,106,15
overall,MIXED,16.14,ALL,keystone,8230,嵐乗りの勇躍,38,21,17,0.5526315789473685,0.010919540229885057,3480,15
overall,MIXED,16.3,ALL,rune,8429,心身調整,38,21,17,0.5526315789473685,0.04318181818181818,880,15
overall,MIXED,15.11,TOP,rune,8444,息継ぎ,38,21,17,0.5526315789473685,0.3584905660377358,106,15
overall,MIXED,15.22,TOP,rune,8446,打ちこわし,38,21,17,0.5526315789473685,0.2878787878787879,132,15
overall,MIXED,16.13,UTILITY,keystone,8992,死神の残り火,38,21,17,0.5526315789473685,0.0578386605783866,657,15
overall,MIXED,15.4,ALL,rune,8242,気迫,38,21,17,0.5526315789473685,0.14074074074074075,270,15
overall,MIXED,16.15,TOP,rune,8106,至極の賞金首狩り,38,21,17,0.5526315789473685,0.04600484261501211,826,15
overall,MIXED,16.17,UTILITY,keystone,8112,電撃,38,21,17,0.5526315789473685,0.037698412698412696,1008,15
overall,MIXED,15.14,BOTTOM,rune,8304,魔法の靴,38,21,17,0.5526315789473685,0.41304347826086957,92,15
overall,MIXED,15.11,ALL,keystone,8439,アフターショック,38,20,18,0.5263157894736842,0.07169811320754717,530,15
overall,MIXED,15.21,ALL,rune,8401,シールドバッシュ,38,20,18,0.5263157894736842,0.06440677966101695,590,15
overall,MIXED,15.9,ALL,keystone,8005,プレスアタック,38,20,18,0.5263157894736842,0.08837209302325581,430,15
overall,MIXED,16.15,TOP,keystone,8005,プレスアタック,38,20,18,0.5263157894736842,0.04600484261501211,826,15
overall,MIXED,15.16,TOP,rune,9105,レジェンド: ヘイスト,38,20,18,0.5263157894736842,0.35185185185185186,108,15
overall,MIXED,15.19,MIDDLE,rune,9105,レジェンド: ヘイスト,38,20,18,0.5263157894736842,0.16521739130434782,230,15
overall,MIXED,14.20,ALL,rune,8017,切り崩し,38,20,18,0.5263157894736842,0.08260869565217391,460,15
overall,MIXED,14.23,ALL,keystone,8010,征服者,38,20,18,0.5263157894736842,0.18095238095238095,210,15
overall,MIXED,15.11,TOP,keystone,8010,征服者,38,20,18,0.5263157894736842,0.3584905660377358,106,15
overall,MIXED,16.13,UTILITY,rune,8429,心身調整,38,20,18,0.5263157894736842,0.0578386605783866,657,15
overall,MIXED,15.13,MIDDLE,rune,8444,息継ぎ,38,20,18,0.5263157894736842,0.19895287958115182,191,15
overall,MIXED,15.4,ALL,rune,8444,息継ぎ,38,20,18,0.5263157894736842,0.14074074074074075,270,15
overall,MIXED,15.15,ALL,rune,8453,生気付与,38,20,18,0.5263157894736842,0.09268292682926829,410,15
overall,MIXED,16.2,UTILITY,keystone,8229,秘儀の彗星,38,20,18,0.5263157894736842,0.2676056338028169,142,15
overall,MIXED,16.7,MIDDLE,keystone,8229,秘儀の彗星,38,20,18,0.5263157894736842,0.24675324675324675,154,15
overall,MIXED,15.17,ALL,rune,8139,血の味わい,38,20,18,0.5263157894736842,0.04691358024691358,810,15
overall,MIXED,15.21,UTILITY,rune,8237,追火,38,20,18,0.5263157894736842,0.3220338983050847,118,15
overall,MIXED,15.11,UTILITY,shard,5007,UNKNOWN(5007),38,19,19,0.5,0.3584905660377358,106,15
overall,MIXED,15.1,BOTTOM,shard,5008,UNKNOWN(5008),38,19,19,0.5,1.0,38,15
overall,MIXED,16.12,UTILITY,shard,5011,UNKNOWN(5011),38,19,19,0.5,0.21348314606741572,178,15
overall,MIXED,15.18,MIDDLE,rune,8140,グリスリー メメント,38,19,19,0.5,0.2923076923076923,130,15
overall,MIXED,15.21,TOP,rune,8473,ボーンアーマー,38,19,19,0.5,0.3220338983050847,118,15
overall,MIXED,16.9,JUNGLE,rune,9105,レジェンド: ヘイスト,38,19,19,0.5,0.24050632911392406,158,15
overall,MIXED,16.14,UTILITY,rune,8014,最期の慈悲,38,19,19,0.5,0.05459770114942529,696,15
overall,MIXED,16.6,ALL,rune,8139,血の味わい,38,19,19,0.5,0.05,760,15
overall,MIXED,16.4,TOP,rune,8451,超成長,38,19,19,0.5,0.3619047619047619,105,15
overall,MIXED,14.22,MIDDLE,shard,5005,UNKNOWN(5005),38,18,20,0.47368421052631576,0.6551724137931034,58,15
overall,MIXED,15.24,ALL,shard,5010,UNKNOWN(5010),38,18,20,0.47368421052631576,0.022222222222222223,1710,15
overall,MIXED,15.7,ALL,keystone,8439,アフターショック,38,18,20,0.47368421052631576,0.08260869565217391,460,15
overall,MIXED,16.14,UTILITY,rune,8140,グリスリー メメント,38,18,20,0.47368421052631576,0.05459770114942529,696,15
overall,MIXED,16.3,ALL,rune,8401,シールドバッシュ,38,18,20,0.47368421052631576,0.04318181818181818,880,15
overall,MIXED,16.11,ALL,keystone,9923,ヘイルブレード,38,18,20,0.47368421052631576,0.03220338983050847,1180,15
overall,MIXED,15.7,UTILITY,rune,8473,ボーンアーマー,38,18,20,0.47368421052631576,0.41304347826086957,92,15
overall,MIXED,16.9,TOP,rune,9105,レジェンド: ヘイスト,38,18,20,0.47368421052631576,0.24050632911392406,158,15
overall,MIXED,15.3,UTILITY,rune,8347,宇宙の英知,38,18,20,0.47368421052631576,0.4634146341463415,82,15
overall,MIXED,15.20,ALL,rune,8429,心身調整,38,18,20,0.47368421052631576,0.05757575757575758,660,15
overall,MIXED,15.22,TOP,rune,8444,息継ぎ,38,18,20,0.47368421052631576,0.2878787878787879,132,15
overall,MIXED,16.6,UTILITY,keystone,8229,秘儀の彗星,38,18,20,0.47368421052631576,0.25165562913907286,151,15
overall,MIXED,15.9,MIDDLE,keystone,8112,電撃,38,18,20,0.47368421052631576,0.4418604651162791,86,15
overall,MIXED,16.7,ALL,keystone,8214,エアリー召喚,38,17,21,0.4473684210526316,0.04935064935064935,770,15
overall,MIXED,14.21,ALL,rune,9103,レジェンド: 血脈,38,17,21,0.4473684210526316,0.1357142857142857,280,15
overall,MIXED,16.11,BOTTOM,rune,9111,凱旋,38,17,21,0.4473684210526316,0.16101694915254236,236,15
overall,MIXED,16.17,TOP,rune,8017,切り崩し,38,17,21,0.4473684210526316,0.037698412698412696,1008,15
overall,MIXED,15.4,JUNGLE,shard,5005,UNKNOWN(5005),38,16,22,0.42105263157894735,0.7037037037037037,54,15
overall,MIXED,15.23,ALL,rune,8401,シールドバッシュ,38,16,22,0.42105263157894735,0.06551724137931035,580,15
overall,MIXED,15.9,UTILITY,rune,8226,マナフローバンド,38,16,22,0.42105263157894735,0.4418604651162791,86,15
overall,MIXED,15.8,JUNGLE,rune,8299,背水の陣,38,16,22,0.42105263157894735,0.2923076923076923,130,15
overall,MIXED,15.19,UTILITY,rune,8106,至極の賞金首狩り,38,16,22,0.42105263157894735,0.16521739130434782,230,15
overall,MIXED,15.7,JUNGLE,rune,8304,魔法の靴,38,16,22,0.42105263157894735,0.41304347826086957,92,15
overall,MIXED,15.24,MIDDLE,rune,8345,ビスケットデリバリー,38,15,23,0.39473684210526316,0.1111111111111111,342,15
overall,MIXED,16.8,BOTTOM,rune,8226,マナフローバンド,38,15,23,0.39473684210526316,0.2714285714285714,140,15
overall,MIXED,15.15,BOTTOM,keystone,8008,リーサルテンポ,38,15,23,0.39473684210526316,0.4634146341463415,82,15
overall,MIXED,15.22,ALL,rune,8105,執拗な賞金首狩り,38,15,23,0.39473684210526316,0.05757575757575758,660,15
overall,MIXED,15.23,BOTTOM,rune,8236,強まる嵐,38,15,23,0.39473684210526316,0.3275862068965517,116,15
overall,MIXED,15.9,BOTTOM,rune,8236,強まる嵐,38,15,23,0.39473684210526316,0.4418604651162791,86,15
overall,MIXED,16.17,JUNGLE,rune,8210,至高,38,15,23,0.39473684210526316,0.037698412698412696,1008,15
overall,MIXED,15.24,TOP,rune,8226,マナフローバンド,38,14,24,0.3684210526315789,0.1111111111111111,342,15
overall,MIXED,15.9,ALL,keystone,8437,不死者の握撃,38,14,24,0.3684210526315789,0.08837209302325581,430,15
overall,MIXED,15.15,ALL,keystone,8112,電撃,38,14,24,0.3684210526315789,0.09268292682926829,410,15
overall,MIXED,16.6,ALL,rune,8401,シールドバッシュ,37,26,11,0.7027027027027027,0.04868421052631579,760,15
overall,MIXED,16.9,ALL,rune,8410,疾駆,37,26,11,0.7027027027027027,0.04683544303797468,790,15
overall,MIXED,16.17,BOTTOM,rune,9105,レジェンド: ヘイスト,37,24,13,0.6486486486486487,0.03670634920634921,1008,15
overall,MIXED,15.19,TOP,rune,8453,生気付与,37,23,14,0.6216216216216216,0.1615720524017467,229,15
overall,MIXED,16.16,UTILITY,shard,5010,UNKNOWN(5010),37,22,15,0.5945945945945946,0.05555555555555555,666,15
overall,MIXED,15.10,ALL,rune,8224,アクシオム アルカニスト,37,22,15,0.5945945945945946,0.0536231884057971,690,15
overall,MIXED,16.1,ALL,keystone,8214,エアリー召喚,37,22,15,0.5945945945945946,0.048051948051948054,770,15
overall,MIXED,15.23,ALL,rune,8321,キャッシュバック,37,22,15,0.5945945945945946,0.06379310344827586,580,15
overall,MIXED,16.1,MIDDLE,rune,8143,サドンインパクト,37,22,15,0.5945945945945946,0.24025974025974026,154,15
overall,MIXED,16.11,ALL,rune,8313,トリプル トニック,37,22,15,0.5945945945945946,0.03135593220338983,1180,15
overall,MIXED,14.23,ALL,rune,8473,ボーンアーマー,37,22,15,0.5945945945945946,0.1761904761904762,210,15
overall,MIXED,16.8,BOTTOM,rune,9104,レジェンド: 迅速,37,22,15,0.5945945945945946,0.2642857142857143,140,15
overall,MIXED,15.15,ALL,keystone,8437,不死者の握撃,37,22,15,0.5945945945945946,0.09024390243902439,410,15
overall,MIXED,15.9,TOP,rune,9111,凱旋,37,22,15,0.5945945945945946,0.43023255813953487,86,15
overall,MIXED,16.16,UTILITY,rune,8429,心身調整,37,22,15,0.5945945945945946,0.05555555555555555,666,15
overall,MIXED,15.7,ALL,rune,8453,生気付与,37,22,15,0.5945945945945946,0.08043478260869565,460,15
overall,MIXED,16.3,UTILITY,shard,5011,UNKNOWN(5011),37,21,16,0.5675675675675675,0.21022727272727273,176,15
overall,MIXED,15.10,JUNGLE,rune,8143,サドンインパクト,37,21,16,0.5675675675675675,0.26811594202898553,138,15
overall,MIXED,15.2,BOTTOM,rune,8345,ビスケットデリバリー,37,21,16,0.5675675675675675,0.40217391304347827,92,15
overall,MIXED,15.1,ALL,rune,8009,冷静沈着,37,21,16,0.5675675675675675,0.19473684210526315,190,15
overall,MIXED,15.1,ALL,keystone,8010,征服者,37,21,16,0.5675675675675675,0.19473684210526315,190,15
overall,MIXED,15.21,ALL,rune,8453,生気付与,37,21,16,0.5675675675675675,0.06271186440677966,590,15
overall,MIXED,15.3,ALL,rune,8453,生気付与,37,21,16,0.5675675675675675,0.09024390243902439,410,15
overall,MIXED,16.14,JUNGLE,rune,8137,第六感,37,21,16,0.5675675675675675,0.05316091954022988,696,15
overall,MIXED,14.19,UTILITY,rune,8237,追火,37,21,16,0.5675675675675675,0.44047619047619047,84,15
overall,MIXED,15.23,BOTTOM,rune,8304,魔法の靴,37,21,16,0.5675675675675675,0.31896551724137934,116,15
overall,MIXED,14.23,JUNGLE,shard,5001,UNKNOWN(5001),37,20,17,0.5405405405405406,0.8809523809523809,42,15
overall,MIXED,14.19,ALL,shard,5011,UNKNOWN(5011),37,20,17,0.5405405405405406,0.0880952380952381,420,15
overall,MIXED,16.6,ALL,keystone,8369,ファーストストライク,37,20,17,0.5405405405405406,0.04868421052631579,760,15
overall,MIXED,15.3,JUNGLE,rune,8014,最期の慈悲,37,20,17,0.5405405405405406,0.45121951219512196,82,15
overall,MIXED,14.22,ALL,rune,8242,気迫,37,20,17,0.5405405405405406,0.12758620689655173,290,15
overall,MIXED,16.9,TOP,rune,8242,気迫,37,20,17,0.5405405405405406,0.23417721518987342,158,15
overall,MIXED,15.23,ALL,rune,8463,生命の泉,37,20,17,0.5405405405405406,0.06379310344827586,580,15
overall,MIXED,16.5,ALL,rune,8410,疾駆,37,20,17,0.5405405405405406,0.04567901234567901,810,15
overall,MIXED,15.22,JUNGLE,rune,8299,背水の陣,37,20,17,0.5405405405405406,0.2803030303030303,132,15
overall,MIXED,15.18,MIDDLE,rune,8451,超成長,37,20,17,0.5405405405405406,0.2846153846153846,130,15
overall,MIXED,16.4,ALL,keystone,8112,電撃,37,20,17,0.5405405405405406,0.06981132075471698,530,15
overall,MIXED,15.1,MIDDLE,shard,5001,UNKNOWN(5001),37,19,18,0.5135135135135135,1.0,37,15
overall,MIXED,15.1,MIDDLE,shard,5008,UNKNOWN(5008),37,19,18,0.5135135135135135,1.0,37,15
overall,MIXED,16.5,ALL,rune,8224,アクシオム アルカニスト,37,19,18,0.5135135135135135,0.04567901234567901,810,15
overall,MIXED,16.12,JUNGLE,rune,8143,サドンインパクト,37,19,18,0.5135135135135135,0.20786516853932585,178,15
overall,MIXED,15.18,ALL,rune,8401,シールドバッシュ,37,19,18,0.5135135135135135,0.05692307692307692,650,15
overall,MIXED,15.9,ALL,rune,8401,シールドバッシュ,37,19,18,0.5135135135135135,0.08604651162790698,430,15
overall,MIXED,16.8,ALL,keystone,8369,ファーストストライク,37,19,18,0.5135135135135135,0.05285714285714286,700,15
overall,MIXED,15.3,UTILITY,rune,8226,マナフローバンド,37,19,18,0.5135135135135135,0.45121951219512196,82,15
overall,MIXED,15.18,TOP,rune,9105,レジェンド: ヘイスト,37,19,18,0.5135135135135135,0.2846153846153846,130,15
overall,MIXED,15.20,JUNGLE,rune,9105,レジェンド: ヘイスト,37,19,18,0.5135135135135135,0.2803030303030303,132,15
overall,MIXED,16.6,TOP,keystone,8437,不死者の握撃,37,19,18,0.5135135135135135,0.24342105263157895,152,15
overall,MIXED,16.14,JUNGLE,rune,8105,執拗な賞金首狩り,37,19,18,0.5135135135135135,0.05316091954022988,696,15
overall,MIXED,15.7,TOP,keystone,8010,征服者,37,19,18,0.5135135135135135,0.40217391304347827,92,15
overall,MIXED,15.11,ALL,rune,8453,生気付与,37,19,18,0.5135135135135135,0.06981132075471698,530,15
overall,MIXED,16.6,ALL,rune,8410,疾駆,37,19,18,0.5135135135135135,0.04868421052631579,760,15
overall,MIXED,15.18,MIDDLE,keystone,8112,電撃,37,19,18,0.5135135135135135,0.2846153846153846,130,15
overall,MIXED,15.1,TOP,shard,5001,UNKNOWN(5001),37,18,19,0.4864864864864865,0.9736842105263158,38,15
overall,MIXED,16.12,ALL,rune,8316,なんでも屋,37,18,19,0.4864864864864865,0.04157303370786517,890,15
overall,MIXED,16.16,JUNGLE,rune,8321,キャッシュバック,37,18,19,0.4864864864864865,0.05555555555555555,666,15
overall,MIXED,15.4,ALL,rune,8140,グリスリー メメント,37,18,19,0.4864864864864865,0.13703703703703704,270,15
overall,MIXED,16.8,ALL,rune,8401,シールドバッシュ,37,18,19,0.4864864864864865,0.05285714285714286,700,15
overall,MIXED,16.2,ALL,keystone,8369,ファーストストライク,37,18,19,0.4864864864864865,0.05211267605633803,710,15
overall,MIXED,14.19,UTILITY,rune,8347,宇宙の英知,37,18,19,0.4864864864864865,0.44047619047619047,84,15
overall,MIXED,15.20,UTILITY,rune,8463,生命の泉,37,18,19,0.4864864864864865,0.2803030303030303,132,15
overall,MIXED,15.20,ALL,rune,8410,疾駆,37,18,19,0.4864864864864865,0.05606060606060606,660,15
overall,MIXED,15.24,ALL,rune,8137,第六感,37,18,19,0.4864864864864865,0.021637426900584796,1710,15
overall,MIXED,15.17,JUNGLE,rune,8299,背水の陣,37,18,19,0.4864864864864865,0.22839506172839505,162,15
overall,MIXED,14.20,UTILITY,rune,8210,至高,37,18,19,0.4864864864864865,0.40217391304347827,92,15
overall,MIXED,15.7,ALL,rune,8233,英気集中,37,18,19,0.4864864864864865,0.08043478260869565,460,15
overall,MIXED,15.16,ALL,rune,8126,追い打ち,37,18,19,0.4864864864864865,0.06851851851851852,540,15
overall,MIXED,15.23,UTILITY,rune,8237,追火,37,18,19,0.4864864864864865,0.31896551724137934,116,15
overall,MIXED,14.23,UTILITY,shard,5001,UNKNOWN(5001),37,17,20,0.4594594594594595,0.8809523809523809,42,15
overall,MIXED,15.19,UTILITY,shard,5005,UNKNOWN(5005),37,17,20,0.4594594594594595,0.1608695652173913,230,15
overall,MIXED,16.9,BOTTOM,rune,8226,マナフローバンド,37,17,20,0.4594594594594595,0.23417721518987342,158,15
overall,MIXED,16.18,JUNGLE,keystone,8008,リーサルテンポ,37,17,20,0.4594594594594595,0.11011904761904762,336,15
overall,MIXED,16.10,ALL,rune,8105,執拗な賞金首狩り,37,17,20,0.4594594594594595,0.03333333333333333,1110,15
overall,MIXED,16.2,MIDDLE,rune,8347,宇宙の英知,37,17,20,0.4594594594594595,0.2605633802816901,142,15
overall,MIXED,15.19,MIDDLE,rune,8444,息継ぎ,37,17,20,0.4594594594594595,0.1608695652173913,230,15
overall,MIXED,16.5,JUNGLE,rune,8135,貪欲な賞金首狩り,37,17,20,0.4594594594594595,0.22839506172839505,162,15
overall,MIXED,16.11,MIDDLE,rune,8451,超成長,37,17,20,0.4594594594594595,0.15677966101694915,236,15
overall,MIXED,14.20,UTILITY,rune,8237,追火,37,17,20,0.4594594594594595,0.40217391304347827,92,15
overall,MIXED,15.1,ALL,rune,8237,追火,37,17,20,0.4594594594594595,0.19473684210526315,190,15
overall,MIXED,15.7,ALL,keystone,8005,プレスアタック,37,16,21,0.43243243243243246,0.08043478260869565,460,15
overall,MIXED,16.5,TOP,keystone,8437,不死者の握撃,37,16,21,0.43243243243243246,0.22839506172839505,162,15
overall,MIXED,16.17,UTILITY,rune,8017,切り崩し,37,16,21,0.43243243243243246,0.03670634920634921,1008,15
overall,MIXED,16.18,UTILITY,rune,8236,強まる嵐,37,16,21,0.43243243243243246,0.11011904761904762,336,15
overall,MIXED,16.10,MIDDLE,rune,8444,息継ぎ,37,16,21,0.43243243243243246,0.16666666666666666,222,15
overall,MIXED,15.9,ALL,keystone,8229,秘儀の彗星,37,16,21,0.43243243243243246,0.08604651162790698,430,15
overall,MIXED,15.24,TOP,rune,8210,至高,37,16,21,0.43243243243243246,0.10818713450292397,342,15
overall,MIXED,15.9,JUNGLE,rune,8304,魔法の靴,37,16,21,0.43243243243243246,0.43023255813953487,86,15
overall,MIXED,16.7,JUNGLE,rune,9105,レジェンド: ヘイスト,37,15,22,0.40540540540540543,0.24025974025974026,154,15
overall,MIXED,15.22,BOTTOM,rune,9104,レジェンド: 迅速,37,15,22,0.40540540540540543,0.2803030303030303,132,15
overall,MIXED,15.18,TOP,rune,8444,息継ぎ,37,15,22,0.40540540540540543,0.2846153846153846,130,15
overall,MIXED,16.1,ALL,rune,8139,血の味わい,37,15,22,0.40540540540540543,0.048051948051948054,770,15
overall,MIXED,15.19,JUNGLE,rune,8135,貪欲な賞金首狩り,37,15,22,0.40540540540540543,0.16017316017316016,231,15
overall,MIXED,16.1,ALL,keystone,8021,フリートフットワーク,37,14,23,0.3783783783783784,0.048051948051948054,770,15
overall,MIXED,16.2,JUNGLE,rune,9105,レジェンド: ヘイスト,37,14,23,0.3783783783783784,0.2605633802816901,142,15
overall,MIXED,16.1,BOTTOM,rune,9104,レジェンド: 迅速,37,14,23,0.3783783783783784,0.24025974025974026,154,15
overall,MIXED,16.1,MIDDLE,rune,8451,超成長,37,14,23,0.3783783783783784,0.24025974025974026,154,15
overall,MIXED,15.12,BOTTOM,rune,9104,レジェンド: 迅速,37,13,24,0.35135135135135137,0.36633663366336633,101,15
overall,MIXED,15.12,UTILITY,rune,8345,ビスケットデリバリー,37,11,26,0.2972972972972973,0.3627450980392157,102,15
overall,MIXED,16.15,TOP,rune,8233,英気集中,36,24,12,0.6666666666666666,0.043583535108958835,826,15
overall,MIXED,16.18,BOTTOM,rune,8233,英気集中,36,24,12,0.6666666666666666,0.10714285714285714,336,15
overall,MIXED,15.11,ALL,rune,8105,執拗な賞金首狩り,36,23,13,0.6388888888888888,0.06792452830188679,530,15
overall,MIXED,16.6,ALL,rune,8429,心身調整,36,23,13,0.6388888888888888,0.04736842105263158,760,15
overall,MIXED,15.24,ALL,shard,5013,UNKNOWN(5013),36,22,14,0.6111111111111112,0.021052631578947368,1710,15
overall,MIXED,15.23,ALL,keystone,8439,アフターショック,36,22,14,0.6111111111111112,0.06206896551724138,580,15
overall,MIXED,16.14,UTILITY,rune,8141,ディープワード,36,22,14,0.6111111111111112,0.05172413793103448,696,15
overall,MIXED,15.10,TOP,rune,9104,レジェンド: 迅速,36,22,14,0.6111111111111112,0.2608695652173913,138,15
overall,MIXED,16.4,TOP,rune,9104,レジェンド: 迅速,36,22,14,0.6111111111111112,0.34285714285714286,105,15
overall,MIXED,16.3,MIDDLE,rune,8451,超成長,36,22,14,0.6111111111111112,0.20454545454545456,176,15
overall,MIXED,16.15,TOP,shard,5007,UNKNOWN(5007),36,21,15,0.5833333333333334,0.043583535108958835,826,15
overall,MIXED,16.15,TOP,rune,8275,ニンバスクローク,36,21,15,0.5833333333333334,0.043583535108958835,826,15
overall,MIXED,14.20,UTILITY,rune,8345,ビスケットデリバリー,36,21,15,0.5833333333333334,0.391304347826087,92,15
overall,MIXED,16.13,BOTTOM,rune,9105,レジェンド: ヘイスト,36,21,15,0.5833333333333334,0.0547112462006079,658,15
overall,MIXED,16.1,TOP,keystone,8437,不死者の握撃,36,21,15,0.5833333333333334,0.23376623376623376,154,15
overall,MIXED,16.9,ALL,rune,8234,追い風,36,21,15,0.5833333333333334,0.04556962025316456,790,15
overall,MIXED,16.11,MIDDLE,shard,5011,UNKNOWN(5011),36,20,16,0.5555555555555556,0.15254237288135594,236,15
overall,MIXED,16.7,TOP,rune,9105,レジェンド: ヘイスト,36,20,16,0.5555555555555556,0.23376623376623376,154,15
overall,MIXED,15.9,UTILITY,rune,8347,宇宙の英知,36,20,16,0.5555555555555556,0.4186046511627907,86,15
overall,MIXED,15.22,ALL,rune,8463,生命の泉,36,20,16,0.5555555555555556,0.05454545454545454,660,15
overall,MIXED,16.1,UTILITY,keystone,8229,秘儀の彗星,36,20,16,0.5555555555555556,0.23529411764705882,153,15
overall,MIXED,15.2,ALL,rune,8139,血の味わい,36,20,16,0.5555555555555556,0.0782608695652174,460,15
overall,MIXED,15.3,JUNGLE,rune,8304,魔法の靴,36,20,16,0.5555555555555556,0.43902439024390244,82,15
overall,MIXED,16.16,UTILITY,rune,8304,魔法の靴,36,20,16,0.5555555555555556,0.05405405405405406,666,15
overall,MIXED,15.15,UTILITY,shard,5007,UNKNOWN(5007),36,19,17,0.5277777777777778,0.43902439024390244,82,15
overall,MIXED,15.9,MIDDLE,rune,8140,グリスリー メメント,36,19,17,0.5277777777777778,0.4186046511627907,86,15
overall,MIXED,15.16,ALL,rune,8401,シールドバッシュ,36,19,17,0.5277777777777778,0.06666666666666667,540,15
overall,MIXED,15.16,UTILITY,rune,8473,ボーンアーマー,36,19,17,0.5277777777777778,0.3333333333333333,108,15
overall,MIXED,15.2,ALL,keystone,8437,不死者の握撃,36,19,17,0.5277777777777778,0.0782608695652174,460,15
overall,MIXED,15.3,ALL,keystone,8437,不死者の握撃,36,19,17,0.5277777777777778,0.08780487804878048,410,15
overall,MIXED,15.19,MIDDLE,rune,8105,執拗な賞金首狩り,36,19,17,0.5277777777777778,0.1565217391304348,230,15
overall,MIXED,15.14,JUNGLE,rune,8347,宇宙の英知,36,19,17,0.5277777777777778,0.391304347826087,92,15
overall,MIXED,14.22,ALL,rune,8444,息継ぎ,36,19,17,0.5277777777777778,0.12413793103448276,290,15
overall,MIXED,14.19,ALL,rune,8446,打ちこわし,36,19,17,0.5277777777777778,0.08571428571428572,420,15
overall,MIXED,16.1,JUNGLE,rune,8299,背水の陣,36,19,17,0.5277777777777778,0.23376623376623376,154,15
overall,MIXED,14.24,ALL,rune,8135,貪欲な賞金首狩り,36,19,17,0.5277777777777778,0.144,250,15
overall,MIXED,15.15,BOTTOM,shard,5011,UNKNOWN(5011),36,18,18,0.5,0.43902439024390244,82,15
overall,MIXED,15.12,ALL,keystone,8439,アフターショック,36,18,18,0.5,0.07058823529411765,510,15
overall,MIXED,14.20,UTILITY,rune,8473,ボーンアーマー,36,18,18,0.5,0.391304347826087,92,15
overall,MIXED,15.24,MIDDLE,rune,8473,ボーンアーマー,36,18,18,0.5,0.10526315789473684,342,15
overall,MIXED,16.2,TOP,keystone,8437,不死者の握撃,36,18,18,0.5,0.2535211267605634,142,15
overall,MIXED,16.5,ALL,rune,8429,心身調整,36,18,18,0.5,0.044444444444444446,810,15
overall,MIXED,16.4,ALL,rune,8453,生気付与,36,18,18,0.5,0.06792452830188679,530,15
overall,MIXED,14.20,ALL,rune,8233,英気集中,36,18,18,0.5,0.0782608695652174,460,15
overall,MIXED,16.15,TOP,rune,8143,サドンインパクト,36,17,19,0.4722222222222222,0.043583535108958835,826,15
overall,MIXED,16.15,TOP,rune,8347,宇宙の英知,36,17,19,0.4722222222222222,0.043583535108958835,826,15
overall,MIXED,16.11,UTILITY,rune,8236,強まる嵐,36,17,19,0.4722222222222222,0.15254237288135594,236,15
overall,MIXED,16.17,JUNGLE,rune,8236,強まる嵐,36,17,19,0.4722222222222222,0.03571428571428571,1008,15
overall,MIXED,15.23,ALL,rune,8410,疾駆,36,17,19,0.4722222222222222,0.06206896551724138,580,15
overall,MIXED,16.13,UTILITY,rune,8137,第六感,36,17,19,0.4722222222222222,0.0547945205479452,657,15
overall,MIXED,15.22,BOTTOM,rune,8233,英気集中,36,17,19,0.4722222222222222,0.2727272727272727,132,15
overall,MIXED,16.10,TOP,rune,8237,追火,36,17,19,0.4722222222222222,0.16216216216216217,222,15
overall,MIXED,16.18,ALL,keystone,8128,魂の収穫,36,17,19,0.4722222222222222,0.02142857142857143,1680,15
overall,MIXED,15.14,UTILITY,shard,5007,UNKNOWN(5007),36,16,20,0.4444444444444444,0.391304347826087,92,15
overall,MIXED,16.13,JUNGLE,rune,8321,キャッシュバック,36,16,20,0.4444444444444444,0.0547112462006079,658,15
overall,MIXED,16.17,JUNGLE,keystone,8021,フリートフットワーク,36,16,20,0.4444444444444444,0.03571428571428571,1008,15
overall,MIXED,15.19,BOTTOM,rune,9111,凱旋,36,16,20,0.4444444444444444,0.1565217391304348,230,15
overall,MIXED,14.20,JUNGLE,keystone,8010,征服者,36,16,20,0.4444444444444444,0.391304347826087,92,15
overall,MIXED,16.14,UTILITY,keystone,8992,死神の残り火,36,16,20,0.4444444444444444,0.05172413793103448,696,15
overall,MIXED,16.13,ALL,rune,8232,水走り,36,16,20,0.4444444444444444,0.01094224924012158,3290,15
overall,MIXED,15.2,ALL,rune,8135,貪欲な賞金首狩り,36,16,20,0.4444444444444444,0.0782608695652174,460,15
overall,MIXED,15.9,MIDDLE,rune,8237,追火,36,16,20,0.4444444444444444,0.4186046511627907,86,15
overall,MIXED,16.11,UTILITY,rune,8401,シールドバッシュ,36,15,21,0.4166666666666667,0.15254237288135594,236,15
overall,MIXED,16.18,TOP,rune,8401,シールドバッシュ,36,15,21,0.4166666666666667,0.10714285714285714,336,15
overall,MIXED,15.14,UTILITY,rune,8345,ビスケットデリバリー,36,15,21,0.4166666666666667,0.391304347826087,92,15
overall,MIXED,15.7,JUNGLE,rune,8347,宇宙の英知,36,15,21,0.4166666666666667,0.391304347826087,92,15
overall,MIXED,16.17,TOP,keystone,8992,死神の残り火,36,15,21,0.4166666666666667,0.03571428571428571,1008,15
overall,MIXED,16.16,UTILITY,rune,8137,第六感,36,15,21,0.4166666666666667,0.05405405405405406,666,15
overall,MIXED,16.15,JUNGLE,rune,8224,アクシオム アルカニスト,36,14,22,0.3888888888888889,0.043583535108958835,826,15
overall,MIXED,16.15,UTILITY,rune,8140,グリスリー メメント,36,14,22,0.3888888888888889,0.043583535108958835,826,15
overall,MIXED,16.15,JUNGLE,rune,8313,トリプル トニック,36,14,22,0.3888888888888889,0.043583535108958835,826,15
overall,MIXED,16.4,UTILITY,rune,8347,宇宙の英知,36,14,22,0.3888888888888889,0.33962264150943394,106,15
overall,MIXED,14.24,ALL,rune,8304,魔法の靴,36,13,23,0.3611111111111111,0.144,250,15
overall,MIXED,16.4,ALL,keystone,8439,アフターショック,36,12,24,0.3333333333333333,0.06792452830188679,530,15
overall,MIXED,15.8,ALL,rune,8429,心身調整,36,8,28,0.2222222222222222,0.055384615384615386,650,15
overall,MIXED,16.1,TOP,rune,8242,気迫,35,23,12,0.6571428571428571,0.22727272727272727,154,15
overall,MIXED,16.4,ALL,rune,8410,疾駆,35,23,12,0.6571428571428571,0.0660377358490566,530,15
overall,MIXED,15.13,ALL,rune,9101,体力吸収,35,22,13,0.6285714285714286,0.036458333333333336,960,15
overall,MIXED,15.24,UTILITY,rune,8236,強まる嵐,35,22,13,0.6285714285714286,0.1023391812865497,342,15
overall,MIXED,14.20,ALL,rune,8446,打ちこわし,35,22,13,0.6285714285714286,0.07608695652173914,460,15
overall,MIXED,15.24,MIDDLE,rune,8014,最期の慈悲,35,22,13,0.6285714285714286,0.1023391812865497,342,15
overall,MIXED,16.9,UTILITY,keystone,8229,秘儀の彗星,35,22,13,0.6285714285714286,0.22151898734177214,158,15
overall,MIXED,15.8,ALL,rune,8234,追い風,35,22,13,0.6285714285714286,0.05384615384615385,650,15
overall,MIXED,15.9,ALL,keystone,8439,アフターショック,35,21,14,0.6,0.08139534883720931,430,15
overall,MIXED,16.6,UTILITY,keystone,8439,アフターショック,35,21,14,0.6,0.23178807947019867,151,15
overall,MIXED,15.17,JUNGLE,rune,8140,グリスリー メメント,35,21,14,0.6,0.21604938271604937,162,15
overall,MIXED,15.4,ALL,rune,9103,レジェンド: 血脈,35,21,14,0.6,0.12962962962962962,270,15
overall,MIXED,15.22,TOP,keystone,8437,不死者の握撃,35,21,14,0.6,0.26515151515151514,132,15
overall,MIXED,16.17,BOTTOM,keystone,8010,征服者,35,21,14,0.6,0.034722222222222224,1008,15
overall,MIXED,15.16,UTILITY,rune,8242,気迫,35,21,14,0.6,0.32407407407407407,108,15
overall,MIXED,16.17,JUNGLE,rune,8463,生命の泉,35,21,14,0.6,0.034722222222222224,1008,15
overall,MIXED,16.11,ALL,rune,8316,なんでも屋,35,20,15,0.5714285714285714,0.029661016949152543,1180,15
overall,MIXED,14.23,TOP,shard,5001,UNKNOWN(5001),35,19,16,0.5428571428571428,0.8333333333333334,42,15
overall,MIXED,16.11,UTILITY,shard,5005,UNKNOWN(5005),35,19,16,0.5428571428571428,0.1483050847457627,236,15
overall,MIXED,16.11,TOP,shard,5011,UNKNOWN(5011),35,19,16,0.5428571428571428,0.1483050847457627,236,15
overall,MIXED,16.15,TOP,rune,8140,グリスリー メメント,35,19,16,0.5428571428571428,0.0423728813559322,826,15
overall,MIXED,16.13,JUNGLE,keystone,8021,フリートフットワーク,35,19,16,0.5428571428571428,0.05319148936170213,658,15
overall,MIXED,16.12,BOTTOM,rune,8226,マナフローバンド,35,19,16,0.5428571428571428,0.1977401129943503,177,15
overall,MIXED,15.11,BOTTOM,rune,9104,レジェンド: 迅速,35,19,16,0.5428571428571428,0.330188679245283,106,15
overall,MIXED,16.11,MIDDLE,rune,9104,レジェンド: 迅速,35,19,16,0.5428571428571428,0.1483050847457627,236,15
overall,MIXED,15.13,MIDDLE,rune,8105,執拗な賞金首狩り,35,19,16,0.5428571428571428,0.18324607329842932,191,15
overall,MIXED,16.8,ALL,rune,8429,心身調整,35,19,16,0.5428571428571428,0.05,700,15
overall,MIXED,15.23,TOP,rune,8444,息継ぎ,35,19,16,0.5428571428571428,0.3017241379310345,116,15
overall,MIXED,15.9,ALL,rune,8453,生気付与,35,19,16,0.5428571428571428,0.08139534883720931,430,15
overall,MIXED,16.4,UTILITY,keystone,8229,秘儀の彗星,35,19,16,0.5428571428571428,0.330188679245283,106,15
overall,MIXED,15.12,MIDDLE,rune,8106,至極の賞金首狩り,35,19,16,0.5428571428571428,0.3431372549019608,102,15
overall,MIXED,15.7,ALL,rune,8126,追い打ち,35,19,16,0.5428571428571428,0.07608695652173914,460,15
overall,MIXED,15.2,ALL,keystone,8112,電撃,35,19,16,0.5428571428571428,0.07608695652173914,460,15
overall,MIXED,15.24,TOP,rune,8304,魔法の靴,35,19,16,0.5428571428571428,0.1023391812865497,342,15
overall,MIXED,16.14,JUNGLE,rune,8275,ニンバスクローク,35,18,17,0.5142857142857142,0.05028735632183908,696,15
overall,MIXED,15.13,ALL,keystone,8021,フリートフットワーク,35,18,17,0.5142857142857142,0.036458333333333336,960,15
overall,MIXED,15.21,TOP,keystone,8437,不死者の握撃,35,18,17,0.5142857142857142,0.2966101694915254,118,15
overall,MIXED,15.23,ALL,keystone,8437,不死者の握撃,35,18,17,0.5142857142857142,0.0603448275862069,580,15
overall,MIXED,15.20,ALL,rune,8105,執拗な賞金首狩り,35,18,17,0.5142857142857142,0.05303030303030303,660,15
overall,MIXED,16.5,BOTTOM,rune,8236,強まる嵐,35,18,17,0.5142857142857142,0.21604938271604937,162,15
overall,MIXED,15.7,ALL,rune,8429,心身調整,35,18,17,0.5142857142857142,0.07608695652173914,460,15
overall,MIXED,16.18,UTILITY,rune,8444,息継ぎ,35,18,17,0.5142857142857142,0.10416666666666667,336,15
overall,MIXED,16.11,MIDDLE,rune,8014,最期の慈悲,35,18,17,0.5142857142857142,0.1483050847457627,236,15
overall,MIXED,15.12,UTILITY,rune,8242,気迫,35,18,17,0.5142857142857142,0.3431372549019608,102,15
overall,MIXED,16.10,UTILITY,rune,8106,至極の賞金首狩り,35,18,17,0.5142857142857142,0.15765765765765766,222,15
overall,MIXED,15.12,ALL,rune,8233,英気集中,35,18,17,0.5142857142857142,0.06862745098039216,510,15
overall,MIXED,16.18,JUNGLE,rune,8126,追い打ち,35,18,17,0.5142857142857142,0.10416666666666667,336,15
overall,MIXED,15.2,MIDDLE,rune,8237,追火,35,18,17,0.5142857142857142,0.3804347826086957,92,15
overall,MIXED,16.16,JUNGLE,keystone,8112,電撃,35,18,17,0.5142857142857142,0.052552552552552555,666,15
overall,MIXED,16.9,ALL,keystone,8214,エアリー召喚,35,17,18,0.4857142857142857,0.04430379746835443,790,15
overall,MIXED,16.4,UTILITY,rune,8345,ビスケットデリバリー,35,17,18,0.4857142857142857,0.330188679245283,106,15
overall,MIXED,16.18,BOTTOM,keystone,8369,ファーストストライク,35,17,18,0.4857142857142857,0.10416666666666667,336,15
overall,MIXED,16.11,JUNGLE,keystone,8005,プレスアタック,35,17,18,0.4857142857142857,0.1483050847457627,236,15
overall,MIXED,16.18,TOP,keystone,8008,リーサルテンポ,35,17,18,0.4857142857142857,0.10416666666666667,336,15
overall,MIXED,14.19,TOP,rune,9105,レジェンド: ヘイスト,35,17,18,0.4857142857142857,0.4166666666666667,84,15
overall,MIXED,15.21,BOTTOM,rune,9104,レジェンド: 迅速,35,17,18,0.4857142857142857,0.29914529914529914,117,15
overall,MIXED,16.16,JUNGLE,rune,8236,強まる嵐,35,17,18,0.4857142857142857,0.052552552552552555,666,15
overall,MIXED,16.7,BOTTOM,rune,8236,強まる嵐,35,17,18,0.4857142857142857,0.22727272727272727,154,15
overall,MIXED,15.18,MIDDLE,keystone,8229,秘儀の彗星,35,17,18,0.4857142857142857,0.2692307692307692,130,15
overall,MIXED,16.14,JUNGLE,rune,8210,至高,35,17,18,0.4857142857142857,0.05028735632183908,696,15
overall,MIXED,15.7,ALL,rune,8135,貪欲な賞金首狩り,35,17,18,0.4857142857142857,0.07608695652173914,460,15
overall,MIXED,15.24,BOTTOM,rune,8234,追い風,35,17,18,0.4857142857142857,0.10263929618768329,341,15
overall,MIXED,16.13,UTILITY,rune,8234,追い風,35,17,18,0.4857142857142857,0.0532724505327245,657,15
overall,MIXED,16.1,BOTTOM,rune,8304,魔法の靴,35,17,18,0.4857142857142857,0.22727272727272727,154,15
overall,MIXED,15.1,UTILITY,shard,5001,UNKNOWN(5001),35,16,19,0.45714285714285713,0.9210526315789473,38,15
overall,MIXED,14.21,UTILITY,shard,5008,UNKNOWN(5008),35,16,19,0.45714285714285713,0.625,56,15
overall,MIXED,15.3,MIDDLE,rune,8140,グリスリー メメント,35,16,19,0.45714285714285713,0.4268292682926829,82,15
overall,MIXED,14.20,TOP,rune,9105,レジェンド: ヘイスト,35,16,19,0.45714285714285713,0.3804347826086957,92,15
overall,MIXED,15.11,TOP,keystone,8437,不死者の握撃,35,16,19,0.45714285714285713,0.330188679245283,106,15
overall,MIXED,16.11,TOP,rune,8009,冷静沈着,35,16,19,0.45714285714285713,0.1483050847457627,236,15
overall,MIXED,15.9,JUNGLE,rune,8347,宇宙の英知,35,16,19,0.45714285714285713,0.4069767441860465,86,15
overall,MIXED,15.24,TOP,rune,8429,心身調整,35,16,19,0.45714285714285713,0.1023391812865497,342,15
overall,MIXED,16.14,UTILITY,rune,8429,心身調整,35,16,19,0.45714285714285713,0.05028735632183908,696,15
overall,MIXED,16.17,UTILITY,keystone,8992,死神の残り火,35,16,19,0.45714285714285713,0.034722222222222224,1008,15
overall,MIXED,16.11,MIDDLE,keystone,8229,秘儀の彗星,35,16,19,0.45714285714285713,0.1483050847457627,236,15
overall,MIXED,16.8,JUNGLE,rune,8299,背水の陣,35,16,19,0.45714285714285713,0.25,140,15
overall,MIXED,15.15,ALL,rune,8233,英気集中,35,16,19,0.45714285714285713,0.08536585365853659,410,15
overall,MIXED,14.21,ALL,rune,8135,貪欲な賞金首狩り,35,16,19,0.45714285714285713,0.125,280,15
overall,MIXED,16.18,UTILITY,rune,8451,超成長,35,16,19,0.45714285714285713,0.10416666666666667,336,15
overall,MIXED,15.12,ALL,rune,8234,追い風,35,16,19,0.45714285714285713,0.06862745098039216,510,15
overall,MIXED,15.3,MIDDLE,keystone,8112,電撃,35,16,19,0.45714285714285713,0.4268292682926829,82,15
overall,MIXED,14.24,JUNGLE,shard,5005,UNKNOWN(5005),35,15,20,0.42857142857142855,0.7,50,15
overall,MIXED,14.24,TOP,shard,5008,UNKNOWN(5008),35,15,20,0.42857142857142855,0.7,50,15
overall,MIXED,14.23,ALL,shard,5011,UNKNOWN(5011),35,15,20,0.42857142857142855,0.16666666666666666,210,15
overall,MIXED,16.4,BOTTOM,rune,8321,キャッシュバック,35,15,20,0.42857142857142855,0.330188679245283,106,15
overall,MIXED,16.17,TOP,rune,8140,グリスリー メメント,35,15,20,0.42857142857142855,0.034722222222222224,1008,15
overall,MIXED,16.5,BOTTOM,rune,8313,トリプル トニック,35,15,20,0.42857142857142855,0.21604938271604937,162,15
overall,MIXED,15.19,MIDDLE,rune,9104,レジェンド: 迅速,35,15,20,0.42857142857142855,0.15217391304347827,230,15
overall,MIXED,16.13,TOP,rune,8429,心身調整,35,15,20,0.42857142857142855,0.05319148936170213,658,15
overall,MIXED,15.9,UTILITY,rune,8210,至高,35,15,20,0.42857142857142855,0.4069767441860465,86,15
overall,MIXED,15.21,ALL,rune,8135,貪欲な賞金首狩り,35,15,20,0.42857142857142855,0.059322033898305086,590,15
overall,MIXED,16.17,BOTTOM,rune,8135,貪欲な賞金首狩り,35,15,20,0.42857142857142855,0.034722222222222224,1008,15
overall,MIXED,15.13,UTILITY,shard,5005,UNKNOWN(5005),35,14,21,0.4,0.18229166666666666,192,15
overall,MIXED,15.19,MIDDLE,shard,5011,UNKNOWN(5011),35,14,21,0.4,0.15217391304347827,230,15
overall,MIXED,16.18,MIDDLE,rune,8345,ビスケットデリバリー,35,14,21,0.4,0.10416666666666667,336,15
overall,MIXED,15.21,ALL,rune,8126,追い打ち,35,14,21,0.4,0.059322033898305086,590,15
overall,MIXED,16.13,JUNGLE,rune,8234,追い風,35,14,21,0.4,0.05319148936170213,658,15
overall,MIXED,16.15,UTILITY,keystone,8112,電撃,35,14,21,0.4,0.0423728813559322,826,15
overall,MIXED,15.7,ALL,rune,8401,シールドバッシュ,35,13,22,0.37142857142857144,0.07608695652173914,460,15
overall,MIXED,15.9,MIDDLE,rune,8226,マナフローバンド,35,13,22,0.37142857142857144,0.4069767441860465,86,15
overall,MIXED,15.10,JUNGLE,rune,9105,レジェンド: ヘイスト,35,13,22,0.37142857142857144,0.2536231884057971,138,15
overall,MIXED,16.12,BOTTOM,rune,9111,凱旋,35,13,22,0.37142857142857144,0.1977401129943503,177,15
overall,MIXED,15.1,ALL,rune,8451,超成長,35,13,22,0.37142857142857144,0.18421052631578946,190,15
overall,MIXED,15.24,MIDDLE,shard,5007,UNKNOWN(5007),35,12,23,0.34285714285714286,0.1023391812865497,342,15
overall,MIXED,15.24,MIDDLE,rune,8304,魔法の靴,35,12,23,0.34285714285714286,0.1023391812865497,342,15
overall,MIXED,15.13,JUNGLE,rune,8135,貪欲な賞金首狩り,35,11,24,0.3142857142857143,0.18229166666666666,192,15
overall,MIXED,15.14,MIDDLE,rune,8140,グリスリー メメント,34,22,12,0.6470588235294118,0.3695652173913043,92,15
overall,MIXED,16.14,BOTTOM,keystone,8021,フリートフットワーク,34,22,12,0.6470588235294118,0.04885057471264368,696,15
overall,MIXED,16.8,JUNGLE,rune,9105,レジェンド: ヘイスト,34,22,12,0.6470588235294118,0.24285714285714285,140,15
overall,MIXED,14.23,ALL,rune,8106,至極の賞金首狩り,34,22,12,0.6470588235294118,0.1619047619047619,210,15
overall,MIXED,14.19,ALL,rune,8126,追い打ち,34,22,12,0.6470588235294118,0.08095238095238096,420,15
overall,MIXED,16.2,ALL,rune,8401,シールドバッシュ,34,21,13,0.6176470588235294,0.04788732394366197,710,15
overall,MIXED,15.9,BOTTOM,rune,8345,ビスケットデリバリー,34,21,13,0.6176470588235294,0.3953488372093023,86,15
overall,MIXED,16.18,MIDDLE,rune,9101,体力吸収,34,21,13,0.6176470588235294,0.10119047619047619,336,15
overall,MIXED,14.24,ALL,rune,8106,至極の賞金首狩り,34,21,13,0.6176470588235294,0.136,250,15
overall,MIXED,15.14,MIDDLE,keystone,8112,電撃,34,21,13,0.6176470588235294,0.3695652173913043,92,15
overall,MIXED,15.22,TOP,rune,9105,レジェンド: ヘイスト,34,20,14,0.5882352941176471,0.25757575757575757,132,15
overall,MIXED,15.4,BOTTOM,rune,9103,レジェンド: 血脈,34,20,14,0.5882352941176471,0.6296296296296297,54,15
overall,MIXED,15.23,UTILITY,rune,8242,気迫,34,20,14,0.5882352941176471,0.29310344827586204,116,15
overall,MIXED,15.11,ALL,rune,8410,疾駆,34,20,14,0.5882352941176471,0.06415094339622641,530,15
overall,MIXED,15.18,UTILITY,keystone,8229,秘儀の彗星,34,20,14,0.5882352941176471,0.26153846153846155,130,15
overall,MIXED,16.10,MIDDLE,keystone,8229,秘儀の彗星,34,20,14,0.5882352941176471,0.15315315315315314,222,15
overall,MIXED,14.24,ALL,shard,5011,UNKNOWN(5011),34,19,15,0.5588235294117647,0.136,250,15
overall,MIXED,16.17,JUNGLE,keystone,8439,アフターショック,34,19,15,0.5588235294117647,0.03373015873015873,1008,15
overall,MIXED,16.8,UTILITY,keystone,8439,アフターショック,34,19,15,0.5588235294117647,0.24285714285714285,140,15
overall,MIXED,16.15,UTILITY,rune,8275,ニンバスクローク,34,19,15,0.5588235294117647,0.04116222760290557,826,15
overall,MIXED,16.18,JUNGLE,keystone,8005,プレスアタック,34,19,15,0.5588235294117647,0.10119047619047619,336,15
overall,MIXED,16.16,UTILITY,keystone,9923,ヘイルブレード,34,19,15,0.5588235294117647,0.05105105105105105,666,15
overall,MIXED,15.2,JUNGLE,rune,8347,宇宙の英知,34,19,15,0.5588235294117647,0.3695652173913043,92,15
overall,MIXED,15.4,BOTTOM,rune,8014,最期の慈悲,34,19,15,0.5588235294117647,0.6296296296296297,54,15
overall,MIXED,16.9,UTILITY,shard,5011,UNKNOWN(5011),34,18,16,0.5294117647058824,0.21518987341772153,158,15
overall,MIXED,14.19,UTILITY,rune,8345,ビスケットデリバリー,34,18,16,0.5294117647058824,0.40476190476190477,84,15
overall,MIXED,16.9,ALL,keystone,8369,ファーストストライク,34,18,16,0.5294117647058824,0.043037974683544304,790,15
overall,MIXED,15.8,ALL,keystone,8021,フリートフットワーク,34,18,16,0.5294117647058824,0.052307692307692305,650,15
overall,MIXED,16.2,TOP,rune,9105,レジェンド: ヘイスト,34,18,16,0.5294117647058824,0.23943661971830985,142,15
overall,MIXED,14.19,JUNGLE,keystone,8010,征服者,34,18,16,0.5294117647058824,0.40476190476190477,84,15
overall,MIXED,15.17,MIDDLE,keystone,8229,秘儀の彗星,34,18,16,0.5294117647058824,0.20987654320987653,162,15
overall,MIXED,15.22,UTILITY,keystone,8229,秘儀の彗星,34,18,16,0.5294117647058824,0.25757575757575757,132,15
overall,MIXED,15.18,ALL,rune,8233,英気集中,34,18,16,0.5294117647058824,0.052307692307692305,650,15
overall,MIXED,15.7,ALL,rune,8139,血の味わい,34,18,16,0.5294117647058824,0.07391304347826087,460,15
overall,MIXED,15.4,ALL,rune,8126,追い打ち,34,18,16,0.5294117647058824,0.1259259259259259,270,15
overall,MIXED,16.10,TOP,shard,5011,UNKNOWN(5011),34,17,17,0.5,0.15315315315315314,222,15
overall,MIXED,15.14,ALL,keystone,8439,アフターショック,34,17,17,0.5,0.07391304347826087,460,15
overall,MIXED,15.21,MIDDLE,rune,8143,サドンインパクト,34,17,17,0.5,0.288135593220339,118,15
overall,MIXED,15.3,UTILITY,rune,8345,ビスケットデリバリー,34,17,17,0.5,0.4146341463414634,82,15
overall,MIXED,14.20,TOP,rune,8473,ボーンアーマー,34,17,17,0.5,0.3695652173913043,92,15
overall,MIXED,16.12,MIDDLE,rune,9105,レジェンド: ヘイスト,34,17,17,0.5,0.19101123595505617,178,15
overall,MIXED,16.15,TOP,rune,8017,切り崩し,34,17,17,0.5,0.04116222760290557,826,15
overall,MIXED,16.6,ALL,rune,8105,執拗な賞金首狩り,34,17,17,0.5,0.04473684210526316,760,15
overall,MIXED,15.15,UTILITY,rune,8347,宇宙の英知,34,17,17,0.5,0.4146341463414634,82,15
overall,MIXED,15.15,TOP,rune,8444,息継ぎ,34,17,17,0.5,0.4146341463414634,82,15
overall,MIXED,16.16,MIDDLE,rune,8137,第六感,34,17,17,0.5,0.05105105105105105,666,15
overall,MIXED,16.10,BOTTOM,rune,8233,英気集中,34,17,17,0.5,0.15315315315315314,222,15
overall,MIXED,15.20,ALL,rune,8139,血の味わい,34,17,17,0.5,0.051515151515151514,660,15
overall,MIXED,16.10,MIDDLE,rune,8139,血の味わい,34,17,17,0.5,0.15315315315315314,222,15
overall,MIXED,14.23,MIDDLE,shard,5001,UNKNOWN(5001),34,16,18,0.47058823529411764,0.8095238095238095,42,15
overall,MIXED,14.24,UTILITY,shard,5008,UNKNOWN(5008),34,16,18,0.47058823529411764,0.68,50,15
overall,MIXED,16.17,UTILITY,rune,8275,ニンバスクローク,34,16,18,0.47058823529411764,0.03373015873015873,1008,15
overall,MIXED,15.14,BOTTOM,keystone,8008,リーサルテンポ,34,16,18,0.47058823529411764,0.3695652173913043,92,15
overall,MIXED,16.2,BOTTOM,rune,8236,強まる嵐,34,16,18,0.47058823529411764,0.23943661971830985,142,15
overall,MIXED,16.6,TOP,rune,8446,打ちこわし,34,16,18,0.47058823529411764,0.2236842105263158,152,15
overall,MIXED,15.11,UTILITY,rune,8242,気迫,34,16,18,0.47058823529411764,0.32075471698113206,106,15
overall,MIXED,16.18,ALL,rune,8232,水走り,34,16,18,0.47058823529411764,0.02023809523809524,1680,15
overall,MIXED,14.20,ALL,rune,8453,生気付与,34,16,18,0.47058823529411764,0.07391304347826087,460,15
overall,MIXED,16.15,BOTTOM,rune,8299,背水の陣,34,16,18,0.47058823529411764,0.04116222760290557,826,15
overall,MIXED,14.21,JUNGLE,shard,5005,UNKNOWN(5005),34,15,19,0.4411764705882353,0.6071428571428571,56,15
overall,MIXED,14.24,TOP,shard,5005,UNKNOWN(5005),34,15,19,0.4411764705882353,0.68,50,15
overall,MIXED,15.2,ALL,rune,8143,サドンインパクト,34,15,19,0.4411764705882353,0.07391304347826087,460,15
overall,MIXED,15.22,MIDDLE,rune,8143,サドンインパクト,34,15,19,0.4411764705882353,0.25757575757575757,132,15
overall,MIXED,16.9,MIDDLE,rune,8143,サドンインパクト,34,15,19,0.4411764705882353,0.21518987341772153,158,15
overall,MIXED,14.19,UTILITY,rune,8473,ボーンアーマー,34,15,19,0.4411764705882353,0.40476190476190477,84,15
overall,MIXED,14.22,ALL,keystone,8008,リーサルテンポ,34,15,19,0.4411764705882353,0.11724137931034483,290,15
overall,MIXED,16.16,JUNGLE,rune,8410,疾駆,34,15,19,0.4411764705882353,0.05105105105105105,666,15
overall,MIXED,16.2,ALL,rune,8410,疾駆,34,15,19,0.4411764705882353,0.04788732394366197,710,15
overall,MIXED,16.3,BOTTOM,rune,8304,魔法の靴,34,15,19,0.4411764705882353,0.19318181818181818,176,15
overall,MIXED,16.4,ALL,rune,8313,トリプル トニック,34,14,20,0.4117647058823529,0.06415094339622641,530,15
overall,MIXED,15.4,BOTTOM,rune,8345,ビスケットデリバリー,34,14,20,0.4117647058823529,0.6296296296296297,54,15
overall,MIXED,15.12,TOP,rune,9105,レジェンド: ヘイスト,34,14,20,0.4117647058823529,0.3333333333333333,102,15
overall,MIXED,15.23,BOTTOM,rune,9104,レジェンド: 迅速,34,14,20,0.4117647058823529,0.29310344827586204,116,15
overall,MIXED,15.17,ALL,rune,8105,執拗な賞金首狩り,34,14,20,0.4117647058823529,0.04197530864197531,810,15
overall,MIXED,15.18,BOTTOM,rune,8236,強まる嵐,34,14,20,0.4117647058823529,0.26153846153846155,130,15
overall,MIXED,15.21,JUNGLE,rune,8299,背水の陣,34,14,20,0.4117647058823529,0.288135593220339,118,15
overall,MIXED,14.19,MIDDLE,rune,8106,至極の賞金首狩り,34,14,20,0.4117647058823529,0.40476190476190477,84,15
overall,MIXED,15.8,MIDDLE,rune,8451,超成長,34,14,20,0.4117647058823529,0.26153846153846155,130,15
overall,MIXED,16.17,TOP,rune,8143,サドンインパクト,34,13,21,0.38235294117647056,0.03373015873015873,1008,15
overall,MIXED,16.15,UTILITY,rune,8139,血の味わい,34,13,21,0.38235294117647056,0.04116222760290557,826,15
overall,MIXED,16.18,BOTTOM,rune,8237,追火,34,13,21,0.38235294117647056,0.10119047619047619,336,15
overall,MIXED,15.21,ALL,keystone,8005,プレスアタック,34,11,23,0.3235294117647059,0.0576271186440678,590,15
overall,MIXED,15.21,JUNGLE,rune,9105,レジェンド: ヘイスト,34,10,24,0.29411764705882354,0.288135593220339,118,15
overall,MIXED,16.10,BOTTOM,rune,8316,なんでも屋,33,21,12,0.6363636363636364,0.14864864864864866,222,15
overall,MIXED,16.16,ALL,rune,8141,ディープワード,33,21,12,0.6363636363636364,0.00990990990990991,3330,15
overall,MIXED,15.9,UTILITY,rune,8345,ビスケットデリバリー,33,21,12,0.6363636363636364,0.38372093023255816,86,15
overall,MIXED,15.7,ALL,rune,8017,切り崩し,33,21,12,0.6363636363636364,0.07173913043478261,460,15
overall,MIXED,16.13,TOP,keystone,8229,秘儀の彗星,33,21,12,0.6363636363636364,0.05015197568389058,658,15
overall,MIXED,16.3,JUNGLE,rune,8135,貪欲な賞金首狩り,33,21,12,0.6363636363636364,0.1875,176,15
overall,MIXED,15.15,BOTTOM,rune,8017,切り崩し,33,20,13,0.6060606060606061,0.4024390243902439,82,15
overall,MIXED,15.11,ALL,rune,8429,心身調整,33,20,13,0.6060606060606061,0.062264150943396226,530,15
overall,MIXED,15.7,ALL,rune,8463,生命の泉,33,20,13,0.6060606060606061,0.07173913043478261,460,15
overall,MIXED,15.16,UTILITY,keystone,8439,アフターショック,33,19,14,0.5757575757575758,0.3055555555555556,108,15
overall,MIXED,16.9,ALL,keystone,8021,フリートフットワーク,33,19,14,0.5757575757575758,0.04177215189873418,790,15
overall,MIXED,14.20,BOTTOM,keystone,8008,リーサルテンポ,33,19,14,0.5757575757575758,0.358695652173913,92,15
overall,MIXED,16.5,TOP,rune,8242,気迫,33,19,14,0.5757575757575758,0.2037037037037037,162,15
overall,MIXED,16.1,JUNGLE,rune,8135,貪欲な賞金首狩り,33,19,14,0.5757575757575758,0.21428571428571427,154,15
overall,MIXED,15.23,MIDDLE,rune,8237,追火,33,19,14,0.5757575757575758,0.28448275862068967,116,15
overall,MIXED,14.23,TOP,shard,5005,UNKNOWN(5005),33,18,15,0.5454545454545454,0.7857142857142857,42,15
overall,MIXED,16.2,ALL,rune,8316,なんでも屋,33,18,15,0.5454545454545454,0.04647887323943662,710,15
overall,MIXED,16.6,ALL,rune,8316,なんでも屋,33,18,15,0.5454545454545454,0.04342105263157895,760,15
overall,MIXED,16.2,BOTTOM,rune,8313,トリプル トニック,33,18,15,0.5454545454545454,0.2323943661971831,142,15
overall,MIXED,16.15,BOTTOM,rune,8275,ニンバスクローク,33,18,15,0.5454545454545454,0.039951573849878935,826,15
overall,MIXED,15.14,TOP,rune,9105,レジェンド: ヘイスト,33,18,15,0.5454545454545454,0.358695652173913,92,15
overall,MIXED,15.18,ALL,rune,9101,体力吸収,33,18,15,0.5454545454545454,0.05076923076923077,650,15
overall,MIXED,16.10,MIDDLE,rune,8009,冷静沈着,33,18,15,0.5454545454545454,0.14864864864864866,222,15
overall,MIXED,15.21,ALL,rune,8429,心身調整,33,18,15,0.5454545454545454,0.05593220338983051,590,15
overall,MIXED,16.11,MIDDLE,rune,8444,息継ぎ,33,18,15,0.5454545454545454,0.13983050847457626,236,15
overall,MIXED,16.9,TOP,rune,8446,打ちこわし,33,18,15,0.5454545454545454,0.2088607594936709,158,15
overall,MIXED,15.10,ALL,rune,8139,血の味わい,33,18,15,0.5454545454545454,0.04782608695652174,690,15
overall,MIXED,15.24,MIDDLE,rune,8135,貪欲な賞金首狩り,33,18,15,0.5454545454545454,0.09649122807017543,342,15
overall,MIXED,15.21,ALL,rune,8234,追い風,33,18,15,0.5454545454545454,0.05593220338983051,590,15
overall,MIXED,16.5,ALL,keystone,8128,魂の収穫,33,18,15,0.5454545454545454,0.040740740740740744,810,15
overall,MIXED,14.22,TOP,shard,5005,UNKNOWN(5005),33,17,16,0.5151515151515151,0.5689655172413793,58,15
overall,MIXED,16.12,TOP,shard,5011,UNKNOWN(5011),33,17,16,0.5151515151515151,0.1853932584269663,178,15
overall,MIXED,15.15,ALL,keystone,8439,アフターショック,33,17,16,0.5151515151515151,0.08048780487804878,410,15
overall,MIXED,16.2,ALL,keystone,8214,エアリー召喚,33,17,16,0.5151515151515151,0.04647887323943662,710,15
overall,MIXED,15.10,JUNGLE,rune,8140,グリスリー メメント,33,17,16,0.5151515151515151,0.2391304347826087,138,15
overall,MIXED,16.12,JUNGLE,rune,8140,グリスリー メメント,33,17,16,0.5151515151515151,0.1853932584269663,178,15
overall,MIXED,15.11,ALL,rune,8401,シールドバッシュ,33,17,16,0.5151515151515151,0.062264150943396226,530,15
overall,MIXED,15.15,ALL,rune,8401,シールドバッシュ,33,17,16,0.5151515151515151,0.08048780487804878,410,15
overall,MIXED,15.21,ALL,keystone,8021,フリートフットワーク,33,17,16,0.5151515151515151,0.05593220338983051,590,15
overall,MIXED,15.16,JUNGLE,rune,9105,レジェンド: ヘイスト,33,17,16,0.5151515151515151,0.3055555555555556,108,15
overall,MIXED,16.13,TOP,rune,9103,レジェンド: 血脈,33,17,16,0.5151515151515151,0.05015197568389058,658,15
overall,MIXED,15.7,TOP,rune,9104,レジェンド: 迅速,33,17,16,0.5151515151515151,0.358695652173913,92,15
overall,MIXED,15.15,TOP,rune,9111,凱旋,33,17,16,0.5151515151515151,0.4024390243902439,82,15
overall,MIXED,16.13,MIDDLE,keystone,8230,嵐乗りの勇躍,33,17,16,0.5151515151515151,0.05015197568389058,658,15
overall,MIXED,15.7,BOTTOM,rune,8236,強まる嵐,33,17,16,0.5151515151515151,0.358695652173913,92,15
overall,MIXED,15.9,UTILITY,rune,8242,気迫,33,17,16,0.5151515151515151,0.38372093023255816,86,15
overall,MIXED,15.19,BOTTOM,rune,8410,疾駆,33,17,16,0.5151515151515151,0.14347826086956522,230,15
overall,MIXED,15.1,ALL,keystone,8229,秘儀の彗星,33,17,16,0.5151515151515151,0.1736842105263158,190,15
overall,MIXED,16.5,MIDDLE,rune,8451,超成長,33,17,16,0.5151515151515151,0.2037037037037037,162,15
overall,MIXED,16.4,MIDDLE,rune,8237,追火,33,17,16,0.5151515151515151,0.3113207547169811,106,15
overall,MIXED,14.24,BOTTOM,shard,5001,UNKNOWN(5001),33,16,17,0.48484848484848486,0.66,50,15
overall,MIXED,15.19,ALL,rune,8224,アクシオム アルカニスト,33,16,17,0.48484848484848486,0.028695652173913042,1150,15
overall,MIXED,16.18,ALL,keystone,8465,ガーディアン,33,16,17,0.48484848484848486,0.019642857142857142,1680,15
overall,MIXED,16.2,MIDDLE,rune,8140,グリスリー メメント,33,16,17,0.48484848484848486,0.2323943661971831,142,15
overall,MIXED,15.15,ALL,rune,8143,サドンインパクト,33,16,17,0.48484848484848486,0.08048780487804878,410,15
overall,MIXED,15.12,BOTTOM,keystone,8008,リーサルテンポ,33,16,17,0.48484848484848486,0.32673267326732675,101,15
overall,MIXED,15.10,TOP,rune,9105,レジェンド: ヘイスト,33,16,17,0.48484848484848486,0.2391304347826087,138,15
overall,MIXED,15.23,JUNGLE,rune,9105,レジェンド: ヘイスト,33,16,17,0.48484848484848486,0.28448275862068967,116,15
overall,MIXED,14.19,ALL,keystone,8437,不死者の握撃,33,16,17,0.48484848484848486,0.07857142857142857,420,15
overall,MIXED,14.23,JUNGLE,rune,9111,凱旋,33,16,17,0.48484848484848486,0.7857142857142857,42,15
overall,MIXED,16.16,JUNGLE,rune,8017,切り崩し,33,16,17,0.48484848484848486,0.04954954954954955,666,15
overall,MIXED,15.11,BOTTOM,rune,8236,強まる嵐,33,16,17,0.48484848484848486,0.3113207547169811,106,15
overall,MIXED,15.3,UTILITY,rune,8210,至高,33,16,17,0.48484848484848486,0.4024390243902439,82,15
overall,MIXED,15.23,ALL,rune,8234,追い風,33,16,17,0.48484848484848486,0.056896551724137934,580,15
overall,MIXED,15.24,JUNGLE,keystone,8128,魂の収穫,33,16,17,0.48484848484848486,0.09649122807017543,342,15
overall,MIXED,15.11,UTILITY,keystone,8439,アフターショック,33,15,18,0.45454545454545453,0.3113207547169811,106,15
overall,MIXED,16.9,JUNGLE,rune,8143,サドンインパクト,33,15,18,0.45454545454545453,0.2088607594936709,158,15
overall,MIXED,14.23,ALL,rune,9105,レジェンド: ヘイスト,33,15,18,0.45454545454545453,0.15714285714285714,210,15
overall,MIXED,14.19,JUNGLE,rune,9104,レジェンド: 迅速,33,15,18,0.45454545454545453,0.39285714285714285,84,15
overall,MIXED,16.8,TOP,rune,9104,レジェンド: 迅速,33,15,18,0.45454545454545453,0.2357142857142857,140,15
overall,MIXED,15.7,ALL,keystone,8437,不死者の握撃,33,15,18,0.45454545454545453,0.07173913043478261,460,15
overall,MIXED,16.1,BOTTOM,rune,9111,凱旋,33,15,18,0.45454545454545453,0.21428571428571427,154,15
overall,MIXED,14.22,ALL,rune,8236,強まる嵐,33,15,18,0.45454545454545453,0.11379310344827587,290,15
overall,MIXED,15.15,BOTTOM,rune,8236,強まる嵐,33,15,18,0.45454545454545453,0.4024390243902439,82,15
overall,MIXED,14.21,BOTTOM,rune,8014,最期の慈悲,33,15,18,0.45454545454545453,0.5892857142857143,56,15
overall,MIXED,16.4,ALL,rune,8463,生命の泉,33,15,18,0.45454545454545453,0.062264150943396226,530,15
overall,MIXED,16.13,MIDDLE,rune,8453,生気付与,33,15,18,0.45454545454545453,0.05015197568389058,658,15
overall,MIXED,16.16,MIDDLE,rune,8453,生気付与,33,15,18,0.45454545454545453,0.04954954954954955,666,15
overall,MIXED,15.7,ALL,keystone,8229,秘儀の彗星,33,15,18,0.45454545454545453,0.07173913043478261,460,15
overall,MIXED,15.16,MIDDLE,rune,8451,超成長,33,15,18,0.45454545454545453,0.3055555555555556,108,15
overall,MIXED,15.9,TOP,rune,8451,超成長,33,15,18,0.45454545454545453,0.38372093023255816,86,15
overall,MIXED,14.20,ALL,rune,8126,追い打ち,33,15,18,0.45454545454545453,0.07173913043478261,460,15
overall,MIXED,15.17,ALL,keystone,8214,エアリー召喚,33,14,19,0.42424242424242425,0.040740740740740744,810,15
overall,MIXED,16.8,ALL,keystone,8021,フリートフットワーク,33,14,19,0.42424242424242425,0.047142857142857146,700,15
overall,MIXED,15.3,ALL,keystone,8005,プレスアタック,33,14,19,0.42424242424242425,0.08048780487804878,410,15
overall,MIXED,16.13,TOP,keystone,8005,プレスアタック,33,14,19,0.42424242424242425,0.05015197568389058,658,15
overall,MIXED,14.21,BOTTOM,rune,9103,レジェンド: 血脈,33,14,19,0.42424242424242425,0.5892857142857143,56,15
overall,MIXED,14.19,ALL,rune,8429,心身調整,33,14,19,0.42424242424242425,0.07857142857142857,420,15
overall,MIXED,15.13,TOP,rune,8242,気迫,33,14,19,0.42424242424242425,0.171875,192,15
overall,MIXED,15.14,ALL,rune,8234,追い風,33,14,19,0.42424242424242425,0.07173913043478261,460,15
overall,MIXED,14.19,ALL,keystone,8439,アフターショック,33,13,20,0.3939393939393939,0.07857142857142857,420,15
overall,MIXED,16.5,BOTTOM,rune,9111,凱旋,33,13,20,0.3939393939393939,0.2037037037037037,162,15
overall,MIXED,16.5,ALL,rune,8105,執拗な賞金首狩り,33,13,20,0.3939393939393939,0.040740740740740744,810,15
overall,MIXED,15.13,UTILITY,rune,8453,生気付与,33,13,20,0.3939393939393939,0.171875,192,15
overall,MIXED,15.19,MIDDLE,rune,8299,背水の陣,33,13,20,0.3939393939393939,0.14347826086956522,230,15
overall,MIXED,14.19,ALL,rune,8135,貪欲な賞金首狩り,33,13,20,0.3939393939393939,0.07857142857142857,420,15
overall,MIXED,15.12,UTILITY,rune,8237,追火,33,13,20,0.3939393939393939,0.3235294117647059,102,15
overall,MIXED,16.8,JUNGLE,rune,8143,サドンインパクト,33,12,21,0.36363636363636365,0.2357142857142857,140,15
overall,MIXED,15.23,ALL,rune,8429,心身調整,33,12,21,0.36363636363636365,0.056896551724137934,580,15
overall,MIXED,16.11,BOTTOM,rune,8410,疾駆,33,12,21,0.36363636363636365,0.13983050847457626,236,15
overall,MIXED,15.12,ALL,keystone,8021,フリートフットワーク,33,10,23,0.30303030303030304,0.06470588235294118,510,15
overall,MIXED,16.4,UTILITY,rune,8473,ボーンアーマー,33,10,23,0.30303030303030304,0.3113207547169811,106,15
overall,MIXED,15.17,ALL,rune,9101,体力吸収,33,10,23,0.30303030303030304,0.040740740740740744,810,15
overall,MIXED,14.21,ALL,shard,5007,UNKNOWN(5007),32,22,10,0.6875,0.11428571428571428,280,15
overall,MIXED,15.18,ALL,rune,8410,疾駆,32,21,11,0.65625,0.04923076923076923,650,15
overall,MIXED,14.20,UTILITY,keystone,8439,アフターショック,32,20,12,0.625,0.34782608695652173,92,15
overall,MIXED,16.16,MIDDLE,keystone,8021,フリートフットワーク,32,20,12,0.625,0.04804804804804805,666,15
overall,MIXED,15.19,MIDDLE,rune,8014,最期の慈悲,32,20,12,0.625,0.1391304347826087,230,15
overall,MIXED,15.22,UTILITY,rune,8463,生命の泉,32,20,12,0.625,0.24242424242424243,132,15
overall,MIXED,15.8,UTILITY,keystone,8229,秘儀の彗星,32,20,12,0.625,0.24615384615384617,130,15
overall,MIXED,15.23,MIDDLE,rune,8106,至極の賞金首狩り,32,20,12,0.625,0.27586206896551724,116,15
overall,MIXED,15.2,UTILITY,rune,8126,追い打ち,32,20,12,0.625,0.34782608695652173,92,15
overall,MIXED,16.17,BOTTOM,rune,8224,アクシオム アルカニスト,32,19,13,0.59375,0.031746031746031744,1008,15
overall,MIXED,15.11,TOP,rune,9104,レジェンド: 迅速,32,19,13,0.59375,0.3018867924528302,106,15
overall,MIXED,16.13,BOTTOM,keystone,8010,征服者,32,19,13,0.59375,0.0486322188449848,658,15
overall,MIXED,15.23,UTILITY,rune,8463,生命の泉,32,19,13,0.59375,0.27586206896551724,116,15
overall,MIXED,15.17,ALL,rune,8410,疾駆,32,19,13,0.59375,0.03950617283950617,810,15
overall,MIXED,15.2,UTILITY,rune,8106,至極の賞金首狩り,32,19,13,0.59375,0.34782608695652173,92,15
overall,MIXED,16.10,JUNGLE,rune,8135,貪欲な賞金首狩り,32,19,13,0.59375,0.14414414414414414,222,15
overall,MIXED,15.1,JUNGLE,shard,5001,UNKNOWN(5001),32,18,14,0.5625,0.8421052631578947,38,15
overall,MIXED,16.14,TOP,rune,8143,サドンインパクト,32,18,14,0.5625,0.04597701149425287,696,15
overall,MIXED,16.7,JUNGLE,rune,8143,サドンインパクト,32,18,14,0.5625,0.2077922077922078,154,15
overall,MIXED,15.21,TOP,rune,9105,レジェンド: ヘイスト,32,18,14,0.5625,0.2711864406779661,118,15
overall,MIXED,15.16,ALL,keystone,8437,不死者の握撃,32,18,14,0.5625,0.05925925925925926,540,15
overall,MIXED,16.16,TOP,rune,8347,宇宙の英知,32,18,14,0.5625,0.04804804804804805,666,15
overall,MIXED,16.3,MIDDLE,rune,8444,息継ぎ,32,18,14,0.5625,0.18181818181818182,176,15
overall,MIXED,14.22,BOTTOM,rune,8014,最期の慈悲,32,18,14,0.5625,0.5517241379310345,58,15
overall,MIXED,16.6,JUNGLE,rune,8299,背水の陣,32,18,14,0.5625,0.21052631578947367,152,15
overall,MIXED,16.13,TOP,rune,8233,英気集中,32,18,14,0.5625,0.0486322188449848,658,15
overall,MIXED,15.19,MIDDLE,rune,8139,血の味わい,32,18,14,0.5625,0.1391304347826087,230,15
overall,MIXED,15.3,ALL,rune,8135,貪欲な賞金首狩り,32,18,14,0.5625,0.07804878048780488,410,15
overall,MIXED,15.17,UTILITY,rune,8126,追い打ち,32,18,14,0.5625,0.19875776397515527,161,15
overall,MIXED,15.12,BOTTOM,rune,8304,魔法の靴,32,18,14,0.5625,0.31683168316831684,101,15
overall,MIXED,15.1,JUNGLE,shard,5008,UNKNOWN(5008),32,17,15,0.53125,0.8421052631578947,38,15
overall,MIXED,16.5,MIDDLE,shard,5011,UNKNOWN(5011),32,17,15,0.53125,0.19753086419753085,162,15
overall,MIXED,15.2,ALL,keystone,8439,アフターショック,32,17,15,0.53125,0.06956521739130435,460,15
overall,MIXED,16.15,MIDDLE,rune,8321,キャッシュバック,32,17,15,0.53125,0.0387409200968523,826,15
overall,MIXED,15.24,UTILITY,rune,8140,グリスリー メメント,32,17,15,0.53125,0.0935672514619883,342,15
overall,MIXED,16.4,MIDDLE,rune,8140,グリスリー メメント,32,17,15,0.53125,0.3018867924528302,106,15
overall,MIXED,15.3,TOP,rune,9105,レジェンド: ヘイスト,32,17,15,0.53125,0.3902439024390244,82,15
overall,MIXED,15.18,TOP,keystone,8437,不死者の握撃,32,17,15,0.53125,0.24615384615384617,130,15
overall,MIXED,16.12,MIDDLE,rune,8009,冷静沈着,32,17,15,0.53125,0.1797752808988764,178,15
overall,MIXED,16.13,TOP,rune,8347,宇宙の英知,32,17,15,0.53125,0.0486322188449848,658,15
overall,MIXED,14.20,BOTTOM,rune,8236,強まる嵐,32,17,15,0.53125,0.34782608695652173,92,15
overall,MIXED,15.2,ALL,rune,8446,打ちこわし,32,17,15,0.53125,0.06956521739130435,460,15
overall,MIXED,16.16,UTILITY,keystone,8992,死神の残り火,32,17,15,0.53125,0.04804804804804805,666,15
overall,MIXED,15.15,UTILITY,rune,8242,気迫,32,17,15,0.53125,0.3902439024390244,82,15
overall,MIXED,15.14,ALL,rune,8453,生気付与,32,17,15,0.53125,0.06956521739130435,460,15
overall,MIXED,15.21,ALL,rune,8410,疾駆,32,17,15,0.53125,0.05423728813559322,590,15
overall,MIXED,15.18,MIDDLE,rune,8106,至極の賞金首狩り,32,17,15,0.53125,0.24615384615384617,130,15
overall,MIXED,15.7,MIDDLE,rune,8106,至極の賞金首狩り,32,17,15,0.53125,0.34782608695652173,92,15
overall,MIXED,15.7,TOP,rune,8451,超成長,32,17,15,0.53125,0.34782608695652173,92,15
overall,MIXED,16.18,TOP,rune,8237,追火,32,17,15,0.53125,0.09523809523809523,336,15
overall,MIXED,14.19,JUNGLE,rune,8304,魔法の靴,32,17,15,0.53125,0.38095238095238093,84,15
overall,MIXED,15.7,BOTTOM,rune,8304,魔法の靴,32,17,15,0.53125,0.34782608695652173,92,15
overall,MIXED,14.24,BOTTOM,shard,5005,UNKNOWN(5005),32,16,16,0.5,0.64,50,15
overall,MIXED,16.1,UTILITY,shard,5011,UNKNOWN(5011),32,16,16,0.5,0.20915032679738563,153,15
overall,MIXED,16.2,JUNGLE,rune,8143,サドンインパクト,32,16,16,0.5,0.22535211267605634,142,15
overall,MIXED,16.17,ALL,rune,8141,ディープワード,32,16,16,0.5,0.006349206349206349,5040,15
overall,MIXED,16.9,ALL,keystone,9923,ヘイルブレード,32,16,16,0.5,0.04050632911392405,790,15
overall,MIXED,15.24,ALL,rune,8306,ヘクステックフラッシュネイター,32,16,16,0.5,0.01871345029239766,1710,15
overall,MIXED,15.1,ALL,rune,8473,ボーンアーマー,32,16,16,0.5,0.16842105263157894,190,15
overall,MIXED,16.5,JUNGLE,rune,9105,レジェンド: ヘイスト,32,16,16,0.5,0.19753086419753085,162,15
overall,MIXED,16.17,UTILITY,keystone,8437,不死者の握撃,32,16,16,0.5,0.031746031746031744,1008,15
overall,MIXED,15.5,ALL,rune,9111,凱旋,32,16,16,0.5,0.32,100,15
overall,MIXED,15.19,MIDDLE,rune,8017,切り崩し,32,16,16,0.5,0.1391304347826087,230,15
overall,MIXED,15.4,JUNGLE,keystone,8010,征服者,32,16,16,0.5,0.5925925925925926,54,15
overall,MIXED,15.16,TOP,rune,8446,打ちこわし,32,16,16,0.5,0.2962962962962963,108,15
overall,MIXED,16.5,MIDDLE,keystone,8229,秘儀の彗星,32,16,16,0.5,0.19753086419753085,162,15
overall,MIXED,16.8,MIDDLE,keystone,8229,秘儀の彗星,32,16,16,0.5,0.22857142857142856,140,15
overall,MIXED,15.2,BOTTOM,rune,8233,英気集中,32,16,16,0.5,0.34782608695652173,92,15
overall,MIXED,16.11,BOTTOM,rune,8233,英気集中,32,16,16,0.5,0.13559322033898305,236,15
overall,MIXED,15.14,ALL,rune,8135,貪欲な賞金首狩り,32,16,16,0.5,0.06956521739130435,460,15
overall,MIXED,16.2,JUNGLE,rune,8135,貪欲な賞金首狩り,32,16,16,0.5,0.22535211267605634,142,15
overall,MIXED,15.22,ALL,rune,8234,追い風,32,16,16,0.5,0.048484848484848485,660,15
overall,MIXED,14.21,TOP,shard,5005,UNKNOWN(5005),32,15,17,0.46875,0.5714285714285714,56,15
overall,MIXED,15.3,UTILITY,shard,5007,UNKNOWN(5007),32,15,17,0.46875,0.3902439024390244,82,15
overall,MIXED,16.16,JUNGLE,shard,5007,UNKNOWN(5007),32,15,17,0.46875,0.04804804804804805,666,15
overall,MIXED,16.15,UTILITY,shard,5010,UNKNOWN(5010),32,15,17,0.46875,0.0387409200968523,826,15
overall,MIXED,14.20,MIDDLE,rune,8138,UNKNOWN(8138),32,15,17,0.46875,0.34782608695652173,92,15
overall,MIXED,15.7,UTILITY,keystone,8439,アフターショック,32,15,17,0.46875,0.34782608695652173,92,15
overall,MIXED,15.13,UTILITY,keystone,8214,エアリー召喚,32,15,17,0.46875,0.16666666666666666,192,15
overall,MIXED,15.22,ALL,keystone,8214,エアリー召喚,32,15,17,0.46875,0.048484848484848485,660,15
overall,MIXED,15.19,ALL,keystone,8021,フリートフットワーク,32,15,17,0.46875,0.02782608695652174,1150,15
overall,MIXED,15.3,BOTTOM,keystone,8008,リーサルテンポ,32,15,17,0.46875,0.3902439024390244,82,15
overall,MIXED,16.1,ALL,rune,9101,体力吸収,32,15,17,0.46875,0.04155844155844156,770,15
overall,MIXED,15.1,ALL,rune,8106,至極の賞金首狩り,32,15,17,0.46875,0.16842105263157894,190,15
overall,MIXED,16.9,MIDDLE,rune,8139,血の味わい,32,15,17,0.46875,0.20253164556962025,158,15
overall,MIXED,14.19,UTILITY,shard,5007,UNKNOWN(5007),32,14,18,0.4375,0.38095238095238093,84,15
overall,MIXED,16.17,TOP,shard,5010,UNKNOWN(5010),32,14,18,0.4375,0.031746031746031744,1008,15
overall,MIXED,16.3,MIDDLE,shard,5011,UNKNOWN(5011),32,14,18,0.4375,0.18181818181818182,176,15
overall,MIXED,16.5,ALL,keystone,8214,エアリー召喚,32,14,18,0.4375,0.03950617283950617,810,15
overall,MIXED,16.8,UTILITY,keystone,8214,エアリー召喚,32,14,18,0.4375,0.22857142857142856,140,15
overall,MIXED,15.20,JUNGLE,rune,8143,サドンインパクト,32,14,18,0.4375,0.24242424242424243,132,15
overall,MIXED,16.16,JUNGLE,rune,8275,ニンバスクローク,32,14,18,0.4375,0.04804804804804805,666,15
overall,MIXED,15.10,BOTTOM,keystone,8005,プレスアタック,32,14,18,0.4375,0.2318840579710145,138,15
overall,MIXED,14.21,JUNGLE,rune,9104,レジェンド: 迅速,32,14,18,0.4375,0.5714285714285714,56,15
overall,MIXED,15.9,ALL,rune,8446,打ちこわし,32,14,18,0.4375,0.07441860465116279,430,15
overall,MIXED,14.22,ALL,rune,8233,英気集中,32,14,18,0.4375,0.1103448275862069,290,15
overall,MIXED,16.6,JUNGLE,rune,8135,貪欲な賞金首狩り,32,14,18,0.4375,0.21052631578947367,152,15
overall,MIXED,15.13,UTILITY,rune,8126,追い打ち,32,14,18,0.4375,0.16666666666666666,192,15
overall,MIXED,15.19,UTILITY,rune,8126,追い打ち,32,14,18,0.4375,0.1391304347826087,230,15
overall,MIXED,15.12,MIDDLE,rune,8237,追火,32,14,18,0.4375,0.3137254901960784,102,15
overall,MIXED,15.14,MIDDLE,rune,8237,追火,32,14,18,0.4375,0.34782608695652173,92,15
overall,MIXED,16.14,JUNGLE,keystone,8112,電撃,32,14,18,0.4375,0.04597701149425287,696,15
overall,MIXED,14.20,JUNGLE,rune,8304,魔法の靴,32,14,18,0.4375,0.34782608695652173,92,15
overall,MIXED,14.19,ALL,rune,8143,サドンインパクト,32,13,19,0.40625,0.0761904761904762,420,15
overall,MIXED,16.15,MIDDLE,rune,8275,ニンバスクローク,32,13,19,0.40625,0.0387409200968523,826,15
overall,MIXED,15.2,TOP,rune,9105,レジェンド: ヘイスト,32,13,19,0.40625,0.34782608695652173,92,15
overall,MIXED,15.24,MIDDLE,rune,9105,レジェンド: ヘイスト,32,13,19,0.40625,0.0935672514619883,342,15
overall,MIXED,15.16,UTILITY,keystone,8229,秘儀の彗星,32,13,19,0.40625,0.2962962962962963,108,15
overall,MIXED,16.8,UTILITY,keystone,8229,秘儀の彗星,32,13,19,0.40625,0.22857142857142856,140,15
overall,MIXED,16.9,UTILITY,rune,8106,至極の賞金首狩り,32,13,19,0.40625,0.20253164556962025,158,15
overall,MIXED,16.17,BOTTOM,rune,8139,血の味わい,32,13,19,0.40625,0.031746031746031744,1008,15
overall,MIXED,15.12,TOP,rune,8451,超成長,32,13,19,0.40625,0.3137254901960784,102,15
overall,MIXED,15.22,UTILITY,keystone,8439,アフターショック,32,12,20,0.375,0.24242424242424243,132,15
overall,MIXED,14.21,ALL,rune,8143,サドンインパクト,32,12,20,0.375,0.11428571428571428,280,15
overall,MIXED,15.23,ALL,keystone,8021,フリートフットワーク,32,12,20,0.375,0.05517241379310345,580,15
overall,MIXED,15.9,BOTTOM,keystone,8008,リーサルテンポ,32,12,20,0.375,0.37209302325581395,86,15
overall,MIXED,16.9,ALL,rune,8429,心身調整,32,12,20,0.375,0.04050632911392405,790,15
overall,MIXED,15.17,MIDDLE,rune,8299,背水の陣,32,12,20,0.375,0.19753086419753085,162,15
overall,MIXED,16.16,UTILITY,rune,8140,グリスリー メメント,32,11,21,0.34375,0.04804804804804805,666,15
overall,MIXED,15.24,ALL,keystone,8230,嵐乗りの勇躍,32,10,22,0.3125,0.01871345029239766,1710,15
overall,MIXED,15.10,BOTTOM,keystone,8021,フリートフットワーク,32,9,23,0.28125,0.2318840579710145,138,15
overall,MIXED,16.16,TOP,rune,8429,心身調整,31,22,9,0.7096774193548387,0.046546546546546545,666,15
overall,MIXED,16.15,JUNGLE,rune,8451,超成長,31,22,9,0.7096774193548387,0.03753026634382567,826,15
overall,MIXED,16.16,BOTTOM,shard,5007,UNKNOWN(5007),31,21,10,0.6774193548387096,0.046546546546546545,666,15
overall,MIXED,15.7,TOP,rune,8473,ボーンアーマー,31,21,10,0.6774193548387096,0.33695652173913043,92,15
overall,MIXED,16.18,MIDDLE,keystone,8008,リーサルテンポ,31,21,10,0.6774193548387096,0.09226190476190477,336,15
overall,MIXED,15.10,JUNGLE,rune,8135,貪欲な賞金首狩り,31,21,10,0.6774193548387096,0.2246376811594203,138,15
overall,MIXED,15.19,UTILITY,shard,5011,UNKNOWN(5011),31,20,11,0.6451612903225806,0.13478260869565217,230,15
overall,MIXED,16.16,ALL,keystone,8351,グレイシャルオーグメント,31,20,11,0.6451612903225806,0.009309309309309309,3330,15
overall,MIXED,16.16,UTILITY,keystone,8351,グレイシャルオーグメント,31,20,11,0.6451612903225806,0.046546546546546545,666,15
overall,MIXED,15.17,MIDDLE,rune,8143,サドンインパクト,31,20,11,0.6451612903225806,0.19135802469135801,162,15
overall,MIXED,16.10,ALL,keystone,9923,ヘイルブレード,31,20,11,0.6451612903225806,0.027927927927927927,1110,15
overall,MIXED,15.8,ALL,rune,8105,執拗な賞金首狩り,31,20,11,0.6451612903225806,0.047692307692307694,650,15
overall,MIXED,15.12,ALL,rune,8139,血の味わい,31,20,11,0.6451612903225806,0.060784313725490195,510,15
overall,MIXED,16.10,TOP,rune,8009,冷静沈着,31,19,12,0.6129032258064516,0.13963963963963963,222,15
overall,MIXED,15.23,ALL,rune,8139,血の味わい,31,19,12,0.6129032258064516,0.05344827586206897,580,15
overall,MIXED,15.9,BOTTOM,shard,5011,UNKNOWN(5011),31,18,13,0.5806451612903226,0.36046511627906974,86,15
overall,MIXED,14.21,MIDDLE,rune,8226,マナフローバンド,31,18,13,0.5806451612903226,0.5636363636363636,55,15
overall,MIXED,14.22,ALL,rune,9103,レジェンド: 血脈,31,18,13,0.5806451612903226,0.10689655172413794,290,15
overall,MIXED,16.1,TOP,rune,8446,打ちこわし,31,18,13,0.5806451612903226,0.2012987012987013,154,15
overall,MIXED,16.15,MIDDLE,rune,8137,第六感,31,18,13,0.5806451612903226,0.03753026634382567,826,15
overall,MIXED,14.21,ALL,shard,5011,UNKNOWN(5011),31,17,14,0.5483870967741935,0.11071428571428571,280,15
overall,MIXED,16.8,UTILITY,shard,5011,UNKNOWN(5011),31,17,14,0.5483870967741935,0.22142857142857142,140,15
overall,MIXED,16.17,UTILITY,rune,8143,サドンインパクト,31,17,14,0.5483870967741935,0.030753968253968252,1008,15
overall,MIXED,15.15,UTILITY,rune,8345,ビスケットデリバリー,31,17,14,0.5483870967741935,0.3780487804878049,82,15
overall,MIXED,16.1,BOTTOM,keystone,8005,プレスアタック,31,17,14,0.5483870967741935,0.2012987012987013,154,15
overall,MIXED,14.19,ALL,keystone,8008,リーサルテンポ,31,17,14,0.5483870967741935,0.07380952380952381,420,15
overall,MIXED,15.2,BOTTOM,keystone,8008,リーサルテンポ,31,17,14,0.5483870967741935,0.33695652173913043,92,15
overall,MIXED,15.14,ALL,keystone,8437,不死者の握撃,31,17,14,0.5483870967741935,0.06739130434782609,460,15
overall,MIXED,15.15,TOP,keystone,8437,不死者の握撃,31,17,14,0.5483870967741935,0.3780487804878049,82,15
overall,MIXED,16.15,UTILITY,keystone,8437,不死者の握撃,31,17,14,0.5483870967741935,0.03753026634382567,826,15
overall,MIXED,15.18,BOTTOM,rune,9111,凱旋,31,17,14,0.5483870967741935,0.23846153846153847,130,15
overall,MIXED,16.7,ALL,rune,8429,心身調整,31,17,14,0.5483870967741935,0.04025974025974026,770,15
overall,MIXED,15.7,ALL,rune,8446,打ちこわし,31,17,14,0.5483870967741935,0.06739130434782609,460,15
overall,MIXED,16.5,TOP,rune,8446,打ちこわし,31,17,14,0.5483870967741935,0.19135802469135801,162,15
overall,MIXED,15.19,UTILITY,keystone,8229,秘儀の彗星,31,17,14,0.5483870967741935,0.13478260869565217,230,15
overall,MIXED,16.14,BOTTOM,rune,8299,背水の陣,31,17,14,0.5483870967741935,0.04454022988505747,696,15
overall,MIXED,15.22,ALL,rune,8139,血の味わい,31,17,14,0.5483870967741935,0.04696969696969697,660,15
overall,MIXED,15.9,ALL,keystone,8214,エアリー召喚,31,16,15,0.5161290322580645,0.07209302325581396,430,15
overall,MIXED,15.2,MIDDLE,rune,8140,グリスリー メメント,31,16,15,0.5161290322580645,0.33695652173913043,92,15
overall,MIXED,15.11,ALL,keystone,8021,フリートフットワーク,31,16,15,0.5161290322580645,0.05849056603773585,530,15
overall,MIXED,16.12,JUNGLE,keystone,8005,プレスアタック,31,16,15,0.5161290322580645,0.17415730337078653,178,15
overall,MIXED,15.19,TOP,rune,8009,冷静沈着,31,16,15,0.5161290322580645,0.13537117903930132,229,15
overall,MIXED,15.20,MIDDLE,rune,8106,至極の賞金首狩り,31,16,15,0.5161290322580645,0.2366412213740458,131,15
overall,MIXED,16.7,JUNGLE,rune,8135,貪欲な賞金首狩り,31,16,15,0.5161290322580645,0.2012987012987013,154,15
overall,MIXED,15.10,MIDDLE,rune,8451,超成長,31,16,15,0.5161290322580645,0.2246376811594203,138,15
overall,MIXED,15.7,ALL,rune,8234,追い風,31,16,15,0.5161290322580645,0.06739130434782609,460,15
overall,MIXED,15.3,UTILITY,rune,8237,追火,31,16,15,0.5161290322580645,0.3780487804878049,82,15
overall,MIXED,14.22,ALL,shard,5007,UNKNOWN(5007),31,15,16,0.4838709677419355,0.10689655172413794,290,15
overall,MIXED,15.10,UTILITY,shard,5011,UNKNOWN(5011),31,15,16,0.4838709677419355,0.2246376811594203,138,15
overall,MIXED,16.18,UTILITY,keystone,8465,ガーディアン,31,15,16,0.4838709677419355,0.09226190476190477,336,15
overall,MIXED,14.23,ALL,rune,8143,サドンインパクト,31,15,16,0.4838709677419355,0.14761904761904762,210,15
overall,MIXED,16.4,ALL,keystone,8005,プレスアタック,31,15,16,0.4838709677419355,0.05849056603773585,530,15
overall,MIXED,15.24,UTILITY,rune,8306,ヘクステックフラッシュネイター,31,15,16,0.4838709677419355,0.09064327485380116,342,15
overall,MIXED,16.10,BOTTOM,rune,8226,マナフローバンド,31,15,16,0.4838709677419355,0.13963963963963963,222,15
overall,MIXED,16.3,TOP,rune,8009,冷静沈着,31,15,16,0.4838709677419355,0.17613636363636365,176,15
overall,MIXED,15.15,JUNGLE,keystone,8010,征服者,31,15,16,0.4838709677419355,0.3780487804878049,82,15
overall,MIXED,14.24,ALL,rune,8444,息継ぎ,31,15,16,0.4838709677419355,0.124,250,15
overall,MIXED,14.19,ALL,rune,8453,生気付与,31,15,16,0.4838709677419355,0.07380952380952381,420,15
overall,MIXED,14.21,TOP,rune,8299,背水の陣,31,15,16,0.4838709677419355,0.5535714285714286,56,15
overall,MIXED,15.16,ALL,rune,8233,英気集中,31,15,16,0.4838709677419355,0.05740740740740741,540,15
overall,MIXED,14.24,ALL,rune,8237,追火,31,15,16,0.4838709677419355,0.124,250,15
overall,MIXED,14.20,MIDDLE,keystone,8112,電撃,31,15,16,0.4838709677419355,0.33695652173913043,92,15
overall,MIXED,16.2,BOTTOM,rune,8304,魔法の靴,31,15,16,0.4838709677419355,0.21830985915492956,142,15
overall,MIXED,15.4,TOP,shard,5005,UNKNOWN(5005),31,14,17,0.45161290322580644,0.5740740740740741,54,15
overall,MIXED,15.17,JUNGLE,rune,8143,サドンインパクト,31,14,17,0.45161290322580644,0.19135802469135801,162,15
overall,MIXED,16.1,ALL,keystone,8369,ファーストストライク,31,14,17,0.45161290322580644,0.04025974025974026,770,15
overall,MIXED,16.12,ALL,keystone,9923,ヘイルブレード,31,14,17,0.45161290322580644,0.0348314606741573,890,15
overall,MIXED,15.23,TOP,rune,9104,レジェンド: 迅速,31,14,17,0.45161290322580644,0.2672413793103448,116,15
overall,MIXED,16.18,MIDDLE,keystone,8010,征服者,31,14,17,0.45161290322580644,0.09226190476190477,336,15
overall,MIXED,15.18,MIDDLE,rune,8444,息継ぎ,31,14,17,0.45161290322580644,0.23846153846153847,130,15
overall,MIXED,15.18,TOP,rune,8446,打ちこわし,31,14,17,0.45161290322580644,0.23846153846153847,130,15
overall,MIXED,16.10,MIDDLE,rune,8014,最期の慈悲,31,14,17,0.45161290322580644,0.13963963963963963,222,15
overall,MIXED,16.13,JUNGLE,rune,8232,水走り,31,14,17,0.45161290322580644,0.04711246200607903,658,15
overall,MIXED,14.21,MIDDLE,rune,8210,至高,31,14,17,0.45161290322580644,0.5636363636363636,55,15
overall,MIXED,16.12,UTILITY,rune,8126,追い打ち,31,14,17,0.45161290322580644,0.17415730337078653,178,15
overall,MIXED,16.9,UTILITY,rune,8126,追い打ち,31,14,17,0.45161290322580644,0.1962025316455696,158,15
overall,MIXED,15.14,UTILITY,rune,8237,追火,31,14,17,0.45161290322580644,0.33695652173913043,92,15
overall,MIXED,15.3,ALL,keystone,8439,アフターショック,31,13,18,0.41935483870967744,0.07560975609756097,410,15
overall,MIXED,15.17,BOTTOM,keystone,8005,プレスアタック,31,13,18,0.41935483870967744,0.19135802469135801,162,15
overall,MIXED,16.12,ALL,rune,8105,執拗な賞金首狩り,31,13,18,0.41935483870967744,0.0348314606741573,890,15
overall,MIXED,15.9,ALL,rune,8429,心身調整,31,13,18,0.41935483870967744,0.07209302325581396,430,15
overall,MIXED,15.7,TOP,rune,8444,息継ぎ,31,13,18,0.41935483870967744,0.33695652173913043,92,15
overall,MIXED,15.11,TOP,rune,8446,打ちこわし,31,13,18,0.41935483870967744,0.29245283018867924,106,15
overall,MIXED,15.21,TOP,rune,8242,気迫,31,13,18,0.41935483870967744,0.2627118644067797,118,15
overall,MIXED,14.19,ALL,rune,8463,生命の泉,31,13,18,0.41935483870967744,0.07380952380952381,420,15
overall,MIXED,16.10,TOP,rune,8453,生気付与,31,13,18,0.41935483870967744,0.13963963963963963,222,15
overall,MIXED,14.20,MIDDLE,rune,8106,至極の賞金首狩り,31,13,18,0.41935483870967744,0.33695652173913043,92,15
overall,MIXED,15.13,UTILITY,rune,8106,至極の賞金首狩り,31,13,18,0.41935483870967744,0.16145833333333334,192,15
overall,MIXED,15.14,UTILITY,rune,8210,至高,31,13,18,0.41935483870967744,0.33695652173913043,92,15
overall,MIXED,16.18,MIDDLE,rune,8139,血の味わい,31,13,18,0.41935483870967744,0.09226190476190477,336,15
overall,MIXED,16.2,MIDDLE,keystone,8112,電撃,31,13,18,0.41935483870967744,0.21830985915492956,142,15
overall,MIXED,16.17,UTILITY,rune,8321,キャッシュバック,31,12,19,0.3870967741935484,0.030753968253968252,1008,15
overall,MIXED,15.20,TOP,rune,8345,ビスケットデリバリー,31,12,19,0.3870967741935484,0.23484848484848486,132,15
overall,MIXED,16.17,UTILITY,rune,9104,レジェンド: 迅速,31,12,19,0.3870967741935484,0.030753968253968252,1008,15
overall,MIXED,16.5,UTILITY,rune,8453,生気付与,31,12,19,0.3870967741935484,0.19135802469135801,162,15
overall,MIXED,15.10,MIDDLE,rune,8106,至極の賞金首狩り,31,12,19,0.3870967741935484,0.2246376811594203,138,15
overall,MIXED,16.3,UTILITY,rune,8106,至極の賞金首狩り,31,12,19,0.3870967741935484,0.17613636363636365,176,15
overall,MIXED,16.16,JUNGLE,rune,8210,至高,31,12,19,0.3870967741935484,0.046546546546546545,666,15
overall,MIXED,16.16,UTILITY,keystone,8112,電撃,31,12,19,0.3870967741935484,0.046546546546546545,666,15
overall,MIXED,16.4,UTILITY,keystone,8439,アフターショック,31,11,20,0.3548387096774194,0.29245283018867924,106,15
overall,MIXED,16.14,TOP,rune,9103,レジェンド: 血脈,31,11,20,0.3548387096774194,0.04454022988505747,696,15
overall,MIXED,14.23,ALL,rune,8444,息継ぎ,31,11,20,0.3548387096774194,0.14761904761904762,210,15
overall,MIXED,15.21,ALL,rune,8463,生命の泉,31,11,20,0.3548387096774194,0.05254237288135593,590,15
overall,MIXED,15.12,ALL,rune,8410,疾駆,31,11,20,0.3548387096774194,0.060784313725490195,510,15
overall,MIXED,15.8,ALL,keystone,8214,エアリー召喚,31,10,21,0.3225806451612903,0.047692307692307694,650,15
overall,MIXED,15.8,ALL,rune,8410,疾駆,31,10,21,0.3225806451612903,0.047692307692307694,650,15
overall,MIXED,16.12,ALL,rune,8139,血の味わい,31,9,22,0.2903225806451613,0.0348314606741573,890,15
overall,MIXED,15.2,UTILITY,rune,8347,宇宙の英知,31,8,23,0.25806451612903225,0.33695652173913043,92,15
overall,MIXED,16.8,MIDDLE,shard,5011,UNKNOWN(5011),30,20,10,0.6666666666666666,0.21428571428571427,140,15
overall,MIXED,15.23,UTILITY,keystone,8439,アフターショック,30,20,10,0.6666666666666666,0.25862068965517243,116,15
overall,MIXED,15.23,JUNGLE,rune,8143,サドンインパクト,30,20,10,0.6666666666666666,0.25862068965517243,116,15
overall,MIXED,15.14,ALL,rune,8126,追い打ち,30,20,10,0.6666666666666666,0.06521739130434782,460,15
overall,MIXED,16.18,ALL,rune,8306,ヘクステックフラッシュネイター,30,19,11,0.6333333333333333,0.017857142857142856,1680,15
overall,MIXED,16.18,UTILITY,rune,8306,ヘクステックフラッシュネイター,30,19,11,0.6333333333333333,0.08928571428571429,336,15
overall,MIXED,16.12,BOTTOM,rune,8410,疾駆,30,19,11,0.6333333333333333,0.1694915254237288,177,15
overall,MIXED,15.24,UTILITY,keystone,8128,魂の収穫,30,19,11,0.6333333333333333,0.08771929824561403,342,15
overall,MIXED,15.9,UTILITY,keystone,8439,アフターショック,30,18,12,0.6,0.3488372093023256,86,15
overall,MIXED,16.7,BOTTOM,rune,8226,マナフローバンド,30,18,12,0.6,0.19480519480519481,154,15
overall,MIXED,15.20,BOTTOM,rune,8233,英気集中,30,18,12,0.6,0.22727272727272727,132,15
overall,MIXED,16.16,UTILITY,rune,8143,サドンインパクト,30,17,13,0.5666666666666667,0.04504504504504504,666,15
overall,MIXED,16.11,MIDDLE,rune,8473,ボーンアーマー,30,17,13,0.5666666666666667,0.1271186440677966,236,15
overall,MIXED,16.3,BOTTOM,rune,9111,凱旋,30,17,13,0.5666666666666667,0.17045454545454544,176,15
overall,MIXED,16.14,MIDDLE,rune,8242,気迫,30,17,13,0.5666666666666667,0.04310344827586207,696,15
overall,MIXED,15.4,TOP,rune,8299,背水の陣,30,17,13,0.5666666666666667,0.5555555555555556,54,15
overall,MIXED,16.13,BOTTOM,rune,8299,背水の陣,30,17,13,0.5666666666666667,0.04559270516717325,658,15
overall,MIXED,15.24,UTILITY,rune,8139,血の味わい,30,17,13,0.5666666666666667,0.08771929824561403,342,15
overall,MIXED,15.14,TOP,rune,8451,超成長,30,17,13,0.5666666666666667,0.32608695652173914,92,15
overall,MIXED,16.13,UTILITY,keystone,8112,電撃,30,17,13,0.5666666666666667,0.045662100456621,657,15
overall,MIXED,16.2,JUNGLE,rune,8140,グリスリー メメント,30,16,14,0.5333333333333333,0.2112676056338028,142,15
overall,MIXED,16.12,MIDDLE,rune,8143,サドンインパクト,30,16,14,0.5333333333333333,0.16853932584269662,178,15
overall,MIXED,15.19,MIDDLE,rune,8473,ボーンアーマー,30,16,14,0.5333333333333333,0.13043478260869565,230,15
overall,MIXED,14.24,ALL,rune,8236,強まる嵐,30,16,14,0.5333333333333333,0.12,250,15
overall,MIXED,16.4,TOP,rune,8444,息継ぎ,30,16,14,0.5333333333333333,0.2857142857142857,105,15
overall,MIXED,15.20,TOP,rune,8446,打ちこわし,30,16,14,0.5333333333333333,0.22727272727272727,132,15
overall,MIXED,14.20,UTILITY,rune,8242,気迫,30,16,14,0.5333333333333333,0.32608695652173914,92,15
overall,MIXED,15.13,JUNGLE,rune,8106,至極の賞金首狩り,30,16,14,0.5333333333333333,0.15625,192,15
overall,MIXED,16.16,TOP,rune,8106,至極の賞金首狩り,30,16,14,0.5333333333333333,0.04504504504504504,666,15
overall,MIXED,16.7,MIDDLE,rune,8139,血の味わい,30,16,14,0.5333333333333333,0.19480519480519481,154,15
overall,MIXED,15.8,ALL,rune,8135,貪欲な賞金首狩り,30,16,14,0.5333333333333333,0.046153846153846156,650,15
overall,MIXED,16.8,ALL,rune,8234,追い風,30,16,14,0.5333333333333333,0.04285714285714286,700,15
overall,MIXED,15.24,TOP,rune,8237,追火,30,16,14,0.5333333333333333,0.08771929824561403,342,15
overall,MIXED,15.23,MIDDLE,shard,5011,UNKNOWN(5011),30,15,15,0.5,0.25862068965517243,116,15
overall,MIXED,15.4,ALL,keystone,8439,アフターショック,30,15,15,0.5,0.1111111111111111,270,15
overall,MIXED,15.12,ALL,keystone,8214,エアリー召喚,30,15,15,0.5,0.058823529411764705,510,15
overall,MIXED,16.3,BOTTOM,rune,8226,マナフローバンド,30,15,15,0.5,0.17045454545454544,176,15
overall,MIXED,15.24,JUNGLE,keystone,8008,リーサルテンポ,30,15,15,0.5,0.08771929824561403,342,15
overall,MIXED,15.14,BOTTOM,rune,8017,切り崩し,30,15,15,0.5,0.32608695652173914,92,15
overall,MIXED,16.1,ALL,rune,8429,心身調整,30,15,15,0.5,0.03896103896103896,770,15
overall,MIXED,15.14,ALL,rune,8446,打ちこわし,30,15,15,0.5,0.06521739130434782,460,15
overall,MIXED,16.10,MIDDLE,keystone,8992,死神の残り火,30,15,15,0.5,0.13513513513513514,222,15
overall,MIXED,15.17,UTILITY,rune,8453,生気付与,30,15,15,0.5,0.18633540372670807,161,15
overall,MIXED,16.10,BOTTOM,rune,8410,疾駆,30,15,15,0.5,0.13513513513513514,222,15
overall,MIXED,15.4,MIDDLE,rune,8210,至高,30,15,15,0.5,0.5555555555555556,54,15
overall,MIXED,16.18,TOP,rune,8234,追い風,30,15,15,0.5,0.08928571428571429,336,15
overall,MIXED,16.9,TOP,shard,5011,UNKNOWN(5011),30,14,16,0.4666666666666667,0.189873417721519,158,15
overall,MIXED,16.14,ALL,keystone,8351,グレイシャルオーグメント,30,14,16,0.4666666666666667,0.008620689655172414,3480,15
overall,MIXED,16.14,UTILITY,keystone,8351,グレイシャルオーグメント,30,14,16,0.4666666666666667,0.04310344827586207,696,15
overall,MIXED,15.14,TOP,rune,9104,レジェンド: 迅速,30,14,16,0.4666666666666667,0.32608695652173914,92,15
overall,MIXED,15.16,TOP,rune,9104,レジェンド: 迅速,30,14,16,0.4666666666666667,0.2777777777777778,108,15
overall,MIXED,14.19,JUNGLE,rune,8014,最期の慈悲,30,14,16,0.4666666666666667,0.35714285714285715,84,15
overall,MIXED,15.10,UTILITY,keystone,8229,秘儀の彗星,30,14,16,0.4666666666666667,0.21739130434782608,138,15
overall,MIXED,16.16,MIDDLE,rune,8233,英気集中,30,14,16,0.4666666666666667,0.04504504504504504,666,15
overall,MIXED,16.12,JUNGLE,rune,8135,貪欲な賞金首狩り,30,14,16,0.4666666666666667,0.16853932584269662,178,15
overall,MIXED,15.8,BOTTOM,rune,8304,魔法の靴,30,14,16,0.4666666666666667,0.23076923076923078,130,15
overall,MIXED,16.6,UTILITY,shard,5011,UNKNOWN(5011),30,13,17,0.43333333333333335,0.1986754966887417,151,15
overall,MIXED,14.19,JUNGLE,rune,8138,UNKNOWN(8138),30,13,17,0.43333333333333335,0.35714285714285715,84,15
overall,MIXED,16.4,BOTTOM,rune,8313,トリプル トニック,30,13,17,0.43333333333333335,0.2830188679245283,106,15
overall,MIXED,16.8,BOTTOM,rune,8313,トリプル トニック,30,13,17,0.43333333333333335,0.21428571428571427,140,15
overall,MIXED,16.13,UTILITY,keystone,9923,ヘイルブレード,30,13,17,0.43333333333333335,0.045662100456621,657,15
overall,MIXED,15.3,UTILITY,rune,8473,ボーンアーマー,30,13,17,0.43333333333333335,0.36585365853658536,82,15
overall,MIXED,15.14,UTILITY,rune,8226,マナフローバンド,30,13,17,0.43333333333333335,0.32608695652173914,92,15
overall,MIXED,16.16,BOTTOM,rune,9105,レジェンド: ヘイスト,30,13,17,0.43333333333333335,0.04504504504504504,666,15
overall,MIXED,16.10,ALL,rune,9101,体力吸収,30,13,17,0.43333333333333335,0.02702702702702703,1110,15
overall,MIXED,16.16,JUNGLE,keystone,8230,嵐乗りの勇躍,30,13,17,0.43333333333333335,0.04504504504504504,666,15
overall,MIXED,14.21,ALL,rune,8444,息継ぎ,30,13,17,0.43333333333333335,0.10714285714285714,280,15
overall,MIXED,15.13,MIDDLE,keystone,8229,秘儀の彗星,30,13,17,0.43333333333333335,0.15706806282722513,191,15
overall,MIXED,15.18,MIDDLE,rune,8299,背水の陣,30,13,17,0.43333333333333335,0.23076923076923078,130,15
overall,MIXED,15.20,MIDDLE,rune,8451,超成長,30,13,17,0.43333333333333335,0.22900763358778625,131,15
overall,MIXED,15.15,ALL,rune,8126,追い打ち,30,13,17,0.43333333333333335,0.07317073170731707,410,15
overall,MIXED,16.6,UTILITY,rune,8126,追い打ち,30,13,17,0.43333333333333335,0.1986754966887417,151,15
overall,MIXED,15.9,UTILITY,rune,8237,追火,30,13,17,0.43333333333333335,0.3488372093023256,86,15
overall,MIXED,16.7,BOTTOM,rune,8304,魔法の靴,30,13,17,0.43333333333333335,0.19480519480519481,154,15
overall,MIXED,14.23,BOTTOM,shard,5005,UNKNOWN(5005),30,12,18,0.4,0.7142857142857143,42,15
overall,MIXED,15.15,MIDDLE,rune,8140,グリスリー メメント,30,12,18,0.4,0.36585365853658536,82,15
overall,MIXED,15.12,ALL,rune,8401,シールドバッシュ,30,12,18,0.4,0.058823529411764705,510,15
overall,MIXED,15.19,ALL,rune,8306,ヘクステックフラッシュネイター,30,12,18,0.4,0.02608695652173913,1150,15
overall,MIXED,15.19,UTILITY,rune,8306,ヘクステックフラッシュネイター,30,12,18,0.4,0.13043478260869565,230,15
overall,MIXED,16.9,BOTTOM,rune,9111,凱旋,30,12,18,0.4,0.189873417721519,158,15
overall,MIXED,15.23,ALL,rune,8105,執拗な賞金首狩り,30,12,18,0.4,0.05172413793103448,580,15
overall,MIXED,16.18,MIDDLE,rune,8236,強まる嵐,30,12,18,0.4,0.08928571428571429,336,15
overall,MIXED,16.14,TOP,rune,8014,最期の慈悲,30,12,18,0.4,0.04310344827586207,696,15
overall,MIXED,16.15,UTILITY,keystone,8992,死神の残り火,30,12,18,0.4,0.03631961259079903,826,15
overall,MIXED,16.5,MIDDLE,rune,8139,血の味わい,30,12,18,0.4,0.18518518518518517,162,15
overall,MIXED,15.15,MIDDLE,keystone,8112,電撃,30,12,18,0.4,0.36585365853658536,82,15
overall,MIXED,14.19,BOTTOM,rune,8304,魔法の靴,30,12,18,0.4,0.35714285714285715,84,15
overall,MIXED,15.19,TOP,rune,8304,魔法の靴,30,12,18,0.4,0.13100436681222707,229,15
overall,MIXED,15.19,ALL,keystone,8230,嵐乗りの勇躍,30,11,19,0.36666666666666664,0.02608695652173913,1150,15
overall,MIXED,15.3,BOTTOM,rune,8233,英気集中,30,11,19,0.36666666666666664,0.36585365853658536,82,15
overall,MIXED,16.10,MIDDLE,rune,9104,レジェンド: 迅速,30,10,20,0.3333333333333333,0.13513513513513514,222,15
overall,MIXED,15.20,MIDDLE,rune,8444,息継ぎ,30,10,20,0.3333333333333333,0.22900763358778625,131,15
overall,MIXED,14.21,ALL,keystone,8229,秘儀の彗星,29,20,9,0.6896551724137931,0.10357142857142858,280,15
overall,MIXED,16.4,JUNGLE,rune,9105,レジェンド: ヘイスト,29,19,10,0.6551724137931034,0.27358490566037735,106,15
overall,MIXED,16.16,JUNGLE,rune,8137,第六感,29,19,10,0.6551724137931034,0.04354354354354354,666,15
overall,MIXED,14.19,TOP,rune,8451,超成長,29,19,10,0.6551724137931034,0.34523809523809523,84,15
overall,MIXED,15.2,TOP,rune,8451,超成長,29,19,10,0.6551724137931034,0.31521739130434784,92,15
overall,MIXED,16.14,MIDDLE,rune,8234,追い風,29,19,10,0.6551724137931034,0.041666666666666664,696,15
overall,MIXED,14.23,ALL,rune,8237,追火,29,19,10,0.6551724137931034,0.1380952380952381,210,15
overall,MIXED,14.23,BOTTOM,shard,5001,UNKNOWN(5001),29,18,11,0.6206896551724138,0.6904761904761905,42,15
overall,MIXED,16.8,BOTTOM,rune,9111,凱旋,29,18,11,0.6206896551724138,0.20714285714285716,140,15
overall,MIXED,16.13,TOP,keystone,8230,嵐乗りの勇躍,29,18,11,0.6206896551724138,0.044072948328267476,658,15
overall,MIXED,15.12,ALL,rune,8463,生命の泉,29,18,11,0.6206896551724138,0.056862745098039215,510,15
overall,MIXED,15.20,TOP,rune,8453,生気付与,29,18,11,0.6206896551724138,0.2196969696969697,132,15
overall,MIXED,16.12,MIDDLE,keystone,8229,秘儀の彗星,29,18,11,0.6206896551724138,0.16292134831460675,178,15
overall,MIXED,16.18,JUNGLE,shard,5007,UNKNOWN(5007),29,17,12,0.5862068965517241,0.08630952380952381,336,15
overall,MIXED,16.4,ALL,keystone,8214,エアリー召喚,29,17,12,0.5862068965517241,0.05471698113207547,530,15
overall,MIXED,16.8,MIDDLE,rune,8143,サドンインパクト,29,17,12,0.5862068965517241,0.20714285714285716,140,15
overall,MIXED,15.9,JUNGLE,rune,9105,レジェンド: ヘイスト,29,17,12,0.5862068965517241,0.3372093023255814,86,15
overall,MIXED,15.24,MIDDLE,rune,9101,体力吸収,29,17,12,0.5862068965517241,0.0847953216374269,342,15
overall,MIXED,14.22,JUNGLE,keystone,8010,征服者,29,17,12,0.5862068965517241,0.5,58,15
overall,MIXED,15.7,UTILITY,rune,8463,生命の泉,29,17,12,0.5862068965517241,0.31521739130434784,92,15
overall,MIXED,15.24,TOP,rune,8410,疾駆,29,17,12,0.5862068965517241,0.0847953216374269,342,15
overall,MIXED,15.5,ALL,rune,8210,至高,29,17,12,0.5862068965517241,0.29,100,15
overall,MIXED,15.1,UTILITY,shard,5008,UNKNOWN(5008),29,16,13,0.5517241379310345,0.7631578947368421,38,15
overall,MIXED,15.14,UTILITY,keystone,8439,アフターショック,29,16,13,0.5517241379310345,0.31521739130434784,92,15
overall,MIXED,16.5,ALL,keystone,8369,ファーストストライク,29,16,13,0.5517241379310345,0.03580246913580247,810,15
overall,MIXED,16.2,ALL,keystone,8021,フリートフットワーク,29,16,13,0.5517241379310345,0.04084507042253521,710,15
overall,MIXED,15.5,ALL,rune,8226,マナフローバンド,29,16,13,0.5517241379310345,0.29,100,15
overall,MIXED,15.24,MIDDLE,keystone,8008,リーサルテンポ,29,16,13,0.5517241379310345,0.0847953216374269,342,15
overall,MIXED,15.20,TOP,rune,9104,レジェンド: 迅速,29,16,13,0.5517241379310345,0.2196969696969697,132,15
overall,MIXED,15.12,ALL,rune,8105,執拗な賞金首狩り,29,16,13,0.5517241379310345,0.056862745098039215,510,15
overall,MIXED,15.13,MIDDLE,rune,8347,宇宙の英知,29,16,13,0.5517241379310345,0.1518324607329843,191,15
overall,MIXED,15.9,TOP,keystone,8010,征服者,29,16,13,0.5517241379310345,0.3372093023255814,86,15
overall,MIXED,16.12,MIDDLE,rune,8014,最期の慈悲,29,16,13,0.5517241379310345,0.16292134831460675,178,15
overall,MIXED,16.10,BOTTOM,keystone,8992,死神の残り火,29,16,13,0.5517241379310345,0.13063063063063063,222,15
overall,MIXED,14.24,ALL,rune,8242,気迫,29,16,13,0.5517241379310345,0.116,250,15
overall,MIXED,16.17,MIDDLE,rune,8137,第六感,29,16,13,0.5517241379310345,0.028769841269841268,1008,15
overall,MIXED,16.15,MIDDLE,rune,8234,追い風,29,16,13,0.5517241379310345,0.035108958837772396,826,15
overall,MIXED,15.21,MIDDLE,rune,8237,追火,29,16,13,0.5517241379310345,0.2457627118644068,118,15
overall,MIXED,15.4,BOTTOM,shard,5001,UNKNOWN(5001),29,15,14,0.5172413793103449,0.5370370370370371,54,15
overall,MIXED,15.1,JUNGLE,shard,5005,UNKNOWN(5005),29,15,14,0.5172413793103449,0.7631578947368421,38,15
overall,MIXED,16.6,ALL,rune,8224,アクシオム アルカニスト,29,15,14,0.5172413793103449,0.038157894736842106,760,15
overall,MIXED,15.23,ALL,keystone,8369,ファーストストライク,29,15,14,0.5172413793103449,0.05,580,15
overall,MIXED,15.15,TOP,rune,8473,ボーンアーマー,29,15,14,0.5172413793103449,0.35365853658536583,82,15
overall,MIXED,16.2,TOP,rune,8473,ボーンアーマー,29,15,14,0.5172413793103449,0.20422535211267606,142,15
overall,MIXED,15.12,TOP,rune,9104,レジェンド: 迅速,29,15,14,0.5172413793103449,0.28431372549019607,102,15
overall,MIXED,15.21,TOP,rune,8446,打ちこわし,29,15,14,0.5172413793103449,0.2457627118644068,118,15
overall,MIXED,14.22,TOP,rune,8299,背水の陣,29,15,14,0.5172413793103449,0.5,58,15
overall,MIXED,16.3,MIDDLE,rune,8299,背水の陣,29,15,14,0.5172413793103449,0.16477272727272727,176,15
overall,MIXED,14.21,ALL,rune,8139,血の味わい,29,15,14,0.5172413793103449,0.10357142857142858,280,15
overall,MIXED,14.22,ALL,rune,8139,血の味わい,29,15,14,0.5172413793103449,0.1,290,15
overall,MIXED,16.16,BOTTOM,rune,8135,貪欲な賞金首狩り,29,15,14,0.5172413793103449,0.04354354354354354,666,15
overall,MIXED,14.20,TOP,rune,8451,超成長,29,15,14,0.5172413793103449,0.31521739130434784,92,15
overall,MIXED,16.6,MIDDLE,rune,8451,超成長,29,15,14,0.5172413793103449,0.19078947368421054,152,15
overall,MIXED,15.9,ALL,rune,8126,追い打ち,29,15,14,0.5172413793103449,0.06744186046511629,430,15
overall,MIXED,15.13,UTILITY,rune,8401,シールドバッシュ,29,14,15,0.4827586206896552,0.15104166666666666,192,15
overall,MIXED,16.12,UTILITY,rune,8401,シールドバッシュ,29,14,15,0.4827586206896552,0.16292134831460675,178,15
overall,MIXED,15.3,TOP,rune,8473,ボーンアーマー,29,14,15,0.4827586206896552,0.35365853658536583,82,15
overall,MIXED,15.7,UTILITY,rune,8226,マナフローバンド,29,14,15,0.4827586206896552,0.31521739130434784,92,15
overall,MIXED,14.19,ALL,rune,8017,切り崩し,29,14,15,0.4827586206896552,0.06904761904761905,420,15
overall,MIXED,16.13,JUNGLE,rune,8429,心身調整,29,14,15,0.4827586206896552,0.044072948328267476,658,15
overall,MIXED,15.7,UTILITY,rune,8242,気迫,29,14,15,0.4827586206896552,0.31521739130434784,92,15
overall,MIXED,16.8,UTILITY,rune,8453,生気付与,29,14,15,0.4827586206896552,0.20714285714285716,140,15
overall,MIXED,15.7,UTILITY,rune,8237,追火,29,14,15,0.4827586206896552,0.31521739130434784,92,15
overall,MIXED,16.16,BOTTOM,shard,5010,UNKNOWN(5010),29,13,16,0.4482758620689655,0.04354354354354354,666,15
overall,MIXED,14.22,ALL,rune,8143,サドンインパクト,29,13,16,0.4482758620689655,0.1,290,15
overall,MIXED,15.17,BOTTOM,keystone,8021,フリートフットワーク,29,13,16,0.4482758620689655,0.17901234567901234,162,15
overall,MIXED,15.24,MIDDLE,rune,8236,強まる嵐,29,13,16,0.4482758620689655,0.0847953216374269,342,15
overall,MIXED,15.22,ALL,rune,8429,心身調整,29,13,16,0.4482758620689655,0.04393939393939394,660,15
overall,MIXED,15.10,UTILITY,rune,8453,生気付与,29,13,16,0.4482758620689655,0.21014492753623187,138,15
overall,MIXED,15.19,JUNGLE,rune,8106,至極の賞金首狩り,29,13,16,0.4482758620689655,0.12554112554112554,231,15
overall,MIXED,15.7,UTILITY,rune,8210,至高,29,13,16,0.4482758620689655,0.31521739130434784,92,15
overall,MIXED,15.16,ALL,rune,8135,貪欲な賞金首狩り,29,13,16,0.4482758620689655,0.053703703703703705,540,15
overall,MIXED,16.4,ALL,rune,8401,シールドバッシュ,29,12,17,0.41379310344827586,0.05471698113207547,530,15
overall,MIXED,16.12,ALL,rune,8313,トリプル トニック,29,12,17,0.41379310344827586,0.03258426966292135,890,15
overall,MIXED,16.5,ALL,keystone,8021,フリートフットワーク,29,12,17,0.41379310344827586,0.03580246913580247,810,15
overall,MIXED,15.7,TOP,keystone,8437,不死者の握撃,29,12,17,0.41379310344827586,0.31521739130434784,92,15
overall,MIXED,16.16,TOP,rune,8017,切り崩し,29,12,17,0.41379310344827586,0.04354354354354354,666,15
overall,MIXED,16.18,JUNGLE,rune,8429,心身調整,29,12,17,0.41379310344827586,0.08630952380952381,336,15
overall,MIXED,16.11,ALL,rune,8137,第六感,29,12,17,0.41379310344827586,0.02457627118644068,1180,15
overall,MIXED,14.21,ALL,keystone,8112,電撃,29,12,17,0.41379310344827586,0.10357142857142858,280,15
overall,MIXED,16.3,ALL,rune,8316,なんでも屋,29,11,18,0.3793103448275862,0.03295454545454545,880,15
overall,MIXED,15.20,ALL,keystone,8021,フリートフットワーク,29,11,18,0.3793103448275862,0.04393939393939394,660,15
overall,MIXED,15.9,TOP,keystone,8437,不死者の握撃,29,11,18,0.3793103448275862,0.3372093023255814,86,15
overall,MIXED,15.1,ALL,rune,8444,息継ぎ,29,11,18,0.3793103448275862,0.15263157894736842,190,15
overall,MIXED,16.4,UTILITY,rune,8242,気迫,29,11,18,0.3793103448275862,0.27358490566037735,106,15
overall,MIXED,15.11,ALL,rune,8139,血の味わい,29,11,18,0.3793103448275862,0.05471698113207547,530,15
overall,MIXED,16.12,ALL,keystone,8214,エアリー召喚,29,10,19,0.3448275862068966,0.03258426966292135,890,15
overall,MIXED,15.21,UTILITY,rune,8463,生命の泉,29,10,19,0.3448275862068966,0.2457627118644068,118,15
overall,MIXED,16.17,JUNGLE,keystone,8369,ファーストストライク,29,9,20,0.3103448275862069,0.028769841269841268,1008,15
overall,MIXED,15.24,MIDDLE,rune,8017,切り崩し,29,9,20,0.3103448275862069,0.0847953216374269,342,15
overall,MIXED,15.17,MIDDLE,rune,9104,レジェンド: 迅速,29,8,21,0.27586206896551724,0.17901234567901234,162,15
overall,MIXED,16.16,MIDDLE,rune,8234,追い風,29,8,21,0.27586206896551724,0.04354354354354354,666,15
overall,MIXED,16.15,TOP,shard,5010,UNKNOWN(5010),28,19,9,0.6785714285714286,0.03389830508474576,826,15
overall,MIXED,16.5,MIDDLE,rune,9104,レジェンド: 迅速,28,19,9,0.6785714285714286,0.1728395061728395,162,15
overall,MIXED,16.3,MIDDLE,rune,8347,宇宙の英知,28,19,9,0.6785714285714286,0.1590909090909091,176,15
overall,MIXED,15.13,MIDDLE,rune,8299,背水の陣,28,19,9,0.6785714285714286,0.14659685863874344,191,15
overall,MIXED,15.14,ALL,rune,8401,シールドバッシュ,28,18,10,0.6428571428571429,0.06086956521739131,460,15
overall,MIXED,16.16,UTILITY,rune,8141,ディープワード,28,18,10,0.6428571428571429,0.042042042042042045,666,15
overall,MIXED,15.18,JUNGLE,keystone,8008,リーサルテンポ,28,18,10,0.6428571428571429,0.2153846153846154,130,15
overall,MIXED,14.23,ALL,keystone,8229,秘儀の彗星,28,18,10,0.6428571428571429,0.13333333333333333,210,15
overall,MIXED,15.3,BOTTOM,rune,8345,ビスケットデリバリー,28,17,11,0.6071428571428571,0.34146341463414637,82,15
overall,MIXED,16.15,BOTTOM,rune,8473,ボーンアーマー,28,17,11,0.6071428571428571,0.03389830508474576,826,15
overall,MIXED,16.3,ALL,rune,9101,体力吸収,28,17,11,0.6071428571428571,0.031818181818181815,880,15
overall,MIXED,16.9,ALL,rune,9101,体力吸収,28,17,11,0.6071428571428571,0.035443037974683546,790,15
overall,MIXED,15.3,JUNGLE,rune,8347,宇宙の英知,28,17,11,0.6071428571428571,0.34146341463414637,82,15
overall,MIXED,16.6,MIDDLE,rune,8444,息継ぎ,28,17,11,0.6071428571428571,0.18421052631578946,152,15
overall,MIXED,16.9,JUNGLE,rune,8106,至極の賞金首狩り,28,17,11,0.6071428571428571,0.17721518987341772,158,15
overall,MIXED,15.3,ALL,rune,8126,追い打ち,28,17,11,0.6071428571428571,0.06829268292682927,410,15
overall,MIXED,16.18,UTILITY,rune,8304,魔法の靴,28,17,11,0.6071428571428571,0.08333333333333333,336,15
overall,MIXED,16.18,MIDDLE,shard,5007,UNKNOWN(5007),28,16,12,0.5714285714285714,0.08333333333333333,336,15
overall,MIXED,15.19,ALL,shard,5010,UNKNOWN(5010),28,16,12,0.5714285714285714,0.02434782608695652,1150,15
overall,MIXED,15.11,ALL,keystone,8214,エアリー召喚,28,16,12,0.5714285714285714,0.052830188679245285,530,15
overall,MIXED,14.20,JUNGLE,rune,8143,サドンインパクト,28,16,12,0.5714285714285714,0.30434782608695654,92,15
overall,MIXED,14.20,ALL,rune,8401,シールドバッシュ,28,16,12,0.5714285714285714,0.06086956521739131,460,15
overall,MIXED,15.17,ALL,rune,8275,ニンバスクローク,28,16,12,0.5714285714285714,0.0345679012345679,810,15
overall,MIXED,16.17,BOTTOM,rune,8275,ニンバスクローク,28,16,12,0.5714285714285714,0.027777777777777776,1008,15
overall,MIXED,14.22,BOTTOM,rune,9103,レジェンド: 血脈,28,16,12,0.5714285714285714,0.4827586206896552,58,15
overall,MIXED,15.16,TOP,keystone,8437,不死者の握撃,28,16,12,0.5714285714285714,0.25925925925925924,108,15
overall,MIXED,15.4,ALL,rune,8236,強まる嵐,28,16,12,0.5714285714285714,0.1037037037037037,270,15
overall,MIXED,14.20,ALL,rune,8429,心身調整,28,16,12,0.5714285714285714,0.06086956521739131,460,15
overall,MIXED,15.11,ALL,rune,8463,生命の泉,28,16,12,0.5714285714285714,0.052830188679245285,530,15
overall,MIXED,15.2,MIDDLE,keystone,8229,秘儀の彗星,28,16,12,0.5714285714285714,0.30434782608695654,92,15
overall,MIXED,16.9,ALL,rune,8137,第六感,28,16,12,0.5714285714285714,0.035443037974683546,790,15
overall,MIXED,14.24,TOP,rune,8299,背水の陣,28,16,12,0.5714285714285714,0.56,50,15
overall,MIXED,15.10,JUNGLE,rune,8106,至極の賞金首狩り,28,16,12,0.5714285714285714,0.2028985507246377,138,15
overall,MIXED,15.5,ALL,rune,8106,至極の賞金首狩り,28,16,12,0.5714285714285714,0.28,100,15
overall,MIXED,15.9,ALL,rune,8135,貪欲な賞金首狩り,28,16,12,0.5714285714285714,0.06511627906976744,430,15
overall,MIXED,15.24,TOP,rune,8234,追い風,28,16,12,0.5714285714285714,0.08187134502923976,342,15
overall,MIXED,14.24,ALL,rune,5001,UNKNOWN(5001),28,15,13,0.5357142857142857,0.112,250,15
overall,MIXED,15.13,ALL,rune,8224,アクシオム アルカニスト,28,15,13,0.5357142857142857,0.029166666666666667,960,15
overall,MIXED,16.9,UTILITY,keystone,8214,エアリー召喚,28,15,13,0.5357142857142857,0.17721518987341772,158,15
overall,MIXED,15.9,MIDDLE,rune,8143,サドンインパクト,28,15,13,0.5357142857142857,0.32558139534883723,86,15
overall,MIXED,15.22,BOTTOM,keystone,8005,プレスアタック,28,15,13,0.5357142857142857,0.21212121212121213,132,15
overall,MIXED,15.13,ALL,rune,8306,ヘクステックフラッシュネイター,28,15,13,0.5357142857142857,0.029166666666666667,960,15
overall,MIXED,15.13,UTILITY,rune,8306,ヘクステックフラッシュネイター,28,15,13,0.5357142857142857,0.14583333333333334,192,15
overall,MIXED,15.15,UTILITY,rune,8226,マナフローバンド,28,15,13,0.5357142857142857,0.34146341463414637,82,15
overall,MIXED,16.2,MIDDLE,rune,8009,冷静沈着,28,15,13,0.5357142857142857,0.19718309859154928,142,15
overall,MIXED,15.3,TOP,rune,8444,息継ぎ,28,15,13,0.5357142857142857,0.34146341463414637,82,15
overall,MIXED,15.15,ALL,rune,8446,打ちこわし,28,15,13,0.5357142857142857,0.06829268292682927,410,15
overall,MIXED,16.4,UTILITY,rune,8463,生命の泉,28,15,13,0.5357142857142857,0.2641509433962264,106,15
overall,MIXED,16.7,UTILITY,rune,8453,生気付与,28,15,13,0.5357142857142857,0.18181818181818182,154,15
overall,MIXED,16.11,MIDDLE,rune,8299,背水の陣,28,15,13,0.5357142857142857,0.11864406779661017,236,15
overall,MIXED,16.18,BOTTOM,rune,8299,背水の陣,28,15,13,0.5357142857142857,0.08333333333333333,336,15
overall,MIXED,15.22,MIDDLE,rune,8106,至極の賞金首狩り,28,15,13,0.5357142857142857,0.21212121212121213,132,15
overall,MIXED,15.15,UTILITY,rune,8210,至高,28,15,13,0.5357142857142857,0.34146341463414637,82,15
overall,MIXED,16.4,MIDDLE,keystone,8112,電撃,28,15,13,0.5357142857142857,0.2641509433962264,106,15
overall,MIXED,14.20,BOTTOM,rune,8304,魔法の靴,28,15,13,0.5357142857142857,0.30434782608695654,92,15
overall,MIXED,14.23,ALL,rune,8304,魔法の靴,28,15,13,0.5357142857142857,0.13333333333333333,210,15
overall,MIXED,15.1,ALL,rune,8304,魔法の靴,28,15,13,0.5357142857142857,0.14736842105263157,190,15
overall,MIXED,15.11,BOTTOM,rune,8304,魔法の靴,28,15,13,0.5357142857142857,0.2641509433962264,106,15
overall,MIXED,16.12,MIDDLE,shard,5011,UNKNOWN(5011),28,14,14,0.5,0.15730337078651685,178,15
overall,MIXED,16.6,MIDDLE,shard,5011,UNKNOWN(5011),28,14,14,0.5,0.18421052631578946,152,15
overall,MIXED,16.16,MIDDLE,rune,8316,なんでも屋,28,14,14,0.5,0.042042042042042045,666,15
overall,MIXED,16.16,TOP,rune,8140,グリスリー メメント,28,14,14,0.5,0.042042042042042045,666,15
overall,MIXED,16.14,BOTTOM,rune,8275,ニンバスクローク,28,14,14,0.5,0.040229885057471264,696,15
overall,MIXED,16.9,TOP,rune,8345,ビスケットデリバリー,28,14,14,0.5,0.17721518987341772,158,15
overall,MIXED,15.22,ALL,keystone,8021,フリートフットワーク,28,14,14,0.5,0.04242424242424243,660,15
overall,MIXED,16.17,TOP,keystone,9923,ヘイルブレード,28,14,14,0.5,0.027777777777777776,1008,15
overall,MIXED,15.18,MIDDLE,rune,9104,レジェンド: 迅速,28,14,14,0.5,0.2153846153846154,130,15
overall,MIXED,16.4,ALL,keystone,8437,不死者の握撃,28,14,14,0.5,0.052830188679245285,530,15
overall,MIXED,15.10,ALL,rune,9101,体力吸収,28,14,14,0.5,0.04057971014492753,690,15
overall,MIXED,16.11,MIDDLE,rune,8017,切り崩し,28,14,14,0.5,0.11864406779661017,236,15
overall,MIXED,15.15,JUNGLE,rune,8347,宇宙の英知,28,14,14,0.5,0.34146341463414637,82,15
overall,MIXED,16.10,MIDDLE,rune,8347,宇宙の英知,28,14,14,0.5,0.12612612612612611,222,15
overall,MIXED,16.16,JUNGLE,rune,8429,心身調整,28,14,14,0.5,0.042042042042042045,666,15
overall,MIXED,15.16,ALL,rune,8463,生命の泉,28,14,14,0.5,0.05185185185185185,540,15
overall,MIXED,16.3,MIDDLE,keystone,8229,秘儀の彗星,28,14,14,0.5,0.1590909090909091,176,15
overall,MIXED,16.10,JUNGLE,rune,8106,至極の賞金首狩り,28,14,14,0.5,0.12612612612612611,222,15
overall,MIXED,15.8,MIDDLE,rune,8139,血の味わい,28,14,14,0.5,0.2153846153846154,130,15
overall,MIXED,16.15,BOTTOM,rune,8139,血の味わい,28,14,14,0.5,0.03389830508474576,826,15
overall,MIXED,15.3,TOP,rune,8451,超成長,28,14,14,0.5,0.34146341463414637,82,15
overall,MIXED,16.15,MIDDLE,rune,8316,なんでも屋,28,13,15,0.4642857142857143,0.03389830508474576,826,15
overall,MIXED,15.17,TOP,rune,8345,ビスケットデリバリー,28,13,15,0.4642857142857143,0.1728395061728395,162,15
overall,MIXED,16.7,TOP,rune,8345,ビスケットデリバリー,28,13,15,0.4642857142857143,0.18181818181818182,154,15
overall,MIXED,15.10,MIDDLE,rune,9105,レジェンド: ヘイスト,28,13,15,0.4642857142857143,0.2028985507246377,138,15
overall,MIXED,16.4,TOP,rune,9105,レジェンド: ヘイスト,28,13,15,0.4642857142857143,0.26666666666666666,105,15
overall,MIXED,16.5,MIDDLE,rune,8009,冷静沈着,28,13,15,0.4642857142857143,0.1728395061728395,162,15
overall,MIXED,16.9,MIDDLE,rune,8009,冷静沈着,28,13,15,0.4642857142857143,0.17721518987341772,158,15
overall,MIXED,14.20,JUNGLE,rune,8347,宇宙の英知,28,13,15,0.4642857142857143,0.30434782608695654,92,15
overall,MIXED,15.14,BOTTOM,rune,8236,強まる嵐,28,13,15,0.4642857142857143,0.30434782608695654,92,15
overall,MIXED,16.8,BOTTOM,rune,8236,強まる嵐,28,13,15,0.4642857142857143,0.2,140,15
overall,MIXED,15.12,ALL,rune,8446,打ちこわし,28,13,15,0.4642857142857143,0.054901960784313725,510,15
overall,MIXED,14.19,UTILITY,rune,8242,気迫,28,13,15,0.4642857142857143,0.3333333333333333,84,15
overall,MIXED,15.17,TOP,rune,8453,生気付与,28,13,15,0.4642857142857143,0.1728395061728395,162,15
overall,MIXED,15.8,MIDDLE,keystone,8229,秘儀の彗星,28,13,15,0.4642857142857143,0.2153846153846154,130,15
overall,MIXED,15.12,JUNGLE,rune,8299,背水の陣,28,13,15,0.4642857142857143,0.27450980392156865,102,15
overall,MIXED,15.23,JUNGLE,rune,8299,背水の陣,28,13,15,0.4642857142857143,0.2413793103448276,116,15
overall,MIXED,16.17,UTILITY,rune,8299,背水の陣,28,13,15,0.4642857142857143,0.027777777777777776,1008,15
overall,MIXED,15.21,MIDDLE,rune,8106,至極の賞金首狩り,28,13,15,0.4642857142857143,0.23728813559322035,118,15
overall,MIXED,16.2,UTILITY,rune,8106,至極の賞金首狩り,28,13,15,0.4642857142857143,0.19718309859154928,142,15
overall,MIXED,14.22,MIDDLE,rune,8210,至高,28,13,15,0.4642857142857143,0.4827586206896552,58,15
overall,MIXED,16.12,TOP,rune,8210,至高,28,13,15,0.4642857142857143,0.15730337078651685,178,15
overall,MIXED,15.23,ALL,rune,8233,英気集中,28,13,15,0.4642857142857143,0.04827586206896552,580,15
overall,MIXED,15.14,ALL,rune,8139,血の味わい,28,13,15,0.4642857142857143,0.06086956521739131,460,15
overall,MIXED,15.15,TOP,rune,8451,超成長,28,13,15,0.4642857142857143,0.34146341463414637,82,15
overall,MIXED,16.17,TOP,rune,8126,追い打ち,28,13,15,0.4642857142857143,0.027777777777777776,1008,15
overall,MIXED,16.7,UTILITY,rune,8126,追い打ち,28,13,15,0.4642857142857143,0.18181818181818182,154,15
overall,MIXED,16.9,ALL,rune,8316,なんでも屋,28,12,16,0.42857142857142855,0.035443037974683546,790,15
overall,MIXED,16.11,ALL,rune,8224,アクシオム アルカニスト,28,12,16,0.42857142857142855,0.023728813559322035,1180,15
overall,MIXED,15.13,ALL,rune,8321,キャッシュバック,28,12,16,0.42857142857142855,0.029166666666666667,960,15
overall,MIXED,16.9,JUNGLE,rune,8140,グリスリー メメント,28,12,16,0.42857142857142855,0.17721518987341772,158,15
overall,MIXED,15.4,BOTTOM,keystone,8008,リーサルテンポ,28,12,16,0.42857142857142855,0.5185185185185185,54,15
overall,MIXED,15.12,ALL,keystone,8437,不死者の握撃,28,12,16,0.42857142857142855,0.054901960784313725,510,15
overall,MIXED,15.9,BOTTOM,rune,8017,切り崩し,28,12,16,0.42857142857142855,0.32558139534883723,86,15
overall,MIXED,16.10,BOTTOM,rune,8347,宇宙の英知,28,12,16,0.42857142857142855,0.12612612612612611,222,15
overall,MIXED,15.3,TOP,keystone,8010,征服者,28,12,16,0.42857142857142855,0.34146341463414637,82,15
overall,MIXED,16.16,TOP,rune,8014,最期の慈悲,28,12,16,0.42857142857142855,0.042042042042042045,666,15
overall,MIXED,16.17,TOP,rune,8014,最期の慈悲,28,12,16,0.42857142857142855,0.027777777777777776,1008,15
overall,MIXED,14.19,UTILITY,rune,8463,生命の泉,28,12,16,0.42857142857142855,0.3333333333333333,84,15
overall,MIXED,16.14,MIDDLE,rune,8453,生気付与,28,12,16,0.42857142857142855,0.040229885057471264,696,15
overall,MIXED,16.14,TOP,rune,8106,至極の賞金首狩り,28,12,16,0.42857142857142855,0.040229885057471264,696,15
overall,MIXED,16.4,ALL,rune,8234,追い風,28,12,16,0.42857142857142855,0.052830188679245285,530,15
overall,MIXED,16.3,MIDDLE,shard,5007,UNKNOWN(5007),28,11,17,0.39285714285714285,0.1590909090909091,176,15
overall,MIXED,14.19,UTILITY,keystone,8439,アフターショック,28,11,17,0.39285714285714285,0.3333333333333333,84,15
overall,MIXED,16.10,UTILITY,rune,8401,シールドバッシュ,28,11,17,0.39285714285714285,0.12612612612612611,222,15
overall,MIXED,16.17,BOTTOM,rune,9101,体力吸収,28,11,17,0.39285714285714285,0.027777777777777776,1008,15
overall,MIXED,15.16,MIDDLE,rune,8444,息継ぎ,28,11,17,0.39285714285714285,0.25925925925925924,108,15
overall,MIXED,15.16,JUNGLE,rune,8299,背水の陣,28,11,17,0.39285714285714285,0.25925925925925924,108,15
overall,MIXED,16.13,TOP,shard,5007,UNKNOWN(5007),28,10,18,0.35714285714285715,0.0425531914893617,658,15
overall,MIXED,16.17,MIDDLE,keystone,8214,エアリー召喚,28,10,18,0.35714285714285715,0.027777777777777776,1008,15
overall,MIXED,16.6,JUNGLE,rune,8140,グリスリー メメント,28,10,18,0.35714285714285715,0.18421052631578946,152,15
overall,MIXED,16.10,MIDDLE,rune,8299,背水の陣,28,10,18,0.35714285714285715,0.12612612612612611,222,15
overall,MIXED,14.19,MIDDLE,rune,8139,血の味わい,28,10,18,0.35714285714285715,0.3333333333333333,84,15
overall,MIXED,15.4,JUNGLE,rune,9104,レジェンド: 迅速,28,9,19,0.32142857142857145,0.5185185185185185,54,15
overall,MIXED,15.11,MIDDLE,rune,8106,至極の賞金首狩り,28,9,19,0.32142857142857145,0.2641509433962264,106,15
overall,MIXED,15.9,ALL,rune,8233,英気集中,28,7,21,0.25,0.06511627906976744,430,15
overall,MIXED,15.2,UTILITY,rune,8345,ビスケットデリバリー,28,6,22,0.21428571428571427,0.30434782608695654,92,15
overall,MIXED,16.15,MIDDLE,rune,8446,打ちこわし,27,20,7,0.7407407407407407,0.03268765133171913,826,15
overall,MIXED,14.20,JUNGLE,rune,9105,レジェンド: ヘイスト,27,19,8,0.7037037037037037,0.29347826086956524,92,15
overall,MIXED,15.13,MIDDLE,rune,9104,レジェンド: 迅速,27,19,8,0.7037037037037037,0.14136125654450263,191,15
overall,MIXED,15.13,TOP,rune,8304,魔法の靴,27,19,8,0.7037037037037037,0.140625,192,15
overall,MIXED,16.12,ALL,rune,8224,アクシオム アルカニスト,27,18,9,0.6666666666666666,0.030337078651685393,890,15
overall,MIXED,15.13,ALL,rune,8275,ニンバスクローク,27,18,9,0.6666666666666666,0.028125,960,15
overall,MIXED,16.11,TOP,rune,8226,マナフローバンド,27,18,9,0.6666666666666666,0.11440677966101695,236,15
overall,MIXED,15.17,UTILITY,rune,8106,至極の賞金首狩り,27,18,9,0.6666666666666666,0.16770186335403728,161,15
overall,MIXED,16.4,ALL,rune,8233,英気集中,27,18,9,0.6666666666666666,0.0509433962264151,530,15
overall,MIXED,16.8,UTILITY,shard,5005,UNKNOWN(5005),27,17,10,0.6296296296296297,0.19285714285714287,140,15
overall,MIXED,15.1,ALL,rune,9105,レジェンド: ヘイスト,27,17,10,0.6296296296296297,0.14210526315789473,190,15
overall,MIXED,15.24,MIDDLE,rune,9111,凱旋,27,17,10,0.6296296296296297,0.07894736842105263,342,15
overall,MIXED,15.20,MIDDLE,keystone,8229,秘儀の彗星,27,17,10,0.6296296296296297,0.20610687022900764,131,15
overall,MIXED,15.20,JUNGLE,rune,8299,背水の陣,27,17,10,0.6296296296296297,0.20454545454545456,132,15
overall,MIXED,16.14,MIDDLE,rune,8233,英気集中,27,17,10,0.6296296296296297,0.03879310344827586,696,15
overall,MIXED,15.7,BOTTOM,shard,5011,UNKNOWN(5011),27,16,11,0.5925925925925926,0.29347826086956524,92,15
overall,MIXED,16.7,UTILITY,shard,5011,UNKNOWN(5011),27,16,11,0.5925925925925926,0.17532467532467533,154,15
overall,MIXED,16.13,JUNGLE,shard,5013,UNKNOWN(5013),27,16,11,0.5925925925925926,0.041033434650455926,658,15
overall,MIXED,15.15,UTILITY,keystone,8439,アフターショック,27,16,11,0.5925925925925926,0.32926829268292684,82,15
overall,MIXED,16.15,UTILITY,rune,9104,レジェンド: 迅速,27,16,11,0.5925925925925926,0.03268765133171913,826,15
overall,MIXED,15.2,TOP,rune,8446,打ちこわし,27,16,11,0.5925925925925926,0.29347826086956524,92,15
overall,MIXED,16.3,UTILITY,rune,8453,生気付与,27,16,11,0.5925925925925926,0.1534090909090909,176,15
overall,MIXED,16.9,UTILITY,rune,8453,生気付与,27,16,11,0.5925925925925926,0.17088607594936708,158,15
overall,MIXED,15.16,MIDDLE,rune,8139,血の味わい,27,16,11,0.5925925925925926,0.25,108,15
overall,MIXED,14.20,ALL,rune,8234,追い風,27,16,11,0.5925925925925926,0.058695652173913045,460,15
overall,MIXED,16.5,BOTTOM,rune,8304,魔法の靴,27,16,11,0.5925925925925926,0.16666666666666666,162,15
overall,MIXED,14.21,MIDDLE,shard,5005,UNKNOWN(5005),27,15,12,0.5555555555555556,0.4909090909090909,55,15
overall,MIXED,15.4,ALL,shard,5007,UNKNOWN(5007),27,15,12,0.5555555555555556,0.1,270,15
overall,MIXED,15.1,TOP,shard,5008,UNKNOWN(5008),27,15,12,0.5555555555555556,0.7105263157894737,38,15
overall,MIXED,16.12,ALL,keystone,8369,ファーストストライク,27,15,12,0.5555555555555556,0.030337078651685393,890,15
overall,MIXED,16.4,ALL,keystone,8021,フリートフットワーク,27,15,12,0.5555555555555556,0.0509433962264151,530,15
overall,MIXED,15.24,TOP,keystone,8005,プレスアタック,27,15,12,0.5555555555555556,0.07894736842105263,342,15
overall,MIXED,15.15,BOTTOM,rune,9104,レジェンド: 迅速,27,15,12,0.5555555555555556,0.32926829268292684,82,15
overall,MIXED,15.1,JUNGLE,rune,9111,凱旋,27,15,12,0.5555555555555556,0.7105263157894737,38,15
overall,MIXED,15.23,TOP,rune,8453,生気付与,27,15,12,0.5555555555555556,0.23275862068965517,116,15
overall,MIXED,14.22,UTILITY,rune,8210,至高,27,15,12,0.5555555555555556,0.46551724137931033,58,15
overall,MIXED,14.24,MIDDLE,rune,8210,至高,27,15,12,0.5555555555555556,0.54,50,15
overall,MIXED,16.11,BOTTOM,rune,8210,至高,27,15,12,0.5555555555555556,0.11440677966101695,236,15
overall,MIXED,16.9,BOTTOM,rune,8233,英気集中,27,15,12,0.5555555555555556,0.17088607594936708,158,15
overall,MIXED,15.11,ALL,rune,8234,追い風,27,15,12,0.5555555555555556,0.0509433962264151,530,15
overall,MIXED,16.18,BOTTOM,rune,8234,追い風,27,15,12,0.5555555555555556,0.08035714285714286,336,15
overall,MIXED,16.11,TOP,rune,8237,追火,27,15,12,0.5555555555555556,0.11440677966101695,236,15
overall,MIXED,16.4,BOTTOM,rune,8304,魔法の靴,27,15,12,0.5555555555555556,0.25471698113207547,106,15
overall,MIXED,14.24,MIDDLE,shard,5005,UNKNOWN(5005),27,14,13,0.5185185185185185,0.54,50,15
overall,MIXED,16.18,ALL,shard,5013,UNKNOWN(5013),27,14,13,0.5185185185185185,0.01607142857142857,1680,15
overall,MIXED,16.5,ALL,rune,8316,なんでも屋,27,14,13,0.5185185185185185,0.03333333333333333,810,15
overall,MIXED,16.7,ALL,rune,8316,なんでも屋,27,14,13,0.5185185185185185,0.03506493506493506,770,15
overall,MIXED,15.23,ALL,keystone,8214,エアリー召喚,27,14,13,0.5185185185185185,0.04655172413793104,580,15
overall,MIXED,16.3,UTILITY,keystone,8214,エアリー召喚,27,14,13,0.5185185185185185,0.1534090909090909,176,15
overall,MIXED,16.13,UTILITY,rune,8143,サドンインパクト,27,14,13,0.5185185185185185,0.0410958904109589,657,15
overall,MIXED,16.3,MIDDLE,rune,8143,サドンインパクト,27,14,13,0.5185185185185185,0.1534090909090909,176,15
overall,MIXED,15.13,MIDDLE,rune,8345,ビスケットデリバリー,27,14,13,0.5185185185185185,0.14136125654450263,191,15
overall,MIXED,16.6,ALL,keystone,9923,ヘイルブレード,27,14,13,0.5185185185185185,0.035526315789473684,760,15
overall,MIXED,14.22,MIDDLE,rune,8226,マナフローバンド,27,14,13,0.5185185185185185,0.46551724137931033,58,15
overall,MIXED,14.24,ALL,keystone,8008,リーサルテンポ,27,14,13,0.5185185185185185,0.108,250,15
overall,MIXED,15.14,BOTTOM,rune,9104,レジェンド: 迅速,27,14,13,0.5185185185185185,0.29347826086956524,92,15
overall,MIXED,16.14,UTILITY,keystone,8437,不死者の握撃,27,14,13,0.5185185185185185,0.03879310344827586,696,15
overall,MIXED,16.7,TOP,rune,8009,冷静沈着,27,14,13,0.5185185185185185,0.17532467532467533,154,15
overall,MIXED,14.22,TOP,rune,9111,凱旋,27,14,13,0.5185185185185185,0.46551724137931033,58,15
overall,MIXED,16.13,TOP,rune,8017,切り崩し,27,14,13,0.5185185185185185,0.041033434650455926,658,15
overall,MIXED,15.9,MIDDLE,rune,8105,執拗な賞金首狩り,27,14,13,0.5185185185185185,0.313953488372093,86,15
overall,MIXED,16.18,UTILITY,rune,8105,執拗な賞金首狩り,27,14,13,0.5185185185185185,0.08035714285714286,336,15
overall,MIXED,16.3,ALL,rune,8105,執拗な賞金首狩り,27,14,13,0.5185185185185185,0.03068181818181818,880,15
overall,MIXED,16.18,JUNGLE,rune,8232,水走り,27,14,13,0.5185185185185185,0.08035714285714286,336,15
overall,MIXED,14.20,ALL,rune,8463,生命の泉,27,14,13,0.5185185185185185,0.058695652173913045,460,15
overall,MIXED,15.5,ALL,rune,8299,背水の陣,27,14,13,0.5185185185185185,0.27,100,15
overall,MIXED,16.13,JUNGLE,rune,8210,至高,27,14,13,0.5185185185185185,0.041033434650455926,658,15
overall,MIXED,15.15,ALL,rune,8139,血の味わい,27,14,13,0.5185185185185185,0.06585365853658537,410,15
overall,MIXED,15.11,ALL,rune,8135,貪欲な賞金首狩り,27,14,13,0.5185185185185185,0.0509433962264151,530,15
overall,MIXED,15.21,MIDDLE,rune,8451,超成長,27,14,13,0.5185185185185185,0.2288135593220339,118,15
overall,MIXED,15.24,JUNGLE,rune,8126,追い打ち,27,14,13,0.5185185185185185,0.07894736842105263,342,15
overall,MIXED,15.2,MIDDLE,keystone,8112,電撃,27,14,13,0.5185185185185185,0.29347826086956524,92,15
overall,MIXED,16.11,ALL,keystone,8128,魂の収穫,27,14,13,0.5185185185185185,0.02288135593220339,1180,15
overall,MIXED,15.15,BOTTOM,rune,8304,魔法の靴,27,14,13,0.5185185185185185,0.32926829268292684,82,15
overall,MIXED,14.23,TOP,shard,5008,UNKNOWN(5008),27,13,14,0.48148148148148145,0.6428571428571429,42,15
overall,MIXED,16.18,BOTTOM,rune,8316,なんでも屋,27,13,14,0.48148148148148145,0.08035714285714286,336,15
overall,MIXED,16.7,UTILITY,keystone,8214,エアリー召喚,27,13,14,0.48148148148148145,0.17532467532467533,154,15
overall,MIXED,16.6,MIDDLE,rune,8009,冷静沈着,27,13,14,0.48148148148148145,0.17763157894736842,152,15
overall,MIXED,16.7,BOTTOM,rune,9111,凱旋,27,13,14,0.48148148148148145,0.17532467532467533,154,15
overall,MIXED,16.13,JUNGLE,rune,8236,強まる嵐,27,13,14,0.48148148148148145,0.041033434650455926,658,15
overall,MIXED,16.2,ALL,rune,8429,心身調整,27,13,14,0.48148148148148145,0.038028169014084505,710,15
overall,MIXED,16.12,UTILITY,rune,8106,至極の賞金首狩り,27,13,14,0.48148148148148145,0.15168539325842698,178,15
overall,MIXED,16.15,BOTTOM,rune,8135,貪欲な賞金首狩り,27,13,14,0.48148148148148145,0.03268765133171913,826,15
overall,MIXED,15.15,ALL,rune,8234,追い風,27,13,14,0.48148148148148145,0.06585365853658537,410,15
overall,MIXED,15.20,ALL,keystone,8214,エアリー召喚,27,12,15,0.4444444444444444,0.04090909090909091,660,15
overall,MIXED,16.13,ALL,keystone,8465,ガーディアン,27,12,15,0.4444444444444444,0.008206686930091186,3290,15
overall,MIXED,16.13,UTILITY,keystone,8465,ガーディアン,27,12,15,0.4444444444444444,0.0410958904109589,657,15
overall,MIXED,16.13,TOP,rune,8321,キャッシュバック,27,12,15,0.4444444444444444,0.041033434650455926,658,15
overall,MIXED,16.5,BOTTOM,rune,8226,マナフローバンド,27,12,15,0.4444444444444444,0.16666666666666666,162,15
overall,MIXED,14.21,ALL,keystone,8008,リーサルテンポ,27,12,15,0.4444444444444444,0.09642857142857143,280,15
overall,MIXED,14.22,JUNGLE,rune,9104,レジェンド: 迅速,27,12,15,0.4444444444444444,0.46551724137931033,58,15
overall,MIXED,16.15,UTILITY,rune,8017,切り崩し,27,12,15,0.4444444444444444,0.03268765133171913,826,15
overall,MIXED,16.4,ALL,rune,8446,打ちこわし,27,12,15,0.4444444444444444,0.0509433962264151,530,15
overall,MIXED,15.18,TOP,rune,8242,気迫,27,12,15,0.4444444444444444,0.2076923076923077,130,15
overall,MIXED,15.3,MIDDLE,rune,8106,至極の賞金首狩り,27,12,15,0.4444444444444444,0.32926829268292684,82,15
overall,MIXED,16.17,TOP,rune,8233,英気集中,27,12,15,0.4444444444444444,0.026785714285714284,1008,15
overall,MIXED,16.7,ALL,rune,8233,英気集中,27,12,15,0.4444444444444444,0.03506493506493506,770,15
overall,MIXED,16.15,TOP,rune,8135,貪欲な賞金首狩り,27,12,15,0.4444444444444444,0.03268765133171913,826,15
overall,MIXED,15.18,ALL,rune,8234,追い風,27,12,15,0.4444444444444444,0.04153846153846154,650,15
overall,MIXED,15.9,ALL,rune,8234,追い風,27,12,15,0.4444444444444444,0.06279069767441861,430,15
overall,MIXED,16.16,MIDDLE,shard,5010,UNKNOWN(5010),27,11,16,0.4074074074074074,0.04054054054054054,666,15
overall,MIXED,16.6,MIDDLE,rune,8143,サドンインパクト,27,11,16,0.4074074074074074,0.17763157894736842,152,15
overall,MIXED,16.1,MIDDLE,rune,8444,息継ぎ,27,11,16,0.4074074074074074,0.17532467532467533,154,15
overall,MIXED,16.7,UTILITY,rune,8106,至極の賞金首狩り,27,11,16,0.4074074074074074,0.17532467532467533,154,15
overall,MIXED,16.10,TOP,rune,8210,至高,27,11,16,0.4074074074074074,0.12162162162162163,222,15
overall,MIXED,15.11,BOTTOM,rune,8233,英気集中,27,11,16,0.4074074074074074,0.25471698113207547,106,15
overall,MIXED,16.13,MIDDLE,rune,8233,英気集中,27,11,16,0.4074074074074074,0.041033434650455926,658,15
overall,MIXED,16.13,JUNGLE,rune,8451,超成長,27,11,16,0.4074074074074074,0.041033434650455926,658,15
overall,MIXED,15.16,ALL,rune,8234,追い風,27,11,16,0.4074074074074074,0.05,540,15
overall,MIXED,15.18,JUNGLE,rune,8140,グリスリー メメント,27,10,17,0.37037037037037035,0.2076923076923077,130,15
overall,MIXED,15.13,BOTTOM,rune,9111,凱旋,27,10,17,0.37037037037037035,0.140625,192,15
overall,MIXED,16.14,TOP,keystone,8229,秘儀の彗星,27,10,17,0.37037037037037035,0.03879310344827586,696,15
overall,MIXED,16.18,UTILITY,rune,8137,第六感,27,10,17,0.37037037037037035,0.08035714285714286,336,15
overall,MIXED,16.10,JUNGLE,shard,5011,UNKNOWN(5011),27,9,18,0.3333333333333333,0.12162162162162163,222,15
overall,MIXED,14.23,ALL,keystone,8008,リーサルテンポ,27,9,18,0.3333333333333333,0.12857142857142856,210,15
overall,MIXED,15.16,MIDDLE,rune,8237,追火,27,9,18,0.3333333333333333,0.25,108,15
overall,MIXED,16.18,BOTTOM,keystone,8229,秘儀の彗星,27,8,19,0.2962962962962963,0.08035714285714286,336,15
overall,MIXED,16.7,MIDDLE,rune,9104,レジェンド: 迅速,27,7,20,0.25925925925925924,0.17532467532467533,154,15
overall,MIXED,15.16,BOTTOM,rune,9111,凱旋,26,19,7,0.7307692307692307,0.24299065420560748,107,15
overall,MIXED,16.12,ALL,rune,8275,ニンバスクローク,26,18,8,0.6923076923076923,0.029213483146067417,890,15
overall,MIXED,15.7,ALL,rune,8105,執拗な賞金首狩り,26,18,8,0.6923076923076923,0.05652173913043478,460,15
overall,MIXED,15.19,TOP,rune,8401,シールドバッシュ,26,17,9,0.6538461538461539,0.11353711790393013,229,15
overall,MIXED,15.2,TOP,keystone,8437,不死者の握撃,26,17,9,0.6538461538461539,0.2826086956521739,92,15
overall,MIXED,14.20,TOP,rune,8446,打ちこわし,26,17,9,0.6538461538461539,0.2826086956521739,92,15
overall,MIXED,16.9,ALL,rune,8224,アクシオム アルカニスト,26,16,10,0.6153846153846154,0.03291139240506329,790,15
overall,MIXED,16.17,TOP,rune,8321,キャッシュバック,26,16,10,0.6153846153846154,0.025793650793650792,1008,15
overall,MIXED,15.1,BOTTOM,rune,8009,冷静沈着,26,16,10,0.6153846153846154,0.6842105263157895,38,15
overall,MIXED,15.19,BOTTOM,rune,8347,宇宙の英知,26,16,10,0.6153846153846154,0.11304347826086956,230,15
overall,MIXED,15.10,ALL,keystone,8230,嵐乗りの勇躍,26,16,10,0.6153846153846154,0.03768115942028986,690,15
overall,MIXED,16.17,MIDDLE,keystone,8230,嵐乗りの勇躍,26,16,10,0.6153846153846154,0.025793650793650792,1008,15
overall,MIXED,16.17,UTILITY,keystone,8010,征服者,26,16,10,0.6153846153846154,0.025793650793650792,1008,15
overall,MIXED,15.23,ALL,rune,8446,打ちこわし,26,16,10,0.6153846153846154,0.04482758620689655,580,15
overall,MIXED,15.2,MIDDLE,rune,8106,至極の賞金首狩り,26,16,10,0.6153846153846154,0.2826086956521739,92,15
overall,MIXED,15.21,BOTTOM,rune,8233,英気集中,26,16,10,0.6153846153846154,0.2222222222222222,117,15
overall,MIXED,15.13,MIDDLE,rune,8126,追い打ち,26,16,10,0.6153846153846154,0.13612565445026178,191,15
overall,MIXED,16.10,BOTTOM,rune,8234,追い風,26,16,10,0.6153846153846154,0.11711711711711711,222,15
overall,MIXED,16.2,TOP,rune,8234,追い風,26,16,10,0.6153846153846154,0.18309859154929578,142,15
overall,MIXED,16.14,UTILITY,keystone,8112,電撃,26,16,10,0.6153846153846154,0.03735632183908046,696,15
overall,MIXED,16.14,MIDDLE,shard,5010,UNKNOWN(5010),26,15,11,0.5769230769230769,0.03735632183908046,696,15
overall,MIXED,16.3,ALL,shard,5010,UNKNOWN(5010),26,15,11,0.5769230769230769,0.029545454545454545,880,15
overall,MIXED,16.3,JUNGLE,rune,8321,キャッシュバック,26,15,11,0.5769230769230769,0.14772727272727273,176,15
overall,MIXED,15.20,JUNGLE,rune,8140,グリスリー メメント,26,15,11,0.5769230769230769,0.19696969696969696,132,15
overall,MIXED,15.14,TOP,keystone,8437,不死者の握撃,26,15,11,0.5769230769230769,0.2826086956521739,92,15
overall,MIXED,14.19,JUNGLE,rune,8347,宇宙の英知,26,15,11,0.5769230769230769,0.30952380952380953,84,15
overall,MIXED,15.12,TOP,rune,8444,息継ぎ,26,15,11,0.5769230769230769,0.2549019607843137,102,15
overall,MIXED,15.2,ALL,rune,8463,生命の泉,26,15,11,0.5769230769230769,0.05652173913043478,460,15
overall,MIXED,16.11,TOP,rune,8210,至高,26,15,11,0.5769230769230769,0.11016949152542373,236,15
overall,MIXED,14.20,MIDDLE,rune,8451,超成長,26,15,11,0.5769230769230769,0.2826086956521739,92,15
overall,MIXED,16.10,ALL,keystone,8128,魂の収穫,26,15,11,0.5769230769230769,0.023423423423423424,1110,15
overall,MIXED,15.4,MIDDLE,shard,5005,UNKNOWN(5005),26,14,12,0.5384615384615384,0.48148148148148145,54,15
overall,MIXED,16.2,UTILITY,shard,5011,UNKNOWN(5011),26,14,12,0.5384615384615384,0.18309859154929578,142,15
overall,MIXED,16.2,ALL,rune,8224,アクシオム アルカニスト,26,14,12,0.5384615384615384,0.036619718309859155,710,15
overall,MIXED,16.6,BOTTOM,rune,8313,トリプル トニック,26,14,12,0.5384615384615384,0.17105263157894737,152,15
overall,MIXED,16.14,UTILITY,rune,8275,ニンバスクローク,26,14,12,0.5384615384615384,0.03735632183908046,696,15
overall,MIXED,14.22,UTILITY,rune,8226,マナフローバンド,26,14,12,0.5384615384615384,0.4482758620689655,58,15
overall,MIXED,15.24,UTILITY,rune,9105,レジェンド: ヘイスト,26,14,12,0.5384615384615384,0.07602339181286549,342,15
overall,MIXED,16.3,MIDDLE,rune,9104,レジェンド: 迅速,26,14,12,0.5384615384615384,0.14772727272727273,176,15
overall,MIXED,16.2,BOTTOM,rune,9111,凱旋,26,14,12,0.5384615384615384,0.18309859154929578,142,15
overall,MIXED,15.14,TOP,rune,8446,打ちこわし,26,14,12,0.5384615384615384,0.2826086956521739,92,15
overall,MIXED,14.19,ALL,rune,8410,疾駆,26,14,12,0.5384615384615384,0.06190476190476191,420,15
overall,MIXED,16.1,ALL,rune,8410,疾駆,26,14,12,0.5384615384615384,0.033766233766233764,770,15
overall,MIXED,15.11,UTILITY,keystone,8229,秘儀の彗星,26,14,12,0.5384615384615384,0.24528301886792453,106,15
overall,MIXED,14.20,JUNGLE,rune,8299,背水の陣,26,14,12,0.5384615384615384,0.2826086956521739,92,15
overall,MIXED,15.10,UTILITY,rune,8106,至極の賞金首狩り,26,14,12,0.5384615384615384,0.18840579710144928,138,15
overall,MIXED,15.6,ALL,rune,8210,至高,26,14,12,0.5384615384615384,0.325,80,15
overall,MIXED,16.1,BOTTOM,rune,8233,英気集中,26,14,12,0.5384615384615384,0.16883116883116883,154,15
overall,MIXED,16.17,TOP,rune,8135,貪欲な賞金首狩り,26,14,12,0.5384615384615384,0.025793650793650792,1008,15
overall,MIXED,16.14,TOP,shard,5007,UNKNOWN(5007),26,13,13,0.5,0.03735632183908046,696,15
overall,MIXED,14.23,UTILITY,shard,5008,UNKNOWN(5008),26,13,13,0.5,0.6190476190476191,42,15
overall,MIXED,16.13,MIDDLE,shard,5010,UNKNOWN(5010),26,13,13,0.5,0.03951367781155015,658,15
overall,MIXED,15.2,ALL,rune,8401,シールドバッシュ,26,13,13,0.5,0.05652173913043478,460,15
overall,MIXED,16.2,JUNGLE,keystone,8008,リーサルテンポ,26,13,13,0.5,0.18309859154929578,142,15
overall,MIXED,15.8,BOTTOM,rune,8017,切り崩し,26,13,13,0.5,0.2,130,15
overall,MIXED,14.20,TOP,rune,8444,息継ぎ,26,13,13,0.5,0.2826086956521739,92,15
overall,MIXED,15.3,ALL,rune,8446,打ちこわし,26,13,13,0.5,0.06341463414634146,410,15
overall,MIXED,16.12,TOP,rune,8242,気迫,26,13,13,0.5,0.14606741573033707,178,15
overall,MIXED,14.21,ALL,rune,8453,生気付与,26,13,13,0.5,0.09285714285714286,280,15
overall,MIXED,15.20,UTILITY,rune,8453,生気付与,26,13,13,0.5,0.19696969696969696,132,15
overall,MIXED,16.11,TOP,rune,8453,生気付与,26,13,13,0.5,0.11016949152542373,236,15
overall,MIXED,15.1,MIDDLE,rune,8210,至高,26,13,13,0.5,0.7027027027027027,37,15
overall,MIXED,16.12,BOTTOM,rune,8233,英気集中,26,13,13,0.5,0.14689265536723164,177,15
overall,MIXED,15.1,BOTTOM,shard,5001,UNKNOWN(5001),26,12,14,0.46153846153846156,0.6842105263157895,38,15
overall,MIXED,15.10,UTILITY,shard,5005,UNKNOWN(5005),26,12,14,0.46153846153846156,0.18840579710144928,138,15
overall,MIXED,15.22,MIDDLE,shard,5011,UNKNOWN(5011),26,12,14,0.46153846153846156,0.19696969696969696,132,15
overall,MIXED,15.1,ALL,rune,8140,グリスリー メメント,26,12,14,0.46153846153846156,0.1368421052631579,190,15
overall,MIXED,16.16,TOP,rune,8143,サドンインパクト,26,12,14,0.46153846153846156,0.03903903903903904,666,15
overall,MIXED,15.11,TOP,rune,9105,レジェンド: ヘイスト,26,12,14,0.46153846153846156,0.24528301886792453,106,15
overall,MIXED,16.4,MIDDLE,rune,9104,レジェンド: 迅速,26,12,14,0.46153846153846156,0.24528301886792453,106,15
overall,MIXED,16.6,BOTTOM,rune,9111,凱旋,26,12,14,0.46153846153846156,0.17105263157894737,152,15
overall,MIXED,16.18,BOTTOM,keystone,8992,死神の残り火,26,12,14,0.46153846153846156,0.07738095238095238,336,15
overall,MIXED,16.2,TOP,rune,8242,気迫,26,12,14,0.46153846153846156,0.18309859154929578,142,15
overall,MIXED,15.10,JUNGLE,rune,8299,背水の陣,26,12,14,0.46153846153846156,0.18840579710144928,138,15
overall,MIXED,15.7,JUNGLE,rune,8299,背水の陣,26,12,14,0.46153846153846156,0.2826086956521739,92,15
overall,MIXED,16.1,UTILITY,rune,8106,至極の賞金首狩り,26,12,14,0.46153846153846156,0.16993464052287582,153,15
overall,MIXED,16.14,BOTTOM,rune,8106,至極の賞金首狩り,26,12,14,0.46153846153846156,0.03735632183908046,696,15
overall,MIXED,16.15,JUNGLE,rune,8233,英気集中,26,12,14,0.46153846153846156,0.031476997578692496,826,15
overall,MIXED,16.8,MIDDLE,rune,8139,血の味わい,26,12,14,0.46153846153846156,0.18571428571428572,140,15
overall,MIXED,14.22,ALL,rune,8135,貪欲な賞金首狩り,26,12,14,0.46153846153846156,0.0896551724137931,290,15
overall,MIXED,16.14,BOTTOM,rune,8135,貪欲な賞金首狩り,26,12,14,0.46153846153846156,0.03735632183908046,696,15
overall,MIXED,16.17,BOTTOM,rune,8451,超成長,26,12,14,0.46153846153846156,0.025793650793650792,1008,15
overall,MIXED,16.2,UTILITY,rune,8126,追い打ち,26,12,14,0.46153846153846156,0.18309859154929578,142,15
overall,MIXED,16.2,MIDDLE,rune,8304,魔法の靴,26,12,14,0.46153846153846156,0.18309859154929578,142,15
overall,MIXED,16.1,UTILITY,shard,5005,UNKNOWN(5005),26,11,15,0.4230769230769231,0.16993464052287582,153,15
overall,MIXED,16.6,BOTTOM,keystone,8021,フリートフットワーク,26,11,15,0.4230769230769231,0.17105263157894737,152,15
overall,MIXED,15.4,ALL,keystone,8005,プレスアタック,26,11,15,0.4230769230769231,0.0962962962962963,270,15
overall,MIXED,14.22,UTILITY,rune,8473,ボーンアーマー,26,11,15,0.4230769230769231,0.4482758620689655,58,15
overall,MIXED,15.5,ALL,rune,9104,レジェンド: 迅速,26,11,15,0.4230769230769231,0.26,100,15
overall,MIXED,15.17,MIDDLE,rune,8347,宇宙の英知,26,11,15,0.4230769230769231,0.16049382716049382,162,15
overall,MIXED,16.6,MIDDLE,rune,8347,宇宙の英知,26,11,15,0.4230769230769231,0.17105263157894737,152,15
overall,MIXED,16.17,TOP,keystone,8230,嵐乗りの勇躍,26,11,15,0.4230769230769231,0.025793650793650792,1008,15
overall,MIXED,16.4,MIDDLE,keystone,8229,秘儀の彗星,26,11,15,0.4230769230769231,0.24528301886792453,106,15
overall,MIXED,16.12,MIDDLE,rune,8299,背水の陣,26,11,15,0.4230769230769231,0.14606741573033707,178,15
overall,MIXED,15.15,MIDDLE,rune,8106,至極の賞金首狩り,26,11,15,0.4230769230769231,0.3170731707317073,82,15
overall,MIXED,15.18,ALL,rune,8135,貪欲な賞金首狩り,26,11,15,0.4230769230769231,0.04,650,15
overall,MIXED,16.16,ALL,keystone,8465,ガーディアン,26,10,16,0.38461538461538464,0.007807807807807808,3330,15
overall,MIXED,16.16,UTILITY,keystone,8465,ガーディアン,26,10,16,0.38461538461538464,0.03903903903903904,666,15
overall,MIXED,15.20,MIDDLE,rune,8143,サドンインパクト,26,10,16,0.38461538461538464,0.1984732824427481,131,15
overall,MIXED,16.8,MIDDLE,rune,8347,宇宙の英知,26,10,16,0.38461538461538464,0.18571428571428572,140,15
overall,MIXED,16.15,TOP,rune,8014,最期の慈悲,26,10,16,0.38461538461538464,0.031476997578692496,826,15
overall,MIXED,15.17,BOTTOM,rune,8233,英気集中,26,10,16,0.38461538461538464,0.16049382716049382,162,15
overall,MIXED,15.20,JUNGLE,rune,8135,貪欲な賞金首狩り,26,10,16,0.38461538461538464,0.19696969696969696,132,15
overall,MIXED,16.7,MIDDLE,rune,8451,超成長,26,10,16,0.38461538461538464,0.16883116883116883,154,15
overall,MIXED,16.13,ALL,rune,8141,ディープワード,26,9,17,0.34615384615384615,0.007902735562310031,3290,15
overall,MIXED,15.22,MIDDLE,rune,8105,執拗な賞金首狩り,26,9,17,0.34615384615384615,0.19696969696969696,132,15
overall,MIXED,16.9,ALL,rune,8105,執拗な賞金首狩り,26,9,17,0.34615384615384615,0.03291139240506329,790,15
overall,MIXED,15.13,MIDDLE,rune,8139,血の味わい,26,9,17,0.34615384615384615,0.13612565445026178,191,15
overall,MIXED,16.6,TOP,rune,8234,追い風,26,9,17,0.34615384615384615,0.17105263157894737,152,15
overall,MIXED,15.8,UTILITY,rune,8453,生気付与,26,8,18,0.3076923076923077,0.2,130,15
overall,MIXED,16.4,ALL,rune,8139,血の味わい,26,8,18,0.3076923076923077,0.04905660377358491,530,15
overall,MIXED,14.24,ALL,shard,5007,UNKNOWN(5007),25,17,8,0.68,0.1,250,15
overall,MIXED,16.14,MIDDLE,rune,8316,なんでも屋,25,16,9,0.64,0.035919540229885055,696,15
overall,MIXED,15.24,ALL,keystone,8465,ガーディアン,25,16,9,0.64,0.014619883040935672,1710,15
overall,MIXED,15.24,UTILITY,keystone,8465,ガーディアン,25,16,9,0.64,0.07309941520467836,342,15
overall,MIXED,14.19,JUNGLE,rune,9105,レジェンド: ヘイスト,25,16,9,0.64,0.2976190476190476,84,15
overall,MIXED,15.19,TOP,rune,8347,宇宙の英知,25,16,9,0.64,0.1091703056768559,229,15
overall,MIXED,14.19,UTILITY,keystone,8229,秘儀の彗星,25,16,9,0.64,0.2976190476190476,84,15
overall,MIXED,16.10,UTILITY,shard,5005,UNKNOWN(5005),25,15,10,0.6,0.11261261261261261,222,15
overall,MIXED,15.24,UTILITY,shard,5013,UNKNOWN(5013),25,15,10,0.6,0.07309941520467836,342,15
overall,MIXED,16.14,JUNGLE,rune,8224,アクシオム アルカニスト,25,15,10,0.6,0.035919540229885055,696,15
overall,MIXED,15.19,BOTTOM,rune,8226,マナフローバンド,25,15,10,0.6,0.10869565217391304,230,15
overall,MIXED,15.1,ALL,keystone,8008,リーサルテンポ,25,15,10,0.6,0.13157894736842105,190,15
overall,MIXED,15.9,TOP,rune,9105,レジェンド: ヘイスト,25,15,10,0.6,0.29069767441860467,86,15
overall,MIXED,16.14,BOTTOM,keystone,8010,征服者,25,15,10,0.6,0.035919540229885055,696,15
overall,MIXED,14.19,TOP,rune,8446,打ちこわし,25,15,10,0.6,0.2976190476190476,84,15
overall,MIXED,15.20,UTILITY,keystone,8229,秘儀の彗星,25,15,10,0.6,0.1893939393939394,132,15
overall,MIXED,15.12,BOTTOM,rune,8233,英気集中,25,15,10,0.6,0.24752475247524752,101,15
overall,MIXED,16.18,JUNGLE,rune,8224,アクシオム アルカニスト,25,14,11,0.56,0.0744047619047619,336,15
overall,MIXED,15.24,MIDDLE,rune,8401,シールドバッシュ,25,14,11,0.56,0.07309941520467836,342,15
overall,MIXED,16.10,BOTTOM,rune,8313,トリプル トニック,25,14,11,0.56,0.11261261261261261,222,15
overall,MIXED,16.13,MIDDLE,rune,8275,ニンバスクローク,25,14,11,0.56,0.037993920972644375,658,15
overall,MIXED,15.22,TOP,rune,8345,ビスケットデリバリー,25,14,11,0.56,0.1893939393939394,132,15
overall,MIXED,16.11,BOTTOM,keystone,8021,フリートフットワーク,25,14,11,0.56,0.1059322033898305,236,15
overall,MIXED,16.3,BOTTOM,keystone,8021,フリートフットワーク,25,14,11,0.56,0.14204545454545456,176,15
overall,MIXED,15.12,BOTTOM,keystone,8005,プレスアタック,25,14,11,0.56,0.24752475247524752,101,15
overall,MIXED,16.2,ALL,keystone,9923,ヘイルブレード,25,14,11,0.56,0.035211267605633804,710,15
overall,MIXED,15.22,JUNGLE,rune,9105,レジェンド: ヘイスト,25,14,11,0.56,0.1893939393939394,132,15
overall,MIXED,15.9,BOTTOM,rune,9104,レジェンド: 迅速,25,14,11,0.56,0.29069767441860467,86,15
overall,MIXED,15.24,UTILITY,rune,9111,凱旋,25,14,11,0.56,0.07309941520467836,342,15
overall,MIXED,16.14,UTILITY,rune,8017,切り崩し,25,14,11,0.56,0.035919540229885055,696,15
overall,MIXED,15.8,MIDDLE,rune,8347,宇宙の英知,25,14,11,0.56,0.19230769230769232,130,15
overall,MIXED,15.5,ALL,keystone,8010,征服者,25,14,11,0.56,0.25,100,15
overall,MIXED,16.7,ALL,rune,8137,第六感,25,14,11,0.56,0.032467532467532464,770,15
overall,MIXED,15.18,ALL,rune,8139,血の味わい,25,14,11,0.56,0.038461538461538464,650,15
overall,MIXED,15.7,MIDDLE,rune,8139,血の味わい,25,14,11,0.56,0.2717391304347826,92,15
overall,MIXED,15.22,MIDDLE,rune,8451,超成長,25,14,11,0.56,0.1893939393939394,132,15
overall,MIXED,16.2,MIDDLE,rune,8451,超成長,25,14,11,0.56,0.176056338028169,142,15
overall,MIXED,16.9,MIDDLE,rune,8451,超成長,25,14,11,0.56,0.15822784810126583,158,15
overall,MIXED,16.12,BOTTOM,rune,8234,追い風,25,14,11,0.56,0.14124293785310735,177,15
overall,MIXED,14.22,UTILITY,rune,8237,追火,25,14,11,0.56,0.43103448275862066,58,15
overall,MIXED,16.12,TOP,rune,8237,追火,25,14,11,0.56,0.1404494382022472,178,15
overall,MIXED,15.1,TOP,shard,5005,UNKNOWN(5005),25,13,12,0.52,0.6578947368421053,38,15
overall,MIXED,15.2,UTILITY,shard,5007,UNKNOWN(5007),25,13,12,0.52,0.2717391304347826,92,15
overall,MIXED,15.13,MIDDLE,shard,5011,UNKNOWN(5011),25,13,12,0.52,0.13089005235602094,191,15
overall,MIXED,15.3,BOTTOM,shard,5011,UNKNOWN(5011),25,13,12,0.52,0.3048780487804878,82,15
overall,MIXED,16.12,BOTTOM,rune,8316,なんでも屋,25,13,12,0.52,0.14124293785310735,177,15
overall,MIXED,16.6,UTILITY,keystone,8214,エアリー召喚,25,13,12,0.52,0.16556291390728478,151,15
overall,MIXED,14.23,UTILITY,rune,8345,ビスケットデリバリー,25,13,12,0.52,0.5952380952380952,42,15
overall,MIXED,16.6,JUNGLE,keystone,8005,プレスアタック,25,13,12,0.52,0.16447368421052633,152,15
overall,MIXED,16.17,UTILITY,keystone,9923,ヘイルブレード,25,13,12,0.52,0.0248015873015873,1008,15
overall,MIXED,15.23,TOP,keystone,8437,不死者の握撃,25,13,12,0.52,0.21551724137931033,116,15
overall,MIXED,14.22,ALL,rune,8017,切り崩し,25,13,12,0.52,0.08620689655172414,290,15
overall,MIXED,15.20,MIDDLE,rune,8105,執拗な賞金首狩り,25,13,12,0.52,0.19083969465648856,131,15
overall,MIXED,16.18,TOP,rune,8236,強まる嵐,25,13,12,0.52,0.0744047619047619,336,15
overall,MIXED,15.24,MIDDLE,keystone,8010,征服者,25,13,12,0.52,0.07309941520467836,342,15
overall,MIXED,15.14,TOP,rune,8444,息継ぎ,25,13,12,0.52,0.2717391304347826,92,15
overall,MIXED,16.9,MIDDLE,keystone,8992,死神の残り火,25,13,12,0.52,0.15822784810126583,158,15
overall,MIXED,16.1,UTILITY,rune,8453,生気付与,25,13,12,0.52,0.16339869281045752,153,15
overall,MIXED,16.11,TOP,rune,8410,疾駆,25,13,12,0.52,0.1059322033898305,236,15
overall,MIXED,16.12,ALL,rune,8137,第六感,25,13,12,0.52,0.028089887640449437,890,15
overall,MIXED,15.1,BOTTOM,shard,5005,UNKNOWN(5005),25,12,13,0.48,0.6578947368421053,38,15
overall,MIXED,15.4,BOTTOM,shard,5011,UNKNOWN(5011),25,12,13,0.48,0.46296296296296297,54,15
overall,MIXED,16.4,ALL,rune,8316,なんでも屋,25,12,13,0.48,0.04716981132075472,530,15
overall,MIXED,16.2,MIDDLE,rune,8143,サドンインパクト,25,12,13,0.48,0.176056338028169,142,15
overall,MIXED,16.5,MIDDLE,rune,8143,サドンインパクト,25,12,13,0.48,0.15432098765432098,162,15
overall,MIXED,15.24,TOP,rune,8401,シールドバッシュ,25,12,13,0.48,0.07309941520467836,342,15
overall,MIXED,15.2,TOP,rune,9104,レジェンド: 迅速,25,12,13,0.48,0.2717391304347826,92,15
overall,MIXED,16.6,TOP,rune,8009,冷静沈着,25,12,13,0.48,0.16447368421052633,152,15
overall,MIXED,14.20,ALL,rune,8105,執拗な賞金首狩り,25,12,13,0.48,0.05434782608695652,460,15
overall,MIXED,16.14,TOP,rune,8347,宇宙の英知,25,12,13,0.48,0.035919540229885055,696,15
overall,MIXED,15.24,TOP,rune,8236,強まる嵐,25,12,13,0.48,0.07309941520467836,342,15
overall,MIXED,15.2,TOP,rune,8444,息継ぎ,25,12,13,0.48,0.2717391304347826,92,15
overall,MIXED,15.9,TOP,rune,8444,息継ぎ,25,12,13,0.48,0.29069767441860467,86,15
overall,MIXED,15.15,ALL,rune,8463,生命の泉,25,12,13,0.48,0.06097560975609756,410,15
overall,MIXED,14.22,ALL,rune,8453,生気付与,25,12,13,0.48,0.08620689655172414,290,15
overall,MIXED,15.18,TOP,rune,8453,生気付与,25,12,13,0.48,0.19230769230769232,130,15
overall,MIXED,15.22,UTILITY,rune,8453,生気付与,25,12,13,0.48,0.1893939393939394,132,15
overall,MIXED,16.6,UTILITY,rune,8453,生気付与,25,12,13,0.48,0.16556291390728478,151,15
overall,MIXED,16.17,BOTTOM,rune,8106,至極の賞金首狩り,25,12,13,0.48,0.0248015873015873,1008,15
overall,MIXED,16.2,MIDDLE,rune,8106,至極の賞金首狩り,25,12,13,0.48,0.176056338028169,142,15
overall,MIXED,15.17,MIDDLE,rune,8139,血の味わい,25,12,13,0.48,0.15432098765432098,162,15
overall,MIXED,15.3,ALL,rune,8234,追い風,25,12,13,0.48,0.06097560975609756,410,15
overall,MIXED,16.11,BOTTOM,rune,8234,追い風,25,12,13,0.48,0.1059322033898305,236,15
overall,MIXED,16.8,ALL,keystone,8128,魂の収穫,25,12,13,0.48,0.03571428571428571,700,15
overall,MIXED,15.18,UTILITY,shard,5005,UNKNOWN(5005),25,11,14,0.44,0.19230769230769232,130,15
overall,MIXED,16.10,TOP,rune,8345,ビスケットデリバリー,25,11,14,0.44,0.11261261261261261,222,15
overall,MIXED,16.7,ALL,keystone,8369,ファーストストライク,25,11,14,0.44,0.032467532467532464,770,15
overall,MIXED,14.24,JUNGLE,rune,9104,レジェンド: 迅速,25,11,14,0.44,0.5,50,15
overall,MIXED,14.21,TOP,rune,9111,凱旋,25,11,14,0.44,0.44642857142857145,56,15
overall,MIXED,15.20,BOTTOM,rune,9111,凱旋,25,11,14,0.44,0.1893939393939394,132,15
overall,MIXED,16.1,MIDDLE,rune,8347,宇宙の英知,25,11,14,0.44,0.16233766233766234,154,15
overall,MIXED,16.5,MIDDLE,rune,8444,息継ぎ,25,11,14,0.44,0.15432098765432098,162,15
overall,MIXED,16.2,TOP,rune,8446,打ちこわし,25,11,14,0.44,0.176056338028169,142,15
overall,MIXED,14.24,BOTTOM,rune,8014,最期の慈悲,25,11,14,0.44,0.5,50,15
overall,MIXED,15.17,TOP,rune,8242,気迫,25,11,14,0.44,0.15432098765432098,162,15
overall,MIXED,16.17,JUNGLE,rune,8453,生気付与,25,11,14,0.44,0.0248015873015873,1008,15
overall,MIXED,16.5,TOP,rune,8453,生気付与,25,11,14,0.44,0.15432098765432098,162,15
overall,MIXED,15.16,ALL,rune,8410,疾駆,25,11,14,0.44,0.046296296296296294,540,15
overall,MIXED,16.1,MIDDLE,rune,8299,背水の陣,25,11,14,0.44,0.16233766233766234,154,15
overall,MIXED,16.4,MIDDLE,rune,8299,背水の陣,25,11,14,0.44,0.2358490566037736,106,15
overall,MIXED,15.7,BOTTOM,rune,8233,英気集中,25,11,14,0.44,0.2717391304347826,92,15
overall,MIXED,16.14,BOTTOM,rune,8139,血の味わい,25,11,14,0.44,0.035919540229885055,696,15
overall,MIXED,14.23,ALL,rune,8135,貪欲な賞金首狩り,25,11,14,0.44,0.11904761904761904,210,15
overall,MIXED,16.14,JUNGLE,rune,8451,超成長,25,11,14,0.44,0.035919540229885055,696,15
overall,MIXED,16.5,UTILITY,rune,8126,追い打ち,25,11,14,0.44,0.15432098765432098,162,15
overall,MIXED,14.23,JUNGLE,shard,5005,UNKNOWN(5005),25,10,15,0.4,0.5952380952380952,42,15
overall,MIXED,16.18,TOP,shard,5007,UNKNOWN(5007),25,10,15,0.4,0.0744047619047619,336,15
overall,MIXED,15.10,MIDDLE,rune,8143,サドンインパクト,25,10,15,0.4,0.18115942028985507,138,15
overall,MIXED,16.14,JUNGLE,rune,8313,トリプル トニック,25,10,15,0.4,0.035919540229885055,696,15
overall,MIXED,16.3,MIDDLE,rune,9105,レジェンド: ヘイスト,25,10,15,0.4,0.14204545454545456,176,15
overall,MIXED,16.12,MIDDLE,rune,9104,レジェンド: 迅速,25,10,15,0.4,0.1404494382022472,178,15
overall,MIXED,14.21,TOP,keystone,8010,征服者,25,10,15,0.4,0.44642857142857145,56,15
overall,MIXED,14.24,JUNGLE,keystone,8010,征服者,25,10,15,0.4,0.5,50,15
overall,MIXED,15.3,UTILITY,rune,8242,気迫,25,10,15,0.4,0.3048780487804878,82,15
overall,MIXED,15.14,ALL,rune,8463,生命の泉,25,10,15,0.4,0.05434782608695652,460,15
overall,MIXED,15.3,UTILITY,keystone,8229,秘儀の彗星,25,10,15,0.4,0.3048780487804878,82,15
overall,MIXED,15.13,TOP,rune,8210,至高,25,10,15,0.4,0.13020833333333334,192,15
overall,MIXED,14.22,BOTTOM,rune,8233,英気集中,25,10,15,0.4,0.43103448275862066,58,15
overall,MIXED,15.2,MIDDLE,rune,8451,超成長,25,10,15,0.4,0.2717391304347826,92,15
overall,MIXED,16.11,MIDDLE,rune,8304,魔法の靴,25,10,15,0.4,0.1059322033898305,236,15
overall,MIXED,16.3,ALL,rune,8224,アクシオム アルカニスト,25,9,16,0.36,0.028409090909090908,880,15
overall,MIXED,16.9,BOTTOM,rune,8313,トリプル トニック,25,9,16,0.36,0.15822784810126583,158,15
overall,MIXED,16.11,MIDDLE,rune,8347,宇宙の英知,25,9,16,0.36,0.1059322033898305,236,15
overall,MIXED,14.22,ALL,rune,8446,打ちこわし,25,9,16,0.36,0.08620689655172414,290,15
overall,MIXED,15.9,TOP,rune,8446,打ちこわし,25,9,16,0.36,0.29069767441860467,86,15
overall,MIXED,16.6,UTILITY,rune,8106,至極の賞金首狩り,25,9,16,0.36,0.16556291390728478,151,15
overall,MIXED,16.1,MIDDLE,rune,8139,血の味わい,25,9,16,0.36,0.16233766233766234,154,15
overall,MIXED,16.6,BOTTOM,rune,9104,レジェンド: 迅速,25,8,17,0.32,0.16447368421052633,152,15
overall,MIXED,16.3,MIDDLE,rune,8009,冷静沈着,25,8,17,0.32,0.14204545454545456,176,15
overall,MIXED,15.18,ALL,rune,8105,執拗な賞金首狩り,25,8,17,0.32,0.038461538461538464,650,15
overall,MIXED,16.7,MIDDLE,rune,8299,背水の陣,25,8,17,0.32,0.16233766233766234,154,15
overall,MIXED,15.17,MIDDLE,rune,8345,ビスケットデリバリー,25,7,18,0.28,0.15432098765432098,162,15
overall,MIXED,16.13,BOTTOM,rune,8275,ニンバスクローク,24,19,5,0.7916666666666666,0.0364741641337386,658,15
overall,MIXED,15.24,ALL,rune,8232,水走り,24,18,6,0.75,0.014035087719298246,1710,15
overall,MIXED,16.15,MIDDLE,keystone,8437,不死者の握撃,24,17,7,0.7083333333333334,0.029055690072639227,826,15
overall,MIXED,15.24,JUNGLE,rune,8234,追い風,24,17,7,0.7083333333333334,0.07017543859649122,342,15
overall,MIXED,15.17,ALL,keystone,8128,魂の収穫,24,17,7,0.7083333333333334,0.02962962962962963,810,15
overall,MIXED,15.8,UTILITY,rune,8401,シールドバッシュ,24,16,8,0.6666666666666666,0.18461538461538463,130,15
overall,MIXED,16.7,MIDDLE,rune,8009,冷静沈着,24,16,8,0.6666666666666666,0.15584415584415584,154,15
overall,MIXED,16.5,MIDDLE,rune,8299,背水の陣,24,16,8,0.6666666666666666,0.14814814814814814,162,15
overall,MIXED,15.2,BOTTOM,shard,5011,UNKNOWN(5011),24,15,9,0.625,0.2608695652173913,92,15
overall,MIXED,16.15,TOP,rune,8316,なんでも屋,24,15,9,0.625,0.029055690072639227,826,15
overall,MIXED,15.13,TOP,rune,8401,シールドバッシュ,24,15,9,0.625,0.125,192,15
overall,MIXED,15.9,TOP,rune,8473,ボーンアーマー,24,15,9,0.625,0.27906976744186046,86,15
overall,MIXED,15.24,MIDDLE,rune,8105,執拗な賞金首狩り,24,15,9,0.625,0.07017543859649122,342,15
overall,MIXED,16.16,TOP,keystone,8230,嵐乗りの勇躍,24,15,9,0.625,0.036036036036036036,666,15
overall,MIXED,15.2,ALL,rune,8429,心身調整,24,15,9,0.625,0.05217391304347826,460,15
overall,MIXED,14.20,MIDDLE,rune,8444,息継ぎ,24,15,9,0.625,0.2608695652173913,92,15
overall,MIXED,15.12,UTILITY,rune,8463,生命の泉,24,15,9,0.625,0.23529411764705882,102,15
overall,MIXED,14.19,JUNGLE,rune,8299,背水の陣,24,15,9,0.625,0.2857142857142857,84,15
overall,MIXED,15.17,JUNGLE,rune,8106,至極の賞金首狩り,24,15,9,0.625,0.14814814814814814,162,15
overall,MIXED,16.15,JUNGLE,shard,5013,UNKNOWN(5013),24,14,10,0.5833333333333334,0.029055690072639227,826,15
overall,MIXED,16.11,BOTTOM,rune,8313,トリプル トニック,24,14,10,0.5833333333333334,0.1016949152542373,236,15
overall,MIXED,16.3,MIDDLE,rune,8345,ビスケットデリバリー,24,14,10,0.5833333333333334,0.13636363636363635,176,15
overall,MIXED,15.11,BOTTOM,keystone,8021,フリートフットワーク,24,14,10,0.5833333333333334,0.22641509433962265,106,15
overall,MIXED,15.13,BOTTOM,keystone,8021,フリートフットワーク,24,14,10,0.5833333333333334,0.125,192,15
overall,MIXED,15.8,BOTTOM,keystone,8021,フリートフットワーク,24,14,10,0.5833333333333334,0.18461538461538463,130,15
overall,MIXED,14.21,UTILITY,rune,8226,マナフローバンド,24,14,10,0.5833333333333334,0.42857142857142855,56,15
overall,MIXED,14.19,TOP,keystone,8437,不死者の握撃,24,14,10,0.5833333333333334,0.2857142857142857,84,15
overall,MIXED,14.20,ALL,keystone,8437,不死者の握撃,24,14,10,0.5833333333333334,0.05217391304347826,460,15
overall,MIXED,14.24,ALL,keystone,8437,不死者の握撃,24,14,10,0.5833333333333334,0.096,250,15
overall,MIXED,14.21,ALL,rune,8446,打ちこわし,24,14,10,0.5833333333333334,0.08571428571428572,280,15
overall,MIXED,16.4,JUNGLE,rune,8299,背水の陣,24,14,10,0.5833333333333334,0.22641509433962265,106,15
overall,MIXED,15.14,MIDDLE,rune,8106,至極の賞金首狩り,24,14,10,0.5833333333333334,0.2608695652173913,92,15
overall,MIXED,15.18,JUNGLE,rune,8106,至極の賞金首狩り,24,14,10,0.5833333333333334,0.18461538461538463,130,15
overall,MIXED,15.12,MIDDLE,rune,8139,血の味わい,24,14,10,0.5833333333333334,0.23529411764705882,102,15
overall,MIXED,16.18,UTILITY,rune,8234,追い風,24,14,10,0.5833333333333334,0.07142857142857142,336,15
overall,MIXED,16.10,MIDDLE,rune,8304,魔法の靴,24,14,10,0.5833333333333334,0.10810810810810811,222,15
overall,MIXED,15.23,TOP,shard,5011,UNKNOWN(5011),24,13,11,0.5416666666666666,0.20689655172413793,116,15
overall,MIXED,16.14,TOP,rune,8316,なんでも屋,24,13,11,0.5416666666666666,0.034482758620689655,696,15
overall,MIXED,16.7,ALL,keystone,9923,ヘイルブレード,24,13,11,0.5416666666666666,0.03116883116883117,770,15
overall,MIXED,15.20,ALL,rune,9101,体力吸収,24,13,11,0.5416666666666666,0.03636363636363636,660,15
overall,MIXED,16.12,MIDDLE,rune,8017,切り崩し,24,13,11,0.5416666666666666,0.1348314606741573,178,15
overall,MIXED,14.23,ALL,rune,8236,強まる嵐,24,13,11,0.5416666666666666,0.11428571428571428,210,15
overall,MIXED,15.7,TOP,rune,8446,打ちこわし,24,13,11,0.5416666666666666,0.2608695652173913,92,15
overall,MIXED,16.15,TOP,keystone,8992,死神の残り火,24,13,11,0.5416666666666666,0.029055690072639227,826,15
overall,MIXED,16.6,TOP,rune,8242,気迫,24,13,11,0.5416666666666666,0.15789473684210525,152,15
overall,MIXED,14.20,UTILITY,rune,8463,生命の泉,24,13,11,0.5416666666666666,0.2608695652173913,92,15
overall,MIXED,14.24,ALL,rune,8463,生命の泉,24,13,11,0.5416666666666666,0.096,250,15
overall,MIXED,16.10,ALL,rune,8137,第六感,24,13,11,0.5416666666666666,0.021621621621621623,1110,15
overall,MIXED,16.15,MIDDLE,rune,8233,英気集中,24,13,11,0.5416666666666666,0.029055690072639227,826,15
overall,MIXED,16.13,UTILITY,rune,8139,血の味わい,24,13,11,0.5416666666666666,0.0365296803652968,657,15
overall,MIXED,16.18,JUNGLE,rune,8451,超成長,24,13,11,0.5416666666666666,0.07142857142857142,336,15
overall,MIXED,15.10,UTILITY,rune,8126,追い打ち,24,13,11,0.5416666666666666,0.17391304347826086,138,15
overall,MIXED,15.15,MIDDLE,rune,8237,追火,24,13,11,0.5416666666666666,0.2926829268292683,82,15
overall,MIXED,15.3,MIDDLE,rune,8237,追火,24,13,11,0.5416666666666666,0.2926829268292683,82,15
overall,MIXED,14.24,ALL,keystone,8112,電撃,24,13,11,0.5416666666666666,0.096,250,15
overall,MIXED,15.12,UTILITY,keystone,8439,アフターショック,24,12,12,0.5,0.23529411764705882,102,15
overall,MIXED,15.10,ALL,rune,8275,ニンバスクローク,24,12,12,0.5,0.034782608695652174,690,15
overall,MIXED,16.16,TOP,rune,8275,ニンバスクローク,24,12,12,0.5,0.036036036036036036,666,15
overall,MIXED,15.12,TOP,rune,8345,ビスケットデリバリー,24,12,12,0.5,0.23529411764705882,102,15
overall,MIXED,15.16,ALL,keystone,8021,フリートフットワーク,24,12,12,0.5,0.044444444444444446,540,15
overall,MIXED,16.15,TOP,keystone,9923,ヘイルブレード,24,12,12,0.5,0.029055690072639227,826,15
overall,MIXED,16.1,MIDDLE,rune,9104,レジェンド: 迅速,24,12,12,0.5,0.15584415584415584,154,15
overall,MIXED,14.23,ALL,keystone,8437,不死者の握撃,24,12,12,0.5,0.11428571428571428,210,15
overall,MIXED,15.3,TOP,keystone,8437,不死者の握撃,24,12,12,0.5,0.2926829268292683,82,15
overall,MIXED,14.23,BOTTOM,rune,8009,冷静沈着,24,12,12,0.5,0.5714285714285714,42,15
overall,MIXED,15.13,MIDDLE,rune,8009,冷静沈着,24,12,12,0.5,0.1256544502617801,191,15
overall,MIXED,16.13,UTILITY,rune,8017,切り崩し,24,12,12,0.5,0.0365296803652968,657,15
overall,MIXED,16.12,BOTTOM,rune,8347,宇宙の英知,24,12,12,0.5,0.13559322033898305,177,15
overall,MIXED,15.19,TOP,rune,8429,心身調整,24,12,12,0.5,0.10480349344978165,229,15
overall,MIXED,15.16,TOP,rune,8444,息継ぎ,24,12,12,0.5,0.2222222222222222,108,15
overall,MIXED,15.21,MIDDLE,rune,8444,息継ぎ,24,12,12,0.5,0.2033898305084746,118,15
overall,MIXED,15.11,UTILITY,rune,8463,生命の泉,24,12,12,0.5,0.22641509433962265,106,15
overall,MIXED,16.12,UTILITY,rune,8453,生気付与,24,12,12,0.5,0.1348314606741573,178,15
overall,MIXED,16.6,ALL,rune,8137,第六感,24,12,12,0.5,0.031578947368421054,760,15
overall,MIXED,14.21,MIDDLE,rune,8106,至極の賞金首狩り,24,12,12,0.5,0.43636363636363634,55,15
overall,MIXED,16.15,BOTTOM,rune,8106,至極の賞金首狩り,24,12,12,0.5,0.029055690072639227,826,15
overall,MIXED,16.13,UTILITY,rune,8135,貪欲な賞金首狩り,24,12,12,0.5,0.0365296803652968,657,15
overall,MIXED,15.19,JUNGLE,rune,8126,追い打ち,24,12,12,0.5,0.1038961038961039,231,15
overall,MIXED,15.19,MIDDLE,shard,5007,UNKNOWN(5007),24,11,13,0.4583333333333333,0.10434782608695652,230,15
overall,MIXED,14.21,JUNGLE,rune,8138,UNKNOWN(8138),24,11,13,0.4583333333333333,0.42857142857142855,56,15
overall,MIXED,14.21,MIDDLE,rune,8138,UNKNOWN(8138),24,11,13,0.4583333333333333,0.43636363636363634,55,15
overall,MIXED,15.17,UTILITY,keystone,8214,エアリー召喚,24,11,13,0.4583333333333333,0.14906832298136646,161,15
overall,MIXED,16.8,JUNGLE,rune,8140,グリスリー メメント,24,11,13,0.4583333333333333,0.17142857142857143,140,15
overall,MIXED,16.16,BOTTOM,rune,8275,ニンバスクローク,24,11,13,0.4583333333333333,0.036036036036036036,666,15
overall,MIXED,16.7,BOTTOM,keystone,8021,フリートフットワーク,24,11,13,0.4583333333333333,0.15584415584415584,154,15
overall,MIXED,14.21,ALL,keystone,8005,プレスアタック,24,11,13,0.4583333333333333,0.08571428571428572,280,15
overall,MIXED,16.2,BOTTOM,rune,8226,マナフローバンド,24,11,13,0.4583333333333333,0.16901408450704225,142,15
overall,MIXED,14.22,BOTTOM,keystone,8008,リーサルテンポ,24,11,13,0.4583333333333333,0.41379310344827586,58,15
overall,MIXED,15.15,TOP,rune,9104,レジェンド: 迅速,24,11,13,0.4583333333333333,0.2926829268292683,82,15
overall,MIXED,14.22,ALL,keystone,8437,不死者の握撃,24,11,13,0.4583333333333333,0.08275862068965517,290,15
overall,MIXED,16.6,ALL,rune,9101,体力吸収,24,11,13,0.4583333333333333,0.031578947368421054,760,15
overall,MIXED,16.16,UTILITY,rune,8017,切り崩し,24,11,13,0.4583333333333333,0.036036036036036036,666,15
overall,MIXED,15.7,UTILITY,rune,8453,生気付与,24,11,13,0.4583333333333333,0.2608695652173913,92,15
overall,MIXED,15.4,ALL,keystone,8229,秘儀の彗星,24,11,13,0.4583333333333333,0.08888888888888889,270,15
overall,MIXED,16.5,UTILITY,rune,8106,至極の賞金首狩り,24,11,13,0.4583333333333333,0.14814814814814814,162,15
overall,MIXED,15.24,BOTTOM,rune,8210,至高,24,11,13,0.4583333333333333,0.07038123167155426,341,15
overall,MIXED,15.12,ALL,rune,8135,貪欲な賞金首狩り,24,11,13,0.4583333333333333,0.047058823529411764,510,15
overall,MIXED,16.8,JUNGLE,rune,8135,貪欲な賞金首狩り,24,11,13,0.4583333333333333,0.17142857142857143,140,15
overall,MIXED,15.20,ALL,rune,8234,追い風,24,11,13,0.4583333333333333,0.03636363636363636,660,15
overall,MIXED,14.21,MIDDLE,keystone,8112,電撃,24,11,13,0.4583333333333333,0.43636363636363634,55,15
overall,MIXED,16.18,JUNGLE,shard,5011,UNKNOWN(5011),24,10,14,0.4166666666666667,0.07142857142857142,336,15
overall,MIXED,15.3,UTILITY,keystone,8439,アフターショック,24,10,14,0.4166666666666667,0.2926829268292683,82,15
overall,MIXED,15.8,JUNGLE,rune,8140,グリスリー メメント,24,10,14,0.4166666666666667,0.18461538461538463,130,15
overall,MIXED,16.1,TOP,rune,8345,ビスケットデリバリー,24,10,14,0.4166666666666667,0.15584415584415584,154,15
overall,MIXED,16.12,ALL,keystone,8021,フリートフットワーク,24,10,14,0.4166666666666667,0.02696629213483146,890,15
overall,MIXED,16.11,ALL,rune,8306,ヘクステックフラッシュネイター,24,10,14,0.4166666666666667,0.020338983050847456,1180,15
overall,MIXED,16.11,MIDDLE,rune,9105,レジェンド: ヘイスト,24,10,14,0.4166666666666667,0.1016949152542373,236,15
overall,MIXED,16.7,MIDDLE,rune,8444,息継ぎ,24,10,14,0.4166666666666667,0.15584415584415584,154,15
overall,MIXED,15.16,UTILITY,rune,8463,生命の泉,24,10,14,0.4166666666666667,0.2222222222222222,108,15
overall,MIXED,16.13,JUNGLE,rune,8453,生気付与,24,10,14,0.4166666666666667,0.0364741641337386,658,15
overall,MIXED,16.8,BOTTOM,rune,8210,至高,24,10,14,0.4166666666666667,0.17142857142857143,140,15
overall,MIXED,16.8,ALL,rune,8233,英気集中,24,10,14,0.4166666666666667,0.03428571428571429,700,15
overall,MIXED,16.16,JUNGLE,rune,8451,超成長,24,10,14,0.4166666666666667,0.036036036036036036,666,15
overall,MIXED,15.7,MIDDLE,rune,8237,追火,24,10,14,0.4166666666666667,0.2608695652173913,92,15
overall,MIXED,16.12,ALL,keystone,8128,魂の収穫,24,10,14,0.4166666666666667,0.02696629213483146,890,15
overall,MIXED,16.1,ALL,rune,8224,アクシオム アルカニスト,24,9,15,0.375,0.03116883116883117,770,15
overall,MIXED,15.10,UTILITY,keystone,8214,エアリー召喚,24,9,15,0.375,0.17391304347826086,138,15
overall,MIXED,15.24,MIDDLE,keystone,8214,エアリー召喚,24,9,15,0.375,0.07017543859649122,342,15
overall,MIXED,15.2,UTILITY,rune,8473,ボーンアーマー,24,9,15,0.375,0.2608695652173913,92,15
overall,MIXED,16.10,MIDDLE,rune,9105,レジェンド: ヘイスト,24,9,15,0.375,0.10810810810810811,222,15
overall,MIXED,15.4,ALL,keystone,8437,不死者の握撃,24,9,15,0.375,0.08888888888888889,270,15
overall,MIXED,15.10,MIDDLE,rune,8105,執拗な賞金首狩り,24,9,15,0.375,0.17391304347826086,138,15
overall,MIXED,16.1,UTILITY,rune,8126,追い打ち,24,9,15,0.375,0.1568627450980392,153,15
overall,MIXED,14.22,ALL,keystone,8112,電撃,24,9,15,0.375,0.08275862068965517,290,15
overall,MIXED,15.20,ALL,keystone,8128,魂の収穫,24,9,15,0.375,0.03636363636363636,660,15
overall,MIXED,15.3,ALL,rune,8017,切り崩し,24,8,16,0.3333333333333333,0.05853658536585366,410,15
overall,MIXED,16.11,TOP,rune,8429,心身調整,24,8,16,0.3333333333333333,0.1016949152542373,236,15
overall,MIXED,16.9,JUNGLE,rune,8135,貪欲な賞金首狩り,24,8,16,0.3333333333333333,0.1518987341772152,158,15
overall,MIXED,16.13,TOP,rune,8140,グリスリー メメント,24,7,17,0.2916666666666667,0.0364741641337386,658,15
overall,MIXED,15.13,BOTTOM,rune,8347,宇宙の英知,24,7,17,0.2916666666666667,0.125,192,15
overall,MIXED,14.21,ALL,rune,8233,英気集中,24,7,17,0.2916666666666667,0.08571428571428572,280,15
overall,MIXED,16.15,TOP,keystone,8021,フリートフットワーク,24,6,18,0.25,0.029055690072639227,826,15
overall,MIXED,16.6,ALL,rune,8275,ニンバスクローク,24,5,19,0.20833333333333334,0.031578947368421054,760,15
overall,MIXED,16.9,ALL,shard,5010,UNKNOWN(5010),23,16,7,0.6956521739130435,0.02911392405063291,790,15
overall,MIXED,16.10,JUNGLE,keystone,8005,プレスアタック,23,16,7,0.6956521739130435,0.1036036036036036,222,15
overall,MIXED,16.16,JUNGLE,rune,8313,トリプル トニック,23,15,8,0.6521739130434783,0.03453453453453453,666,15
overall,MIXED,15.3,ALL,keystone,8021,フリートフットワーク,23,15,8,0.6521739130434783,0.05609756097560976,410,15
overall,MIXED,15.10,MIDDLE,rune,8009,冷静沈着,23,15,8,0.6521739130434783,0.16666666666666666,138,15
overall,MIXED,15.13,TOP,rune,8009,冷静沈着,23,15,8,0.6521739130434783,0.11979166666666667,192,15
overall,MIXED,16.11,TOP,rune,8304,魔法の靴,23,15,8,0.6521739130434783,0.09745762711864407,236,15
overall,MIXED,16.16,MIDDLE,rune,8321,キャッシュバック,23,14,9,0.6086956521739131,0.03453453453453453,666,15
overall,MIXED,16.11,BOTTOM,keystone,8005,プレスアタック,23,14,9,0.6086956521739131,0.09745762711864407,236,15
overall,MIXED,14.21,TOP,rune,8473,ボーンアーマー,23,14,9,0.6086956521739131,0.4107142857142857,56,15
overall,MIXED,15.6,ALL,rune,8226,マナフローバンド,23,14,9,0.6086956521739131,0.2875,80,15
overall,MIXED,16.3,JUNGLE,keystone,8008,リーサルテンポ,23,14,9,0.6086956521739131,0.13068181818181818,176,15
overall,MIXED,15.3,JUNGLE,rune,9105,レジェンド: ヘイスト,23,14,9,0.6086956521739131,0.2804878048780488,82,15
overall,MIXED,16.5,MIDDLE,rune,8347,宇宙の英知,23,14,9,0.6086956521739131,0.1419753086419753,162,15
overall,MIXED,14.19,BOTTOM,rune,8236,強まる嵐,23,14,9,0.6086956521739131,0.27380952380952384,84,15
overall,MIXED,16.8,MIDDLE,rune,8444,息継ぎ,23,14,9,0.6086956521739131,0.16428571428571428,140,15
overall,MIXED,15.22,TOP,rune,8242,気迫,23,14,9,0.6086956521739131,0.17424242424242425,132,15
overall,MIXED,15.13,ALL,rune,8232,水走り,23,14,9,0.6086956521739131,0.023958333333333335,960,15
overall,MIXED,15.24,TOP,keystone,8229,秘儀の彗星,23,14,9,0.6086956521739131,0.06725146198830409,342,15
overall,MIXED,15.22,UTILITY,rune,8106,至極の賞金首狩り,23,14,9,0.6086956521739131,0.17424242424242425,132,15
overall,MIXED,14.24,TOP,rune,8451,超成長,23,14,9,0.6086956521739131,0.46,50,15
overall,MIXED,15.17,TOP,rune,8237,追火,23,14,9,0.6086956521739131,0.1419753086419753,162,15
overall,MIXED,16.12,UTILITY,shard,5005,UNKNOWN(5005),23,13,10,0.5652173913043478,0.12921348314606743,178,15
overall,MIXED,16.15,JUNGLE,shard,5010,UNKNOWN(5010),23,13,10,0.5652173913043478,0.02784503631961259,826,15
overall,MIXED,16.1,TOP,shard,5011,UNKNOWN(5011),23,13,10,0.5652173913043478,0.14935064935064934,154,15
overall,MIXED,16.13,JUNGLE,rune,8224,アクシオム アルカニスト,23,13,10,0.5652173913043478,0.034954407294832825,658,15
overall,MIXED,16.7,ALL,rune,8224,アクシオム アルカニスト,23,13,10,0.5652173913043478,0.02987012987012987,770,15
overall,MIXED,16.3,TOP,rune,8345,ビスケットデリバリー,23,13,10,0.5652173913043478,0.13068181818181818,176,15
overall,MIXED,14.22,ALL,keystone,8005,プレスアタック,23,13,10,0.5652173913043478,0.07931034482758621,290,15
overall,MIXED,15.14,BOTTOM,keystone,8005,プレスアタック,23,13,10,0.5652173913043478,0.25,92,15
overall,MIXED,16.3,MIDDLE,rune,8473,ボーンアーマー,23,13,10,0.5652173913043478,0.13068181818181818,176,15
overall,MIXED,14.23,ALL,rune,9103,レジェンド: 血脈,23,13,10,0.5652173913043478,0.10952380952380952,210,15
overall,MIXED,15.4,TOP,rune,9111,凱旋,23,13,10,0.5652173913043478,0.42592592592592593,54,15
overall,MIXED,15.12,TOP,rune,8242,気迫,23,13,10,0.5652173913043478,0.22549019607843138,102,15
overall,MIXED,16.18,JUNGLE,rune,8410,疾駆,23,13,10,0.5652173913043478,0.06845238095238096,336,15
overall,MIXED,16.1,MIDDLE,keystone,8229,秘儀の彗星,23,13,10,0.5652173913043478,0.14935064935064934,154,15
overall,MIXED,16.6,BOTTOM,rune,8233,英気集中,23,13,10,0.5652173913043478,0.1513157894736842,152,15
overall,MIXED,16.18,MIDDLE,rune,8135,貪欲な賞金首狩り,23,13,10,0.5652173913043478,0.06845238095238096,336,15
overall,MIXED,15.3,MIDDLE,rune,8451,超成長,23,13,10,0.5652173913043478,0.2804878048780488,82,15
overall,MIXED,15.15,UTILITY,rune,8237,追火,23,13,10,0.5652173913043478,0.2804878048780488,82,15
overall,MIXED,14.23,ALL,shard,5007,UNKNOWN(5007),23,12,11,0.5217391304347826,0.10952380952380952,210,15
overall,MIXED,16.1,MIDDLE,shard,5011,UNKNOWN(5011),23,12,11,0.5217391304347826,0.14935064935064934,154,15
overall,MIXED,16.8,TOP,shard,5011,UNKNOWN(5011),23,12,11,0.5217391304347826,0.16428571428571428,140,15
overall,MIXED,16.16,JUNGLE,keystone,8439,アフターショック,23,12,11,0.5217391304347826,0.03453453453453453,666,15
overall,MIXED,15.16,JUNGLE,rune,8140,グリスリー メメント,23,12,11,0.5217391304347826,0.21296296296296297,108,15
overall,MIXED,15.22,JUNGLE,rune,8140,グリスリー メメント,23,12,11,0.5217391304347826,0.17424242424242425,132,15
overall,MIXED,15.22,JUNGLE,rune,8143,サドンインパクト,23,12,11,0.5217391304347826,0.17424242424242425,132,15
overall,MIXED,16.11,MIDDLE,rune,8401,シールドバッシュ,23,12,11,0.5217391304347826,0.09745762711864407,236,15
overall,MIXED,16.18,MIDDLE,rune,8401,シールドバッシュ,23,12,11,0.5217391304347826,0.06845238095238096,336,15
overall,MIXED,16.13,JUNGLE,rune,8313,トリプル トニック,23,12,11,0.5217391304347826,0.034954407294832825,658,15
overall,MIXED,16.8,TOP,rune,8345,ビスケットデリバリー,23,12,11,0.5217391304347826,0.16428571428571428,140,15
overall,MIXED,15.15,ALL,keystone,8021,フリートフットワーク,23,12,11,0.5217391304347826,0.05609756097560976,410,15
overall,MIXED,14.24,MIDDLE,rune,8226,マナフローバンド,23,12,11,0.5217391304347826,0.46,50,15
overall,MIXED,15.12,JUNGLE,rune,9105,レジェンド: ヘイスト,23,12,11,0.5217391304347826,0.22549019607843138,102,15
overall,MIXED,15.7,JUNGLE,rune,9105,レジェンド: ヘイスト,23,12,11,0.5217391304347826,0.25,92,15
overall,MIXED,14.20,ALL,rune,9101,体力吸収,23,12,11,0.5217391304347826,0.05,460,15
overall,MIXED,15.6,ALL,rune,9111,凱旋,23,12,11,0.5217391304347826,0.2875,80,15
overall,MIXED,15.18,MIDDLE,rune,8347,宇宙の英知,23,12,11,0.5217391304347826,0.17692307692307693,130,15
overall,MIXED,15.1,ALL,rune,8236,強まる嵐,23,12,11,0.5217391304347826,0.12105263157894737,190,15
overall,MIXED,16.4,BOTTOM,rune,8236,強まる嵐,23,12,11,0.5217391304347826,0.2169811320754717,106,15
overall,MIXED,15.12,TOP,rune,8446,打ちこわし,23,12,11,0.5217391304347826,0.22549019607843138,102,15
overall,MIXED,14.20,UTILITY,keystone,8229,秘儀の彗星,23,12,11,0.5217391304347826,0.25,92,15
overall,MIXED,14.20,BOTTOM,rune,8233,英気集中,23,12,11,0.5217391304347826,0.25,92,15
overall,MIXED,16.6,MIDDLE,rune,8139,血の味わい,23,12,11,0.5217391304347826,0.1513157894736842,152,15
overall,MIXED,16.8,MIDDLE,rune,8451,超成長,23,12,11,0.5217391304347826,0.16428571428571428,140,15
overall,MIXED,16.15,TOP,rune,8126,追い打ち,23,12,11,0.5217391304347826,0.02784503631961259,826,15
overall,MIXED,16.2,ALL,keystone,8128,魂の収穫,23,12,11,0.5217391304347826,0.0323943661971831,710,15
overall,MIXED,15.22,TOP,shard,5011,UNKNOWN(5011),23,11,12,0.4782608695652174,0.17424242424242425,132,15
overall,MIXED,15.24,BOTTOM,rune,8316,なんでも屋,23,11,12,0.4782608695652174,0.06744868035190615,341,15
overall,MIXED,16.15,MIDDLE,keystone,8214,エアリー召喚,23,11,12,0.4782608695652174,0.02784503631961259,826,15
overall,MIXED,16.1,JUNGLE,rune,8140,グリスリー メメント,23,11,12,0.4782608695652174,0.14935064935064934,154,15
overall,MIXED,15.14,JUNGLE,rune,8143,サドンインパクト,23,11,12,0.4782608695652174,0.25,92,15
overall,MIXED,16.7,MIDDLE,rune,8143,サドンインパクト,23,11,12,0.4782608695652174,0.14935064935064934,154,15
overall,MIXED,15.12,ALL,rune,8275,ニンバスクローク,23,11,12,0.4782608695652174,0.045098039215686274,510,15
overall,MIXED,16.11,TOP,rune,8345,ビスケットデリバリー,23,11,12,0.4782608695652174,0.09745762711864407,236,15
overall,MIXED,15.8,BOTTOM,keystone,8005,プレスアタック,23,11,12,0.4782608695652174,0.17692307692307693,130,15
overall,MIXED,15.11,ALL,rune,9101,体力吸収,23,11,12,0.4782608695652174,0.04339622641509434,530,15
overall,MIXED,15.22,MIDDLE,rune,8009,冷静沈着,23,11,12,0.4782608695652174,0.17424242424242425,132,15
overall,MIXED,15.24,UTILITY,rune,8009,冷静沈着,23,11,12,0.4782608695652174,0.06725146198830409,342,15
overall,MIXED,16.15,BOTTOM,keystone,8010,征服者,23,11,12,0.4782608695652174,0.02784503631961259,826,15
overall,MIXED,15.5,ALL,rune,8014,最期の慈悲,23,11,12,0.4782608695652174,0.23,100,15
overall,MIXED,15.23,UTILITY,rune,8453,生気付与,23,11,12,0.4782608695652174,0.19827586206896552,116,15
overall,MIXED,15.19,TOP,rune,8410,疾駆,23,11,12,0.4782608695652174,0.10043668122270742,229,15
overall,MIXED,15.2,ALL,rune,8410,疾駆,23,11,12,0.4782608695652174,0.05,460,15
overall,MIXED,15.21,UTILITY,keystone,8229,秘儀の彗星,23,11,12,0.4782608695652174,0.19491525423728814,118,15
overall,MIXED,15.23,UTILITY,keystone,8229,秘儀の彗星,23,11,12,0.4782608695652174,0.19827586206896552,116,15
overall,MIXED,15.24,TOP,rune,8106,至極の賞金首狩り,23,11,12,0.4782608695652174,0.06725146198830409,342,15
overall,MIXED,16.12,JUNGLE,rune,8106,至極の賞金首狩り,23,11,12,0.4782608695652174,0.12921348314606743,178,15
overall,MIXED,16.5,JUNGLE,rune,8106,至極の賞金首狩り,23,11,12,0.4782608695652174,0.1419753086419753,162,15
overall,MIXED,16.10,MIDDLE,rune,8135,貪欲な賞金首狩り,23,11,12,0.4782608695652174,0.1036036036036036,222,15
overall,MIXED,15.24,UTILITY,rune,8451,超成長,23,11,12,0.4782608695652174,0.06725146198830409,342,15
overall,MIXED,16.5,TOP,rune,8234,追い風,23,11,12,0.4782608695652174,0.1419753086419753,162,15
overall,MIXED,15.4,UTILITY,rune,8237,追火,23,11,12,0.4782608695652174,0.42592592592592593,54,15
overall,MIXED,15.4,BOTTOM,rune,8304,魔法の靴,23,11,12,0.4782608695652174,0.42592592592592593,54,15
overall,MIXED,16.16,TOP,shard,5010,UNKNOWN(5010),23,10,13,0.43478260869565216,0.03453453453453453,666,15
overall,MIXED,16.3,TOP,shard,5011,UNKNOWN(5011),23,10,13,0.43478260869565216,0.13068181818181818,176,15
overall,MIXED,16.5,TOP,shard,5011,UNKNOWN(5011),23,10,13,0.43478260869565216,0.1419753086419753,162,15
overall,MIXED,15.13,ALL,rune,8316,なんでも屋,23,10,13,0.43478260869565216,0.023958333333333335,960,15
overall,MIXED,16.14,UTILITY,rune,8316,なんでも屋,23,10,13,0.43478260869565216,0.033045977011494254,696,15
overall,MIXED,15.14,JUNGLE,rune,8140,グリスリー メメント,23,10,13,0.43478260869565216,0.25,92,15
overall,MIXED,16.18,JUNGLE,rune,8313,トリプル トニック,23,10,13,0.43478260869565216,0.06845238095238096,336,15
overall,MIXED,16.2,MIDDLE,rune,8345,ビスケットデリバリー,23,10,13,0.43478260869565216,0.1619718309859155,142,15
overall,MIXED,16.2,BOTTOM,keystone,8005,プレスアタック,23,10,13,0.43478260869565216,0.1619718309859155,142,15
overall,MIXED,15.2,JUNGLE,rune,9105,レジェンド: ヘイスト,23,10,13,0.43478260869565216,0.25,92,15
overall,MIXED,15.2,ALL,rune,8017,切り崩し,23,10,13,0.43478260869565216,0.05,460,15
overall,MIXED,16.7,MIDDLE,rune,8347,宇宙の英知,23,10,13,0.43478260869565216,0.14935064935064934,154,15
overall,MIXED,14.22,BOTTOM,rune,8236,強まる嵐,23,10,13,0.43478260869565216,0.39655172413793105,58,15
overall,MIXED,15.15,TOP,keystone,8010,征服者,23,10,13,0.43478260869565216,0.2804878048780488,82,15
overall,MIXED,15.3,ALL,rune,8463,生命の泉,23,10,13,0.43478260869565216,0.05609756097560976,410,15
overall,MIXED,16.7,TOP,rune,8210,至高,23,10,13,0.43478260869565216,0.14935064935064934,154,15
overall,MIXED,15.10,MIDDLE,rune,8139,血の味わい,23,10,13,0.43478260869565216,0.16666666666666666,138,15
overall,MIXED,15.3,MIDDLE,rune,8139,血の味わい,23,10,13,0.43478260869565216,0.2804878048780488,82,15
overall,MIXED,16.16,UTILITY,rune,8135,貪欲な賞金首狩り,23,10,13,0.43478260869565216,0.03453453453453453,666,15
overall,MIXED,14.22,ALL,keystone,8439,アフターショック,23,9,14,0.391304347826087,0.07931034482758621,290,15
overall,MIXED,15.12,BOTTOM,keystone,8021,フリートフットワーク,23,9,14,0.391304347826087,0.22772277227722773,101,15
overall,MIXED,15.7,BOTTOM,keystone,8005,プレスアタック,23,9,14,0.391304347826087,0.25,92,15
overall,MIXED,16.11,UTILITY,rune,8306,ヘクステックフラッシュネイター,23,9,14,0.391304347826087,0.09745762711864407,236,15
overall,MIXED,16.13,JUNGLE,rune,8473,ボーンアーマー,23,9,14,0.391304347826087,0.034954407294832825,658,15
overall,MIXED,16.18,JUNGLE,keystone,8230,嵐乗りの勇躍,23,9,14,0.391304347826087,0.06845238095238096,336,15
overall,MIXED,15.2,JUNGLE,rune,8299,背水の陣,23,9,14,0.391304347826087,0.25,92,15
overall,MIXED,15.15,BOTTOM,rune,8233,英気集中,23,9,14,0.391304347826087,0.2804878048780488,82,15
overall,MIXED,14.20,MIDDLE,rune,8139,血の味わい,23,9,14,0.391304347826087,0.25,92,15
overall,MIXED,16.13,BOTTOM,rune,8135,貪欲な賞金首狩り,23,9,14,0.391304347826087,0.034954407294832825,658,15
overall,MIXED,16.17,UTILITY,rune,8316,なんでも屋,23,8,15,0.34782608695652173,0.022817460317460316,1008,15
overall,MIXED,16.16,MIDDLE,rune,8275,ニンバスクローク,23,8,15,0.34782608695652173,0.03453453453453453,666,15
overall,MIXED,15.13,MIDDLE,rune,8473,ボーンアーマー,23,8,15,0.34782608695652173,0.12041884816753927,191,15
overall,MIXED,15.13,TOP,rune,8226,マナフローバンド,23,8,15,0.34782608695652173,0.11979166666666667,192,15
overall,MIXED,15.3,TOP,rune,9104,レジェンド: 迅速,23,8,15,0.34782608695652173,0.2804878048780488,82,15
overall,MIXED,15.11,MIDDLE,keystone,8229,秘儀の彗星,23,8,15,0.34782608695652173,0.2169811320754717,106,15
overall,MIXED,15.13,ALL,keystone,8128,魂の収穫,23,8,15,0.34782608695652173,0.023958333333333335,960,15
overall,MIXED,15.17,UTILITY,shard,5005,UNKNOWN(5005),23,7,16,0.30434782608695654,0.14285714285714285,161,15
overall,MIXED,15.24,JUNGLE,shard,5011,UNKNOWN(5011),23,7,16,0.30434782608695654,0.06725146198830409,342,15
overall,MIXED,15.18,JUNGLE,rune,8143,サドンインパクト,23,7,16,0.30434782608695654,0.17692307692307693,130,15
overall,MIXED,14.22,UTILITY,rune,8345,ビスケットデリバリー,23,7,16,0.30434782608695654,0.39655172413793105,58,15
overall,MIXED,15.22,ALL,rune,9101,体力吸収,23,7,16,0.30434782608695654,0.03484848484848485,660,15
overall,MIXED,15.14,MIDDLE,rune,8009,冷静沈着,23,7,16,0.30434782608695654,0.25,92,15
overall,MIXED,16.13,TOP,rune,8106,至極の賞金首狩り,23,7,16,0.30434782608695654,0.034954407294832825,658,15
overall,MIXED,15.9,BOTTOM,rune,8233,英気集中,23,6,17,0.2608695652173913,0.26744186046511625,86,15
overall,MIXED,15.12,MIDDLE,rune,8451,超成長,23,6,17,0.2608695652173913,0.22549019607843138,102,15
overall,MIXED,16.15,TOP,rune,8321,キャッシュバック,22,15,7,0.6818181818181818,0.026634382566585957,826,15
overall,MIXED,15.7,TOP,rune,9105,レジェンド: ヘイスト,22,15,7,0.6818181818181818,0.2391304347826087,92,15
overall,MIXED,16.16,TOP,rune,8233,英気集中,22,15,7,0.6818181818181818,0.03303303303303303,666,15
overall,MIXED,15.22,UTILITY,shard,5011,UNKNOWN(5011),22,14,8,0.6363636363636364,0.16666666666666666,132,15
overall,MIXED,14.20,JUNGLE,rune,8138,UNKNOWN(8138),22,14,8,0.6363636363636364,0.2391304347826087,92,15
overall,MIXED,15.21,ALL,keystone,8214,エアリー召喚,22,14,8,0.6363636363636364,0.03728813559322034,590,15
overall,MIXED,16.13,ALL,keystone,8351,グレイシャルオーグメント,22,14,8,0.6363636363636364,0.006686930091185411,3290,15
overall,MIXED,16.5,MIDDLE,rune,8345,ビスケットデリバリー,22,14,8,0.6363636363636364,0.13580246913580246,162,15
overall,MIXED,15.1,UTILITY,rune,8226,マナフローバンド,22,14,8,0.6363636363636364,0.5789473684210527,38,15
overall,MIXED,16.8,BOTTOM,rune,8347,宇宙の英知,22,14,8,0.6363636363636364,0.15714285714285714,140,15
overall,MIXED,15.10,ALL,keystone,8128,魂の収穫,22,14,8,0.6363636363636364,0.03188405797101449,690,15
overall,MIXED,16.3,MIDDLE,rune,8304,魔法の靴,22,14,8,0.6363636363636364,0.125,176,15
overall,MIXED,16.18,TOP,rune,8224,アクシオム アルカニスト,22,13,9,0.5909090909090909,0.06547619047619048,336,15
overall,MIXED,16.14,TOP,rune,8140,グリスリー メメント,22,13,9,0.5909090909090909,0.031609195402298854,696,15
overall,MIXED,15.7,BOTTOM,rune,9104,レジェンド: 迅速,22,13,9,0.5909090909090909,0.2391304347826087,92,15
overall,MIXED,16.5,ALL,rune,9101,体力吸収,22,13,9,0.5909090909090909,0.027160493827160494,810,15
overall,MIXED,16.1,MIDDLE,rune,8009,冷静沈着,22,13,9,0.5909090909090909,0.14285714285714285,154,15
overall,MIXED,14.24,TOP,rune,9111,凱旋,22,13,9,0.5909090909090909,0.44,50,15
overall,MIXED,15.7,BOTTOM,rune,8017,切り崩し,22,13,9,0.5909090909090909,0.2391304347826087,92,15
overall,MIXED,16.12,BOTTOM,keystone,8992,死神の残り火,22,13,9,0.5909090909090909,0.12429378531073447,177,15
overall,MIXED,15.24,BOTTOM,rune,8135,貪欲な賞金首狩り,22,13,9,0.5909090909090909,0.06451612903225806,341,15
overall,MIXED,15.11,MIDDLE,rune,8451,超成長,22,13,9,0.5909090909090909,0.20754716981132076,106,15
overall,MIXED,15.22,TOP,rune,8304,魔法の靴,22,13,9,0.5909090909090909,0.16666666666666666,132,15
overall,MIXED,15.20,UTILITY,shard,5005,UNKNOWN(5005),22,12,10,0.5454545454545454,0.16666666666666666,132,15
overall,MIXED,15.1,ALL,shard,5011,UNKNOWN(5011),22,12,10,0.5454545454545454,0.11578947368421053,190,15
overall,MIXED,15.19,TOP,shard,5011,UNKNOWN(5011),22,12,10,0.5454545454545454,0.09606986899563319,229,15
overall,MIXED,15.9,UTILITY,rune,8401,シールドバッシュ,22,12,10,0.5454545454545454,0.2558139534883721,86,15
overall,MIXED,15.8,MIDDLE,rune,8345,ビスケットデリバリー,22,12,10,0.5454545454545454,0.16923076923076924,130,15
overall,MIXED,16.11,BOTTOM,keystone,8369,ファーストストライク,22,12,10,0.5454545454545454,0.09322033898305085,236,15
overall,MIXED,15.21,JUNGLE,keystone,8008,リーサルテンポ,22,12,10,0.5454545454545454,0.1864406779661017,118,15
overall,MIXED,16.10,JUNGLE,keystone,8008,リーサルテンポ,22,12,10,0.5454545454545454,0.0990990990990991,222,15
overall,MIXED,15.9,TOP,rune,9104,レジェンド: 迅速,22,12,10,0.5454545454545454,0.2558139534883721,86,15
overall,MIXED,14.20,BOTTOM,rune,8017,切り崩し,22,12,10,0.5454545454545454,0.2391304347826087,92,15
overall,MIXED,14.21,ALL,rune,8242,気迫,22,12,10,0.5454545454545454,0.07857142857142857,280,15
overall,MIXED,15.14,TOP,rune,8453,生気付与,22,12,10,0.5454545454545454,0.2391304347826087,92,15
overall,MIXED,16.2,UTILITY,rune,8453,生気付与,22,12,10,0.5454545454545454,0.15492957746478872,142,15
overall,MIXED,15.13,MIDDLE,rune,8137,第六感,22,12,10,0.5454545454545454,0.11518324607329843,191,15
overall,MIXED,15.19,ALL,rune,8137,第六感,22,12,10,0.5454545454545454,0.019130434782608695,1150,15
overall,MIXED,16.5,BOTTOM,rune,8210,至高,22,12,10,0.5454545454545454,0.13580246913580246,162,15
overall,MIXED,16.11,MIDDLE,rune,8135,貪欲な賞金首狩り,22,12,10,0.5454545454545454,0.09322033898305085,236,15
overall,MIXED,15.19,MIDDLE,rune,8126,追い打ち,22,12,10,0.5454545454545454,0.09565217391304348,230,15
overall,MIXED,15.4,ALL,rune,8234,追い風,22,12,10,0.5454545454545454,0.08148148148148149,270,15
overall,MIXED,16.6,TOP,shard,5011,UNKNOWN(5011),22,11,11,0.5,0.14473684210526316,152,15
overall,MIXED,16.9,MIDDLE,shard,5011,UNKNOWN(5011),22,11,11,0.5,0.13924050632911392,158,15
overall,MIXED,16.1,ALL,rune,8316,なんでも屋,22,11,11,0.5,0.02857142857142857,770,15
overall,MIXED,16.1,UTILITY,keystone,8214,エアリー召喚,22,11,11,0.5,0.1437908496732026,153,15
overall,MIXED,14.24,ALL,rune,8143,サドンインパクト,22,11,11,0.5,0.088,250,15
overall,MIXED,16.17,UTILITY,rune,8141,ディープワード,22,11,11,0.5,0.021825396825396824,1008,15
overall,MIXED,16.18,MIDDLE,rune,8275,ニンバスクローク,22,11,11,0.5,0.06547619047619048,336,15
overall,MIXED,14.22,BOTTOM,rune,8345,ビスケットデリバリー,22,11,11,0.5,0.3793103448275862,58,15
overall,MIXED,15.21,BOTTOM,keystone,8021,フリートフットワーク,22,11,11,0.5,0.18803418803418803,117,15
overall,MIXED,15.4,MIDDLE,rune,8226,マナフローバンド,22,11,11,0.5,0.4074074074074074,54,15
overall,MIXED,16.10,TOP,rune,8226,マナフローバンド,22,11,11,0.5,0.0990990990990991,222,15
overall,MIXED,14.19,BOTTOM,keystone,8008,リーサルテンポ,22,11,11,0.5,0.2619047619047619,84,15
overall,MIXED,15.13,JUNGLE,keystone,8008,リーサルテンポ,22,11,11,0.5,0.11458333333333333,192,15
overall,MIXED,16.11,TOP,keystone,8008,リーサルテンポ,22,11,11,0.5,0.09322033898305085,236,15
overall,MIXED,15.8,BOTTOM,rune,9104,レジェンド: 迅速,22,11,11,0.5,0.16923076923076924,130,15
overall,MIXED,16.4,TOP,keystone,8437,不死者の握撃,22,11,11,0.5,0.20952380952380953,105,15
overall,MIXED,15.12,ALL,rune,9101,体力吸収,22,11,11,0.5,0.043137254901960784,510,15
overall,MIXED,15.18,MIDDLE,rune,9101,体力吸収,22,11,11,0.5,0.16923076923076924,130,15
overall,MIXED,15.20,MIDDLE,rune,8009,冷静沈着,22,11,11,0.5,0.16793893129770993,131,15
overall,MIXED,16.10,MIDDLE,rune,8017,切り崩し,22,11,11,0.5,0.0990990990990991,222,15
overall,MIXED,16.8,ALL,rune,8105,執拗な賞金首狩り,22,11,11,0.5,0.03142857142857143,700,15
overall,MIXED,14.22,TOP,keystone,8010,征服者,22,11,11,0.5,0.3793103448275862,58,15
overall,MIXED,15.4,TOP,rune,8444,息継ぎ,22,11,11,0.5,0.4074074074074074,54,15
overall,MIXED,15.8,MIDDLE,rune,8444,息継ぎ,22,11,11,0.5,0.16923076923076924,130,15
overall,MIXED,15.9,ALL,rune,8463,生命の泉,22,11,11,0.5,0.05116279069767442,430,15
overall,MIXED,16.3,TOP,rune,8453,生気付与,22,11,11,0.5,0.125,176,15
overall,MIXED,14.23,TOP,rune,8299,背水の陣,22,11,11,0.5,0.5238095238095238,42,15
overall,MIXED,16.1,TOP,rune,8210,至高,22,11,11,0.5,0.14285714285714285,154,15
overall,MIXED,14.21,TOP,rune,8451,超成長,22,11,11,0.5,0.39285714285714285,56,15
overall,MIXED,15.8,UTILITY,rune,8126,追い打ち,22,11,11,0.5,0.16923076923076924,130,15
overall,MIXED,14.22,MIDDLE,rune,8138,UNKNOWN(8138),22,10,12,0.45454545454545453,0.3793103448275862,58,15
overall,MIXED,16.3,JUNGLE,rune,8140,グリスリー メメント,22,10,12,0.45454545454545453,0.125,176,15
overall,MIXED,15.10,TOP,rune,8345,ビスケットデリバリー,22,10,12,0.45454545454545453,0.15942028985507245,138,15
overall,MIXED,16.10,MIDDLE,rune,8345,ビスケットデリバリー,22,10,12,0.45454545454545453,0.0990990990990991,222,15
overall,MIXED,15.13,JUNGLE,keystone,8005,プレスアタック,22,10,12,0.45454545454545453,0.11458333333333333,192,15
overall,MIXED,16.1,TOP,rune,8226,マナフローバンド,22,10,12,0.45454545454545453,0.14285714285714285,154,15
overall,MIXED,16.7,TOP,rune,8226,マナフローバンド,22,10,12,0.45454545454545453,0.14285714285714285,154,15
overall,MIXED,14.23,JUNGLE,rune,9104,レジェンド: 迅速,22,10,12,0.45454545454545453,0.5238095238095238,42,15
overall,MIXED,16.18,TOP,rune,9101,体力吸収,22,10,12,0.45454545454545453,0.06547619047619048,336,15
overall,MIXED,15.12,ALL,rune,8429,心身調整,22,10,12,0.45454545454545453,0.043137254901960784,510,15
overall,MIXED,16.14,JUNGLE,rune,8429,心身調整,22,10,12,0.45454545454545453,0.031609195402298854,696,15
overall,MIXED,16.8,TOP,rune,8453,生気付与,22,10,12,0.45454545454545453,0.15714285714285714,140,15
overall,MIXED,14.20,ALL,rune,8410,疾駆,22,10,12,0.45454545454545453,0.04782608695652174,460,15
overall,MIXED,15.20,UTILITY,rune,8106,至極の賞金首狩り,22,10,12,0.45454545454545453,0.16666666666666666,132,15
overall,MIXED,16.3,JUNGLE,rune,8106,至極の賞金首狩り,22,10,12,0.45454545454545453,0.125,176,15
overall,MIXED,16.4,MIDDLE,rune,8451,超成長,22,10,12,0.45454545454545453,0.20754716981132076,106,15
overall,MIXED,16.1,TOP,rune,8237,追火,22,10,12,0.45454545454545453,0.14285714285714285,154,15
overall,MIXED,14.23,ALL,keystone,8112,電撃,22,10,12,0.45454545454545453,0.10476190476190476,210,15
overall,MIXED,16.3,TOP,rune,8304,魔法の靴,22,10,12,0.45454545454545453,0.125,176,15
overall,MIXED,16.2,MIDDLE,shard,5011,UNKNOWN(5011),22,9,13,0.4090909090909091,0.15492957746478872,142,15
overall,MIXED,15.2,UTILITY,keystone,8439,アフターショック,22,9,13,0.4090909090909091,0.2391304347826087,92,15
overall,MIXED,16.12,UTILITY,keystone,8214,エアリー召喚,22,9,13,0.4090909090909091,0.12359550561797752,178,15
overall,MIXED,15.20,BOTTOM,keystone,8021,フリートフットワーク,22,9,13,0.4090909090909091,0.16666666666666666,132,15
overall,MIXED,15.12,TOP,keystone,8437,不死者の握撃,22,9,13,0.4090909090909091,0.21568627450980393,102,15
overall,MIXED,16.12,TOP,rune,8009,冷静沈着,22,9,13,0.4090909090909091,0.12359550561797752,178,15
overall,MIXED,16.9,TOP,rune,8009,冷静沈着,22,9,13,0.4090909090909091,0.13924050632911392,158,15
overall,MIXED,16.16,BOTTOM,keystone,8010,征服者,22,9,13,0.4090909090909091,0.03303303303303303,666,15
overall,MIXED,15.4,ALL,rune,8446,打ちこわし,22,9,13,0.4090909090909091,0.08148148148148149,270,15
overall,MIXED,15.8,TOP,rune,8242,気迫,22,9,13,0.4090909090909091,0.16923076923076924,130,15
overall,MIXED,15.14,UTILITY,rune,8463,生命の泉,22,9,13,0.4090909090909091,0.2391304347826087,92,15
overall,MIXED,15.13,TOP,rune,8453,生気付与,22,9,13,0.4090909090909091,0.11458333333333333,192,15
overall,MIXED,15.21,ALL,rune,8139,血の味わい,22,9,13,0.4090909090909091,0.03728813559322034,590,15
overall,MIXED,15.2,BOTTOM,rune,8304,魔法の靴,22,9,13,0.4090909090909091,0.2391304347826087,92,15
overall,MIXED,15.8,UTILITY,shard,5011,UNKNOWN(5011),22,8,14,0.36363636363636365,0.16923076923076924,130,15
overall,MIXED,16.18,JUNGLE,rune,8275,ニンバスクローク,22,8,14,0.36363636363636365,0.06547619047619048,336,15
overall,MIXED,16.18,MIDDLE,keystone,8369,ファーストストライク,22,8,14,0.36363636363636365,0.06547619047619048,336,15
overall,MIXED,14.21,ALL,keystone,8021,フリートフットワーク,22,8,14,0.36363636363636365,0.07857142857142857,280,15
overall,MIXED,15.18,ALL,keystone,8021,フリートフットワーク,22,8,14,0.36363636363636365,0.033846153846153845,650,15
overall,MIXED,16.3,BOTTOM,keystone,8005,プレスアタック,22,8,14,0.36363636363636365,0.125,176,15
overall,MIXED,15.4,ALL,rune,8017,切り崩し,22,8,14,0.36363636363636365,0.08148148148148149,270,15
overall,MIXED,14.21,BOTTOM,rune,8236,強まる嵐,22,8,14,0.36363636363636365,0.39285714285714285,56,15
overall,MIXED,15.19,ALL,rune,8232,水走り,22,8,14,0.36363636363636365,0.019130434782608695,1150,15
overall,MIXED,16.8,UTILITY,rune,8106,至極の賞金首狩り,22,8,14,0.36363636363636365,0.15714285714285714,140,15
overall,MIXED,16.13,MIDDLE,rune,8234,追い風,22,8,14,0.36363636363636365,0.03343465045592705,658,15
overall,MIXED,16.5,BOTTOM,keystone,8005,プレスアタック,22,7,15,0.3181818181818182,0.13580246913580246,162,15
overall,MIXED,15.19,UTILITY,rune,9105,レジェンド: ヘイスト,22,7,15,0.3181818181818182,0.09565217391304348,230,15
overall,MIXED,14.24,ALL,rune,9103,レジェンド: 血脈,22,7,15,0.3181818181818182,0.088,250,15
overall,MIXED,16.16,MIDDLE,keystone,8230,嵐乗りの勇躍,22,7,15,0.3181818181818182,0.03303303303303303,666,15
overall,MIXED,15.2,TOP,rune,8453,生気付与,22,7,15,0.3181818181818182,0.2391304347826087,92,15
overall,MIXED,14.22,UTILITY,rune,8347,宇宙の英知,22,6,16,0.2727272727272727,0.3793103448275862,58,15
overall,MIXED,15.12,MIDDLE,rune,8444,息継ぎ,22,6,16,0.2727272727272727,0.21568627450980393,102,15
overall,MIXED,16.1,ALL,keystone,8128,魂の収穫,22,6,16,0.2727272727272727,0.02857142857142857,770,15
overall,MIXED,15.24,MIDDLE,keystone,8369,ファーストストライク,22,4,18,0.18181818181818182,0.06432748538011696,342,15
overall,MIXED,16.3,UTILITY,shard,5005,UNKNOWN(5005),21,16,5,0.7619047619047619,0.11931818181818182,176,15
overall,MIXED,14.21,ALL,keystone,8437,不死者の握撃,21,16,5,0.7619047619047619,0.075,280,15
overall,MIXED,15.11,MIDDLE,rune,8105,執拗な賞金首狩り,21,16,5,0.7619047619047619,0.19811320754716982,106,15
overall,MIXED,15.24,JUNGLE,rune,8232,水走り,21,16,5,0.7619047619047619,0.06140350877192982,342,15
overall,MIXED,14.21,UTILITY,rune,8347,宇宙の英知,21,15,6,0.7142857142857143,0.375,56,15
overall,MIXED,14.21,UTILITY,shard,5007,UNKNOWN(5007),21,14,7,0.6666666666666666,0.375,56,15
overall,MIXED,15.21,JUNGLE,rune,8140,グリスリー メメント,21,14,7,0.6666666666666666,0.17796610169491525,118,15
overall,MIXED,15.23,ALL,rune,8313,トリプル トニック,21,14,7,0.6666666666666666,0.03620689655172414,580,15
overall,MIXED,15.13,MIDDLE,rune,8236,強まる嵐,21,14,7,0.6666666666666666,0.1099476439790576,191,15
overall,MIXED,15.21,JUNGLE,rune,8106,至極の賞金首狩り,21,14,7,0.6666666666666666,0.17796610169491525,118,15
overall,MIXED,15.4,JUNGLE,rune,8106,至極の賞金首狩り,21,14,7,0.6666666666666666,0.3888888888888889,54,15
overall,MIXED,15.1,UTILITY,rune,8210,至高,21,14,7,0.6666666666666666,0.5526315789473685,38,15
overall,MIXED,15.23,JUNGLE,rune,8135,貪欲な賞金首狩り,21,14,7,0.6666666666666666,0.1810344827586207,116,15
overall,MIXED,14.22,ALL,rune,8126,追い打ち,21,14,7,0.6666666666666666,0.07241379310344828,290,15
overall,MIXED,15.24,TOP,shard,5007,UNKNOWN(5007),21,13,8,0.6190476190476191,0.06140350877192982,342,15
overall,MIXED,16.6,BOTTOM,rune,8316,なんでも屋,21,13,8,0.6190476190476191,0.13815789473684212,152,15
overall,MIXED,15.16,ALL,rune,8224,アクシオム アルカニスト,21,13,8,0.6190476190476191,0.03888888888888889,540,15
overall,MIXED,16.13,UTILITY,keystone,8351,グレイシャルオーグメント,21,13,8,0.6190476190476191,0.0319634703196347,657,15
overall,MIXED,15.7,JUNGLE,rune,8143,サドンインパクト,21,13,8,0.6190476190476191,0.22826086956521738,92,15
overall,MIXED,16.6,BOTTOM,keystone,8369,ファーストストライク,21,13,8,0.6190476190476191,0.13815789473684212,152,15
overall,MIXED,16.18,MIDDLE,rune,8242,気迫,21,13,8,0.6190476190476191,0.0625,336,15
overall,MIXED,15.4,ALL,rune,8463,生命の泉,21,13,8,0.6190476190476191,0.07777777777777778,270,15
overall,MIXED,16.15,JUNGLE,rune,8463,生命の泉,21,13,8,0.6190476190476191,0.025423728813559324,826,15
overall,MIXED,15.24,BOTTOM,rune,8299,背水の陣,21,13,8,0.6190476190476191,0.06158357771260997,341,15
overall,MIXED,16.8,JUNGLE,rune,8106,至極の賞金首狩り,21,13,8,0.6190476190476191,0.15,140,15
overall,MIXED,15.19,BOTTOM,rune,8210,至高,21,13,8,0.6190476190476191,0.09130434782608696,230,15
overall,MIXED,14.19,ALL,rune,8233,英気集中,21,13,8,0.6190476190476191,0.05,420,15
overall,MIXED,15.18,UTILITY,rune,8126,追い打ち,21,13,8,0.6190476190476191,0.16153846153846155,130,15
overall,MIXED,14.19,ALL,rune,8234,追い風,21,13,8,0.6190476190476191,0.05,420,15
overall,MIXED,15.19,BOTTOM,rune,8237,追火,21,13,8,0.6190476190476191,0.09130434782608696,230,15
overall,MIXED,16.18,UTILITY,shard,5010,UNKNOWN(5010),21,12,9,0.5714285714285714,0.0625,336,15
overall,MIXED,16.5,ALL,shard,5010,UNKNOWN(5010),21,12,9,0.5714285714285714,0.025925925925925925,810,15
overall,MIXED,15.24,UTILITY,rune,8224,アクシオム アルカニスト,21,12,9,0.5714285714285714,0.06140350877192982,342,15
overall,MIXED,15.11,MIDDLE,rune,8143,サドンインパクト,21,12,9,0.5714285714285714,0.19811320754716982,106,15
overall,MIXED,15.16,JUNGLE,rune,8143,サドンインパクト,21,12,9,0.5714285714285714,0.19444444444444445,108,15
overall,MIXED,15.9,JUNGLE,rune,8143,サドンインパクト,21,12,9,0.5714285714285714,0.2441860465116279,86,15
overall,MIXED,16.18,TOP,rune,8143,サドンインパクト,21,12,9,0.5714285714285714,0.0625,336,15
overall,MIXED,16.16,UTILITY,rune,8275,ニンバスクローク,21,12,9,0.5714285714285714,0.03153153153153153,666,15
overall,MIXED,16.18,BOTTOM,keystone,8021,フリートフットワーク,21,12,9,0.5714285714285714,0.0625,336,15
overall,MIXED,15.15,BOTTOM,keystone,8005,プレスアタック,21,12,9,0.5714285714285714,0.25609756097560976,82,15
overall,MIXED,15.23,BOTTOM,keystone,8005,プレスアタック,21,12,9,0.5714285714285714,0.1810344827586207,116,15
overall,MIXED,16.5,MIDDLE,rune,8473,ボーンアーマー,21,12,9,0.5714285714285714,0.12962962962962962,162,15
overall,MIXED,16.10,TOP,rune,9103,レジェンド: 血脈,21,12,9,0.5714285714285714,0.0945945945945946,222,15
overall,MIXED,16.12,UTILITY,rune,9111,凱旋,21,12,9,0.5714285714285714,0.11797752808988764,178,15
overall,MIXED,15.21,MIDDLE,rune,8236,強まる嵐,21,12,9,0.5714285714285714,0.17796610169491525,118,15
overall,MIXED,14.23,ALL,rune,8446,打ちこわし,21,12,9,0.5714285714285714,0.1,210,15
overall,MIXED,16.14,UTILITY,rune,8446,打ちこわし,21,12,9,0.5714285714285714,0.03017241379310345,696,15
overall,MIXED,15.15,UTILITY,rune,8463,生命の泉,21,12,9,0.5714285714285714,0.25609756097560976,82,15
overall,MIXED,16.16,JUNGLE,rune,8463,生命の泉,21,12,9,0.5714285714285714,0.03153153153153153,666,15
overall,MIXED,15.15,TOP,rune,8410,疾駆,21,12,9,0.5714285714285714,0.25609756097560976,82,15
overall,MIXED,15.1,TOP,rune,8299,背水の陣,21,12,9,0.5714285714285714,0.5526315789473685,38,15
overall,MIXED,15.3,JUNGLE,rune,8299,背水の陣,21,12,9,0.5714285714285714,0.25609756097560976,82,15
overall,MIXED,16.4,MIDDLE,rune,8106,至極の賞金首狩り,21,12,9,0.5714285714285714,0.19811320754716982,106,15
overall,MIXED,16.3,BOTTOM,rune,8233,英気集中,21,12,9,0.5714285714285714,0.11931818181818182,176,15
overall,MIXED,14.24,ALL,rune,8139,血の味わい,21,12,9,0.5714285714285714,0.084,250,15
overall,MIXED,16.3,ALL,keystone,8128,魂の収穫,21,12,9,0.5714285714285714,0.023863636363636365,880,15
overall,MIXED,14.21,ALL,keystone,8439,アフターショック,21,11,10,0.5238095238095238,0.075,280,15
overall,MIXED,14.24,ALL,keystone,8439,アフターショック,21,11,10,0.5238095238095238,0.084,250,15
overall,MIXED,15.22,UTILITY,keystone,8214,エアリー召喚,21,11,10,0.5238095238095238,0.1590909090909091,132,15
overall,MIXED,15.23,UTILITY,keystone,8214,エアリー召喚,21,11,10,0.5238095238095238,0.1810344827586207,116,15
overall,MIXED,16.14,UTILITY,rune,8321,キャッシュバック,21,11,10,0.5238095238095238,0.03017241379310345,696,15
overall,MIXED,15.9,JUNGLE,rune,8140,グリスリー メメント,21,11,10,0.5238095238095238,0.2441860465116279,86,15
overall,MIXED,15.5,ALL,rune,8345,ビスケットデリバリー,21,11,10,0.5238095238095238,0.21,100,15
overall,MIXED,15.9,ALL,keystone,8021,フリートフットワーク,21,11,10,0.5238095238095238,0.04883720930232558,430,15
overall,MIXED,16.13,TOP,keystone,8021,フリートフットワーク,21,11,10,0.5238095238095238,0.031914893617021274,658,15
overall,MIXED,15.12,ALL,rune,8306,ヘクステックフラッシュネイター,21,11,10,0.5238095238095238,0.041176470588235294,510,15
overall,MIXED,15.12,UTILITY,rune,8306,ヘクステックフラッシュネイター,21,11,10,0.5238095238095238,0.20588235294117646,102,15
overall,MIXED,15.22,BOTTOM,rune,8226,マナフローバンド,21,11,10,0.5238095238095238,0.1590909090909091,132,15
overall,MIXED,15.18,MIDDLE,keystone,8008,リーサルテンポ,21,11,10,0.5238095238095238,0.16153846153846155,130,15
overall,MIXED,14.23,TOP,rune,9111,凱旋,21,11,10,0.5238095238095238,0.5,42,15
overall,MIXED,15.7,BOTTOM,rune,9111,凱旋,21,11,10,0.5238095238095238,0.22826086956521738,92,15
overall,MIXED,16.3,TOP,rune,8236,強まる嵐,21,11,10,0.5238095238095238,0.11931818181818182,176,15
overall,MIXED,16.9,UTILITY,rune,8236,強まる嵐,21,11,10,0.5238095238095238,0.13291139240506328,158,15
overall,MIXED,16.18,UTILITY,rune,8429,心身調整,21,11,10,0.5238095238095238,0.0625,336,15
overall,MIXED,16.4,TOP,rune,8446,打ちこわし,21,11,10,0.5238095238095238,0.2,105,15
overall,MIXED,16.11,BOTTOM,keystone,8992,死神の残り火,21,11,10,0.5238095238095238,0.08898305084745763,236,15
overall,MIXED,15.20,BOTTOM,rune,8410,疾駆,21,11,10,0.5238095238095238,0.1590909090909091,132,15
overall,MIXED,14.20,MIDDLE,rune,8299,背水の陣,21,11,10,0.5238095238095238,0.22826086956521738,92,15
overall,MIXED,15.14,ALL,rune,8233,英気集中,21,11,10,0.5238095238095238,0.04565217391304348,460,15
overall,MIXED,15.15,ALL,rune,8135,貪欲な賞金首狩り,21,11,10,0.5238095238095238,0.05121951219512195,410,15
overall,MIXED,15.19,MIDDLE,rune,8304,魔法の靴,21,11,10,0.5238095238095238,0.09130434782608696,230,15
overall,MIXED,15.9,BOTTOM,rune,8304,魔法の靴,21,11,10,0.5238095238095238,0.2441860465116279,86,15
overall,MIXED,16.4,ALL,rune,8224,アクシオム アルカニスト,21,10,11,0.47619047619047616,0.03962264150943396,530,15
overall,MIXED,15.12,UTILITY,keystone,8214,エアリー召喚,21,10,11,0.47619047619047616,0.20588235294117646,102,15
overall,MIXED,15.7,ALL,keystone,8214,エアリー召喚,21,10,11,0.47619047619047616,0.04565217391304348,460,15
overall,MIXED,16.14,ALL,keystone,8465,ガーディアン,21,10,11,0.47619047619047616,0.00603448275862069,3480,15
overall,MIXED,16.14,UTILITY,keystone,8465,ガーディアン,21,10,11,0.47619047619047616,0.03017241379310345,696,15
overall,MIXED,16.1,UTILITY,rune,8401,シールドバッシュ,21,10,11,0.47619047619047616,0.13725490196078433,153,15
overall,MIXED,14.20,ALL,rune,8275,ニンバスクローク,21,10,11,0.47619047619047616,0.04565217391304348,460,15
overall,MIXED,16.14,MIDDLE,rune,8275,ニンバスクローク,21,10,11,0.47619047619047616,0.03017241379310345,696,15
overall,MIXED,16.5,ALL,rune,8275,ニンバスクローク,21,10,11,0.47619047619047616,0.025925925925925925,810,15
overall,MIXED,16.2,TOP,rune,8345,ビスケットデリバリー,21,10,11,0.47619047619047616,0.14788732394366197,142,15
overall,MIXED,16.1,MIDDLE,rune,8473,ボーンアーマー,21,10,11,0.47619047619047616,0.13636363636363635,154,15
overall,MIXED,14.22,TOP,rune,9105,レジェンド: ヘイスト,21,10,11,0.47619047619047616,0.3620689655172414,58,15
overall,MIXED,15.18,TOP,rune,8009,冷静沈着,21,10,11,0.47619047619047616,0.16153846153846155,130,15
overall,MIXED,15.8,MIDDLE,rune,8009,冷静沈着,21,10,11,0.47619047619047616,0.16153846153846155,130,15
overall,MIXED,15.21,ALL,rune,8105,執拗な賞金首狩り,21,10,11,0.47619047619047616,0.03559322033898305,590,15
overall,MIXED,16.5,BOTTOM,rune,8347,宇宙の英知,21,10,11,0.47619047619047616,0.12962962962962962,162,15
overall,MIXED,14.21,JUNGLE,keystone,8010,征服者,21,10,11,0.47619047619047616,0.375,56,15
overall,MIXED,15.6,ALL,keystone,8010,征服者,21,10,11,0.47619047619047616,0.2625,80,15
overall,MIXED,16.15,JUNGLE,rune,8242,気迫,21,10,11,0.47619047619047616,0.025423728813559324,826,15
overall,MIXED,16.4,TOP,rune,8242,気迫,21,10,11,0.47619047619047616,0.2,105,15
overall,MIXED,16.8,TOP,rune,8242,気迫,21,10,11,0.47619047619047616,0.15,140,15
overall,MIXED,14.22,ALL,rune,8463,生命の泉,21,10,11,0.47619047619047616,0.07241379310344828,290,15
overall,MIXED,15.3,UTILITY,rune,8463,生命の泉,21,10,11,0.47619047619047616,0.25609756097560976,82,15
overall,MIXED,15.14,MIDDLE,keystone,8229,秘儀の彗星,21,10,11,0.47619047619047616,0.22826086956521738,92,15
overall,MIXED,15.14,UTILITY,keystone,8229,秘儀の彗星,21,10,11,0.47619047619047616,0.22826086956521738,92,15
overall,MIXED,16.9,MIDDLE,keystone,8229,秘儀の彗星,21,10,11,0.47619047619047616,0.13291139240506328,158,15
overall,MIXED,15.22,ALL,rune,8137,第六感,21,10,11,0.47619047619047616,0.031818181818181815,660,15
overall,MIXED,16.2,ALL,rune,8137,第六感,21,10,11,0.47619047619047616,0.029577464788732393,710,15
overall,MIXED,15.11,JUNGLE,rune,8299,背水の陣,21,10,11,0.47619047619047616,0.19811320754716982,106,15
overall,MIXED,15.4,JUNGLE,rune,8299,背水の陣,21,10,11,0.47619047619047616,0.3888888888888889,54,15
overall,MIXED,15.4,UTILITY,rune,8210,至高,21,10,11,0.47619047619047616,0.3888888888888889,54,15
overall,MIXED,14.19,MIDDLE,rune,8451,超成長,21,10,11,0.47619047619047616,0.25,84,15
overall,MIXED,15.23,MIDDLE,rune,8451,超成長,21,10,11,0.47619047619047616,0.1810344827586207,116,15
overall,MIXED,16.18,JUNGLE,keystone,8128,魂の収穫,21,10,11,0.47619047619047616,0.0625,336,15
overall,MIXED,14.23,MIDDLE,shard,5005,UNKNOWN(5005),21,9,12,0.42857142857142855,0.5,42,15
overall,MIXED,15.13,TOP,shard,5011,UNKNOWN(5011),21,9,12,0.42857142857142855,0.109375,192,15
overall,MIXED,15.19,ALL,rune,8316,なんでも屋,21,9,12,0.42857142857142855,0.018260869565217393,1150,15
overall,MIXED,15.16,ALL,keystone,8214,エアリー召喚,21,9,12,0.42857142857142855,0.03888888888888889,540,15
overall,MIXED,15.18,MIDDLE,rune,8143,サドンインパクト,21,9,12,0.42857142857142855,0.16153846153846155,130,15
overall,MIXED,15.20,UTILITY,rune,8401,シールドバッシュ,21,9,12,0.42857142857142855,0.1590909090909091,132,15
overall,MIXED,16.7,ALL,rune,8275,ニンバスクローク,21,9,12,0.42857142857142855,0.02727272727272727,770,15
overall,MIXED,16.11,MIDDLE,rune,8345,ビスケットデリバリー,21,9,12,0.42857142857142855,0.08898305084745763,236,15
overall,MIXED,16.5,TOP,rune,8345,ビスケットデリバリー,21,9,12,0.42857142857142855,0.12962962962962962,162,15
overall,MIXED,15.13,ALL,keystone,8369,ファーストストライク,21,9,12,0.42857142857142855,0.021875,960,15
overall,MIXED,16.3,BOTTOM,keystone,8369,ファーストストライク,21,9,12,0.42857142857142855,0.11931818181818182,176,15
overall,MIXED,15.23,BOTTOM,keystone,8021,フリートフットワーク,21,9,12,0.42857142857142855,0.1810344827586207,116,15
overall,MIXED,15.9,BOTTOM,keystone,8005,プレスアタック,21,9,12,0.42857142857142855,0.2441860465116279,86,15
overall,MIXED,15.1,MIDDLE,rune,8226,マナフローバンド,21,9,12,0.42857142857142855,0.5675675675675675,37,15
overall,MIXED,14.19,MIDDLE,rune,9104,レジェンド: 迅速,21,9,12,0.42857142857142855,0.25,84,15
overall,MIXED,15.16,MIDDLE,rune,9104,レジェンド: 迅速,21,9,12,0.42857142857142855,0.19444444444444445,108,15
overall,MIXED,15.23,MIDDLE,rune,8009,冷静沈着,21,9,12,0.42857142857142855,0.1810344827586207,116,15
overall,MIXED,15.21,BOTTOM,rune,9111,凱旋,21,9,12,0.42857142857142855,0.1794871794871795,117,15
overall,MIXED,16.4,ALL,rune,8429,心身調整,21,9,12,0.42857142857142855,0.03962264150943396,530,15
overall,MIXED,16.3,TOP,rune,8242,気迫,21,9,12,0.42857142857142855,0.11931818181818182,176,15
overall,MIXED,16.7,TOP,rune,8242,気迫,21,9,12,0.42857142857142855,0.13636363636363635,154,15
overall,MIXED,15.9,UTILITY,rune,8453,生気付与,21,9,12,0.42857142857142855,0.2441860465116279,86,15
overall,MIXED,15.16,MIDDLE,rune,8299,背水の陣,21,9,12,0.42857142857142855,0.19444444444444445,108,15
overall,MIXED,15.18,BOTTOM,rune,8233,英気集中,21,9,12,0.42857142857142855,0.16153846153846155,130,15
overall,MIXED,15.16,UTILITY,rune,8126,追い打ち,21,9,12,0.42857142857142855,0.19444444444444445,108,15
overall,MIXED,16.8,UTILITY,rune,8126,追い打ち,21,9,12,0.42857142857142855,0.15,140,15
overall,MIXED,16.8,MIDDLE,shard,5007,UNKNOWN(5007),21,8,13,0.38095238095238093,0.15,140,15
overall,MIXED,15.17,ALL,rune,8316,なんでも屋,21,8,13,0.38095238095238093,0.025925925925925925,810,15
overall,MIXED,16.5,UTILITY,keystone,8214,エアリー召喚,21,8,13,0.38095238095238093,0.12962962962962962,162,15
overall,MIXED,15.12,JUNGLE,rune,8140,グリスリー メメント,21,8,13,0.38095238095238093,0.20588235294117646,102,15
overall,MIXED,15.23,TOP,rune,8345,ビスケットデリバリー,21,8,13,0.38095238095238093,0.1810344827586207,116,15
overall,MIXED,16.1,BOTTOM,keystone,8021,フリートフットワーク,21,8,13,0.38095238095238093,0.13636363636363635,154,15
overall,MIXED,15.4,JUNGLE,rune,8014,最期の慈悲,21,8,13,0.38095238095238093,0.3888888888888889,54,15
overall,MIXED,16.1,TOP,rune,8453,生気付与,21,8,13,0.38095238095238093,0.13636363636363635,154,15
overall,MIXED,15.9,ALL,rune,8410,疾駆,21,8,13,0.38095238095238093,0.04883720930232558,430,15
overall,MIXED,16.3,BOTTOM,rune,8410,疾駆,21,8,13,0.38095238095238093,0.11931818181818182,176,15
overall,MIXED,15.24,JUNGLE,rune,8210,至高,21,8,13,0.38095238095238093,0.06140350877192982,342,15
overall,MIXED,15.11,MIDDLE,rune,8139,血の味わい,21,8,13,0.38095238095238093,0.19811320754716982,106,15
overall,MIXED,15.19,JUNGLE,keystone,8128,魂の収穫,21,8,13,0.38095238095238093,0.09090909090909091,231,15
overall,MIXED,15.2,BOTTOM,keystone,8005,プレスアタック,21,7,14,0.3333333333333333,0.22826086956521738,92,15
overall,MIXED,16.12,TOP,rune,8226,マナフローバンド,21,7,14,0.3333333333333333,0.11797752808988764,178,15
overall,MIXED,16.5,ALL,rune,8137,第六感,21,7,14,0.3333333333333333,0.025925925925925925,810,15
overall,MIXED,15.2,ALL,rune,8234,追い風,21,7,14,0.3333333333333333,0.04565217391304348,460,15
overall,MIXED,16.2,TOP,rune,8237,追火,21,7,14,0.3333333333333333,0.14788732394366197,142,15
overall,MIXED,16.15,UTILITY,rune,8321,キャッシュバック,21,6,15,0.2857142857142857,0.025423728813559324,826,15
overall,MIXED,15.23,BOTTOM,rune,9111,凱旋,21,6,15,0.2857142857142857,0.1810344827586207,116,15
overall,MIXED,15.14,MIDDLE,rune,8451,超成長,21,6,15,0.2857142857142857,0.22826086956521738,92,15
overall,MIXED,16.16,JUNGLE,rune,8224,アクシオム アルカニスト,21,5,16,0.23809523809523808,0.03153153153153153,666,15
overall,MIXED,15.8,UTILITY,keystone,8214,エアリー召喚,21,5,16,0.23809523809523808,0.16153846153846155,130,15
overall,MIXED,16.18,BOTTOM,keystone,8005,プレスアタック,20,17,3,0.85,0.05952380952380952,336,15
overall,MIXED,16.17,JUNGLE,shard,5013,UNKNOWN(5013),20,15,5,0.75,0.01984126984126984,1008,15
overall,MIXED,15.22,ALL,rune,8321,キャッシュバック,20,15,5,0.75,0.030303030303030304,660,15
overall,MIXED,15.10,JUNGLE,rune,8126,追い打ち,20,15,5,0.75,0.14492753623188406,138,15
overall,MIXED,15.13,UTILITY,shard,5011,UNKNOWN(5011),20,14,6,0.7,0.10416666666666667,192,15
overall,MIXED,16.7,MIDDLE,shard,5011,UNKNOWN(5011),20,14,6,0.7,0.12987012987012986,154,15
overall,MIXED,15.8,MIDDLE,rune,8143,サドンインパクト,20,14,6,0.7,0.15384615384615385,130,15
overall,MIXED,15.11,BOTTOM,keystone,8005,プレスアタック,20,14,6,0.7,0.18867924528301888,106,15
overall,MIXED,15.14,ALL,rune,8306,ヘクステックフラッシュネイター,20,14,6,0.7,0.043478260869565216,460,15
overall,MIXED,15.14,UTILITY,rune,8306,ヘクステックフラッシュネイター,20,14,6,0.7,0.21739130434782608,92,15
overall,MIXED,15.17,MIDDLE,rune,8009,冷静沈着,20,14,6,0.7,0.12345679012345678,162,15
overall,MIXED,15.21,MIDDLE,keystone,8229,秘儀の彗星,20,14,6,0.7,0.1694915254237288,118,15
overall,MIXED,16.7,BOTTOM,rune,8210,至高,20,14,6,0.7,0.12987012987012986,154,15
overall,MIXED,16.12,TOP,rune,8234,追い風,20,14,6,0.7,0.11235955056179775,178,15
overall,MIXED,16.7,MIDDLE,shard,5007,UNKNOWN(5007),20,13,7,0.65,0.12987012987012986,154,15
overall,MIXED,15.12,ALL,rune,8224,アクシオム アルカニスト,20,13,7,0.65,0.0392156862745098,510,15
overall,MIXED,16.17,MIDDLE,rune,8321,キャッシュバック,20,13,7,0.65,0.01984126984126984,1008,15
overall,MIXED,16.18,TOP,rune,8140,グリスリー メメント,20,13,7,0.65,0.05952380952380952,336,15
overall,MIXED,16.12,MIDDLE,rune,8473,ボーンアーマー,20,13,7,0.65,0.11235955056179775,178,15
overall,MIXED,16.11,JUNGLE,keystone,8008,リーサルテンポ,20,13,7,0.65,0.0847457627118644,236,15
overall,MIXED,16.12,UTILITY,rune,9105,レジェンド: ヘイスト,20,13,7,0.65,0.11235955056179775,178,15
overall,MIXED,14.20,TOP,keystone,8437,不死者の握撃,20,13,7,0.65,0.21739130434782608,92,15
overall,MIXED,16.15,MIDDLE,keystone,8230,嵐乗りの勇躍,20,13,7,0.65,0.024213075060532687,826,15
overall,MIXED,16.18,BOTTOM,rune,8410,疾駆,20,13,7,0.65,0.05952380952380952,336,15
overall,MIXED,16.13,BOTTOM,rune,8224,アクシオム アルカニスト,20,12,8,0.6,0.030395136778115502,658,15
overall,MIXED,16.15,JUNGLE,keystone,8439,アフターショック,20,12,8,0.6,0.024213075060532687,826,15
overall,MIXED,16.4,UTILITY,keystone,8214,エアリー召喚,20,12,8,0.6,0.18867924528301888,106,15
overall,MIXED,16.14,MIDDLE,rune,8321,キャッシュバック,20,12,8,0.6,0.028735632183908046,696,15
overall,MIXED,16.18,ALL,keystone,8351,グレイシャルオーグメント,20,12,8,0.6,0.011904761904761904,1680,15
overall,MIXED,16.18,UTILITY,keystone,8351,グレイシャルオーグメント,20,12,8,0.6,0.05952380952380952,336,15
overall,MIXED,15.15,TOP,rune,8345,ビスケットデリバリー,20,12,8,0.6,0.24390243902439024,82,15
overall,MIXED,16.8,BOTTOM,keystone,8369,ファーストストライク,20,12,8,0.6,0.14285714285714285,140,15
overall,MIXED,16.15,UTILITY,keystone,8005,プレスアタック,20,12,8,0.6,0.024213075060532687,826,15
overall,MIXED,14.24,BOTTOM,keystone,8008,リーサルテンポ,20,12,8,0.6,0.4,50,15
overall,MIXED,15.17,MIDDLE,rune,9105,レジェンド: ヘイスト,20,12,8,0.6,0.12345679012345678,162,15
overall,MIXED,15.16,ALL,rune,9101,体力吸収,20,12,8,0.6,0.037037037037037035,540,15
overall,MIXED,15.9,BOTTOM,rune,9111,凱旋,20,12,8,0.6,0.23255813953488372,86,15
overall,MIXED,14.19,ALL,rune,8105,執拗な賞金首狩り,20,12,8,0.6,0.047619047619047616,420,15
overall,MIXED,16.7,ALL,rune,8105,執拗な賞金首狩り,20,12,8,0.6,0.025974025974025976,770,15
overall,MIXED,16.9,MIDDLE,rune,8347,宇宙の英知,20,12,8,0.6,0.12658227848101267,158,15
overall,MIXED,16.11,TOP,rune,8236,強まる嵐,20,12,8,0.6,0.0847457627118644,236,15
overall,MIXED,16.17,UTILITY,rune,8446,打ちこわし,20,12,8,0.6,0.01984126984126984,1008,15
overall,MIXED,16.1,MIDDLE,rune,8014,最期の慈悲,20,12,8,0.6,0.12987012987012986,154,15
overall,MIXED,16.16,TOP,keystone,8992,死神の残り火,20,12,8,0.6,0.03003003003003003,666,15
overall,MIXED,14.24,UTILITY,rune,8463,生命の泉,20,12,8,0.6,0.4,50,15
overall,MIXED,15.22,MIDDLE,keystone,8229,秘儀の彗星,20,12,8,0.6,0.15151515151515152,132,15
overall,MIXED,14.21,UTILITY,rune,8210,至高,20,12,8,0.6,0.35714285714285715,56,15
overall,MIXED,15.23,MIDDLE,rune,8139,血の味わい,20,12,8,0.6,0.1724137931034483,116,15
overall,MIXED,14.20,JUNGLE,rune,8135,貪欲な賞金首狩り,20,12,8,0.6,0.21739130434782608,92,15
overall,MIXED,15.4,MIDDLE,rune,8451,超成長,20,12,8,0.6,0.37037037037037035,54,15
overall,MIXED,16.4,UTILITY,rune,8126,追い打ち,20,12,8,0.6,0.18867924528301888,106,15
overall,MIXED,14.20,BOTTOM,shard,5011,UNKNOWN(5011),20,11,9,0.55,0.21739130434782608,92,15
overall,MIXED,16.8,ALL,rune,8224,アクシオム アルカニスト,20,11,9,0.55,0.02857142857142857,700,15
overall,MIXED,16.4,JUNGLE,rune,8143,サドンインパクト,20,11,9,0.55,0.18867924528301888,106,15
overall,MIXED,15.15,TOP,rune,8401,シールドバッシュ,20,11,9,0.55,0.24390243902439024,82,15
overall,MIXED,16.9,ALL,rune,8275,ニンバスクローク,20,11,9,0.55,0.02531645569620253,790,15
overall,MIXED,15.1,BOTTOM,rune,8345,ビスケットデリバリー,20,11,9,0.55,0.5263157894736842,38,15
overall,MIXED,14.19,BOTTOM,keystone,8005,プレスアタック,20,11,9,0.55,0.23809523809523808,84,15
overall,MIXED,15.4,UTILITY,rune,8226,マナフローバンド,20,11,9,0.55,0.37037037037037035,54,15
overall,MIXED,16.8,MIDDLE,rune,9104,レジェンド: 迅速,20,11,9,0.55,0.14285714285714285,140,15
overall,MIXED,15.21,TOP,rune,8009,冷静沈着,20,11,9,0.55,0.1694915254237288,118,15
overall,MIXED,16.8,TOP,rune,8009,冷静沈着,20,11,9,0.55,0.14285714285714285,140,15
overall,MIXED,16.11,UTILITY,rune,9111,凱旋,20,11,9,0.55,0.0847457627118644,236,15
overall,MIXED,16.2,ALL,rune,8105,執拗な賞金首狩り,20,11,9,0.55,0.028169014084507043,710,15
overall,MIXED,15.4,UTILITY,rune,8347,宇宙の英知,20,11,9,0.55,0.37037037037037035,54,15
overall,MIXED,16.1,ALL,keystone,8230,嵐乗りの勇躍,20,11,9,0.55,0.025974025974025976,770,15
overall,MIXED,16.18,BOTTOM,keystone,8010,征服者,20,11,9,0.55,0.05952380952380952,336,15
overall,MIXED,15.11,MIDDLE,rune,8444,息継ぎ,20,11,9,0.55,0.18867924528301888,106,15
overall,MIXED,14.21,JUNGLE,rune,8014,最期の慈悲,20,11,9,0.55,0.35714285714285715,56,15
overall,MIXED,15.2,TOP,rune,8242,気迫,20,11,9,0.55,0.21739130434782608,92,15
overall,MIXED,15.16,TOP,rune,8453,生気付与,20,11,9,0.55,0.18518518518518517,108,15
overall,MIXED,16.8,ALL,rune,8137,第六感,20,11,9,0.55,0.02857142857142857,700,15
overall,MIXED,16.6,MIDDLE,rune,8299,背水の陣,20,11,9,0.55,0.13157894736842105,152,15
overall,MIXED,15.15,MIDDLE,rune,8451,超成長,20,11,9,0.55,0.24390243902439024,82,15
overall,MIXED,15.24,JUNGLE,rune,8451,超成長,20,11,9,0.55,0.05847953216374269,342,15
overall,MIXED,14.22,ALL,rune,8234,追い風,20,11,9,0.55,0.06896551724137931,290,15
overall,MIXED,16.5,MIDDLE,rune,8304,魔法の靴,20,11,9,0.55,0.12345679012345678,162,15
overall,MIXED,15.5,JUNGLE,shard,5001,UNKNOWN(5001),20,10,10,0.5,1.0,20,15
overall,MIXED,15.5,BOTTOM,shard,5008,UNKNOWN(5008),20,10,10,0.5,1.0,20,15
overall,MIXED,15.5,JUNGLE,shard,5008,UNKNOWN(5008),20,10,10,0.5,1.0,20,15
overall,MIXED,15.23,UTILITY,shard,5011,UNKNOWN(5011),20,10,10,0.5,0.1724137931034483,116,15
overall,MIXED,16.7,TOP,shard,5011,UNKNOWN(5011),20,10,10,0.5,0.12987012987012986,154,15
overall,MIXED,16.17,MIDDLE,rune,8316,なんでも屋,20,10,10,0.5,0.01984126984126984,1008,15
overall,MIXED,16.16,TOP,rune,8321,キャッシュバック,20,10,10,0.5,0.03003003003003003,666,15
overall,MIXED,15.21,ALL,rune,8275,ニンバスクローク,20,10,10,0.5,0.03389830508474576,590,15
overall,MIXED,16.1,ALL,rune,8275,ニンバスクローク,20,10,10,0.5,0.025974025974025976,770,15
overall,MIXED,15.9,TOP,rune,8345,ビスケットデリバリー,20,10,10,0.5,0.23255813953488372,86,15
overall,MIXED,16.4,MIDDLE,rune,8345,ビスケットデリバリー,20,10,10,0.5,0.18867924528301888,106,15
overall,MIXED,16.9,BOTTOM,keystone,8369,ファーストストライク,20,10,10,0.5,0.12658227848101267,158,15
overall,MIXED,16.10,MIDDLE,rune,8473,ボーンアーマー,20,10,10,0.5,0.09009009009009009,222,15
overall,MIXED,16.11,MIDDLE,keystone,8008,リーサルテンポ,20,10,10,0.5,0.0847457627118644,236,15
overall,MIXED,15.11,JUNGLE,rune,9105,レジェンド: ヘイスト,20,10,10,0.5,0.18867924528301888,106,15
overall,MIXED,14.19,TOP,rune,9104,レジェンド: 迅速,20,10,10,0.5,0.23809523809523808,84,15
overall,MIXED,14.23,TOP,keystone,8437,不死者の握撃,20,10,10,0.5,0.47619047619047616,42,15
overall,MIXED,15.19,MIDDLE,rune,9111,凱旋,20,10,10,0.5,0.08695652173913043,230,15
overall,MIXED,14.24,ALL,rune,8017,切り崩し,20,10,10,0.5,0.08,250,15
overall,MIXED,15.12,ALL,keystone,8230,嵐乗りの勇躍,20,10,10,0.5,0.0392156862745098,510,15
overall,MIXED,15.15,TOP,rune,8446,打ちこわし,20,10,10,0.5,0.24390243902439024,82,15
overall,MIXED,16.16,JUNGLE,rune,8242,気迫,20,10,10,0.5,0.03003003003003003,666,15
overall,MIXED,15.12,UTILITY,rune,8453,生気付与,20,10,10,0.5,0.19607843137254902,102,15
overall,MIXED,16.18,TOP,rune,8410,疾駆,20,10,10,0.5,0.05952380952380952,336,15
overall,MIXED,15.8,UTILITY,rune,8106,至極の賞金首狩り,20,10,10,0.5,0.15384615384615385,130,15
overall,MIXED,16.3,TOP,rune,8210,至高,20,10,10,0.5,0.11363636363636363,176,15
overall,MIXED,15.4,ALL,rune,8233,英気集中,20,10,10,0.5,0.07407407407407407,270,15
overall,MIXED,16.14,TOP,rune,8135,貪欲な賞金首狩り,20,10,10,0.5,0.028735632183908046,696,15
overall,MIXED,14.22,JUNGLE,rune,8304,魔法の靴,20,10,10,0.5,0.3448275862068966,58,15
overall,MIXED,16.8,MIDDLE,rune,8304,魔法の靴,20,10,10,0.5,0.14285714285714285,140,15
overall,MIXED,16.16,JUNGLE,shard,5013,UNKNOWN(5013),20,9,11,0.45,0.03003003003003003,666,15
overall,MIXED,15.22,ALL,rune,8224,アクシオム アルカニスト,20,9,11,0.45,0.030303030303030304,660,15
overall,MIXED,15.24,TOP,rune,8224,アクシオム アルカニスト,20,9,11,0.45,0.05847953216374269,342,15
overall,MIXED,15.20,TOP,rune,8401,シールドバッシュ,20,9,11,0.45,0.15151515151515152,132,15
overall,MIXED,16.17,MIDDLE,rune,8313,トリプル トニック,20,9,11,0.45,0.01984126984126984,1008,15
overall,MIXED,16.10,BOTTOM,keystone,8369,ファーストストライク,20,9,11,0.45,0.09009009009009009,222,15
overall,MIXED,16.10,BOTTOM,keystone,8021,フリートフットワーク,20,9,11,0.45,0.09009009009009009,222,15
overall,MIXED,15.19,TOP,rune,8226,マナフローバンド,20,9,11,0.45,0.08733624454148471,229,15
overall,MIXED,16.10,UTILITY,rune,9105,レジェンド: ヘイスト,20,9,11,0.45,0.09009009009009009,222,15
overall,MIXED,15.11,BOTTOM,rune,9111,凱旋,20,9,11,0.45,0.18867924528301888,106,15
overall,MIXED,16.10,UTILITY,rune,9111,凱旋,20,9,11,0.45,0.09009009009009009,222,15
overall,MIXED,15.13,ALL,keystone,8230,嵐乗りの勇躍,20,9,11,0.45,0.020833333333333332,960,15
overall,MIXED,15.3,ALL,rune,8429,心身調整,20,9,11,0.45,0.04878048780487805,410,15
overall,MIXED,14.19,TOP,rune,8242,気迫,20,9,11,0.45,0.23809523809523808,84,15
overall,MIXED,15.1,ALL,rune,8242,気迫,20,9,11,0.45,0.10526315789473684,190,15
overall,MIXED,15.2,UTILITY,rune,8463,生命の泉,20,9,11,0.45,0.21739130434782608,92,15
overall,MIXED,16.7,BOTTOM,rune,8410,疾駆,20,9,11,0.45,0.12987012987012986,154,15
overall,MIXED,15.24,BOTTOM,keystone,8229,秘儀の彗星,20,9,11,0.45,0.05865102639296188,341,15
overall,MIXED,15.14,JUNGLE,rune,8299,背水の陣,20,9,11,0.45,0.21739130434782608,92,15
overall,MIXED,15.4,TOP,rune,8451,超成長,20,9,11,0.45,0.37037037037037035,54,15
overall,MIXED,16.15,BOTTOM,rune,8451,超成長,20,9,11,0.45,0.024213075060532687,826,15
overall,MIXED,16.7,TOP,rune,8234,追い風,20,9,11,0.45,0.12987012987012986,154,15
overall,MIXED,15.24,BOTTOM,rune,8237,追火,20,9,11,0.45,0.05865102639296188,341,15
overall,MIXED,16.2,UTILITY,shard,5005,UNKNOWN(5005),20,8,12,0.4,0.14084507042253522,142,15
overall,MIXED,16.18,BOTTOM,shard,5007,UNKNOWN(5007),20,8,12,0.4,0.05952380952380952,336,15
overall,MIXED,16.6,ALL,shard,5010,UNKNOWN(5010),20,8,12,0.4,0.02631578947368421,760,15
overall,MIXED,16.5,UTILITY,shard,5011,UNKNOWN(5011),20,8,12,0.4,0.12345679012345678,162,15
overall,MIXED,15.9,ALL,rune,8224,アクシオム アルカニスト,20,8,12,0.4,0.046511627906976744,430,15
overall,MIXED,14.20,ALL,keystone,8214,エアリー召喚,20,8,12,0.4,0.043478260869565216,460,15
overall,MIXED,15.13,ALL,keystone,8465,ガーディアン,20,8,12,0.4,0.020833333333333332,960,15
overall,MIXED,15.13,UTILITY,keystone,8465,ガーディアン,20,8,12,0.4,0.10416666666666667,192,15
overall,MIXED,14.20,BOTTOM,keystone,8021,フリートフットワーク,20,8,12,0.4,0.21739130434782608,92,15
overall,MIXED,15.20,BOTTOM,keystone,8005,プレスアタック,20,8,12,0.4,0.15151515151515152,132,15
overall,MIXED,16.8,ALL,keystone,9923,ヘイルブレード,20,8,12,0.4,0.02857142857142857,700,15
overall,MIXED,16.14,UTILITY,rune,9104,レジェンド: 迅速,20,8,12,0.4,0.028735632183908046,696,15
overall,MIXED,16.11,TOP,rune,9101,体力吸収,20,8,12,0.4,0.0847457627118644,236,15
overall,MIXED,16.7,ALL,rune,9101,体力吸収,20,8,12,0.4,0.025974025974025976,770,15
overall,MIXED,16.6,UTILITY,rune,9111,凱旋,20,8,12,0.4,0.13245033112582782,151,15
overall,MIXED,15.5,ALL,rune,8347,宇宙の英知,20,8,12,0.4,0.2,100,15
overall,MIXED,16.2,ALL,keystone,8230,嵐乗りの勇躍,20,8,12,0.4,0.028169014084507043,710,15
overall,MIXED,15.14,TOP,rune,8242,気迫,20,8,12,0.4,0.21739130434782608,92,15
overall,MIXED,15.3,TOP,rune,8242,気迫,20,8,12,0.4,0.24390243902439024,82,15
overall,MIXED,15.7,TOP,rune,8242,気迫,20,8,12,0.4,0.21739130434782608,92,15
overall,MIXED,16.12,TOP,rune,8453,生気付与,20,8,12,0.4,0.11235955056179775,178,15
overall,MIXED,15.7,ALL,rune,8410,疾駆,20,8,12,0.4,0.043478260869565216,460,15
overall,MIXED,16.8,TOP,rune,8410,疾駆,20,8,12,0.4,0.14285714285714285,140,15
overall,MIXED,16.11,JUNGLE,rune,8126,追い打ち,20,8,12,0.4,0.0847457627118644,236,15
overall,MIXED,14.20,MIDDLE,rune,8237,追火,20,8,12,0.4,0.21739130434782608,92,15
overall,MIXED,15.19,TOP,rune,8237,追火,20,8,12,0.4,0.08733624454148471,229,15
overall,MIXED,14.22,MIDDLE,keystone,8112,電撃,20,8,12,0.4,0.3448275862068966,58,15
overall,MIXED,14.22,JUNGLE,rune,8138,UNKNOWN(8138),20,7,13,0.35,0.3448275862068966,58,15
overall,MIXED,14.19,ALL,keystone,8214,エアリー召喚,20,7,13,0.35,0.047619047619047616,420,15
overall,MIXED,16.13,UTILITY,rune,8141,ディープワード,20,7,13,0.35,0.030441400304414,657,15
overall,MIXED,16.8,MIDDLE,rune,8345,ビスケットデリバリー,20,7,13,0.35,0.14285714285714285,140,15
overall,MIXED,16.3,UTILITY,rune,9105,レジェンド: ヘイスト,20,7,13,0.35,0.11363636363636363,176,15
overall,MIXED,15.3,ALL,rune,8105,執拗な賞金首狩り,20,7,13,0.35,0.04878048780487805,410,15
overall,MIXED,16.12,UTILITY,rune,8236,強まる嵐,20,7,13,0.35,0.11235955056179775,178,15
overall,MIXED,16.17,UTILITY,rune,8232,水走り,20,7,13,0.35,0.01984126984126984,1008,15
overall,MIXED,14.24,ALL,keystone,8229,秘儀の彗星,20,7,13,0.35,0.08,250,15
overall,MIXED,16.2,BOTTOM,rune,8233,英気集中,20,7,13,0.35,0.14084507042253522,142,15
overall,MIXED,14.22,MIDDLE,rune,8451,超成長,20,7,13,0.35,0.3448275862068966,58,15
overall,MIXED,16.8,TOP,rune,8304,魔法の靴,20,7,13,0.35,0.14285714285714285,140,15
overall,MIXED,15.10,ALL,shard,5010,UNKNOWN(5010),20,6,14,0.3,0.028985507246376812,690,15
overall,MIXED,15.12,JUNGLE,rune,8143,サドンインパクト,20,6,14,0.3,0.19607843137254902,102,15
overall,MIXED,16.9,UTILITY,rune,8401,シールドバッシュ,20,6,14,0.3,0.12658227848101267,158,15
overall,MIXED,15.18,TOP,rune,8345,ビスケットデリバリー,20,6,14,0.3,0.15384615384615385,130,15
overall,MIXED,15.10,MIDDLE,rune,8299,背水の陣,20,6,14,0.3,0.14492753623188406,138,15
overall,MIXED,16.5,ALL,keystone,9923,ヘイルブレード,20,5,15,0.25,0.024691358024691357,810,15
overall,MIXED,15.19,UTILITY,rune,9111,凱旋,20,5,15,0.25,0.08695652173913043,230,15
overall,MIXED,16.10,MIDDLE,rune,9111,凱旋,20,5,15,0.25,0.09009009009009009,222,15
overall,MIXED,16.9,MIDDLE,rune,8014,最期の慈悲,20,5,15,0.25,0.12658227848101267,158,15
overall,MIXED,16.13,TOP,rune,8143,サドンインパクト,20,4,16,0.2,0.030395136778115502,658,15
overall,MIXED,15.13,MIDDLE,rune,9101,体力吸収,19,15,4,0.7894736842105263,0.09947643979057591,191,15
overall,MIXED,16.7,ALL,shard,5010,UNKNOWN(5010),19,14,5,0.7368421052631579,0.024675324675324677,770,15
overall,MIXED,15.21,JUNGLE,rune,8143,サドンインパクト,19,14,5,0.7368421052631579,0.16101694915254236,118,15
overall,MIXED,16.10,BOTTOM,shard,5010,UNKNOWN(5010),19,13,6,0.6842105263157895,0.08558558558558559,222,15
overall,MIXED,15.14,UTILITY,rune,8401,シールドバッシュ,19,13,6,0.6842105263157895,0.20652173913043478,92,15
overall,MIXED,15.16,ALL,rune,8275,ニンバスクローク,19,13,6,0.6842105263157895,0.03518518518518519,540,15
overall,MIXED,15.24,TOP,rune,8347,宇宙の英知,19,13,6,0.6842105263157895,0.05555555555555555,342,15
overall,MIXED,14.19,TOP,rune,8444,息継ぎ,19,13,6,0.6842105263157895,0.2261904761904762,84,15
overall,MIXED,14.22,JUNGLE,rune,8014,最期の慈悲,19,13,6,0.6842105263157895,0.3275862068965517,58,15
overall,MIXED,15.11,TOP,rune,8242,気迫,19,13,6,0.6842105263157895,0.1792452830188679,106,15
overall,MIXED,15.14,ALL,rune,8410,疾駆,19,13,6,0.6842105263157895,0.041304347826086954,460,15
overall,MIXED,15.18,BOTTOM,rune,8299,背水の陣,19,13,6,0.6842105263157895,0.14615384615384616,130,15
overall,MIXED,16.11,ALL,shard,5013,UNKNOWN(5013),19,12,7,0.631578947368421,0.016101694915254237,1180,15
overall,MIXED,15.11,JUNGLE,rune,8143,サドンインパクト,19,12,7,0.631578947368421,0.1792452830188679,106,15
overall,MIXED,16.9,BOTTOM,keystone,8021,フリートフットワーク,19,12,7,0.631578947368421,0.12025316455696203,158,15
overall,MIXED,16.11,UTILITY,rune,9105,レジェンド: ヘイスト,19,12,7,0.631578947368421,0.08050847457627118,236,15
overall,MIXED,14.19,BOTTOM,rune,9104,レジェンド: 迅速,19,12,7,0.631578947368421,0.2261904761904762,84,15
overall,MIXED,15.1,TOP,rune,9111,凱旋,19,12,7,0.631578947368421,0.5,38,15
overall,MIXED,15.14,ALL,rune,8429,心身調整,19,12,7,0.631578947368421,0.041304347826086954,460,15
overall,MIXED,16.2,MIDDLE,rune,8444,息継ぎ,19,12,7,0.631578947368421,0.13380281690140844,142,15
overall,MIXED,15.13,MIDDLE,rune,8014,最期の慈悲,19,12,7,0.631578947368421,0.09947643979057591,191,15
overall,MIXED,15.8,TOP,rune,8453,生気付与,19,12,7,0.631578947368421,0.14615384615384616,130,15
overall,MIXED,15.19,BOTTOM,keystone,8229,秘儀の彗星,19,12,7,0.631578947368421,0.08260869565217391,230,15
overall,MIXED,15.8,ALL,rune,8137,第六感,19,12,7,0.631578947368421,0.02923076923076923,650,15
overall,MIXED,16.9,MIDDLE,rune,8299,背水の陣,19,12,7,0.631578947368421,0.12025316455696203,158,15
overall,MIXED,15.18,UTILITY,rune,8106,至極の賞金首狩り,19,12,7,0.631578947368421,0.14615384615384616,130,15
overall,MIXED,15.10,TOP,rune,8234,追い風,19,12,7,0.631578947368421,0.13768115942028986,138,15
overall,MIXED,15.5,ALL,rune,8237,追火,19,12,7,0.631578947368421,0.19,100,15
overall,MIXED,16.5,UTILITY,shard,5005,UNKNOWN(5005),19,11,8,0.5789473684210527,0.11728395061728394,162,15
overall,MIXED,16.15,MIDDLE,shard,5010,UNKNOWN(5010),19,11,8,0.5789473684210527,0.023002421307506054,826,15
overall,MIXED,16.8,ALL,rune,8316,なんでも屋,19,11,8,0.5789473684210527,0.027142857142857142,700,15
overall,MIXED,15.11,UTILITY,keystone,8214,エアリー召喚,19,11,8,0.5789473684210527,0.1792452830188679,106,15
overall,MIXED,15.22,ALL,keystone,8369,ファーストストライク,19,11,8,0.5789473684210527,0.02878787878787879,660,15
overall,MIXED,16.12,ALL,rune,8306,ヘクステックフラッシュネイター,19,11,8,0.5789473684210527,0.021348314606741574,890,15
overall,MIXED,16.12,UTILITY,rune,8306,ヘクステックフラッシュネイター,19,11,8,0.5789473684210527,0.10674157303370786,178,15
overall,MIXED,15.4,UTILITY,rune,8473,ボーンアーマー,19,11,8,0.5789473684210527,0.35185185185185186,54,15
overall,MIXED,14.23,MIDDLE,rune,8226,マナフローバンド,19,11,8,0.5789473684210527,0.4523809523809524,42,15
overall,MIXED,15.16,BOTTOM,rune,8226,マナフローバンド,19,11,8,0.5789473684210527,0.17757009345794392,107,15
overall,MIXED,14.22,JUNGLE,rune,9105,レジェンド: ヘイスト,19,11,8,0.5789473684210527,0.3275862068965517,58,15
overall,MIXED,15.15,TOP,rune,9105,レジェンド: ヘイスト,19,11,8,0.5789473684210527,0.23170731707317074,82,15
overall,MIXED,14.20,MIDDLE,rune,9104,レジェンド: 迅速,19,11,8,0.5789473684210527,0.20652173913043478,92,15
overall,MIXED,16.9,BOTTOM,rune,8347,宇宙の英知,19,11,8,0.5789473684210527,0.12025316455696203,158,15
overall,MIXED,14.21,ALL,rune,8429,心身調整,19,11,8,0.5789473684210527,0.06785714285714285,280,15
overall,MIXED,14.23,TOP,rune,8446,打ちこわし,19,11,8,0.5789473684210527,0.4523809523809524,42,15
overall,MIXED,14.23,JUNGLE,rune,8014,最期の慈悲,19,11,8,0.5789473684210527,0.4523809523809524,42,15
overall,MIXED,15.11,UTILITY,rune,8453,生気付与,19,11,8,0.5789473684210527,0.1792452830188679,106,15
overall,MIXED,15.17,JUNGLE,rune,8135,貪欲な賞金首狩り,19,11,8,0.5789473684210527,0.11728395061728394,162,15
overall,MIXED,16.10,MIDDLE,rune,8126,追い打ち,19,11,8,0.5789473684210527,0.08558558558558559,222,15
overall,MIXED,15.17,TOP,rune,8304,魔法の靴,19,11,8,0.5789473684210527,0.11728395061728394,162,15
overall,MIXED,16.6,UTILITY,shard,5005,UNKNOWN(5005),19,10,9,0.5263157894736842,0.12582781456953643,151,15
overall,MIXED,16.6,MIDDLE,shard,5007,UNKNOWN(5007),19,10,9,0.5263157894736842,0.125,152,15
overall,MIXED,15.20,UTILITY,keystone,8214,エアリー召喚,19,10,9,0.5263157894736842,0.14393939393939395,132,15
overall,MIXED,16.18,JUNGLE,rune,8321,キャッシュバック,19,10,9,0.5263157894736842,0.05654761904761905,336,15
overall,MIXED,14.19,ALL,rune,8401,シールドバッシュ,19,10,9,0.5263157894736842,0.04523809523809524,420,15
overall,MIXED,14.24,ALL,rune,8401,シールドバッシュ,19,10,9,0.5263157894736842,0.076,250,15
overall,MIXED,16.3,ALL,rune,8275,ニンバスクローク,19,10,9,0.5263157894736842,0.02159090909090909,880,15
overall,MIXED,15.18,MIDDLE,rune,8345,ビスケットデリバリー,19,10,9,0.5263157894736842,0.14615384615384616,130,15
overall,MIXED,15.18,BOTTOM,keystone,8005,プレスアタック,19,10,9,0.5263157894736842,0.14615384615384616,130,15
overall,MIXED,16.3,JUNGLE,keystone,8005,プレスアタック,19,10,9,0.5263157894736842,0.10795454545454546,176,15
overall,MIXED,14.22,TOP,rune,8473,ボーンアーマー,19,10,9,0.5263157894736842,0.3275862068965517,58,15
overall,MIXED,15.3,BOTTOM,rune,9104,レジェンド: 迅速,19,10,9,0.5263157894736842,0.23170731707317074,82,15
overall,MIXED,15.6,ALL,rune,9104,レジェンド: 迅速,19,10,9,0.5263157894736842,0.2375,80,15
overall,MIXED,16.4,ALL,rune,9101,体力吸収,19,10,9,0.5263157894736842,0.035849056603773584,530,15
overall,MIXED,15.11,MIDDLE,rune,8009,冷静沈着,19,10,9,0.5263157894736842,0.1792452830188679,106,15
overall,MIXED,16.1,TOP,rune,8009,冷静沈着,19,10,9,0.5263157894736842,0.12337662337662338,154,15
overall,MIXED,15.13,UTILITY,rune,9111,凱旋,19,10,9,0.5263157894736842,0.09895833333333333,192,15
overall,MIXED,15.13,JUNGLE,rune,8105,執拗な賞金首狩り,19,10,9,0.5263157894736842,0.09895833333333333,192,15
overall,MIXED,15.2,ALL,rune,8105,執拗な賞金首狩り,19,10,9,0.5263157894736842,0.041304347826086954,460,15
overall,MIXED,15.1,UTILITY,rune,8347,宇宙の英知,19,10,9,0.5263157894736842,0.5,38,15
overall,MIXED,14.24,TOP,keystone,8010,征服者,19,10,9,0.5263157894736842,0.38,50,15
overall,MIXED,15.24,JUNGLE,rune,8429,心身調整,19,10,9,0.5263157894736842,0.05555555555555555,342,15
overall,MIXED,16.14,JUNGLE,keystone,8992,死神の残り火,19,10,9,0.5263157894736842,0.027298850574712645,696,15
overall,MIXED,16.6,TOP,rune,8453,生気付与,19,10,9,0.5263157894736842,0.125,152,15
overall,MIXED,16.18,TOP,keystone,8229,秘儀の彗星,19,10,9,0.5263157894736842,0.05654761904761905,336,15
overall,MIXED,16.4,UTILITY,rune,8106,至極の賞金首狩り,19,10,9,0.5263157894736842,0.1792452830188679,106,15
overall,MIXED,15.20,UTILITY,rune,8126,追い打ち,19,10,9,0.5263157894736842,0.14393939393939395,132,15
overall,MIXED,15.22,UTILITY,rune,8126,追い打ち,19,10,9,0.5263157894736842,0.14393939393939395,132,15
overall,MIXED,16.5,JUNGLE,keystone,8128,魂の収穫,19,10,9,0.5263157894736842,0.11728395061728394,162,15
overall,MIXED,15.11,UTILITY,shard,5005,UNKNOWN(5005),19,9,10,0.47368421052631576,0.1792452830188679,106,15
overall,MIXED,15.4,UTILITY,shard,5007,UNKNOWN(5007),19,9,10,0.47368421052631576,0.35185185185185186,54,15
overall,MIXED,16.10,MIDDLE,shard,5007,UNKNOWN(5007),19,9,10,0.47368421052631576,0.08558558558558559,222,15
overall,MIXED,15.5,MIDDLE,shard,5008,UNKNOWN(5008),19,9,10,0.47368421052631576,0.95,20,15
overall,MIXED,16.11,UTILITY,shard,5010,UNKNOWN(5010),19,9,10,0.47368421052631576,0.08050847457627118,236,15
overall,MIXED,16.13,MIDDLE,rune,8316,なんでも屋,19,9,10,0.47368421052631576,0.028875379939209727,658,15
overall,MIXED,15.9,UTILITY,keystone,8214,エアリー召喚,19,9,10,0.47368421052631576,0.22093023255813954,86,15
overall,MIXED,16.2,UTILITY,keystone,8214,エアリー召喚,19,9,10,0.47368421052631576,0.13380281690140844,142,15
overall,MIXED,15.11,JUNGLE,rune,8140,グリスリー メメント,19,9,10,0.47368421052631576,0.1792452830188679,106,15
overall,MIXED,15.7,JUNGLE,rune,8140,グリスリー メメント,19,9,10,0.47368421052631576,0.20652173913043478,92,15
overall,MIXED,15.7,ALL,rune,8275,ニンバスクローク,19,9,10,0.47368421052631576,0.041304347826086954,460,15
overall,MIXED,14.24,UTILITY,rune,8473,ボーンアーマー,19,9,10,0.47368421052631576,0.38,50,15
overall,MIXED,15.13,BOTTOM,rune,8226,マナフローバンド,19,9,10,0.47368421052631576,0.09895833333333333,192,15
overall,MIXED,16.12,TOP,keystone,8008,リーサルテンポ,19,9,10,0.47368421052631576,0.10674157303370786,178,15
overall,MIXED,15.24,TOP,rune,9103,レジェンド: 血脈,19,9,10,0.47368421052631576,0.05555555555555555,342,15
overall,MIXED,15.23,ALL,rune,9101,体力吸収,19,9,10,0.47368421052631576,0.032758620689655175,580,15
overall,MIXED,15.5,ALL,rune,8009,冷静沈着,19,9,10,0.47368421052631576,0.19,100,15
overall,MIXED,16.8,MIDDLE,rune,8009,冷静沈着,19,9,10,0.47368421052631576,0.1357142857142857,140,15
overall,MIXED,15.19,MIDDLE,rune,8347,宇宙の英知,19,9,10,0.47368421052631576,0.08260869565217391,230,15
overall,MIXED,16.10,TOP,rune,8429,心身調整,19,9,10,0.47368421052631576,0.08558558558558559,222,15
overall,MIXED,15.10,MIDDLE,rune,8444,息継ぎ,19,9,10,0.47368421052631576,0.13768115942028986,138,15
overall,MIXED,15.6,ALL,rune,8014,最期の慈悲,19,9,10,0.47368421052631576,0.2375,80,15
overall,MIXED,16.18,UTILITY,rune,8014,最期の慈悲,19,9,10,0.47368421052631576,0.05654761904761905,336,15
overall,MIXED,16.12,ALL,rune,8232,水走り,19,9,10,0.47368421052631576,0.021348314606741574,890,15
overall,MIXED,14.20,TOP,rune,8453,生気付与,19,9,10,0.47368421052631576,0.20652173913043478,92,15
overall,MIXED,14.23,ALL,rune,8453,生気付与,19,9,10,0.47368421052631576,0.09047619047619047,210,15
overall,MIXED,16.15,MIDDLE,rune,8453,生気付与,19,9,10,0.47368421052631576,0.023002421307506054,826,15
overall,MIXED,16.18,JUNGLE,rune,8137,第六感,19,9,10,0.47368421052631576,0.05654761904761905,336,15
overall,MIXED,16.9,BOTTOM,rune,8210,至高,19,9,10,0.47368421052631576,0.12025316455696203,158,15
overall,MIXED,15.1,ALL,rune,8139,血の味わい,19,9,10,0.47368421052631576,0.1,190,15
overall,MIXED,16.4,JUNGLE,rune,8135,貪欲な賞金首狩り,19,9,10,0.47368421052631576,0.1792452830188679,106,15
overall,MIXED,16.14,BOTTOM,rune,8126,追い打ち,19,9,10,0.47368421052631576,0.027298850574712645,696,15
overall,MIXED,16.16,TOP,rune,8126,追い打ち,19,9,10,0.47368421052631576,0.028528528528528527,666,15
overall,MIXED,14.21,JUNGLE,rune,8304,魔法の靴,19,9,10,0.47368421052631576,0.3392857142857143,56,15
overall,MIXED,16.7,UTILITY,shard,5005,UNKNOWN(5005),19,8,11,0.42105263157894735,0.12337662337662338,154,15
overall,MIXED,15.2,JUNGLE,rune,8140,グリスリー メメント,19,8,11,0.42105263157894735,0.20652173913043478,92,15
overall,MIXED,16.13,UTILITY,rune,8275,ニンバスクローク,19,8,11,0.42105263157894735,0.0289193302891933,657,15
overall,MIXED,16.17,UTILITY,keystone,8005,プレスアタック,19,8,11,0.42105263157894735,0.018849206349206348,1008,15
overall,MIXED,15.20,MIDDLE,rune,9105,レジェンド: ヘイスト,19,8,11,0.42105263157894735,0.1450381679389313,131,15
overall,MIXED,14.24,JUNGLE,rune,8014,最期の慈悲,19,8,11,0.42105263157894735,0.38,50,15
overall,MIXED,14.23,ALL,rune,8242,気迫,19,8,11,0.42105263157894735,0.09047619047619047,210,15
overall,MIXED,14.22,UTILITY,rune,8463,生命の泉,19,8,11,0.42105263157894735,0.3275862068965517,58,15
overall,MIXED,16.10,TOP,rune,8410,疾駆,19,8,11,0.42105263157894735,0.08558558558558559,222,15
overall,MIXED,15.23,UTILITY,rune,8106,至極の賞金首狩り,19,8,11,0.42105263157894735,0.16379310344827586,116,15
overall,MIXED,16.3,BOTTOM,rune,8210,至高,19,8,11,0.42105263157894735,0.10795454545454546,176,15
overall,MIXED,15.16,BOTTOM,rune,8233,英気集中,19,8,11,0.42105263157894735,0.17757009345794392,107,15
overall,MIXED,16.13,BOTTOM,rune,8139,血の味わい,19,8,11,0.42105263157894735,0.028875379939209727,658,15
overall,MIXED,15.10,TOP,rune,8304,魔法の靴,19,8,11,0.42105263157894735,0.13768115942028986,138,15
overall,MIXED,15.23,MIDDLE,shard,5007,UNKNOWN(5007),19,7,12,0.3684210526315789,0.16379310344827586,116,15
overall,MIXED,15.21,BOTTOM,keystone,8005,プレスアタック,19,7,12,0.3684210526315789,0.1623931623931624,117,15
overall,MIXED,16.18,BOTTOM,rune,9105,レジェンド: ヘイスト,19,7,12,0.3684210526315789,0.05654761904761905,336,15
overall,MIXED,15.4,TOP,keystone,8437,不死者の握撃,19,7,12,0.3684210526315789,0.35185185185185186,54,15
overall,MIXED,14.19,ALL,rune,9101,体力吸収,19,7,12,0.3684210526315789,0.04523809523809524,420,15
overall,MIXED,15.24,BOTTOM,rune,9101,体力吸収,19,7,12,0.3684210526315789,0.05571847507331378,341,15
overall,MIXED,15.6,ALL,rune,8009,冷静沈着,19,7,12,0.3684210526315789,0.2375,80,15
overall,MIXED,14.21,ALL,rune,8017,切り崩し,19,7,12,0.3684210526315789,0.06785714285714285,280,15
overall,MIXED,16.3,ALL,keystone,8230,嵐乗りの勇躍,19,7,12,0.3684210526315789,0.02159090909090909,880,15
overall,MIXED,15.10,TOP,rune,8242,気迫,19,7,12,0.3684210526315789,0.13768115942028986,138,15
overall,MIXED,15.19,MIDDLE,rune,8242,気迫,19,7,12,0.3684210526315789,0.08260869565217391,230,15
overall,MIXED,15.8,MIDDLE,rune,8299,背水の陣,19,7,12,0.3684210526315789,0.14615384615384616,130,15
overall,MIXED,15.14,JUNGLE,rune,8135,貪欲な賞金首狩り,19,7,12,0.3684210526315789,0.20652173913043478,92,15
overall,MIXED,16.17,UTILITY,rune,8135,貪欲な賞金首狩り,19,7,12,0.3684210526315789,0.018849206349206348,1008,15
overall,MIXED,15.24,MIDDLE,rune,8321,キャッシュバック,19,6,13,0.3157894736842105,0.05555555555555555,342,15
overall,MIXED,16.7,JUNGLE,rune,8140,グリスリー メメント,19,6,13,0.3157894736842105,0.12337662337662338,154,15
overall,MIXED,16.7,MIDDLE,rune,8345,ビスケットデリバリー,19,6,13,0.3157894736842105,0.12337662337662338,154,15
overall,MIXED,14.24,BOTTOM,rune,9103,レジェンド: 血脈,19,6,13,0.3157894736842105,0.38,50,15
overall,MIXED,16.10,TOP,rune,8347,宇宙の英知,19,6,13,0.3157894736842105,0.08558558558558559,222,15
overall,MIXED,15.2,UTILITY,rune,8242,気迫,19,6,13,0.3157894736842105,0.20652173913043478,92,15
overall,MIXED,14.19,JUNGLE,rune,8135,貪欲な賞金首狩り,19,6,13,0.3157894736842105,0.2261904761904762,84,15
overall,MIXED,15.19,MIDDLE,rune,8345,ビスケットデリバリー,19,5,14,0.2631578947368421,0.08260869565217391,230,15
overall,MIXED,15.23,JUNGLE,shard,5011,UNKNOWN(5011),18,15,3,0.8333333333333334,0.15517241379310345,116,15
overall,MIXED,16.17,MIDDLE,keystone,9923,ヘイルブレード,18,14,4,0.7777777777777778,0.017857142857142856,1008,15
overall,MIXED,15.14,ALL,rune,8105,執拗な賞金首狩り,18,14,4,0.7777777777777778,0.0391304347826087,460,15
overall,MIXED,14.24,ALL,rune,8446,打ちこわし,18,14,4,0.7777777777777778,0.072,250,15
overall,MIXED,14.24,UTILITY,shard,5007,UNKNOWN(5007),18,13,5,0.7222222222222222,0.36,50,15
overall,MIXED,16.12,MIDDLE,shard,5007,UNKNOWN(5007),18,13,5,0.7222222222222222,0.10112359550561797,178,15
overall,MIXED,16.10,BOTTOM,rune,8275,ニンバスクローク,18,13,5,0.7222222222222222,0.08108108108108109,222,15
overall,MIXED,15.2,ALL,keystone,8369,ファーストストライク,18,13,5,0.7222222222222222,0.0391304347826087,460,15
overall,MIXED,16.18,MIDDLE,keystone,8021,フリートフットワーク,18,13,5,0.7222222222222222,0.05357142857142857,336,15
overall,MIXED,15.21,MIDDLE,rune,8347,宇宙の英知,18,13,5,0.7222222222222222,0.15254237288135594,118,15
overall,MIXED,15.13,TOP,rune,8429,心身調整,18,13,5,0.7222222222222222,0.09375,192,15
overall,MIXED,16.17,MIDDLE,rune,8453,生気付与,18,13,5,0.7222222222222222,0.017857142857142856,1008,15
overall,MIXED,15.20,JUNGLE,rune,8106,至極の賞金首狩り,18,13,5,0.7222222222222222,0.13636363636363635,132,15
overall,MIXED,16.6,MIDDLE,rune,8126,追い打ち,18,13,5,0.7222222222222222,0.11842105263157894,152,15
overall,MIXED,16.13,UTILITY,rune,8316,なんでも屋,18,12,6,0.6666666666666666,0.0273972602739726,657,15
overall,MIXED,16.15,BOTTOM,rune,8401,シールドバッシュ,18,12,6,0.6666666666666666,0.021791767554479417,826,15
overall,MIXED,16.5,UTILITY,rune,8401,シールドバッシュ,18,12,6,0.6666666666666666,0.1111111111111111,162,15
overall,MIXED,16.4,BOTTOM,rune,9104,レジェンド: 迅速,18,12,6,0.6666666666666666,0.16981132075471697,106,15
overall,MIXED,14.24,TOP,keystone,8437,不死者の握撃,18,12,6,0.6666666666666666,0.36,50,15
overall,MIXED,16.5,TOP,rune,8009,冷静沈着,18,12,6,0.6666666666666666,0.1111111111111111,162,15
overall,MIXED,16.14,JUNGLE,keystone,8230,嵐乗りの勇躍,18,12,6,0.6666666666666666,0.02586206896551724,696,15
overall,MIXED,15.4,BOTTOM,rune,8236,強まる嵐,18,12,6,0.6666666666666666,0.3333333333333333,54,15
overall,MIXED,15.24,UTILITY,rune,8014,最期の慈悲,18,12,6,0.6666666666666666,0.05263157894736842,342,15
overall,MIXED,15.15,TOP,rune,8453,生気付与,18,12,6,0.6666666666666666,0.21951219512195122,82,15
overall,MIXED,16.18,MIDDLE,rune,8233,英気集中,18,12,6,0.6666666666666666,0.05357142857142857,336,15
overall,MIXED,16.3,UTILITY,rune,8451,超成長,18,12,6,0.6666666666666666,0.10227272727272728,176,15
overall,MIXED,16.18,MIDDLE,rune,8126,追い打ち,18,12,6,0.6666666666666666,0.05357142857142857,336,15
overall,MIXED,15.1,MIDDLE,shard,5005,UNKNOWN(5005),18,11,7,0.6111111111111112,0.4864864864864865,37,15
overall,MIXED,16.18,JUNGLE,shard,5010,UNKNOWN(5010),18,11,7,0.6111111111111112,0.05357142857142857,336,15
overall,MIXED,16.16,UTILITY,shard,5013,UNKNOWN(5013),18,11,7,0.6111111111111112,0.02702702702702703,666,15
overall,MIXED,16.2,TOP,rune,8224,アクシオム アルカニスト,18,11,7,0.6111111111111112,0.1267605633802817,142,15
overall,MIXED,16.13,UTILITY,rune,8321,キャッシュバック,18,11,7,0.6111111111111112,0.0273972602739726,657,15
overall,MIXED,15.14,MIDDLE,rune,8143,サドンインパクト,18,11,7,0.6111111111111112,0.1956521739130435,92,15
overall,MIXED,16.4,MIDDLE,rune,8143,サドンインパクト,18,11,7,0.6111111111111112,0.16981132075471697,106,15
overall,MIXED,15.21,UTILITY,rune,8401,シールドバッシュ,18,11,7,0.6111111111111112,0.15254237288135594,118,15
overall,MIXED,15.3,ALL,rune,8275,ニンバスクローク,18,11,7,0.6111111111111112,0.04390243902439024,410,15
overall,MIXED,15.4,UTILITY,rune,8345,ビスケットデリバリー,18,11,7,0.6111111111111112,0.3333333333333333,54,15
overall,MIXED,14.23,TOP,rune,8473,ボーンアーマー,18,11,7,0.6111111111111112,0.42857142857142855,42,15
overall,MIXED,15.15,MIDDLE,rune,9105,レジェンド: ヘイスト,18,11,7,0.6111111111111112,0.21951219512195122,82,15
overall,MIXED,15.17,TOP,rune,8009,冷静沈着,18,11,7,0.6111111111111112,0.1111111111111111,162,15
overall,MIXED,14.24,TOP,rune,8444,息継ぎ,18,11,7,0.6111111111111112,0.36,50,15
overall,MIXED,16.9,MIDDLE,rune,8444,息継ぎ,18,11,7,0.6111111111111112,0.11392405063291139,158,15
overall,MIXED,14.21,TOP,rune,8446,打ちこわし,18,11,7,0.6111111111111112,0.32142857142857145,56,15
overall,MIXED,14.21,ALL,rune,8463,生命の泉,18,11,7,0.6111111111111112,0.06428571428571428,280,15
overall,MIXED,15.21,UTILITY,rune,8453,生気付与,18,11,7,0.6111111111111112,0.15254237288135594,118,15
overall,MIXED,14.22,UTILITY,keystone,8229,秘儀の彗星,18,11,7,0.6111111111111112,0.3103448275862069,58,15
overall,MIXED,15.17,TOP,keystone,8229,秘儀の彗星,18,11,7,0.6111111111111112,0.1111111111111111,162,15
overall,MIXED,15.11,UTILITY,rune,8106,至極の賞金首狩り,18,11,7,0.6111111111111112,0.16981132075471697,106,15
overall,MIXED,16.13,JUNGLE,rune,8233,英気集中,18,11,7,0.6111111111111112,0.02735562310030395,658,15
overall,MIXED,15.20,MIDDLE,rune,8139,血の味わい,18,11,7,0.6111111111111112,0.13740458015267176,131,15
overall,MIXED,15.20,MIDDLE,rune,8126,追い打ち,18,11,7,0.6111111111111112,0.13740458015267176,131,15
overall,MIXED,15.3,BOTTOM,rune,8304,魔法の靴,18,11,7,0.6111111111111112,0.21951219512195122,82,15
overall,MIXED,16.11,UTILITY,rune,8304,魔法の靴,18,11,7,0.6111111111111112,0.07627118644067797,236,15
overall,MIXED,16.11,JUNGLE,shard,5011,UNKNOWN(5011),18,10,8,0.5555555555555556,0.07627118644067797,236,15
overall,MIXED,15.19,ALL,shard,5013,UNKNOWN(5013),18,10,8,0.5555555555555556,0.01565217391304348,1150,15
overall,MIXED,16.17,UTILITY,shard,5013,UNKNOWN(5013),18,10,8,0.5555555555555556,0.017857142857142856,1008,15
overall,MIXED,16.18,UTILITY,rune,8140,グリスリー メメント,18,10,8,0.5555555555555556,0.05357142857142857,336,15
overall,MIXED,15.19,UTILITY,rune,8275,ニンバスクローク,18,10,8,0.5555555555555556,0.0782608695652174,230,15
overall,MIXED,15.20,JUNGLE,keystone,8005,プレスアタック,18,10,8,0.5555555555555556,0.13636363636363635,132,15
overall,MIXED,15.11,ALL,rune,8306,ヘクステックフラッシュネイター,18,10,8,0.5555555555555556,0.033962264150943396,530,15
overall,MIXED,15.11,UTILITY,rune,8306,ヘクステックフラッシュネイター,18,10,8,0.5555555555555556,0.16981132075471697,106,15
overall,MIXED,14.23,UTILITY,rune,8226,マナフローバンド,18,10,8,0.5555555555555556,0.42857142857142855,42,15
overall,MIXED,16.5,JUNGLE,keystone,8008,リーサルテンポ,18,10,8,0.5555555555555556,0.1111111111111111,162,15
overall,MIXED,16.6,UTILITY,rune,9105,レジェンド: ヘイスト,18,10,8,0.5555555555555556,0.11920529801324503,151,15
overall,MIXED,14.23,BOTTOM,rune,9103,レジェンド: 血脈,18,10,8,0.5555555555555556,0.42857142857142855,42,15
overall,MIXED,15.1,ALL,rune,9103,レジェンド: 血脈,18,10,8,0.5555555555555556,0.09473684210526316,190,15
overall,MIXED,14.24,TOP,rune,9104,レジェンド: 迅速,18,10,8,0.5555555555555556,0.36,50,15
overall,MIXED,16.1,TOP,rune,8347,宇宙の英知,18,10,8,0.5555555555555556,0.11688311688311688,154,15
overall,MIXED,16.6,TOP,rune,8429,心身調整,18,10,8,0.5555555555555556,0.11842105263157894,152,15
overall,MIXED,15.11,BOTTOM,rune,8410,疾駆,18,10,8,0.5555555555555556,0.16981132075471697,106,15
overall,MIXED,16.6,JUNGLE,rune,8410,疾駆,18,10,8,0.5555555555555556,0.11842105263157894,152,15
overall,MIXED,15.23,MIDDLE,keystone,8229,秘儀の彗星,18,10,8,0.5555555555555556,0.15517241379310345,116,15
overall,MIXED,15.5,ALL,keystone,8229,秘儀の彗星,18,10,8,0.5555555555555556,0.18,100,15
overall,MIXED,15.14,JUNGLE,rune,8106,至極の賞金首狩り,18,10,8,0.5555555555555556,0.1956521739130435,92,15
overall,MIXED,16.17,JUNGLE,rune,8233,英気集中,18,10,8,0.5555555555555556,0.017857142857142856,1008,15
overall,MIXED,15.19,TOP,rune,8234,追い風,18,10,8,0.5555555555555556,0.07860262008733625,229,15
overall,MIXED,16.11,BOTTOM,rune,8237,追火,18,10,8,0.5555555555555556,0.07627118644067797,236,15
overall,MIXED,16.14,TOP,keystone,8112,電撃,18,10,8,0.5555555555555556,0.02586206896551724,696,15
overall,MIXED,15.13,MIDDLE,rune,8304,魔法の靴,18,10,8,0.5555555555555556,0.09424083769633508,191,15
overall,MIXED,15.5,MIDDLE,shard,5001,UNKNOWN(5001),18,9,9,0.5,0.9,20,15
overall,MIXED,14.22,BOTTOM,shard,5011,UNKNOWN(5011),18,9,9,0.5,0.3103448275862069,58,15
overall,MIXED,16.4,UTILITY,shard,5011,UNKNOWN(5011),18,9,9,0.5,0.16981132075471697,106,15
overall,MIXED,15.24,JUNGLE,rune,8321,キャッシュバック,18,9,9,0.5,0.05263157894736842,342,15
overall,MIXED,15.10,TOP,rune,8401,シールドバッシュ,18,9,9,0.5,0.13043478260869565,138,15
overall,MIXED,16.15,MIDDLE,rune,8313,トリプル トニック,18,9,9,0.5,0.021791767554479417,826,15
overall,MIXED,16.16,TOP,rune,8313,トリプル トニック,18,9,9,0.5,0.02702702702702703,666,15
overall,MIXED,15.15,ALL,rune,8275,ニンバスクローク,18,9,9,0.5,0.04390243902439024,410,15
overall,MIXED,15.21,TOP,rune,8345,ビスケットデリバリー,18,9,9,0.5,0.15254237288135594,118,15
overall,MIXED,15.22,MIDDLE,rune,8345,ビスケットデリバリー,18,9,9,0.5,0.13636363636363635,132,15
overall,MIXED,16.4,ALL,keystone,8369,ファーストストライク,18,9,9,0.5,0.033962264150943396,530,15
overall,MIXED,16.9,JUNGLE,keystone,8005,プレスアタック,18,9,9,0.5,0.11392405063291139,158,15
overall,MIXED,15.19,ALL,keystone,9923,ヘイルブレード,18,9,9,0.5,0.01565217391304348,1150,15
overall,MIXED,16.17,BOTTOM,rune,8473,ボーンアーマー,18,9,9,0.5,0.017857142857142856,1008,15
overall,MIXED,15.16,JUNGLE,keystone,8008,リーサルテンポ,18,9,9,0.5,0.16666666666666666,108,15
overall,MIXED,15.19,MIDDLE,keystone,8008,リーサルテンポ,18,9,9,0.5,0.0782608695652174,230,15
overall,MIXED,15.15,JUNGLE,rune,9105,レジェンド: ヘイスト,18,9,9,0.5,0.21951219512195122,82,15
overall,MIXED,14.20,TOP,rune,9104,レジェンド: 迅速,18,9,9,0.5,0.1956521739130435,92,15
overall,MIXED,16.9,MIDDLE,rune,9104,レジェンド: 迅速,18,9,9,0.5,0.11392405063291139,158,15
overall,MIXED,15.21,ALL,rune,9101,体力吸収,18,9,9,0.5,0.030508474576271188,590,15
overall,MIXED,15.20,MIDDLE,rune,8017,切り崩し,18,9,9,0.5,0.13740458015267176,131,15
overall,MIXED,16.18,TOP,rune,8017,切り崩し,18,9,9,0.5,0.05357142857142857,336,15
overall,MIXED,16.9,MIDDLE,rune,8017,切り崩し,18,9,9,0.5,0.11392405063291139,158,15
overall,MIXED,14.21,JUNGLE,rune,8347,宇宙の英知,18,9,9,0.5,0.32142857142857145,56,15
overall,MIXED,14.23,UTILITY,rune,8347,宇宙の英知,18,9,9,0.5,0.42857142857142855,42,15
overall,MIXED,15.22,MIDDLE,rune,8347,宇宙の英知,18,9,9,0.5,0.13636363636363635,132,15
overall,MIXED,16.12,MIDDLE,rune,8347,宇宙の英知,18,9,9,0.5,0.10112359550561797,178,15
overall,MIXED,16.6,UTILITY,rune,8236,強まる嵐,18,9,9,0.5,0.11920529801324503,151,15
overall,MIXED,15.13,UTILITY,rune,8444,息継ぎ,18,9,9,0.5,0.09375,192,15
overall,MIXED,15.1,BOTTOM,rune,8014,最期の慈悲,18,9,9,0.5,0.47368421052631576,38,15
overall,MIXED,15.16,TOP,rune,8242,気迫,18,9,9,0.5,0.16666666666666666,108,15
overall,MIXED,15.9,UTILITY,rune,8463,生命の泉,18,9,9,0.5,0.20930232558139536,86,15
overall,MIXED,16.4,TOP,rune,8453,生気付与,18,9,9,0.5,0.17142857142857143,105,15
overall,MIXED,16.9,TOP,rune,8453,生気付与,18,9,9,0.5,0.11392405063291139,158,15
overall,MIXED,15.12,MIDDLE,keystone,8229,秘儀の彗星,18,9,9,0.5,0.17647058823529413,102,15
overall,MIXED,14.23,UTILITY,rune,8210,至高,18,9,9,0.5,0.42857142857142855,42,15
overall,MIXED,15.17,TOP,rune,8210,至高,18,9,9,0.5,0.1111111111111111,162,15
overall,MIXED,16.17,UTILITY,rune,8139,血の味わい,18,9,9,0.5,0.017857142857142856,1008,15
overall,MIXED,15.9,JUNGLE,rune,8135,貪欲な賞金首狩り,18,9,9,0.5,0.20930232558139536,86,15
overall,MIXED,15.19,JUNGLE,rune,8234,追い風,18,9,9,0.5,0.07792207792207792,231,15
overall,MIXED,16.13,UTILITY,keystone,8128,魂の収穫,18,9,9,0.5,0.0273972602739726,657,15
overall,MIXED,16.17,UTILITY,keystone,8128,魂の収穫,18,9,9,0.5,0.017857142857142856,1008,15
overall,MIXED,16.1,MIDDLE,rune,8304,魔法の靴,18,9,9,0.5,0.11688311688311688,154,15
overall,MIXED,16.7,TOP,rune,8304,魔法の靴,18,9,9,0.5,0.11688311688311688,154,15
overall,MIXED,14.22,UTILITY,shard,5007,UNKNOWN(5007),18,8,10,0.4444444444444444,0.3103448275862069,58,15
overall,MIXED,16.4,ALL,shard,5010,UNKNOWN(5010),18,8,10,0.4444444444444444,0.033962264150943396,530,15
overall,MIXED,15.3,UTILITY,shard,5011,UNKNOWN(5011),18,8,10,0.4444444444444444,0.21951219512195122,82,15
overall,MIXED,16.9,BOTTOM,rune,8316,なんでも屋,18,8,10,0.4444444444444444,0.11392405063291139,158,15
overall,MIXED,16.14,UTILITY,rune,8224,アクシオム アルカニスト,18,8,10,0.4444444444444444,0.02586206896551724,696,15
overall,MIXED,16.17,UTILITY,rune,8224,アクシオム アルカニスト,18,8,10,0.4444444444444444,0.017857142857142856,1008,15
overall,MIXED,16.6,TOP,rune,8224,アクシオム アルカニスト,18,8,10,0.4444444444444444,0.11842105263157894,152,15
overall,MIXED,15.19,ALL,keystone,8465,ガーディアン,18,8,10,0.4444444444444444,0.01565217391304348,1150,15
overall,MIXED,15.19,UTILITY,keystone,8465,ガーディアン,18,8,10,0.4444444444444444,0.0782608695652174,230,15
overall,MIXED,15.2,JUNGLE,rune,8143,サドンインパクト,18,8,10,0.4444444444444444,0.1956521739130435,92,15
overall,MIXED,15.17,UTILITY,rune,8401,シールドバッシュ,18,8,10,0.4444444444444444,0.11180124223602485,161,15
overall,MIXED,15.8,TOP,rune,8345,ビスケットデリバリー,18,8,10,0.4444444444444444,0.13846153846153847,130,15
overall,MIXED,15.24,TOP,keystone,8008,リーサルテンポ,18,8,10,0.4444444444444444,0.05263157894736842,342,15
overall,MIXED,14.21,TOP,rune,9105,レジェンド: ヘイスト,18,8,10,0.4444444444444444,0.32142857142857145,56,15
overall,MIXED,16.9,MIDDLE,rune,9105,レジェンド: ヘイスト,18,8,10,0.4444444444444444,0.11392405063291139,158,15
overall,MIXED,15.17,MIDDLE,rune,9101,体力吸収,18,8,10,0.4444444444444444,0.1111111111111111,162,15
overall,MIXED,15.18,UTILITY,rune,9111,凱旋,18,8,10,0.4444444444444444,0.13846153846153847,130,15
overall,MIXED,15.23,MIDDLE,rune,8105,執拗な賞金首狩り,18,8,10,0.4444444444444444,0.15517241379310345,116,15
overall,MIXED,16.5,MIDDLE,rune,8014,最期の慈悲,18,8,10,0.4444444444444444,0.1111111111111111,162,15
overall,MIXED,15.10,ALL,rune,8232,水走り,18,8,10,0.4444444444444444,0.02608695652173913,690,15
overall,MIXED,15.15,UTILITY,rune,8453,生気付与,18,8,10,0.4444444444444444,0.21951219512195122,82,15
overall,MIXED,15.16,MIDDLE,keystone,8229,秘儀の彗星,18,8,10,0.4444444444444444,0.16666666666666666,108,15
overall,MIXED,15.16,UTILITY,rune,8106,至極の賞金首狩り,18,8,10,0.4444444444444444,0.16666666666666666,108,15
overall,MIXED,14.21,ALL,rune,8126,追い打ち,18,8,10,0.4444444444444444,0.06428571428571428,280,15
overall,MIXED,15.21,UTILITY,rune,8126,追い打ち,18,8,10,0.4444444444444444,0.15254237288135594,118,15
overall,MIXED,16.9,MIDDLE,rune,8304,魔法の靴,18,8,10,0.4444444444444444,0.11392405063291139,158,15
overall,MIXED,14.24,ALL,rune,5005,UNKNOWN(5005),18,7,11,0.3888888888888889,0.072,250,15
overall,MIXED,16.11,MIDDLE,shard,5007,UNKNOWN(5007),18,7,11,0.3888888888888889,0.07627118644067797,236,15
overall,MIXED,15.20,MIDDLE,shard,5011,UNKNOWN(5011),18,7,11,0.3888888888888889,0.13740458015267176,131,15
overall,MIXED,16.6,JUNGLE,shard,5011,UNKNOWN(5011),18,7,11,0.3888888888888889,0.11842105263157894,152,15
overall,MIXED,14.23,MIDDLE,rune,8138,UNKNOWN(8138),18,7,11,0.3888888888888889,0.42857142857142855,42,15
overall,MIXED,16.16,MIDDLE,rune,8224,アクシオム アルカニスト,18,7,11,0.3888888888888889,0.02702702702702703,666,15
overall,MIXED,16.17,MIDDLE,keystone,8439,アフターショック,18,7,11,0.3888888888888889,0.017857142857142856,1008,15
overall,MIXED,14.22,JUNGLE,rune,8143,サドンインパクト,18,7,11,0.3888888888888889,0.3103448275862069,58,15
overall,MIXED,15.12,MIDDLE,rune,8143,サドンインパクト,18,7,11,0.3888888888888889,0.17647058823529413,102,15
overall,MIXED,15.3,JUNGLE,rune,8143,サドンインパクト,18,7,11,0.3888888888888889,0.21951219512195122,82,15
overall,MIXED,15.4,ALL,rune,8143,サドンインパクト,18,7,11,0.3888888888888889,0.06666666666666667,270,15
overall,MIXED,15.13,MIDDLE,rune,8401,シールドバッシュ,18,7,11,0.3888888888888889,0.09424083769633508,191,15
overall,MIXED,15.18,UTILITY,rune,8401,シールドバッシュ,18,7,11,0.3888888888888889,0.13846153846153847,130,15
overall,MIXED,14.20,ALL,keystone,8369,ファーストストライク,18,7,11,0.3888888888888889,0.0391304347826087,460,15
overall,MIXED,15.14,ALL,keystone,8021,フリートフットワーク,18,7,11,0.3888888888888889,0.0391304347826087,460,15
overall,MIXED,15.2,ALL,keystone,8021,フリートフットワーク,18,7,11,0.3888888888888889,0.0391304347826087,460,15
overall,MIXED,15.17,JUNGLE,keystone,8005,プレスアタック,18,7,11,0.3888888888888889,0.1111111111111111,162,15
overall,MIXED,16.5,JUNGLE,keystone,8005,プレスアタック,18,7,11,0.3888888888888889,0.1111111111111111,162,15
overall,MIXED,15.22,JUNGLE,keystone,8008,リーサルテンポ,18,7,11,0.3888888888888889,0.13636363636363635,132,15
overall,MIXED,15.8,MIDDLE,rune,9104,レジェンド: 迅速,18,7,11,0.3888888888888889,0.13846153846153847,130,15
overall,MIXED,15.1,ALL,keystone,8437,不死者の握撃,18,7,11,0.3888888888888889,0.09473684210526316,190,15
overall,MIXED,16.12,MIDDLE,rune,9101,体力吸収,18,7,11,0.3888888888888889,0.10112359550561797,178,15
overall,MIXED,16.14,BOTTOM,rune,9101,体力吸収,18,7,11,0.3888888888888889,0.02586206896551724,696,15
overall,MIXED,15.22,BOTTOM,rune,9111,凱旋,18,7,11,0.3888888888888889,0.13636363636363635,132,15
overall,MIXED,15.17,ALL,keystone,8230,嵐乗りの勇躍,18,7,11,0.3888888888888889,0.022222222222222223,810,15
overall,MIXED,16.15,UTILITY,keystone,8010,征服者,18,7,11,0.3888888888888889,0.021791767554479417,826,15
overall,MIXED,14.22,TOP,rune,8446,打ちこわし,18,7,11,0.3888888888888889,0.3103448275862069,58,15
overall,MIXED,15.10,MIDDLE,keystone,8229,秘儀の彗星,18,7,11,0.3888888888888889,0.13043478260869565,138,15
overall,MIXED,14.22,JUNGLE,rune,8299,背水の陣,18,7,11,0.3888888888888889,0.3103448275862069,58,15
overall,MIXED,16.14,UTILITY,rune,8299,背水の陣,18,7,11,0.3888888888888889,0.02586206896551724,696,15
overall,MIXED,15.8,JUNGLE,rune,8106,至極の賞金首狩り,18,7,11,0.3888888888888889,0.13846153846153847,130,15
overall,MIXED,16.9,TOP,rune,8210,至高,18,7,11,0.3888888888888889,0.11392405063291139,158,15
overall,MIXED,16.16,BOTTOM,rune,8139,血の味わい,18,7,11,0.3888888888888889,0.02702702702702703,666,15
overall,MIXED,16.2,MIDDLE,rune,8139,血の味わい,18,7,11,0.3888888888888889,0.1267605633802817,142,15
overall,MIXED,16.10,TOP,rune,8234,追い風,18,7,11,0.3888888888888889,0.08108108108108109,222,15
overall,MIXED,14.23,MIDDLE,keystone,8112,電撃,18,7,11,0.3888888888888889,0.42857142857142855,42,15
overall,MIXED,16.10,TOP,rune,8224,アクシオム アルカニスト,18,6,12,0.3333333333333333,0.08108108108108109,222,15
overall,MIXED,15.23,JUNGLE,rune,8140,グリスリー メメント,18,6,12,0.3333333333333333,0.15517241379310345,116,15
overall,MIXED,14.19,JUNGLE,rune,8143,サドンインパクト,18,6,12,0.3333333333333333,0.21428571428571427,84,15
overall,MIXED,15.1,ALL,rune,8143,サドンインパクト,18,6,12,0.3333333333333333,0.09473684210526316,190,15
overall,MIXED,16.10,UTILITY,rune,8009,冷静沈着,18,6,12,0.3333333333333333,0.08108108108108109,222,15
overall,MIXED,15.23,MIDDLE,rune,8347,宇宙の英知,18,6,12,0.3333333333333333,0.15517241379310345,116,15
overall,MIXED,16.18,TOP,rune,8429,心身調整,18,6,12,0.3333333333333333,0.05357142857142857,336,15
overall,MIXED,15.23,MIDDLE,rune,8444,息継ぎ,18,6,12,0.3333333333333333,0.15517241379310345,116,15
overall,MIXED,15.4,TOP,rune,8446,打ちこわし,18,6,12,0.3333333333333333,0.3333333333333333,54,15
overall,MIXED,16.13,TOP,rune,8014,最期の慈悲,18,6,12,0.3333333333333333,0.02735562310030395,658,15
overall,MIXED,15.19,JUNGLE,keystone,8112,電撃,18,6,12,0.3333333333333333,0.07792207792207792,231,15
overall,MIXED,15.13,JUNGLE,keystone,8128,魂の収穫,18,6,12,0.3333333333333333,0.09375,192,15
overall,MIXED,16.14,JUNGLE,rune,8444,息継ぎ,18,5,13,0.2777777777777778,0.02586206896551724,696,15
overall,MIXED,16.13,TOP,rune,8135,貪欲な賞金首狩り,18,5,13,0.2777777777777778,0.02735562310030395,658,15
overall,MIXED,15.22,UTILITY,rune,8401,シールドバッシュ,18,4,14,0.2222222222222222,0.13636363636363635,132,15
overall,MIXED,16.12,TOP,rune,8345,ビスケットデリバリー,18,4,14,0.2222222222222222,0.10112359550561797,178,15
overall,MIXED,16.9,BOTTOM,keystone,8005,プレスアタック,18,4,14,0.2222222222222222,0.11392405063291139,158,15
overall,MIXED,15.12,BOTTOM,rune,8410,疾駆,18,3,15,0.16666666666666666,0.1782178217821782,101,15
overall,MIXED,16.2,TOP,rune,8210,至高,18,3,15,0.16666666666666666,0.1267605633802817,142,15
overall,MIXED,15.18,ALL,keystone,8128,魂の収穫,18,2,16,0.1111111111111111,0.027692307692307693,650,15
overall,MIXED,16.12,TOP,rune,8224,アクシオム アルカニスト,17,13,4,0.7647058823529411,0.09550561797752809,178,15
overall,MIXED,16.3,ALL,keystone,9923,ヘイルブレード,17,13,4,0.7647058823529411,0.019318181818181818,880,15
overall,MIXED,15.13,MIDDLE,keystone,8008,リーサルテンポ,17,13,4,0.7647058823529411,0.08900523560209424,191,15
overall,MIXED,16.1,MIDDLE,rune,8105,執拗な賞金首狩り,17,13,4,0.7647058823529411,0.11038961038961038,154,15
overall,MIXED,16.15,MIDDLE,rune,8429,心身調整,17,13,4,0.7647058823529411,0.020581113801452784,826,15
overall,MIXED,15.10,JUNGLE,keystone,8128,魂の収穫,17,13,4,0.7647058823529411,0.12318840579710146,138,15
overall,MIXED,16.17,TOP,rune,8316,なんでも屋,17,12,5,0.7058823529411765,0.016865079365079364,1008,15
overall,MIXED,15.3,ALL,keystone,8214,エアリー召喚,17,12,5,0.7058823529411765,0.041463414634146344,410,15
overall,MIXED,15.20,ALL,keystone,8369,ファーストストライク,17,12,5,0.7058823529411765,0.025757575757575757,660,15
overall,MIXED,15.8,BOTTOM,rune,9111,凱旋,17,12,5,0.7058823529411765,0.13076923076923078,130,15
overall,MIXED,16.17,MIDDLE,rune,8446,打ちこわし,17,12,5,0.7058823529411765,0.016865079365079364,1008,15
overall,MIXED,15.17,TOP,rune,8410,疾駆,17,12,5,0.7058823529411765,0.10493827160493827,162,15
overall,MIXED,15.1,UTILITY,keystone,8229,秘儀の彗星,17,12,5,0.7058823529411765,0.4473684210526316,38,15
overall,MIXED,15.21,ALL,rune,8137,第六感,17,12,5,0.7058823529411765,0.0288135593220339,590,15
overall,MIXED,16.3,ALL,rune,8137,第六感,17,12,5,0.7058823529411765,0.019318181818181818,880,15
overall,MIXED,14.19,UTILITY,rune,8126,追い打ち,17,12,5,0.7058823529411765,0.20238095238095238,84,15
overall,MIXED,14.19,MIDDLE,rune,8237,追火,17,12,5,0.7058823529411765,0.20238095238095238,84,15
overall,MIXED,15.24,JUNGLE,shard,5007,UNKNOWN(5007),17,11,6,0.6470588235294118,0.049707602339181284,342,15
overall,MIXED,15.13,JUNGLE,shard,5011,UNKNOWN(5011),17,11,6,0.6470588235294118,0.08854166666666667,192,15
overall,MIXED,16.14,UTILITY,shard,5013,UNKNOWN(5013),17,11,6,0.6470588235294118,0.02442528735632184,696,15
overall,MIXED,15.17,ALL,rune,8224,アクシオム アルカニスト,17,11,6,0.6470588235294118,0.020987654320987655,810,15
overall,MIXED,16.16,TOP,keystone,9923,ヘイルブレード,17,11,6,0.6470588235294118,0.025525525525525526,666,15
overall,MIXED,15.22,MIDDLE,rune,8473,ボーンアーマー,17,11,6,0.6470588235294118,0.12878787878787878,132,15
overall,MIXED,15.4,ALL,rune,9101,体力吸収,17,11,6,0.6470588235294118,0.06296296296296296,270,15
overall,MIXED,15.7,ALL,rune,9101,体力吸収,17,11,6,0.6470588235294118,0.03695652173913044,460,15
overall,MIXED,15.23,TOP,rune,8446,打ちこわし,17,11,6,0.6470588235294118,0.14655172413793102,116,15
overall,MIXED,16.10,UTILITY,keystone,8992,死神の残り火,17,11,6,0.6470588235294118,0.07657657657657657,222,15
overall,MIXED,15.18,BOTTOM,rune,8410,疾駆,17,11,6,0.6470588235294118,0.13076923076923078,130,15
overall,MIXED,16.1,ALL,rune,8137,第六感,17,11,6,0.6470588235294118,0.02207792207792208,770,15
overall,MIXED,14.23,ALL,rune,8233,英気集中,17,11,6,0.6470588235294118,0.08095238095238096,210,15
overall,MIXED,15.9,MIDDLE,rune,8451,超成長,17,11,6,0.6470588235294118,0.19767441860465115,86,15
overall,MIXED,15.11,UTILITY,rune,8126,追い打ち,17,11,6,0.6470588235294118,0.16037735849056603,106,15
overall,MIXED,15.1,UTILITY,rune,8237,追火,17,11,6,0.6470588235294118,0.4473684210526316,38,15
overall,MIXED,16.1,ALL,shard,5010,UNKNOWN(5010),17,10,7,0.5882352941176471,0.02207792207792208,770,15
overall,MIXED,16.2,TOP,shard,5011,UNKNOWN(5011),17,10,7,0.5882352941176471,0.11971830985915492,142,15
overall,MIXED,16.11,BOTTOM,rune,8316,なんでも屋,17,10,7,0.5882352941176471,0.07203389830508475,236,15
overall,MIXED,16.13,TOP,rune,8316,なんでも屋,17,10,7,0.5882352941176471,0.025835866261398176,658,15
overall,MIXED,16.16,TOP,rune,8316,なんでも屋,17,10,7,0.5882352941176471,0.025525525525525526,666,15
overall,MIXED,15.19,MIDDLE,keystone,8214,エアリー召喚,17,10,7,0.5882352941176471,0.07391304347826087,230,15
overall,MIXED,15.21,UTILITY,keystone,8214,エアリー召喚,17,10,7,0.5882352941176471,0.1440677966101695,118,15
overall,MIXED,15.16,ALL,rune,8321,キャッシュバック,17,10,7,0.5882352941176471,0.03148148148148148,540,15
overall,MIXED,14.20,MIDDLE,rune,8143,サドンインパクト,17,10,7,0.5882352941176471,0.18478260869565216,92,15
overall,MIXED,16.17,TOP,rune,8313,トリプル トニック,17,10,7,0.5882352941176471,0.016865079365079364,1008,15
overall,MIXED,14.21,UTILITY,rune,8345,ビスケットデリバリー,17,10,7,0.5882352941176471,0.30357142857142855,56,15
overall,MIXED,15.6,ALL,rune,8345,ビスケットデリバリー,17,10,7,0.5882352941176471,0.2125,80,15
overall,MIXED,16.2,BOTTOM,keystone,8369,ファーストストライク,17,10,7,0.5882352941176471,0.11971830985915492,142,15
overall,MIXED,16.9,TOP,keystone,8008,リーサルテンポ,17,10,7,0.5882352941176471,0.10759493670886076,158,15
overall,MIXED,14.20,MIDDLE,rune,9101,体力吸収,17,10,7,0.5882352941176471,0.18478260869565216,92,15
overall,MIXED,15.8,ALL,rune,9101,体力吸収,17,10,7,0.5882352941176471,0.026153846153846153,650,15
overall,MIXED,15.9,ALL,rune,9101,体力吸収,17,10,7,0.5882352941176471,0.03953488372093023,430,15
overall,MIXED,16.12,UTILITY,rune,8009,冷静沈着,17,10,7,0.5882352941176471,0.09550561797752809,178,15
overall,MIXED,15.6,ALL,rune,8347,宇宙の英知,17,10,7,0.5882352941176471,0.2125,80,15
overall,MIXED,15.1,TOP,keystone,8010,征服者,17,10,7,0.5882352941176471,0.4473684210526316,38,15
overall,MIXED,14.22,TOP,rune,8444,息継ぎ,17,10,7,0.5882352941176471,0.29310344827586204,58,15
overall,MIXED,15.12,ALL,rune,8232,水走り,17,10,7,0.5882352941176471,0.03333333333333333,510,15
overall,MIXED,15.10,TOP,rune,8453,生気付与,17,10,7,0.5882352941176471,0.12318840579710146,138,15
overall,MIXED,15.3,TOP,rune,8453,生気付与,17,10,7,0.5882352941176471,0.2073170731707317,82,15
overall,MIXED,16.2,TOP,rune,8453,生気付与,17,10,7,0.5882352941176471,0.11971830985915492,142,15
overall,MIXED,15.10,TOP,rune,8410,疾駆,17,10,7,0.5882352941176471,0.12318840579710146,138,15
overall,MIXED,16.5,BOTTOM,rune,8410,疾駆,17,10,7,0.5882352941176471,0.10493827160493827,162,15
overall,MIXED,15.15,MIDDLE,keystone,8229,秘儀の彗星,17,10,7,0.5882352941176471,0.2073170731707317,82,15
overall,MIXED,16.6,BOTTOM,rune,8210,至高,17,10,7,0.5882352941176471,0.1118421052631579,152,15
overall,MIXED,15.22,MIDDLE,rune,8139,血の味わい,17,10,7,0.5882352941176471,0.12878787878787878,132,15
overall,MIXED,15.23,MIDDLE,rune,8126,追い打ち,17,10,7,0.5882352941176471,0.14655172413793102,116,15
overall,MIXED,16.3,TOP,rune,8234,追い風,17,10,7,0.5882352941176471,0.09659090909090909,176,15
overall,MIXED,14.21,UTILITY,rune,8237,追火,17,10,7,0.5882352941176471,0.30357142857142855,56,15
overall,MIXED,14.23,UTILITY,rune,8237,追火,17,10,7,0.5882352941176471,0.40476190476190477,42,15
overall,MIXED,14.24,MIDDLE,rune,8237,追火,17,10,7,0.5882352941176471,0.34,50,15
overall,MIXED,15.5,UTILITY,shard,5008,UNKNOWN(5008),17,9,8,0.5294117647058824,0.85,20,15
overall,MIXED,14.24,BOTTOM,shard,5011,UNKNOWN(5011),17,9,8,0.5294117647058824,0.34,50,15
overall,MIXED,15.10,MIDDLE,shard,5011,UNKNOWN(5011),17,9,8,0.5294117647058824,0.12318840579710146,138,15
overall,MIXED,15.10,TOP,shard,5011,UNKNOWN(5011),17,9,8,0.5294117647058824,0.12318840579710146,138,15
overall,MIXED,14.23,JUNGLE,rune,8138,UNKNOWN(8138),17,9,8,0.5294117647058824,0.40476190476190477,42,15
overall,MIXED,14.24,MIDDLE,rune,8138,UNKNOWN(8138),17,9,8,0.5294117647058824,0.34,50,15
overall,MIXED,16.5,TOP,rune,8224,アクシオム アルカニスト,17,9,8,0.5294117647058824,0.10493827160493827,162,15
overall,MIXED,15.15,ALL,keystone,8214,エアリー召喚,17,9,8,0.5294117647058824,0.041463414634146344,410,15
overall,MIXED,15.18,ALL,keystone,8214,エアリー召喚,17,9,8,0.5294117647058824,0.026153846153846153,650,15
overall,MIXED,16.11,JUNGLE,rune,8321,キャッシュバック,17,9,8,0.5294117647058824,0.07203389830508475,236,15
overall,MIXED,16.13,MIDDLE,rune,8321,キャッシュバック,17,9,8,0.5294117647058824,0.025835866261398176,658,15
overall,MIXED,15.4,MIDDLE,rune,8140,グリスリー メメント,17,9,8,0.5294117647058824,0.3148148148148148,54,15
overall,MIXED,14.23,JUNGLE,rune,8143,サドンインパクト,17,9,8,0.5294117647058824,0.40476190476190477,42,15
overall,MIXED,15.7,MIDDLE,rune,8143,サドンインパクト,17,9,8,0.5294117647058824,0.18478260869565216,92,15
overall,MIXED,16.13,MIDDLE,rune,8313,トリプル トニック,17,9,8,0.5294117647058824,0.025835866261398176,658,15
overall,MIXED,16.14,TOP,rune,8313,トリプル トニック,17,9,8,0.5294117647058824,0.02442528735632184,696,15
overall,MIXED,16.10,MIDDLE,keystone,8369,ファーストストライク,17,9,8,0.5294117647058824,0.07657657657657657,222,15
overall,MIXED,15.19,BOTTOM,keystone,8021,フリートフットワーク,17,9,8,0.5294117647058824,0.07391304347826087,230,15
overall,MIXED,15.14,JUNGLE,keystone,8005,プレスアタック,17,9,8,0.5294117647058824,0.18478260869565216,92,15
overall,MIXED,15.10,ALL,rune,8306,ヘクステックフラッシュネイター,17,9,8,0.5294117647058824,0.02463768115942029,690,15
overall,MIXED,15.10,UTILITY,rune,8306,ヘクステックフラッシュネイター,17,9,8,0.5294117647058824,0.12318840579710146,138,15
overall,MIXED,16.10,ALL,rune,8306,ヘクステックフラッシュネイター,17,9,8,0.5294117647058824,0.015315315315315315,1110,15
overall,MIXED,16.10,UTILITY,rune,8306,ヘクステックフラッシュネイター,17,9,8,0.5294117647058824,0.07657657657657657,222,15
overall,MIXED,15.4,TOP,rune,8473,ボーンアーマー,17,9,8,0.5294117647058824,0.3148148148148148,54,15
overall,MIXED,15.15,ALL,rune,9101,体力吸収,17,9,8,0.5294117647058824,0.041463414634146344,410,15
overall,MIXED,15.2,MIDDLE,rune,8009,冷静沈着,17,9,8,0.5294117647058824,0.18478260869565216,92,15
overall,MIXED,15.5,ALL,rune,8236,強まる嵐,17,9,8,0.5294117647058824,0.17,100,15
overall,MIXED,15.24,TOP,rune,8014,最期の慈悲,17,9,8,0.5294117647058824,0.049707602339181284,342,15
overall,MIXED,16.2,MIDDLE,rune,8014,最期の慈悲,17,9,8,0.5294117647058824,0.11971830985915492,142,15
overall,MIXED,14.24,UTILITY,rune,8242,気迫,17,9,8,0.5294117647058824,0.34,50,15
overall,MIXED,15.12,TOP,rune,8453,生気付与,17,9,8,0.5294117647058824,0.16666666666666666,102,15
overall,MIXED,15.16,UTILITY,rune,8453,生気付与,17,9,8,0.5294117647058824,0.1574074074074074,108,15
overall,MIXED,15.10,ALL,rune,8137,第六感,17,9,8,0.5294117647058824,0.02463768115942029,690,15
overall,MIXED,15.23,ALL,rune,8137,第六感,17,9,8,0.5294117647058824,0.029310344827586206,580,15
overall,MIXED,14.23,MIDDLE,rune,8210,至高,17,9,8,0.5294117647058824,0.40476190476190477,42,15
overall,MIXED,15.19,TOP,rune,8210,至高,17,9,8,0.5294117647058824,0.07423580786026202,229,15
overall,MIXED,14.21,MIDDLE,rune,8139,血の味わい,17,9,8,0.5294117647058824,0.3090909090909091,55,15
overall,MIXED,16.15,BOTTOM,rune,8126,追い打ち,17,9,8,0.5294117647058824,0.020581113801452784,826,15
overall,MIXED,15.13,JUNGLE,rune,8234,追い風,17,9,8,0.5294117647058824,0.08854166666666667,192,15
overall,MIXED,16.5,TOP,rune,8237,追火,17,9,8,0.5294117647058824,0.10493827160493827,162,15
overall,MIXED,14.24,MIDDLE,keystone,8112,電撃,17,9,8,0.5294117647058824,0.34,50,15
overall,MIXED,15.4,ALL,keystone,8112,電撃,17,9,8,0.5294117647058824,0.06296296296296296,270,15
overall,MIXED,16.7,MIDDLE,rune,8304,魔法の靴,17,9,8,0.5294117647058824,0.11038961038961038,154,15
overall,MIXED,16.9,TOP,rune,8304,魔法の靴,17,9,8,0.5294117647058824,0.10759493670886076,158,15
overall,MIXED,15.5,TOP,shard,5001,UNKNOWN(5001),17,8,9,0.47058823529411764,0.85,20,15
overall,MIXED,15.22,UTILITY,shard,5005,UNKNOWN(5005),17,8,9,0.47058823529411764,0.12878787878787878,132,15
overall,MIXED,16.9,MIDDLE,shard,5007,UNKNOWN(5007),17,8,9,0.47058823529411764,0.10759493670886076,158,15
overall,MIXED,15.17,ALL,shard,5010,UNKNOWN(5010),17,8,9,0.47058823529411764,0.020987654320987655,810,15
overall,MIXED,15.11,UTILITY,shard,5011,UNKNOWN(5011),17,8,9,0.47058823529411764,0.16037735849056603,106,15
overall,MIXED,16.17,BOTTOM,rune,8143,サドンインパクト,17,8,9,0.47058823529411764,0.016865079365079364,1008,15
overall,MIXED,14.21,ALL,rune,8401,シールドバッシュ,17,8,9,0.47058823529411764,0.060714285714285714,280,15
overall,MIXED,14.20,JUNGLE,keystone,8005,プレスアタック,17,8,9,0.47058823529411764,0.18478260869565216,92,15
overall,MIXED,15.22,TOP,keystone,8005,プレスアタック,17,8,9,0.47058823529411764,0.12878787878787878,132,15
overall,MIXED,16.8,JUNGLE,keystone,8005,プレスアタック,17,8,9,0.47058823529411764,0.12142857142857143,140,15
overall,MIXED,16.4,MIDDLE,rune,8473,ボーンアーマー,17,8,9,0.47058823529411764,0.16037735849056603,106,15
overall,MIXED,16.9,TOP,rune,8226,マナフローバンド,17,8,9,0.47058823529411764,0.10759493670886076,158,15
overall,MIXED,16.1,JUNGLE,keystone,8008,リーサルテンポ,17,8,9,0.47058823529411764,0.11038961038961038,154,15
overall,MIXED,15.1,JUNGLE,rune,9104,レジェンド: 迅速,17,8,9,0.47058823529411764,0.4473684210526316,38,15
overall,MIXED,16.6,MIDDLE,rune,9104,レジェンド: 迅速,17,8,9,0.47058823529411764,0.1118421052631579,152,15
overall,MIXED,16.18,UTILITY,rune,8009,冷静沈着,17,8,9,0.47058823529411764,0.050595238095238096,336,15
overall,MIXED,16.4,BOTTOM,rune,9111,凱旋,17,8,9,0.47058823529411764,0.16037735849056603,106,15
overall,MIXED,14.22,BOTTOM,rune,8017,切り崩し,17,8,9,0.47058823529411764,0.29310344827586204,58,15
overall,MIXED,14.22,JUNGLE,rune,8347,宇宙の英知,17,8,9,0.47058823529411764,0.29310344827586204,58,15
overall,MIXED,16.4,MIDDLE,rune,8347,宇宙の英知,17,8,9,0.47058823529411764,0.16037735849056603,106,15
overall,MIXED,14.24,BOTTOM,rune,8236,強まる嵐,17,8,9,0.47058823529411764,0.34,50,15
overall,MIXED,16.5,MIDDLE,rune,8236,強まる嵐,17,8,9,0.47058823529411764,0.10493827160493827,162,15
overall,MIXED,15.15,MIDDLE,rune,8444,息継ぎ,17,8,9,0.47058823529411764,0.2073170731707317,82,15
overall,MIXED,15.15,TOP,rune,8242,気迫,17,8,9,0.47058823529411764,0.2073170731707317,82,15
overall,MIXED,15.9,ALL,rune,8137,第六感,17,8,9,0.47058823529411764,0.03953488372093023,430,15
overall,MIXED,15.21,UTILITY,rune,8106,至極の賞金首狩り,17,8,9,0.47058823529411764,0.1440677966101695,118,15
overall,MIXED,15.3,UTILITY,rune,8106,至極の賞金首狩り,17,8,9,0.47058823529411764,0.2073170731707317,82,15
overall,MIXED,15.9,MIDDLE,rune,8106,至極の賞金首狩り,17,8,9,0.47058823529411764,0.19767441860465115,86,15
overall,MIXED,16.10,BOTTOM,rune,8210,至高,17,8,9,0.47058823529411764,0.07657657657657657,222,15
overall,MIXED,16.7,BOTTOM,rune,8233,英気集中,17,8,9,0.47058823529411764,0.11038961038961038,154,15
overall,MIXED,16.16,BOTTOM,rune,8451,超成長,17,8,9,0.47058823529411764,0.025525525525525526,666,15
overall,MIXED,16.9,TOP,rune,8237,追火,17,8,9,0.47058823529411764,0.10759493670886076,158,15
overall,MIXED,16.18,UTILITY,keystone,8112,電撃,17,8,9,0.47058823529411764,0.050595238095238096,336,15
overall,MIXED,15.12,ALL,keystone,8128,魂の収穫,17,8,9,0.47058823529411764,0.03333333333333333,510,15
overall,MIXED,15.8,UTILITY,shard,5005,UNKNOWN(5005),17,7,10,0.4117647058823529,0.13076923076923078,130,15
overall,MIXED,16.5,MIDDLE,shard,5007,UNKNOWN(5007),17,7,10,0.4117647058823529,0.10493827160493827,162,15
overall,MIXED,15.3,ALL,rune,8224,アクシオム アルカニスト,17,7,10,0.4117647058823529,0.041463414634146344,410,15
overall,MIXED,15.14,ALL,keystone,8214,エアリー召喚,17,7,10,0.4117647058823529,0.03695652173913044,460,15
overall,MIXED,15.19,ALL,rune,8321,キャッシュバック,17,7,10,0.4117647058823529,0.014782608695652174,1150,15
overall,MIXED,16.10,TOP,rune,8321,キャッシュバック,17,7,10,0.4117647058823529,0.07657657657657657,222,15
overall,MIXED,16.14,TOP,rune,8321,キャッシュバック,17,7,10,0.4117647058823529,0.02442528735632184,696,15
overall,MIXED,15.3,JUNGLE,rune,8140,グリスリー メメント,17,7,10,0.4117647058823529,0.2073170731707317,82,15
overall,MIXED,15.23,MIDDLE,rune,8143,サドンインパクト,17,7,10,0.4117647058823529,0.14655172413793102,116,15
overall,MIXED,15.23,UTILITY,rune,8401,シールドバッシュ,17,7,10,0.4117647058823529,0.14655172413793102,116,15
overall,MIXED,15.7,UTILITY,rune,8401,シールドバッシュ,17,7,10,0.4117647058823529,0.18478260869565216,92,15
overall,MIXED,14.24,UTILITY,rune,8345,ビスケットデリバリー,17,7,10,0.4117647058823529,0.34,50,15
overall,MIXED,16.5,BOTTOM,keystone,8369,ファーストストライク,17,7,10,0.4117647058823529,0.10493827160493827,162,15
overall,MIXED,15.14,BOTTOM,rune,8226,マナフローバンド,17,7,10,0.4117647058823529,0.18478260869565216,92,15
overall,MIXED,16.3,TOP,rune,8226,マナフローバンド,17,7,10,0.4117647058823529,0.09659090909090909,176,15
overall,MIXED,16.5,TOP,keystone,8008,リーサルテンポ,17,7,10,0.4117647058823529,0.10493827160493827,162,15
overall,MIXED,16.18,TOP,rune,9103,レジェンド: 血脈,17,7,10,0.4117647058823529,0.050595238095238096,336,15
overall,MIXED,15.14,ALL,rune,9101,体力吸収,17,7,10,0.4117647058823529,0.03695652173913044,460,15
overall,MIXED,15.11,TOP,rune,8009,冷静沈着,17,7,10,0.4117647058823529,0.16037735849056603,106,15
overall,MIXED,14.23,ALL,rune,8017,切り崩し,17,7,10,0.4117647058823529,0.08095238095238096,210,15
overall,MIXED,14.24,UTILITY,rune,8347,宇宙の英知,17,7,10,0.4117647058823529,0.34,50,15
overall,MIXED,15.14,BOTTOM,rune,8347,宇宙の英知,17,7,10,0.4117647058823529,0.18478260869565216,92,15
overall,MIXED,15.2,MIDDLE,rune,8347,宇宙の英知,17,7,10,0.4117647058823529,0.18478260869565216,92,15
overall,MIXED,15.4,JUNGLE,rune,8347,宇宙の英知,17,7,10,0.4117647058823529,0.3148148148148148,54,15
overall,MIXED,15.22,ALL,keystone,8230,嵐乗りの勇躍,17,7,10,0.4117647058823529,0.025757575757575757,660,15
overall,MIXED,16.6,TOP,rune,8236,強まる嵐,17,7,10,0.4117647058823529,0.1118421052631579,152,15
overall,MIXED,14.19,MIDDLE,rune,8444,息継ぎ,17,7,10,0.4117647058823529,0.20238095238095238,84,15
overall,MIXED,15.3,TOP,rune,8446,打ちこわし,17,7,10,0.4117647058823529,0.2073170731707317,82,15
overall,MIXED,15.21,MIDDLE,rune,8014,最期の慈悲,17,7,10,0.4117647058823529,0.1440677966101695,118,15
overall,MIXED,16.6,MIDDLE,rune,8014,最期の慈悲,17,7,10,0.4117647058823529,0.1118421052631579,152,15
overall,MIXED,16.8,MIDDLE,rune,8014,最期の慈悲,17,7,10,0.4117647058823529,0.12142857142857143,140,15
overall,MIXED,16.10,TOP,keystone,8992,死神の残り火,17,7,10,0.4117647058823529,0.07657657657657657,222,15
overall,MIXED,14.22,UTILITY,rune,8242,気迫,17,7,10,0.4117647058823529,0.29310344827586204,58,15
overall,MIXED,15.20,MIDDLE,rune,8299,背水の陣,17,7,10,0.4117647058823529,0.1297709923664122,131,15
overall,MIXED,14.24,ALL,rune,8233,英気集中,17,7,10,0.4117647058823529,0.068,250,15
overall,MIXED,15.23,BOTTOM,rune,8233,英気集中,17,7,10,0.4117647058823529,0.14655172413793102,116,15
overall,MIXED,16.4,MIDDLE,rune,8139,血の味わい,17,7,10,0.4117647058823529,0.16037735849056603,106,15
overall,MIXED,15.22,JUNGLE,rune,8135,貪欲な賞金首狩り,17,7,10,0.4117647058823529,0.12878787878787878,132,15
overall,MIXED,16.11,JUNGLE,rune,8234,追い風,17,7,10,0.4117647058823529,0.07203389830508475,236,15
overall,MIXED,16.7,ALL,keystone,8128,魂の収穫,17,7,10,0.4117647058823529,0.02207792207792208,770,15
overall,MIXED,15.4,JUNGLE,rune,8304,魔法の靴,17,7,10,0.4117647058823529,0.3148148148148148,54,15
overall,MIXED,16.6,MIDDLE,rune,8304,魔法の靴,17,7,10,0.4117647058823529,0.1118421052631579,152,15
overall,MIXED,15.7,ALL,rune,8224,アクシオム アルカニスト,17,6,11,0.35294117647058826,0.03695652173913044,460,15
overall,MIXED,15.5,ALL,rune,8140,グリスリー メメント,17,6,11,0.35294117647058826,0.17,100,15
overall,MIXED,15.11,UTILITY,rune,8401,シールドバッシュ,17,6,11,0.35294117647058826,0.16037735849056603,106,15
overall,MIXED,16.15,JUNGLE,keystone,8369,ファーストストライク,17,6,11,0.35294117647058826,0.020581113801452784,826,15
overall,MIXED,15.16,BOTTOM,keystone,8005,プレスアタック,17,6,11,0.35294117647058826,0.1588785046728972,107,15
overall,MIXED,14.23,BOTTOM,keystone,8008,リーサルテンポ,17,6,11,0.35294117647058826,0.40476190476190477,42,15
overall,MIXED,15.18,MIDDLE,rune,9105,レジェンド: ヘイスト,17,6,11,0.35294117647058826,0.13076923076923078,130,15
overall,MIXED,16.10,MIDDLE,rune,9101,体力吸収,17,6,11,0.35294117647058826,0.07657657657657657,222,15
overall,MIXED,16.7,BOTTOM,rune,8347,宇宙の英知,17,6,11,0.35294117647058826,0.11038961038961038,154,15
overall,MIXED,15.15,ALL,rune,8429,心身調整,17,6,11,0.35294117647058826,0.041463414634146344,410,15
overall,MIXED,16.11,ALL,rune,8232,水走り,17,6,11,0.35294117647058826,0.01440677966101695,1180,15
overall,MIXED,14.22,MIDDLE,rune,8106,至極の賞金首狩り,17,6,11,0.35294117647058826,0.29310344827586204,58,15
overall,MIXED,16.12,MIDDLE,rune,8139,血の味わい,17,6,11,0.35294117647058826,0.09550561797752809,178,15
overall,MIXED,15.14,MIDDLE,rune,8473,ボーンアーマー,17,5,12,0.29411764705882354,0.18478260869565216,92,15
overall,MIXED,16.3,UTILITY,rune,8105,執拗な賞金首狩り,17,5,12,0.29411764705882354,0.09659090909090909,176,15
overall,MIXED,15.19,MIDDLE,keystone,8010,征服者,17,5,12,0.29411764705882354,0.07391304347826087,230,15
overall,MIXED,16.5,JUNGLE,shard,5011,UNKNOWN(5011),17,4,13,0.23529411764705882,0.10493827160493827,162,15
overall,MIXED,16.14,JUNGLE,rune,8242,気迫,17,4,13,0.23529411764705882,0.02442528735632184,696,15
overall,MIXED,15.2,BOTTOM,rune,8226,マナフローバンド,16,13,3,0.8125,0.17391304347826086,92,15
overall,MIXED,15.21,MIDDLE,shard,5007,UNKNOWN(5007),16,12,4,0.75,0.13559322033898305,118,15
overall,MIXED,16.6,UTILITY,rune,8401,シールドバッシュ,16,12,4,0.75,0.10596026490066225,151,15
overall,MIXED,16.8,BOTTOM,keystone,8005,プレスアタック,16,12,4,0.75,0.11428571428571428,140,15
overall,MIXED,15.24,TOP,rune,9101,体力吸収,16,12,4,0.75,0.04678362573099415,342,15
overall,MIXED,14.24,TOP,rune,8446,打ちこわし,16,12,4,0.75,0.32,50,15
overall,MIXED,16.5,BOTTOM,rune,8233,英気集中,16,12,4,0.75,0.09876543209876543,162,15
overall,MIXED,15.18,BOTTOM,rune,8451,超成長,16,12,4,0.75,0.12307692307692308,130,15
overall,MIXED,14.22,MIDDLE,rune,8237,追火,16,12,4,0.75,0.27586206896551724,58,15
overall,MIXED,15.21,MIDDLE,rune,8304,魔法の靴,16,12,4,0.75,0.13559322033898305,118,15
overall,MIXED,14.24,JUNGLE,rune,8138,UNKNOWN(8138),16,11,5,0.6875,0.32,50,15
overall,MIXED,15.16,UTILITY,rune,8401,シールドバッシュ,16,11,5,0.6875,0.14814814814814814,108,15
overall,MIXED,16.18,UTILITY,rune,8275,ニンバスクローク,16,11,5,0.6875,0.047619047619047616,336,15
overall,MIXED,14.19,BOTTOM,keystone,8021,フリートフットワーク,16,11,5,0.6875,0.19047619047619047,84,15
overall,MIXED,16.18,UTILITY,keystone,8437,不死者の握撃,16,11,5,0.6875,0.047619047619047616,336,15
overall,MIXED,14.19,UTILITY,rune,8106,至極の賞金首狩り,16,11,5,0.6875,0.19047619047619047,84,15
overall,MIXED,16.2,JUNGLE,rune,8106,至極の賞金首狩り,16,11,5,0.6875,0.11267605633802817,142,15
overall,MIXED,14.24,ALL,rune,8126,追い打ち,16,11,5,0.6875,0.064,250,15
overall,MIXED,16.17,BOTTOM,rune,8126,追い打ち,16,11,5,0.6875,0.015873015873015872,1008,15
overall,MIXED,16.3,JUNGLE,rune,8126,追い打ち,16,11,5,0.6875,0.09090909090909091,176,15
overall,MIXED,15.17,JUNGLE,keystone,8128,魂の収穫,16,11,5,0.6875,0.09876543209876543,162,15
overall,MIXED,15.5,UTILITY,shard,5001,UNKNOWN(5001),16,10,6,0.625,0.8,20,15
overall,MIXED,14.24,BOTTOM,rune,8138,UNKNOWN(8138),16,10,6,0.625,0.32,50,15
overall,MIXED,16.13,JUNGLE,keystone,8439,アフターショック,16,10,6,0.625,0.0243161094224924,658,15
overall,MIXED,15.15,JUNGLE,rune,8140,グリスリー メメント,16,10,6,0.625,0.1951219512195122,82,15
overall,MIXED,15.16,MIDDLE,rune,8143,サドンインパクト,16,10,6,0.625,0.14814814814814814,108,15
overall,MIXED,15.7,ALL,keystone,8021,フリートフットワーク,16,10,6,0.625,0.034782608695652174,460,15
overall,MIXED,14.24,ALL,keystone,8005,プレスアタック,16,10,6,0.625,0.064,250,15
overall,MIXED,14.24,BOTTOM,rune,9104,レジェンド: 迅速,16,10,6,0.625,0.32,50,15
overall,MIXED,16.16,UTILITY,rune,9104,レジェンド: 迅速,16,10,6,0.625,0.024024024024024024,666,15
overall,MIXED,16.13,BOTTOM,rune,9101,体力吸収,16,10,6,0.625,0.0243161094224924,658,15
overall,MIXED,14.19,TOP,rune,8009,冷静沈着,16,10,6,0.625,0.19047619047619047,84,15
overall,MIXED,16.16,MIDDLE,rune,8446,打ちこわし,16,10,6,0.625,0.024024024024024024,666,15
overall,MIXED,16.12,UTILITY,rune,8014,最期の慈悲,16,10,6,0.625,0.0898876404494382,178,15
overall,MIXED,16.13,JUNGLE,rune,8463,生命の泉,16,10,6,0.625,0.0243161094224924,658,15
overall,MIXED,16.3,TOP,rune,8410,疾駆,16,10,6,0.625,0.09090909090909091,176,15
overall,MIXED,16.9,BOTTOM,rune,8410,疾駆,16,10,6,0.625,0.10126582278481013,158,15
overall,MIXED,14.23,MIDDLE,rune,8106,至極の賞金首狩り,16,10,6,0.625,0.38095238095238093,42,15
overall,MIXED,16.7,UTILITY,rune,8304,魔法の靴,16,10,6,0.625,0.1038961038961039,154,15
overall,MIXED,14.23,UTILITY,shard,5007,UNKNOWN(5007),16,9,7,0.5625,0.38095238095238093,42,15
overall,MIXED,16.4,MIDDLE,shard,5007,UNKNOWN(5007),16,9,7,0.5625,0.1509433962264151,106,15
overall,MIXED,16.2,ALL,shard,5010,UNKNOWN(5010),16,9,7,0.5625,0.022535211267605635,710,15
overall,MIXED,16.8,ALL,shard,5010,UNKNOWN(5010),16,9,7,0.5625,0.022857142857142857,700,15
overall,MIXED,16.9,JUNGLE,shard,5011,UNKNOWN(5011),16,9,7,0.5625,0.10126582278481013,158,15
overall,MIXED,15.11,ALL,rune,8224,アクシオム アルカニスト,16,9,7,0.5625,0.03018867924528302,530,15
overall,MIXED,14.21,UTILITY,keystone,8439,アフターショック,16,9,7,0.5625,0.2857142857142857,56,15
overall,MIXED,16.16,UTILITY,rune,8321,キャッシュバック,16,9,7,0.5625,0.024024024024024024,666,15
overall,MIXED,16.4,JUNGLE,rune,8140,グリスリー メメント,16,9,7,0.5625,0.1509433962264151,106,15
overall,MIXED,16.7,TOP,rune,8401,シールドバッシュ,16,9,7,0.5625,0.1038961038961039,154,15
overall,MIXED,16.18,TOP,rune,8275,ニンバスクローク,16,9,7,0.5625,0.047619047619047616,336,15
overall,MIXED,15.1,UTILITY,rune,8345,ビスケットデリバリー,16,9,7,0.5625,0.42105263157894735,38,15
overall,MIXED,15.21,MIDDLE,rune,8345,ビスケットデリバリー,16,9,7,0.5625,0.13559322033898305,118,15
overall,MIXED,16.11,TOP,keystone,8005,プレスアタック,16,9,7,0.5625,0.06779661016949153,236,15
overall,MIXED,15.13,ALL,keystone,9923,ヘイルブレード,16,9,7,0.5625,0.016666666666666666,960,15
overall,MIXED,15.21,ALL,rune,8306,ヘクステックフラッシュネイター,16,9,7,0.5625,0.02711864406779661,590,15
overall,MIXED,15.21,UTILITY,rune,8306,ヘクステックフラッシュネイター,16,9,7,0.5625,0.13559322033898305,118,15
overall,MIXED,15.5,ALL,rune,8473,ボーンアーマー,16,9,7,0.5625,0.16,100,15
overall,MIXED,16.5,MIDDLE,keystone,8008,リーサルテンポ,16,9,7,0.5625,0.09876543209876543,162,15
overall,MIXED,15.20,UTILITY,rune,9105,レジェンド: ヘイスト,16,9,7,0.5625,0.12121212121212122,132,15
overall,MIXED,14.20,BOTTOM,rune,9104,レジェンド: 迅速,16,9,7,0.5625,0.17391304347826086,92,15
overall,MIXED,14.22,TOP,rune,9104,レジェンド: 迅速,16,9,7,0.5625,0.27586206896551724,58,15
overall,MIXED,16.11,TOP,rune,8017,切り崩し,16,9,7,0.5625,0.06779661016949153,236,15
overall,MIXED,15.15,ALL,rune,8105,執拗な賞金首狩り,16,9,7,0.5625,0.03902439024390244,410,15
overall,MIXED,16.5,ALL,keystone,8230,嵐乗りの勇躍,16,9,7,0.5625,0.019753086419753086,810,15
overall,MIXED,14.23,BOTTOM,rune,8014,最期の慈悲,16,9,7,0.5625,0.38095238095238093,42,15
overall,MIXED,16.17,JUNGLE,rune,8242,気迫,16,9,7,0.5625,0.015873015873015872,1008,15
overall,MIXED,14.21,UTILITY,rune,8463,生命の泉,16,9,7,0.5625,0.2857142857142857,56,15
overall,MIXED,14.19,TOP,rune,8453,生気付与,16,9,7,0.5625,0.19047619047619047,84,15
overall,MIXED,16.7,TOP,rune,8453,生気付与,16,9,7,0.5625,0.1038961038961039,154,15
overall,MIXED,15.23,BOTTOM,rune,8410,疾駆,16,9,7,0.5625,0.13793103448275862,116,15
overall,MIXED,16.12,TOP,rune,8410,疾駆,16,9,7,0.5625,0.0898876404494382,178,15
overall,MIXED,16.5,BOTTOM,keystone,8229,秘儀の彗星,16,9,7,0.5625,0.09876543209876543,162,15
overall,MIXED,15.24,UTILITY,rune,8137,第六感,16,9,7,0.5625,0.04678362573099415,342,15
overall,MIXED,15.12,UTILITY,rune,8106,至極の賞金首狩り,16,9,7,0.5625,0.1568627450980392,102,15
overall,MIXED,16.8,TOP,rune,8210,至高,16,9,7,0.5625,0.11428571428571428,140,15
overall,MIXED,15.14,MIDDLE,rune,8139,血の味わい,16,9,7,0.5625,0.17391304347826086,92,15
overall,MIXED,15.18,MIDDLE,rune,8139,血の味わい,16,9,7,0.5625,0.12307692307692308,130,15
overall,MIXED,15.24,BOTTOM,rune,8139,血の味わい,16,9,7,0.5625,0.0469208211143695,341,15
overall,MIXED,15.18,JUNGLE,rune,8126,追い打ち,16,9,7,0.5625,0.12307692307692308,130,15
overall,MIXED,15.13,JUNGLE,keystone,8112,電撃,16,9,7,0.5625,0.08333333333333333,192,15
overall,MIXED,14.24,ALL,keystone,8128,魂の収穫,16,9,7,0.5625,0.064,250,15
overall,MIXED,16.8,JUNGLE,keystone,8128,魂の収穫,16,9,7,0.5625,0.11428571428571428,140,15
overall,MIXED,16.10,UTILITY,rune,8304,魔法の靴,16,9,7,0.5625,0.07207207207207207,222,15
overall,MIXED,15.6,JUNGLE,shard,5001,UNKNOWN(5001),16,8,8,0.5,1.0,16,15
overall,MIXED,15.6,TOP,shard,5001,UNKNOWN(5001),16,8,8,0.5,1.0,16,15
overall,MIXED,15.6,BOTTOM,shard,5008,UNKNOWN(5008),16,8,8,0.5,1.0,16,15
overall,MIXED,15.6,MIDDLE,shard,5008,UNKNOWN(5008),16,8,8,0.5,1.0,16,15
overall,MIXED,15.21,MIDDLE,shard,5011,UNKNOWN(5011),16,8,8,0.5,0.13559322033898305,118,15
overall,MIXED,16.7,JUNGLE,shard,5011,UNKNOWN(5011),16,8,8,0.5,0.1038961038961039,154,15
overall,MIXED,14.21,ALL,keystone,8214,エアリー召喚,16,8,8,0.5,0.05714285714285714,280,15
overall,MIXED,15.19,UTILITY,rune,8140,グリスリー メメント,16,8,8,0.5,0.06956521739130435,230,15
overall,MIXED,16.1,TOP,rune,8401,シールドバッシュ,16,8,8,0.5,0.1038961038961039,154,15
overall,MIXED,16.8,TOP,rune,8401,シールドバッシュ,16,8,8,0.5,0.11428571428571428,140,15
overall,MIXED,16.15,TOP,rune,8313,トリプル トニック,16,8,8,0.5,0.01937046004842615,826,15
overall,MIXED,16.16,MIDDLE,rune,8313,トリプル トニック,16,8,8,0.5,0.024024024024024024,666,15
overall,MIXED,16.4,ALL,rune,8275,ニンバスクローク,16,8,8,0.5,0.03018867924528302,530,15
overall,MIXED,15.22,BOTTOM,keystone,8021,フリートフットワーク,16,8,8,0.5,0.12121212121212122,132,15
overall,MIXED,14.20,BOTTOM,keystone,8005,プレスアタック,16,8,8,0.5,0.17391304347826086,92,15
overall,MIXED,16.7,JUNGLE,keystone,8005,プレスアタック,16,8,8,0.5,0.1038961038961039,154,15
overall,MIXED,15.3,MIDDLE,rune,8473,ボーンアーマー,16,8,8,0.5,0.1951219512195122,82,15
overall,MIXED,16.9,MIDDLE,rune,8473,ボーンアーマー,16,8,8,0.5,0.10126582278481013,158,15
overall,MIXED,15.5,ALL,rune,9105,レジェンド: ヘイスト,16,8,8,0.5,0.16,100,15
overall,MIXED,14.22,BOTTOM,rune,9104,レジェンド: 迅速,16,8,8,0.5,0.27586206896551724,58,15
overall,MIXED,15.7,MIDDLE,rune,9104,レジェンド: 迅速,16,8,8,0.5,0.17391304347826086,92,15
overall,MIXED,15.23,TOP,rune,8009,冷静沈着,16,8,8,0.5,0.13793103448275862,116,15
overall,MIXED,16.4,MIDDLE,rune,9111,凱旋,16,8,8,0.5,0.1509433962264151,106,15
overall,MIXED,16.4,ALL,rune,8105,執拗な賞金首狩り,16,8,8,0.5,0.03018867924528302,530,15
overall,MIXED,15.10,MIDDLE,rune,8347,宇宙の英知,16,8,8,0.5,0.11594202898550725,138,15
overall,MIXED,16.1,UTILITY,rune,8236,強まる嵐,16,8,8,0.5,0.10457516339869281,153,15
overall,MIXED,16.7,TOP,rune,8236,強まる嵐,16,8,8,0.5,0.1038961038961039,154,15
overall,MIXED,15.22,MIDDLE,rune,8444,息継ぎ,16,8,8,0.5,0.12121212121212122,132,15
overall,MIXED,16.7,MIDDLE,rune,8014,最期の慈悲,16,8,8,0.5,0.1038961038961039,154,15
overall,MIXED,16.4,UTILITY,rune,8453,生気付与,16,8,8,0.5,0.1509433962264151,106,15
overall,MIXED,15.15,UTILITY,keystone,8229,秘儀の彗星,16,8,8,0.5,0.1951219512195122,82,15
overall,MIXED,16.1,TOP,keystone,8229,秘儀の彗星,16,8,8,0.5,0.1038961038961039,154,15
overall,MIXED,15.14,ALL,rune,8137,第六感,16,8,8,0.5,0.034782608695652174,460,15
overall,MIXED,15.14,UTILITY,rune,8106,至極の賞金首狩り,16,8,8,0.5,0.17391304347826086,92,15
overall,MIXED,16.18,TOP,rune,8106,至極の賞金首狩り,16,8,8,0.5,0.047619047619047616,336,15
overall,MIXED,16.2,BOTTOM,rune,8210,至高,16,8,8,0.5,0.11267605633802817,142,15
overall,MIXED,15.14,BOTTOM,rune,8233,英気集中,16,8,8,0.5,0.17391304347826086,92,15
overall,MIXED,15.16,JUNGLE,rune,8135,貪欲な賞金首狩り,16,8,8,0.5,0.14814814814814814,108,15
overall,MIXED,14.23,TOP,rune,8451,超成長,16,8,8,0.5,0.38095238095238093,42,15
overall,MIXED,15.24,MIDDLE,rune,8126,追い打ち,16,8,8,0.5,0.04678362573099415,342,15
overall,MIXED,16.9,BOTTOM,rune,8237,追火,16,8,8,0.5,0.10126582278481013,158,15
overall,MIXED,14.19,ALL,keystone,8128,魂の収穫,16,8,8,0.5,0.0380952380952381,420,15
overall,MIXED,16.16,UTILITY,keystone,8128,魂の収穫,16,8,8,0.5,0.024024024024024024,666,15
overall,MIXED,15.5,ALL,rune,8304,魔法の靴,16,8,8,0.5,0.16,100,15
overall,MIXED,15.5,JUNGLE,shard,5005,UNKNOWN(5005),16,7,9,0.4375,0.8,20,15
overall,MIXED,15.7,UTILITY,shard,5005,UNKNOWN(5005),16,7,9,0.4375,0.17391304347826086,92,15
overall,MIXED,16.18,BOTTOM,shard,5010,UNKNOWN(5010),16,7,9,0.4375,0.047619047619047616,336,15
overall,MIXED,15.24,JUNGLE,rune,8224,アクシオム アルカニスト,16,7,9,0.4375,0.04678362573099415,342,15
overall,MIXED,16.14,MIDDLE,keystone,8214,エアリー召喚,16,7,9,0.4375,0.022988505747126436,696,15
overall,MIXED,16.2,JUNGLE,rune,8321,キャッシュバック,16,7,9,0.4375,0.11267605633802817,142,15
overall,MIXED,16.3,UTILITY,rune,8401,シールドバッシュ,16,7,9,0.4375,0.09090909090909091,176,15
overall,MIXED,15.24,JUNGLE,rune,8313,トリプル トニック,16,7,9,0.4375,0.04678362573099415,342,15
overall,MIXED,15.18,ALL,rune,8275,ニンバスクローク,16,7,9,0.4375,0.024615384615384615,650,15
overall,MIXED,14.21,BOTTOM,rune,8345,ビスケットデリバリー,16,7,9,0.4375,0.2857142857142857,56,15
overall,MIXED,16.1,MIDDLE,rune,8345,ビスケットデリバリー,16,7,9,0.4375,0.1038961038961039,154,15
overall,MIXED,15.12,JUNGLE,keystone,8008,リーサルテンポ,16,7,9,0.4375,0.1568627450980392,102,15
overall,MIXED,14.24,JUNGLE,rune,9105,レジェンド: ヘイスト,16,7,9,0.4375,0.32,50,15
overall,MIXED,16.9,UTILITY,rune,9105,レジェンド: ヘイスト,16,7,9,0.4375,0.10126582278481013,158,15
overall,MIXED,15.10,MIDDLE,rune,9104,レジェンド: 迅速,16,7,9,0.4375,0.11594202898550725,138,15
overall,MIXED,15.20,MIDDLE,rune,9104,レジェンド: 迅速,16,7,9,0.4375,0.12213740458015267,131,15
overall,MIXED,15.21,MIDDLE,rune,9104,レジェンド: 迅速,16,7,9,0.4375,0.13559322033898305,118,15
overall,MIXED,16.16,UTILITY,keystone,8437,不死者の握撃,16,7,9,0.4375,0.024024024024024024,666,15
overall,MIXED,16.11,MIDDLE,rune,9101,体力吸収,16,7,9,0.4375,0.06779661016949153,236,15
overall,MIXED,15.4,UTILITY,rune,8242,気迫,16,7,9,0.4375,0.2962962962962963,54,15
overall,MIXED,15.22,TOP,rune,8453,生気付与,16,7,9,0.4375,0.12121212121212122,132,15
overall,MIXED,15.15,MIDDLE,rune,8299,背水の陣,16,7,9,0.4375,0.1951219512195122,82,15
overall,MIXED,15.6,ALL,rune,8299,背水の陣,16,7,9,0.4375,0.2,80,15
overall,MIXED,15.23,JUNGLE,rune,8106,至極の賞金首狩り,16,7,9,0.4375,0.13793103448275862,116,15
overall,MIXED,14.23,ALL,rune,8139,血の味わい,16,7,9,0.4375,0.0761904761904762,210,15
overall,MIXED,15.9,ALL,rune,8139,血の味わい,16,7,9,0.4375,0.037209302325581395,430,15
overall,MIXED,16.16,UTILITY,rune,8139,血の味わい,16,7,9,0.4375,0.024024024024024024,666,15
overall,MIXED,15.1,ALL,rune,8135,貪欲な賞金首狩り,16,7,9,0.4375,0.08421052631578947,190,15
overall,MIXED,16.11,JUNGLE,keystone,8128,魂の収穫,16,7,9,0.4375,0.06779661016949153,236,15
overall,MIXED,16.14,UTILITY,keystone,8128,魂の収穫,16,7,9,0.4375,0.022988505747126436,696,15
overall,MIXED,15.17,MIDDLE,rune,8304,魔法の靴,16,7,9,0.4375,0.09876543209876543,162,15
overall,MIXED,15.23,UTILITY,shard,5005,UNKNOWN(5005),16,6,10,0.375,0.13793103448275862,116,15
overall,MIXED,16.2,TOP,shard,5007,UNKNOWN(5007),16,6,10,0.375,0.11267605633802817,142,15
overall,MIXED,16.3,JUNGLE,shard,5011,UNKNOWN(5011),16,6,10,0.375,0.09090909090909091,176,15
overall,MIXED,14.22,UTILITY,keystone,8439,アフターショック,16,6,10,0.375,0.27586206896551724,58,15
overall,MIXED,14.19,UTILITY,keystone,8214,エアリー召喚,16,6,10,0.375,0.19047619047619047,84,15
overall,MIXED,14.22,ALL,rune,8275,ニンバスクローク,16,6,10,0.375,0.05517241379310345,290,15
overall,MIXED,15.10,MIDDLE,rune,8345,ビスケットデリバリー,16,6,10,0.375,0.11594202898550725,138,15
overall,MIXED,15.16,BOTTOM,keystone,8021,フリートフットワーク,16,6,10,0.375,0.14953271028037382,107,15
overall,MIXED,16.8,BOTTOM,keystone,8021,フリートフットワーク,16,6,10,0.375,0.11428571428571428,140,15
overall,MIXED,15.17,MIDDLE,rune,8473,ボーンアーマー,16,6,10,0.375,0.09876543209876543,162,15
overall,MIXED,16.14,JUNGLE,rune,8473,ボーンアーマー,16,6,10,0.375,0.022988505747126436,696,15
overall,MIXED,16.14,MIDDLE,keystone,8437,不死者の握撃,16,6,10,0.375,0.022988505747126436,696,15
overall,MIXED,15.19,MIDDLE,rune,9101,体力吸収,16,6,10,0.375,0.06956521739130435,230,15
overall,MIXED,16.1,MIDDLE,rune,9101,体力吸収,16,6,10,0.375,0.1038961038961039,154,15
overall,MIXED,15.5,JUNGLE,rune,9111,凱旋,16,6,10,0.375,0.8,20,15
overall,MIXED,16.10,UTILITY,rune,8017,切り崩し,16,6,10,0.375,0.07207207207207207,222,15
overall,MIXED,16.11,MIDDLE,rune,8105,執拗な賞金首狩り,16,6,10,0.375,0.06779661016949153,236,15
overall,MIXED,16.6,MIDDLE,rune,8236,強まる嵐,16,6,10,0.375,0.10526315789473684,152,15
overall,MIXED,16.8,UTILITY,rune,8236,強まる嵐,16,6,10,0.375,0.11428571428571428,140,15
overall,MIXED,15.1,TOP,rune,8444,息継ぎ,16,6,10,0.375,0.42105263157894735,38,15
overall,MIXED,16.2,BOTTOM,rune,8410,疾駆,16,6,10,0.375,0.11267605633802817,142,15
overall,MIXED,15.12,UTILITY,keystone,8229,秘儀の彗星,16,6,10,0.375,0.1568627450980392,102,15
overall,MIXED,15.9,UTILITY,keystone,8229,秘儀の彗星,16,6,10,0.375,0.18604651162790697,86,15
overall,MIXED,16.8,BOTTOM,keystone,8229,秘儀の彗星,16,6,10,0.375,0.11428571428571428,140,15
overall,MIXED,16.8,BOTTOM,rune,8233,英気集中,16,6,10,0.375,0.11428571428571428,140,15
overall,MIXED,14.22,MIDDLE,rune,8139,血の味わい,16,6,10,0.375,0.27586206896551724,58,15
overall,MIXED,15.15,MIDDLE,rune,8139,血の味わい,16,6,10,0.375,0.1951219512195122,82,15
overall,MIXED,14.22,JUNGLE,rune,8135,貪欲な賞金首狩り,16,6,10,0.375,0.27586206896551724,58,15
overall,MIXED,16.2,MIDDLE,rune,8135,貪欲な賞金首狩り,16,6,10,0.375,0.11267605633802817,142,15
overall,MIXED,16.8,BOTTOM,rune,8237,追火,16,6,10,0.375,0.11428571428571428,140,15
overall,MIXED,15.1,ALL,keystone,8112,電撃,16,6,10,0.375,0.08421052631578947,190,15
overall,MIXED,14.21,JUNGLE,rune,8143,サドンインパクト,16,5,11,0.3125,0.2857142857142857,56,15
overall,MIXED,15.4,ALL,rune,8401,シールドバッシュ,16,5,11,0.3125,0.05925925925925926,270,15
overall,MIXED,16.6,MIDDLE,rune,8345,ビスケットデリバリー,16,5,11,0.3125,0.10526315789473684,152,15
overall,MIXED,16.18,TOP,keystone,8021,フリートフットワーク,16,5,11,0.3125,0.047619047619047616,336,15
overall,MIXED,16.10,BOTTOM,keystone,8005,プレスアタック,16,5,11,0.3125,0.07207207207207207,222,15
overall,MIXED,14.21,BOTTOM,keystone,8008,リーサルテンポ,16,5,11,0.3125,0.2857142857142857,56,15
overall,MIXED,15.22,MIDDLE,rune,9105,レジェンド: ヘイスト,16,5,11,0.3125,0.12121212121212122,132,15
overall,MIXED,15.20,TOP,rune,8347,宇宙の英知,16,5,11,0.3125,0.12121212121212122,132,15
overall,MIXED,15.10,BOTTOM,rune,8410,疾駆,16,5,11,0.3125,0.11594202898550725,138,15
overall,MIXED,15.7,JUNGLE,rune,8106,至極の賞金首狩り,16,5,11,0.3125,0.17391304347826086,92,15
overall,MIXED,15.18,JUNGLE,rune,8135,貪欲な賞金首狩り,16,5,11,0.3125,0.12307692307692308,130,15
overall,MIXED,15.4,ALL,rune,8135,貪欲な賞金首狩り,16,5,11,0.3125,0.05925925925925926,270,15
overall,MIXED,16.16,TOP,rune,8135,貪欲な賞金首狩り,16,5,11,0.3125,0.024024024024024024,666,15
overall,MIXED,15.1,TOP,rune,8451,超成長,16,5,11,0.3125,0.42105263157894735,38,15
overall,MIXED,15.23,UTILITY,rune,8126,追い打ち,16,5,11,0.3125,0.13793103448275862,116,15
overall,MIXED,16.3,TOP,rune,8237,追火,16,5,11,0.3125,0.09090909090909091,176,15
overall,MIXED,16.7,TOP,rune,8237,追火,16,5,11,0.3125,0.1038961038961039,154,15
overall,MIXED,16.9,TOP,rune,8401,シールドバッシュ,16,4,12,0.25,0.10126582278481013,158,15
overall,MIXED,15.23,MIDDLE,rune,8345,ビスケットデリバリー,16,4,12,0.25,0.13793103448275862,116,15
overall,MIXED,15.10,TOP,rune,8226,マナフローバンド,16,4,12,0.25,0.11594202898550725,138,15
overall,MIXED,15.14,MIDDLE,rune,9104,レジェンド: 迅速,16,4,12,0.25,0.17391304347826086,92,15
overall,MIXED,15.24,MIDDLE,keystone,8230,嵐乗りの勇躍,16,4,12,0.25,0.04678362573099415,342,15
overall,MIXED,16.3,MIDDLE,rune,8014,最期の慈悲,16,4,12,0.25,0.09090909090909091,176,15
overall,MIXED,16.6,JUNGLE,rune,8106,至極の賞金首狩り,16,4,12,0.25,0.10526315789473684,152,15
overall,MIXED,16.17,TOP,keystone,8112,電撃,16,4,12,0.25,0.015873015873015872,1008,15
overall,MIXED,15.17,ALL,keystone,9923,ヘイルブレード,16,3,13,0.1875,0.019753086419753086,810,15
overall,MIXED,16.14,JUNGLE,rune,8009,冷静沈着,16,3,13,0.1875,0.022988505747126436,696,15
overall,MIXED,15.21,ALL,keystone,8230,嵐乗りの勇躍,16,3,13,0.1875,0.02711864406779661,590,15
overall,MIXED,14.21,BOTTOM,rune,8233,英気集中,16,3,13,0.1875,0.2857142857142857,56,15
overall,MIXED,15.10,MIDDLE,rune,8473,ボーンアーマー,15,12,3,0.8,0.10869565217391304,138,15
overall,MIXED,14.21,TOP,keystone,8437,不死者の握撃,15,12,3,0.8,0.26785714285714285,56,15
overall,MIXED,15.22,TOP,rune,8410,疾駆,15,12,3,0.8,0.11363636363636363,132,15
overall,MIXED,15.19,UTILITY,shard,5010,UNKNOWN(5010),15,11,4,0.7333333333333333,0.06521739130434782,230,15
overall,MIXED,15.20,TOP,shard,5011,UNKNOWN(5011),15,11,4,0.7333333333333333,0.11363636363636363,132,15
overall,MIXED,15.24,MIDDLE,rune,8275,ニンバスクローク,15,11,4,0.7333333333333333,0.043859649122807015,342,15
overall,MIXED,15.10,ALL,keystone,8369,ファーストストライク,15,11,4,0.7333333333333333,0.021739130434782608,690,15
overall,MIXED,16.11,UTILITY,rune,8009,冷静沈着,15,11,4,0.7333333333333333,0.0635593220338983,236,15
overall,MIXED,16.8,UTILITY,rune,9111,凱旋,15,11,4,0.7333333333333333,0.10714285714285714,140,15
overall,MIXED,15.10,JUNGLE,rune,8236,強まる嵐,15,11,4,0.7333333333333333,0.10869565217391304,138,15
overall,MIXED,15.18,BOTTOM,rune,8429,心身調整,15,11,4,0.7333333333333333,0.11538461538461539,130,15
overall,MIXED,15.8,ALL,rune,8232,水走り,15,11,4,0.7333333333333333,0.023076923076923078,650,15
overall,MIXED,15.15,JUNGLE,rune,8299,背水の陣,15,11,4,0.7333333333333333,0.18292682926829268,82,15
overall,MIXED,16.7,BOTTOM,rune,8237,追火,15,11,4,0.7333333333333333,0.09740259740259741,154,15
overall,MIXED,15.20,MIDDLE,shard,5007,UNKNOWN(5007),15,10,5,0.6666666666666666,0.11450381679389313,131,15
overall,MIXED,15.13,ALL,shard,5010,UNKNOWN(5010),15,10,5,0.6666666666666666,0.015625,960,15
overall,MIXED,16.15,UTILITY,shard,5013,UNKNOWN(5013),15,10,5,0.6666666666666666,0.018159806295399514,826,15
overall,MIXED,15.4,ALL,rune,8224,アクシオム アルカニスト,15,10,5,0.6666666666666666,0.05555555555555555,270,15
overall,MIXED,16.3,MIDDLE,keystone,8214,エアリー召喚,15,10,5,0.6666666666666666,0.08522727272727272,176,15
overall,MIXED,15.9,ALL,rune,8321,キャッシュバック,15,10,5,0.6666666666666666,0.03488372093023256,430,15
overall,MIXED,14.22,ALL,keystone,8021,フリートフットワーク,15,10,5,0.6666666666666666,0.05172413793103448,290,15
overall,MIXED,15.17,BOTTOM,rune,8226,マナフローバンド,15,10,5,0.6666666666666666,0.09259259259259259,162,15
overall,MIXED,16.9,JUNGLE,keystone,8008,リーサルテンポ,15,10,5,0.6666666666666666,0.0949367088607595,158,15
overall,MIXED,16.5,MIDDLE,rune,9111,凱旋,15,10,5,0.6666666666666666,0.09259259259259259,162,15
overall,MIXED,16.5,UTILITY,rune,9111,凱旋,15,10,5,0.6666666666666666,0.09259259259259259,162,15
overall,MIXED,15.12,MIDDLE,rune,8105,執拗な賞金首狩り,15,10,5,0.6666666666666666,0.14705882352941177,102,15
overall,MIXED,15.10,BOTTOM,rune,8347,宇宙の英知,15,10,5,0.6666666666666666,0.10869565217391304,138,15
overall,MIXED,16.11,ALL,keystone,8230,嵐乗りの勇躍,15,10,5,0.6666666666666666,0.012711864406779662,1180,15
overall,MIXED,16.16,UTILITY,keystone,8010,征服者,15,10,5,0.6666666666666666,0.02252252252252252,666,15
overall,MIXED,16.6,BOTTOM,keystone,8229,秘儀の彗星,15,10,5,0.6666666666666666,0.09868421052631579,152,15
overall,MIXED,16.2,MIDDLE,rune,8299,背水の陣,15,10,5,0.6666666666666666,0.1056338028169014,142,15
overall,MIXED,15.16,JUNGLE,rune,8106,至極の賞金首狩り,15,10,5,0.6666666666666666,0.1388888888888889,108,15
overall,MIXED,15.4,BOTTOM,rune,8233,英気集中,15,10,5,0.6666666666666666,0.2777777777777778,54,15
overall,MIXED,15.13,MIDDLE,rune,8135,貪欲な賞金首狩り,15,10,5,0.6666666666666666,0.07853403141361257,191,15
overall,MIXED,14.21,ALL,rune,8234,追い風,15,10,5,0.6666666666666666,0.05357142857142857,280,15
overall,MIXED,15.19,UTILITY,rune,8304,魔法の靴,15,10,5,0.6666666666666666,0.06521739130434782,230,15
overall,MIXED,15.10,MIDDLE,shard,5007,UNKNOWN(5007),15,9,6,0.6,0.10869565217391304,138,15
overall,MIXED,15.22,MIDDLE,shard,5007,UNKNOWN(5007),15,9,6,0.6,0.11363636363636363,132,15
overall,MIXED,15.9,UTILITY,shard,5011,UNKNOWN(5011),15,9,6,0.6,0.1744186046511628,86,15
overall,MIXED,16.3,ALL,shard,5013,UNKNOWN(5013),15,9,6,0.6,0.017045454545454544,880,15
overall,MIXED,15.23,ALL,rune,8316,なんでも屋,15,9,6,0.6,0.02586206896551724,580,15
overall,MIXED,16.7,BOTTOM,rune,8316,なんでも屋,15,9,6,0.6,0.09740259740259741,154,15
overall,MIXED,15.20,ALL,rune,8321,キャッシュバック,15,9,6,0.6,0.022727272727272728,660,15
overall,MIXED,16.14,BOTTOM,rune,8140,グリスリー メメント,15,9,6,0.6,0.021551724137931036,696,15
overall,MIXED,14.20,UTILITY,rune,8401,シールドバッシュ,15,9,6,0.6,0.16304347826086957,92,15
overall,MIXED,14.22,ALL,rune,8401,シールドバッシュ,15,9,6,0.6,0.05172413793103448,290,15
overall,MIXED,15.19,MIDDLE,rune,8401,シールドバッシュ,15,9,6,0.6,0.06521739130434782,230,15
overall,MIXED,16.11,TOP,rune,8401,シールドバッシュ,15,9,6,0.6,0.0635593220338983,236,15
overall,MIXED,16.2,TOP,rune,8401,シールドバッシュ,15,9,6,0.6,0.1056338028169014,142,15
overall,MIXED,15.8,ALL,rune,8275,ニンバスクローク,15,9,6,0.6,0.023076923076923078,650,15
overall,MIXED,16.6,TOP,rune,8345,ビスケットデリバリー,15,9,6,0.6,0.09868421052631579,152,15
overall,MIXED,15.9,BOTTOM,keystone,8021,フリートフットワーク,15,9,6,0.6,0.1744186046511628,86,15
overall,MIXED,15.8,ALL,rune,8306,ヘクステックフラッシュネイター,15,9,6,0.6,0.023076923076923078,650,15
overall,MIXED,16.8,MIDDLE,rune,8473,ボーンアーマー,15,9,6,0.6,0.10714285714285714,140,15
overall,MIXED,16.8,TOP,rune,8226,マナフローバンド,15,9,6,0.6,0.10714285714285714,140,15
overall,MIXED,15.4,TOP,rune,9104,レジェンド: 迅速,15,9,6,0.6,0.2777777777777778,54,15
overall,MIXED,15.17,MIDDLE,rune,8017,切り崩し,15,9,6,0.6,0.09259259259259259,162,15
overall,MIXED,15.24,UTILITY,rune,8105,執拗な賞金首狩り,15,9,6,0.6,0.043859649122807015,342,15
overall,MIXED,15.12,MIDDLE,rune,8347,宇宙の英知,15,9,6,0.6,0.14705882352941177,102,15
overall,MIXED,16.3,TOP,rune,8347,宇宙の英知,15,9,6,0.6,0.08522727272727272,176,15
overall,MIXED,15.16,TOP,rune,8429,心身調整,15,9,6,0.6,0.1388888888888889,108,15
overall,MIXED,16.12,TOP,rune,8429,心身調整,15,9,6,0.6,0.08426966292134831,178,15
overall,MIXED,16.15,JUNGLE,rune,8444,息継ぎ,15,9,6,0.6,0.018159806295399514,826,15
overall,MIXED,16.11,UTILITY,rune,8014,最期の慈悲,15,9,6,0.6,0.0635593220338983,236,15
overall,MIXED,14.23,UTILITY,keystone,8229,秘儀の彗星,15,9,6,0.6,0.35714285714285715,42,15
overall,MIXED,16.11,BOTTOM,keystone,8229,秘儀の彗星,15,9,6,0.6,0.0635593220338983,236,15
overall,MIXED,14.20,JUNGLE,rune,8106,至極の賞金首狩り,15,9,6,0.6,0.16304347826086957,92,15
overall,MIXED,15.4,MIDDLE,rune,8106,至極の賞金首狩り,15,9,6,0.6,0.2777777777777778,54,15
overall,MIXED,16.18,JUNGLE,rune,8210,至高,15,9,6,0.6,0.044642857142857144,336,15
overall,MIXED,15.2,MIDDLE,rune,8139,血の味わい,15,9,6,0.6,0.16304347826086957,92,15
overall,MIXED,14.24,BOTTOM,rune,8135,貪欲な賞金首狩り,15,9,6,0.6,0.3,50,15
overall,MIXED,16.5,BOTTOM,rune,8237,追火,15,9,6,0.6,0.09259259259259259,162,15
overall,MIXED,15.18,MIDDLE,rune,8304,魔法の靴,15,9,6,0.6,0.11538461538461539,130,15
overall,MIXED,15.20,TOP,rune,8304,魔法の靴,15,9,6,0.6,0.11363636363636363,132,15
overall,MIXED,16.1,TOP,rune,8304,魔法の靴,15,9,6,0.6,0.09740259740259741,154,15
overall,MIXED,16.9,UTILITY,shard,5005,UNKNOWN(5005),15,8,7,0.5333333333333333,0.0949367088607595,158,15
overall,MIXED,15.5,TOP,shard,5008,UNKNOWN(5008),15,8,7,0.5333333333333333,0.75,20,15
overall,MIXED,16.14,BOTTOM,rune,8224,アクシオム アルカニスト,15,8,7,0.5333333333333333,0.021551724137931036,696,15
overall,MIXED,15.2,ALL,keystone,8214,エアリー召喚,15,8,7,0.5333333333333333,0.03260869565217391,460,15
overall,MIXED,16.1,ALL,keystone,8465,ガーディアン,15,8,7,0.5333333333333333,0.01948051948051948,770,15
overall,MIXED,15.11,ALL,rune,8275,ニンバスクローク,15,8,7,0.5333333333333333,0.02830188679245283,530,15
overall,MIXED,15.11,TOP,rune,8345,ビスケットデリバリー,15,8,7,0.5333333333333333,0.14150943396226415,106,15
overall,MIXED,15.20,MIDDLE,rune,8345,ビスケットデリバリー,15,8,7,0.5333333333333333,0.11450381679389313,131,15
overall,MIXED,16.12,BOTTOM,keystone,8369,ファーストストライク,15,8,7,0.5333333333333333,0.0847457627118644,177,15
overall,MIXED,16.2,BOTTOM,keystone,8021,フリートフットワーク,15,8,7,0.5333333333333333,0.1056338028169014,142,15
overall,MIXED,15.11,JUNGLE,keystone,8005,プレスアタック,15,8,7,0.5333333333333333,0.14150943396226415,106,15
overall,MIXED,15.22,ALL,keystone,9923,ヘイルブレード,15,8,7,0.5333333333333333,0.022727272727272728,660,15
overall,MIXED,15.7,ALL,rune,8306,ヘクステックフラッシュネイター,15,8,7,0.5333333333333333,0.03260869565217391,460,15
overall,MIXED,15.7,UTILITY,rune,8306,ヘクステックフラッシュネイター,15,8,7,0.5333333333333333,0.16304347826086957,92,15
overall,MIXED,15.16,MIDDLE,rune,8473,ボーンアーマー,15,8,7,0.5333333333333333,0.1388888888888889,108,15
overall,MIXED,16.1,BOTTOM,rune,8226,マナフローバンド,15,8,7,0.5333333333333333,0.09740259740259741,154,15
overall,MIXED,15.1,BOTTOM,keystone,8008,リーサルテンポ,15,8,7,0.5333333333333333,0.39473684210526316,38,15
overall,MIXED,15.10,TOP,keystone,8008,リーサルテンポ,15,8,7,0.5333333333333333,0.10869565217391304,138,15
overall,MIXED,15.20,JUNGLE,keystone,8008,リーサルテンポ,15,8,7,0.5333333333333333,0.11363636363636363,132,15
overall,MIXED,16.7,JUNGLE,keystone,8008,リーサルテンポ,15,8,7,0.5333333333333333,0.09740259740259741,154,15
overall,MIXED,14.20,MIDDLE,rune,9105,レジェンド: ヘイスト,15,8,7,0.5333333333333333,0.16304347826086957,92,15
overall,MIXED,16.11,JUNGLE,rune,8017,切り崩し,15,8,7,0.5333333333333333,0.0635593220338983,236,15
overall,MIXED,15.20,MIDDLE,rune,8347,宇宙の英知,15,8,7,0.5333333333333333,0.11450381679389313,131,15
overall,MIXED,14.23,BOTTOM,rune,8236,強まる嵐,15,8,7,0.5333333333333333,0.35714285714285715,42,15
overall,MIXED,15.10,TOP,rune,8429,心身調整,15,8,7,0.5333333333333333,0.10869565217391304,138,15
overall,MIXED,15.2,MIDDLE,rune,8014,最期の慈悲,15,8,7,0.5333333333333333,0.16304347826086957,92,15
overall,MIXED,15.4,ALL,rune,8453,生気付与,15,8,7,0.5333333333333333,0.05555555555555555,270,15
overall,MIXED,16.11,JUNGLE,rune,8410,疾駆,15,8,7,0.5333333333333333,0.0635593220338983,236,15
overall,MIXED,15.4,UTILITY,keystone,8229,秘儀の彗星,15,8,7,0.5333333333333333,0.2777777777777778,54,15
overall,MIXED,15.7,UTILITY,keystone,8229,秘儀の彗星,15,8,7,0.5333333333333333,0.16304347826086957,92,15
overall,MIXED,14.24,JUNGLE,rune,8299,背水の陣,15,8,7,0.5333333333333333,0.3,50,15
overall,MIXED,16.8,MIDDLE,rune,8299,背水の陣,15,8,7,0.5333333333333333,0.10714285714285714,140,15
overall,MIXED,15.17,BOTTOM,rune,8210,至高,15,8,7,0.5333333333333333,0.09259259259259259,162,15
overall,MIXED,16.11,UTILITY,rune,8451,超成長,15,8,7,0.5333333333333333,0.0635593220338983,236,15
overall,MIXED,16.11,TOP,rune,8234,追い風,15,8,7,0.5333333333333333,0.0635593220338983,236,15
overall,MIXED,16.2,JUNGLE,keystone,8128,魂の収穫,15,8,7,0.5333333333333333,0.1056338028169014,142,15
overall,MIXED,15.12,TOP,rune,8304,魔法の靴,15,8,7,0.5333333333333333,0.14705882352941177,102,15
overall,MIXED,15.6,MIDDLE,shard,5001,UNKNOWN(5001),15,7,8,0.4666666666666667,0.9375,16,15
overall,MIXED,15.6,TOP,shard,5008,UNKNOWN(5008),15,7,8,0.4666666666666667,0.9375,16,15
overall,MIXED,15.21,ALL,rune,8224,アクシオム アルカニスト,15,7,8,0.4666666666666667,0.025423728813559324,590,15
overall,MIXED,15.24,ALL,keystone,8351,グレイシャルオーグメント,15,7,8,0.4666666666666667,0.008771929824561403,1710,15
overall,MIXED,15.24,UTILITY,keystone,8351,グレイシャルオーグメント,15,7,8,0.4666666666666667,0.043859649122807015,342,15
overall,MIXED,16.11,ALL,keystone,8351,グレイシャルオーグメント,15,7,8,0.4666666666666667,0.012711864406779662,1180,15
overall,MIXED,16.11,UTILITY,keystone,8351,グレイシャルオーグメント,15,7,8,0.4666666666666667,0.0635593220338983,236,15
overall,MIXED,15.17,TOP,rune,8401,シールドバッシュ,15,7,8,0.4666666666666667,0.09259259259259259,162,15
overall,MIXED,16.11,ALL,rune,8141,ディープワード,15,7,8,0.4666666666666667,0.012711864406779662,1180,15
overall,MIXED,16.14,JUNGLE,keystone,8369,ファーストストライク,15,7,8,0.4666666666666667,0.021551724137931036,696,15
overall,MIXED,14.19,MIDDLE,keystone,8021,フリートフットワーク,15,7,8,0.4666666666666667,0.17857142857142858,84,15
overall,MIXED,14.21,BOTTOM,keystone,8021,フリートフットワーク,15,7,8,0.4666666666666667,0.26785714285714285,56,15
overall,MIXED,16.6,JUNGLE,keystone,8021,フリートフットワーク,15,7,8,0.4666666666666667,0.09868421052631579,152,15
overall,MIXED,15.8,MIDDLE,rune,8473,ボーンアーマー,15,7,8,0.4666666666666667,0.11538461538461539,130,15
overall,MIXED,16.16,JUNGLE,rune,8473,ボーンアーマー,15,7,8,0.4666666666666667,0.02252252252252252,666,15
overall,MIXED,16.8,ALL,rune,9101,体力吸収,15,7,8,0.4666666666666667,0.02142857142857143,700,15
overall,MIXED,15.10,MIDDLE,rune,8017,切り崩し,15,7,8,0.4666666666666667,0.10869565217391304,138,15
overall,MIXED,15.16,ALL,rune,8105,執拗な賞金首狩り,15,7,8,0.4666666666666667,0.027777777777777776,540,15
overall,MIXED,16.4,MIDDLE,rune,8444,息継ぎ,15,7,8,0.4666666666666667,0.14150943396226415,106,15
overall,MIXED,15.8,MIDDLE,rune,8014,最期の慈悲,15,7,8,0.4666666666666667,0.11538461538461539,130,15
overall,MIXED,15.23,TOP,rune,8242,気迫,15,7,8,0.4666666666666667,0.12931034482758622,116,15
overall,MIXED,15.13,JUNGLE,rune,8232,水走り,15,7,8,0.4666666666666667,0.078125,192,15
overall,MIXED,15.19,JUNGLE,rune,8232,水走り,15,7,8,0.4666666666666667,0.06493506493506493,231,15
overall,MIXED,16.10,ALL,rune,8232,水走り,15,7,8,0.4666666666666667,0.013513513513513514,1110,15
overall,MIXED,15.18,UTILITY,rune,8453,生気付与,15,7,8,0.4666666666666667,0.11538461538461539,130,15
overall,MIXED,15.7,MIDDLE,rune,8299,背水の陣,15,7,8,0.4666666666666667,0.16304347826086957,92,15
overall,MIXED,15.2,JUNGLE,rune,8106,至極の賞金首狩り,15,7,8,0.4666666666666667,0.16304347826086957,92,15
overall,MIXED,14.20,TOP,rune,8210,至高,15,7,8,0.4666666666666667,0.16304347826086957,92,15
overall,MIXED,15.3,UTILITY,rune,8126,追い打ち,15,7,8,0.4666666666666667,0.18292682926829268,82,15
overall,MIXED,15.13,TOP,rune,8237,追火,15,7,8,0.4666666666666667,0.078125,192,15
overall,MIXED,16.15,UTILITY,keystone,8128,魂の収穫,15,7,8,0.4666666666666667,0.018159806295399514,826,15
overall,MIXED,14.21,BOTTOM,rune,8304,魔法の靴,15,7,8,0.4666666666666667,0.26785714285714285,56,15
overall,MIXED,15.5,ALL,shard,5011,UNKNOWN(5011),15,6,9,0.4,0.15,100,15
overall,MIXED,15.4,UTILITY,keystone,8439,アフターショック,15,6,9,0.4,0.2777777777777778,54,15
overall,MIXED,15.3,UTILITY,rune,8401,シールドバッシュ,15,6,9,0.4,0.18292682926829268,82,15
overall,MIXED,16.12,BOTTOM,rune,8313,トリプル トニック,15,6,9,0.4,0.0847457627118644,177,15
overall,MIXED,15.2,ALL,rune,8275,ニンバスクローク,15,6,9,0.4,0.03260869565217391,460,15
overall,MIXED,15.19,ALL,keystone,8369,ファーストストライク,15,6,9,0.4,0.013043478260869565,1150,15
overall,MIXED,16.7,BOTTOM,keystone,8369,ファーストストライク,15,6,9,0.4,0.09740259740259741,154,15
overall,MIXED,15.18,JUNGLE,keystone,8005,プレスアタック,15,6,9,0.4,0.11538461538461539,130,15
overall,MIXED,15.19,TOP,keystone,8005,プレスアタック,15,6,9,0.4,0.06550218340611354,229,15
overall,MIXED,16.2,MIDDLE,rune,8473,ボーンアーマー,15,6,9,0.4,0.1056338028169014,142,15
overall,MIXED,15.17,TOP,rune,8226,マナフローバンド,15,6,9,0.4,0.09259259259259259,162,15
overall,MIXED,15.16,MIDDLE,keystone,8008,リーサルテンポ,15,6,9,0.4,0.1388888888888889,108,15
overall,MIXED,16.6,JUNGLE,keystone,8008,リーサルテンポ,15,6,9,0.4,0.09868421052631579,152,15
overall,MIXED,16.8,TOP,keystone,8008,リーサルテンポ,15,6,9,0.4,0.10714285714285714,140,15
overall,MIXED,15.13,UTILITY,rune,9105,レジェンド: ヘイスト,15,6,9,0.4,0.078125,192,15
overall,MIXED,16.1,MIDDLE,rune,9105,レジェンド: ヘイスト,15,6,9,0.4,0.09740259740259741,154,15
overall,MIXED,14.21,TOP,rune,9104,レジェンド: 迅速,15,6,9,0.4,0.26785714285714285,56,15
overall,MIXED,15.21,MIDDLE,rune,8009,冷静沈着,15,6,9,0.4,0.1271186440677966,118,15
overall,MIXED,16.12,TOP,rune,8017,切り崩し,15,6,9,0.4,0.08426966292134831,178,15
overall,MIXED,16.5,MIDDLE,rune,8017,切り崩し,15,6,9,0.4,0.09259259259259259,162,15
overall,MIXED,16.7,ALL,keystone,8230,嵐乗りの勇躍,15,6,9,0.4,0.01948051948051948,770,15
overall,MIXED,15.19,MIDDLE,rune,8236,強まる嵐,15,6,9,0.4,0.06521739130434782,230,15
overall,MIXED,16.10,MIDDLE,rune,8236,強まる嵐,15,6,9,0.4,0.06756756756756757,222,15
overall,MIXED,16.14,UTILITY,keystone,8010,征服者,15,6,9,0.4,0.021551724137931036,696,15
overall,MIXED,16.7,MIDDLE,keystone,8010,征服者,15,6,9,0.4,0.09740259740259741,154,15
overall,MIXED,15.24,UTILITY,rune,8429,心身調整,15,6,9,0.4,0.043859649122807015,342,15
overall,MIXED,14.23,TOP,rune,8444,息継ぎ,15,6,9,0.4,0.35714285714285715,42,15
overall,MIXED,15.2,MIDDLE,rune,8444,息継ぎ,15,6,9,0.4,0.16304347826086957,92,15
overall,MIXED,15.1,JUNGLE,rune,8014,最期の慈悲,15,6,9,0.4,0.39473684210526316,38,15
overall,MIXED,15.23,MIDDLE,rune,8014,最期の慈悲,15,6,9,0.4,0.12931034482758622,116,15
overall,MIXED,16.11,JUNGLE,rune,8232,水走り,15,6,9,0.4,0.0635593220338983,236,15
overall,MIXED,16.10,TOP,keystone,8229,秘儀の彗星,15,6,9,0.4,0.06756756756756757,222,15
overall,MIXED,16.7,TOP,keystone,8229,秘儀の彗星,15,6,9,0.4,0.09740259740259741,154,15
overall,MIXED,15.23,TOP,rune,8210,至高,15,6,9,0.4,0.12931034482758622,116,15
overall,MIXED,15.19,MIDDLE,rune,8233,英気集中,15,6,9,0.4,0.06521739130434782,230,15
overall,MIXED,16.13,TOP,rune,8126,追い打ち,15,6,9,0.4,0.022796352583586626,658,15
overall,MIXED,16.10,TOP,rune,8304,魔法の靴,15,6,9,0.4,0.06756756756756757,222,15
overall,MIXED,15.16,UTILITY,shard,5011,UNKNOWN(5011),15,5,10,0.3333333333333333,0.1388888888888889,108,15
overall,MIXED,15.1,ALL,rune,8401,シールドバッシュ,15,5,10,0.3333333333333333,0.07894736842105263,190,15
overall,MIXED,15.24,BOTTOM,rune,8313,トリプル トニック,15,5,10,0.3333333333333333,0.04398826979472141,341,15
overall,MIXED,14.24,BOTTOM,rune,8345,ビスケットデリバリー,15,5,10,0.3333333333333333,0.3,50,15
overall,MIXED,16.2,MIDDLE,keystone,8369,ファーストストライク,15,5,10,0.3333333333333333,0.1056338028169014,142,15
overall,MIXED,15.20,ALL,rune,8306,ヘクステックフラッシュネイター,15,5,10,0.3333333333333333,0.022727272727272728,660,15
overall,MIXED,15.20,UTILITY,rune,8306,ヘクステックフラッシュネイター,15,5,10,0.3333333333333333,0.11363636363636363,132,15
overall,MIXED,15.11,JUNGLE,keystone,8008,リーサルテンポ,15,5,10,0.3333333333333333,0.14150943396226415,106,15
overall,MIXED,15.2,BOTTOM,rune,9104,レジェンド: 迅速,15,5,10,0.3333333333333333,0.16304347826086957,92,15
overall,MIXED,15.18,MIDDLE,rune,8009,冷静沈着,15,5,10,0.3333333333333333,0.11538461538461539,130,15
overall,MIXED,16.1,UTILITY,rune,8105,執拗な賞金首狩り,15,5,10,0.3333333333333333,0.09803921568627451,153,15
overall,MIXED,14.24,ALL,rune,8429,心身調整,15,5,10,0.3333333333333333,0.06,250,15
overall,MIXED,15.14,ALL,rune,8232,水走り,15,5,10,0.3333333333333333,0.03260869565217391,460,15
overall,MIXED,15.24,JUNGLE,rune,8410,疾駆,15,5,10,0.3333333333333333,0.043859649122807015,342,15
overall,MIXED,16.18,MIDDLE,rune,8137,第六感,15,5,10,0.3333333333333333,0.044642857142857144,336,15
overall,MIXED,16.7,JUNGLE,rune,8106,至極の賞金首狩り,15,5,10,0.3333333333333333,0.09740259740259741,154,15
overall,MIXED,14.21,JUNGLE,rune,8135,貪欲な賞金首狩り,15,5,10,0.3333333333333333,0.26785714285714285,56,15
overall,MIXED,16.11,JUNGLE,keystone,8112,電撃,15,5,10,0.3333333333333333,0.0635593220338983,236,15
overall,MIXED,16.16,TOP,keystone,8112,電撃,15,5,10,0.3333333333333333,0.02252252252252252,666,15
overall,MIXED,16.2,MIDDLE,rune,8321,キャッシュバック,15,4,11,0.26666666666666666,0.1056338028169014,142,15
overall,MIXED,16.7,UTILITY,rune,8401,シールドバッシュ,15,4,11,0.26666666666666666,0.09740259740259741,154,15
overall,MIXED,16.13,TOP,keystone,9923,ヘイルブレード,15,4,11,0.26666666666666666,0.022796352583586626,658,15
overall,MIXED,15.8,MIDDLE,rune,9105,レジェンド: ヘイスト,15,4,11,0.26666666666666666,0.11538461538461539,130,15
overall,MIXED,15.4,BOTTOM,rune,9104,レジェンド: 迅速,15,4,11,0.26666666666666666,0.2777777777777778,54,15
overall,MIXED,16.6,ALL,keystone,8230,嵐乗りの勇躍,15,4,11,0.26666666666666666,0.019736842105263157,760,15
overall,MIXED,16.1,MIDDLE,rune,8236,強まる嵐,15,4,11,0.26666666666666666,0.09740259740259741,154,15
overall,MIXED,15.5,ALL,rune,8451,超成長,15,4,11,0.26666666666666666,0.15,100,15
overall,MIXED,16.6,ALL,keystone,8128,魂の収穫,15,4,11,0.26666666666666666,0.019736842105263157,760,15
overall,MIXED,15.23,MIDDLE,rune,8304,魔法の靴,15,4,11,0.26666666666666666,0.12931034482758622,116,15
overall,MIXED,16.2,TOP,rune,8226,マナフローバンド,15,3,12,0.2,0.1056338028169014,142,15
overall,MIXED,15.18,JUNGLE,keystone,8128,魂の収穫,15,2,13,0.13333333333333333,0.11538461538461539,130,15
